0.7797 ,0.7846 ,0.7860 ,0.7839 ,0.7784 ,0.7695 ,0.7573 ,0.7420 ,0.7235 ,0.7020 ,0.6776 ,0.6505 ,0.6208 ,0.5886 ,0.5541 ,0.5174 ,0.4787 ,0.4382 ,0.3960 ,0.3524 ,0.3074 ,0.2614 ,0.2144 ,0.1667 ,0.1186 ,0.0701 ,0.0222 ,0.0287 ,0.0766 ,0.1245 ,0.1718 ,0.2184 ,0.2640 ,0.3085 ,0.3516 ,0.3932 ,0.4331 ,0.4713 ,0.5074 ,0.5415 ,0.5732 ,0.6027 ,0.6297 ,0.6541 ,0.6758 ,0.6949 ,0.7112 ,0.7247 ,0.7353 ,0.7432 ,0.7482 ,0.7505 ,0.7502 ,0.7473 ,0.7421 ,0.7347 ,0.7254 ,0.7144 ,0.7022 ,0.6893 ,0.6762 ,0.6635 ,0.6519 ,0.6424 ,0.6358 ,0.6330 ,0.6349 ,0.6424 ,0.6561 ,0.6763 ,0.7033 ,0.7370 ,0.7771 ,0.8232 ,0.8748 ,0.9313 ,0.9922 ,1.0570 ,1.1252 ,1.1962 ,1.2696 ,1.3451 ,1.4221 ,1.5004 ,1.5795 ,1.6592 ,1.7392 ,1.8191 ,1.8987 ,1.9777 ,2.0558 ,2.1328 ,2.2084 ,2.2825 ,2.3547 ,2.4248 ,2.4927 ,2.5581 ,2.6209 ,2.6809 ,2.7378 ,2.7916 ,2.8420 ,2.8890 ,2.9324 ,2.9720 ,3.0078 ,3.0396 ,3.0673 ,3.0910 ,3.1104 ,3.1255 ,3.1364 ,3.1428 ,3.1449 ,3.1426 ,3.1359 ,3.1248 ,3.1093 ,3.0894 ,3.0653 ,3.0369 ,3.0043 ,2.9675 ,2.9268 ,2.8821 ,2.8336 ,2.7813 ,2.7255 ,2.6662 ,2.6036 ,2.5378 ,2.4691 ,2.3975 ,2.3232 ,2.2464 ,2.1674 ,2.0863 ,2.0033 ,1.9186 ,1.8324 ,1.7450 ,1.6566 ,1.5674 ,1.4776 ,1.3875 ,1.2974 ,1.2074 ,1.1179 ,1.0292 ,0.9416 ,0.8554 ,0.7710 ,0.6890 ,0.6099 ,0.5345 ,0.4640 ,0.4000 ,0.3448 ,0.3016 ,0.2744 ,0.2660 ,0.2760 ,0.3006 ,0.3349 ,0.3746 ,0.4167 ,0.4593 ,0.5011 ,0.5413 ,0.5792 ,0.6145 ,0.6468 ,0.6761 ,0.7020 ,0.7246 ,0.7437 ,0.7593 ,0.7713 ,0.7797 ,
0.4652 ,0.4629 ,0.4580 ,0.4515 ,0.4443 ,0.4369 ,0.4297 ,0.4230 ,0.4168 ,0.4112 ,0.4062 ,0.4019 ,0.3982 ,0.3951 ,0.3926 ,0.3907 ,0.3895 ,0.3888 ,0.3887 ,0.3892 ,0.3902 ,0.3919 ,0.3942 ,0.3970 ,0.4005 ,0.4046 ,0.4094 ,0.4149 ,0.4210 ,0.4279 ,0.4356 ,0.4441 ,0.4534 ,0.4636 ,0.4747 ,0.4868 ,0.4999 ,0.5141 ,0.5294 ,0.5458 ,0.5635 ,0.5824 ,0.6025 ,0.6239 ,0.6464 ,0.6701 ,0.6948 ,0.7204 ,0.7465 ,0.7728 ,0.7988 ,0.8238 ,0.8468 ,0.8665 ,0.8813 ,0.8894 ,0.8898 ,0.8831 ,0.8708 ,0.8552 ,0.8378 ,0.8198 ,0.8019 ,0.7845 ,0.7680 ,0.7525 ,0.7381 ,0.7248 ,0.7129 ,0.7022 ,0.6927 ,0.6845 ,0.6776 ,0.6720 ,0.6676 ,0.6645 ,0.6628 ,0.6623 ,0.6631 ,0.6653 ,0.6689 ,0.6739 ,0.6804 ,0.6886 ,0.6983 ,0.7099 ,0.7233 ,0.7387 ,0.7563 ,0.7762 ,0.7984 ,0.8228 ,0.8491 ,0.8761 ,0.9018 ,0.9249 ,0.9466 ,0.9685 ,0.9920 ,1.0180 ,1.0470 ,1.0794 ,1.1157 ,1.1562 ,1.2012 ,1.2509 ,1.3051 ,1.3634 ,1.4247 ,1.4868 ,1.5466 ,1.5995 ,1.6404 ,1.6644 ,1.6683 ,1.6523 ,1.6193 ,1.5740 ,1.5216 ,1.4662 ,1.4110 ,1.3580 ,1.3081 ,1.2615 ,1.2168 ,1.1701 ,1.1140 ,1.0474 ,0.9802 ,0.9179 ,0.8619 ,0.8120 ,0.7675 ,0.7278 ,0.6922 ,0.6604 ,0.6318 ,0.6060 ,0.5828 ,0.5618 ,0.5428 ,0.5256 ,0.5099 ,0.4958 ,0.4829 ,0.4713 ,0.4608 ,0.4513 ,0.4427 ,0.4351 ,0.4282 ,0.4221 ,0.4167 ,0.4121 ,0.4080 ,0.4046 ,0.4018 ,0.3996 ,0.3980 ,0.3969 ,0.3963 ,0.3963 ,0.3968 ,0.3979 ,0.3994 ,0.4015 ,0.4042 ,0.4073 ,0.4110 ,0.4153 ,0.4200 ,0.4253 ,0.4310 ,0.4371 ,0.4435 ,0.4499 ,0.4560 ,0.4611 ,0.4645 ,0.4652 ,
0.8132 ,0.8404 ,0.8647 ,0.8860 ,0.9041 ,0.9189 ,0.9303 ,0.9381 ,0.9423 ,0.9427 ,0.9392 ,0.9319 ,0.9206 ,0.9053 ,0.8860 ,0.8627 ,0.8354 ,0.8042 ,0.7690 ,0.7300 ,0.6873 ,0.6411 ,0.5915 ,0.5389 ,0.4838 ,0.4268 ,0.3692 ,0.3128 ,0.2616 ,0.2226 ,0.2065 ,0.2217 ,0.2655 ,0.3286 ,0.4034 ,0.4858 ,0.5733 ,0.6645 ,0.7586 ,0.8549 ,0.9530 ,1.0524 ,1.1529 ,1.2540 ,1.3555 ,1.4571 ,1.5585 ,1.6595 ,1.7598 ,1.8592 ,1.9574 ,2.0542 ,2.1493 ,2.2425 ,2.3335 ,2.4222 ,2.5084 ,2.5917 ,2.6721 ,2.7493 ,2.8232 ,2.8935 ,2.9601 ,3.0228 ,3.0815 ,3.1361 ,3.1863 ,3.2321 ,3.2735 ,3.3101 ,3.3421 ,3.3693 ,3.3917 ,3.4091 ,3.4217 ,3.4292 ,3.4318 ,3.4295 ,3.4221 ,3.4099 ,3.3927 ,3.3707 ,3.3439 ,3.3123 ,3.2762 ,3.2355 ,3.1903 ,3.1409 ,3.0873 ,3.0296 ,2.9680 ,2.9027 ,2.8338 ,2.7616 ,2.6861 ,2.6076 ,2.5263 ,2.4423 ,2.3560 ,2.2675 ,2.1770 ,2.0848 ,1.9911 ,1.8961 ,1.8001 ,1.7033 ,1.6060 ,1.5083 ,1.4106 ,1.3131 ,1.2161 ,1.1198 ,1.0244 ,0.9302 ,0.8376 ,0.7468 ,0.6581 ,0.5719 ,0.4887 ,0.4093 ,0.3347 ,0.2667 ,0.2091 ,0.1688 ,0.1554 ,0.1713 ,0.2066 ,0.2508 ,0.2976 ,0.3442 ,0.3890 ,0.4312 ,0.4704 ,0.5061 ,0.5383 ,0.5668 ,0.5915 ,0.6123 ,0.6293 ,0.6424 ,0.6517 ,0.6571 ,0.6589 ,0.6569 ,0.6514 ,0.6423 ,0.6300 ,0.6144 ,0.5958 ,0.5744 ,0.5503 ,0.5239 ,0.4954 ,0.4651 ,0.4336 ,0.4013 ,0.3688 ,0.3372 ,0.3075 ,0.2813 ,0.2606 ,0.2475 ,0.2438 ,0.2505 ,0.2670 ,0.2918 ,0.3228 ,0.3584 ,0.3969 ,0.4373 ,0.4787 ,0.5204 ,0.5618 ,0.6025 ,0.6421 ,0.6803 ,0.7167 ,0.7512 ,0.7834 ,0.8132 ,
0.5018 ,0.5026 ,0.5029 ,0.5027 ,0.5021 ,0.5010 ,0.4997 ,0.4980 ,0.4962 ,0.4941 ,0.4919 ,0.4897 ,0.4873 ,0.4850 ,0.4827 ,0.4804 ,0.4782 ,0.4760 ,0.4740 ,0.4721 ,0.4703 ,0.4687 ,0.4673 ,0.4660 ,0.4649 ,0.4640 ,0.4633 ,0.4628 ,0.4626 ,0.4626 ,0.4628 ,0.4633 ,0.4641 ,0.4652 ,0.4666 ,0.4683 ,0.4704 ,0.4729 ,0.4757 ,0.4790 ,0.4827 ,0.4869 ,0.4917 ,0.4970 ,0.5028 ,0.5094 ,0.5166 ,0.5246 ,0.5334 ,0.5431 ,0.5538 ,0.5655 ,0.5784 ,0.5926 ,0.6082 ,0.6254 ,0.6444 ,0.6653 ,0.6885 ,0.7142 ,0.7428 ,0.7746 ,0.8104 ,0.8506 ,0.8961 ,0.9478 ,1.0071 ,1.0755 ,1.1552 ,1.2491 ,1.3611 ,1.4968 ,1.6644 ,1.8761 ,2.1516 ,2.5242 ,3.0552 ,3.8711 ,5.2770 ,7.7449 ,6.8996 ,6.0324 ,5.3967 ,4.9193 ,4.4532 ,3.4215 ,2.7815 ,2.3463 ,2.0314 ,1.7932 ,1.6068 ,1.4572 ,1.3344 ,1.2321 ,1.1455 ,1.0713 ,1.0071 ,0.9510 ,0.9016 ,0.8578 ,0.8188 ,0.7838 ,0.7522 ,0.7236 ,0.6976 ,0.6738 ,0.6521 ,0.6321 ,0.6136 ,0.5966 ,0.5807 ,0.5660 ,0.5524 ,0.5396 ,0.5276 ,0.5164 ,0.5059 ,0.4961 ,0.4868 ,0.4780 ,0.4698 ,0.4621 ,0.4547 ,0.4478 ,0.4413 ,0.4352 ,0.4294 ,0.4240 ,0.4189 ,0.4142 ,0.4097 ,0.4056 ,0.4017 ,0.3982 ,0.3949 ,0.3919 ,0.3892 ,0.3868 ,0.3847 ,0.3828 ,0.3813 ,0.3800 ,0.3790 ,0.3783 ,0.3779 ,0.3777 ,0.3779 ,0.3784 ,0.3791 ,0.3802 ,0.3816 ,0.3833 ,0.3853 ,0.3876 ,0.3902 ,0.3932 ,0.3965 ,0.4001 ,0.4040 ,0.4083 ,0.4128 ,0.4176 ,0.4227 ,0.4281 ,0.4337 ,0.4394 ,0.4453 ,0.4512 ,0.4572 ,0.4631 ,0.4688 ,0.4743 ,0.4795 ,0.4843 ,0.4887 ,0.4925 ,0.4957 ,0.4983 ,0.5004 ,0.5018 ,
0.8734 ,0.9191 ,0.9618 ,1.0014 ,1.0376 ,1.0704 ,1.0994 ,1.1245 ,1.1456 ,1.1625 ,1.1751 ,1.1833 ,1.1870 ,1.1861 ,1.1806 ,1.1703 ,1.1553 ,1.1355 ,1.1109 ,1.0815 ,1.0474 ,1.0086 ,0.9651 ,0.9172 ,0.8648 ,0.8082 ,0.7476 ,0.6832 ,0.6155 ,0.5451 ,0.4728 ,0.4001 ,0.3300 ,0.2682 ,0.2260 ,0.2197 ,0.2554 ,0.3219 ,0.4062 ,0.5006 ,0.6014 ,0.7065 ,0.8147 ,0.9252 ,1.0375 ,1.1510 ,1.2653 ,1.3801 ,1.4950 ,1.6097 ,1.7239 ,1.8372 ,1.9494 ,2.0602 ,2.1693 ,2.2764 ,2.3812 ,2.4836 ,2.5832 ,2.6798 ,2.7732 ,2.8631 ,2.9493 ,3.0316 ,3.1097 ,3.1836 ,3.2530 ,3.3177 ,3.3776 ,3.4325 ,3.4824 ,3.5270 ,3.5663 ,3.6002 ,3.6286 ,3.6515 ,3.6687 ,3.6803 ,3.6862 ,3.6864 ,3.6810 ,3.6699 ,3.6532 ,3.6308 ,3.6030 ,3.5698 ,3.5312 ,3.4873 ,3.4384 ,3.3844 ,3.3256 ,3.2621 ,3.1941 ,3.1217 ,3.0451 ,2.9646 ,2.8803 ,2.7925 ,2.7014 ,2.6071 ,2.5101 ,2.4104 ,2.3084 ,2.2043 ,2.0984 ,1.9910 ,1.8822 ,1.7725 ,1.6620 ,1.5511 ,1.4401 ,1.3291 ,1.2186 ,1.1087 ,0.9998 ,0.8922 ,0.7861 ,0.6819 ,0.5800 ,0.4809 ,0.3851 ,0.2937 ,0.2093 ,0.1391 ,0.1060 ,0.1333 ,0.1928 ,0.2600 ,0.3276 ,0.3930 ,0.4551 ,0.5136 ,0.5680 ,0.6182 ,0.6639 ,0.7052 ,0.7418 ,0.7737 ,0.8010 ,0.8235 ,0.8413 ,0.8544 ,0.8627 ,0.8665 ,0.8657 ,0.8603 ,0.8506 ,0.8365 ,0.8183 ,0.7960 ,0.7699 ,0.7400 ,0.7066 ,0.6699 ,0.6300 ,0.5874 ,0.5423 ,0.4950 ,0.4460 ,0.3960 ,0.3456 ,0.2963 ,0.2501 ,0.2106 ,0.1837 ,0.1765 ,0.1920 ,0.2259 ,0.2714 ,0.3236 ,0.3793 ,0.4369 ,0.4951 ,0.5531 ,0.6105 ,0.6668 ,0.7215 ,0.7744 ,0.8251 ,0.8734 ,
0.4877 ,0.4941 ,0.5004 ,0.5065 ,0.5123 ,0.5178 ,0.5230 ,0.5277 ,0.5320 ,0.5359 ,0.5392 ,0.5420 ,0.5444 ,0.5462 ,0.5476 ,0.5485 ,0.5490 ,0.5492 ,0.5490 ,0.5485 ,0.5477 ,0.5468 ,0.5457 ,0.5445 ,0.5432 ,0.5418 ,0.5405 ,0.5393 ,0.5381 ,0.5370 ,0.5361 ,0.5354 ,0.5349 ,0.5346 ,0.5346 ,0.5349 ,0.5355 ,0.5364 ,0.5377 ,0.5394 ,0.5415 ,0.5441 ,0.5471 ,0.5507 ,0.5549 ,0.5596 ,0.5650 ,0.5712 ,0.5781 ,0.5858 ,0.5945 ,0.6042 ,0.6149 ,0.6269 ,0.6403 ,0.6551 ,0.6716 ,0.6900 ,0.7105 ,0.7334 ,0.7589 ,0.7877 ,0.8200 ,0.8565 ,0.8979 ,0.9452 ,0.9996 ,1.0626 ,1.1361 ,1.2229 ,1.3266 ,1.4524 ,1.6080 ,1.8046 ,2.0606 ,2.4067 ,2.8990 ,3.6518 ,4.9320 ,7.3069 ,6.9813 ,5.5559 ,4.6061 ,3.9318 ,3.3944 ,2.8970 ,2.4490 ,2.0950 ,1.8242 ,1.6144 ,1.4483 ,1.3140 ,1.2036 ,1.1114 ,1.0334 ,0.9667 ,0.9091 ,0.8590 ,0.8151 ,0.7764 ,0.7420 ,0.7114 ,0.6841 ,0.6596 ,0.6375 ,0.6176 ,0.5996 ,0.5833 ,0.5685 ,0.5551 ,0.5429 ,0.5319 ,0.5218 ,0.5126 ,0.5043 ,0.4968 ,0.4899 ,0.4837 ,0.4780 ,0.4729 ,0.4683 ,0.4641 ,0.4603 ,0.4569 ,0.4537 ,0.4509 ,0.4483 ,0.4458 ,0.4435 ,0.4414 ,0.4393 ,0.4372 ,0.4352 ,0.4331 ,0.4310 ,0.4288 ,0.4266 ,0.4242 ,0.4218 ,0.4194 ,0.4168 ,0.4143 ,0.4118 ,0.4092 ,0.4068 ,0.4044 ,0.4022 ,0.4002 ,0.3983 ,0.3966 ,0.3952 ,0.3940 ,0.3931 ,0.3924 ,0.3921 ,0.3921 ,0.3924 ,0.3930 ,0.3939 ,0.3952 ,0.3969 ,0.3989 ,0.4012 ,0.4039 ,0.4070 ,0.4104 ,0.4141 ,0.4182 ,0.4227 ,0.4274 ,0.4325 ,0.4379 ,0.4435 ,0.4494 ,0.4555 ,0.4618 ,0.4682 ,0.4747 ,0.4812 ,0.4877 ,
0.2232 ,0.2670 ,0.3164 ,0.3691 ,0.4235 ,0.4789 ,0.5344 ,0.5897 ,0.6441 ,0.6975 ,0.7494 ,0.7996 ,0.8479 ,0.8939 ,0.9374 ,0.9782 ,1.0161 ,1.0509 ,1.0824 ,1.1104 ,1.1347 ,1.1553 ,1.1719 ,1.1844 ,1.1928 ,1.1968 ,1.1965 ,1.1916 ,1.1823 ,1.1683 ,1.1498 ,1.1265 ,1.0987 ,1.0661 ,1.0289 ,0.9871 ,0.9408 ,0.8900 ,0.8347 ,0.7752 ,0.7115 ,0.6438 ,0.5723 ,0.4972 ,0.4191 ,0.3386 ,0.2572 ,0.1791 ,0.1192 ,0.1197 ,0.1846 ,0.2739 ,0.3722 ,0.4752 ,0.5813 ,0.6898 ,0.8001 ,0.9117 ,1.0244 ,1.1379 ,1.2518 ,1.3658 ,1.4798 ,1.5933 ,1.7061 ,1.8180 ,1.9286 ,2.0378 ,2.1453 ,2.2507 ,2.3539 ,2.4546 ,2.5526 ,2.6476 ,2.7394 ,2.8278 ,2.9126 ,2.9936 ,3.0706 ,3.1433 ,3.2118 ,3.2757 ,3.3349 ,3.3893 ,3.4388 ,3.4833 ,3.5226 ,3.5567 ,3.5854 ,3.6089 ,3.6269 ,3.6394 ,3.6465 ,3.6482 ,3.6444 ,3.6351 ,3.6204 ,3.6004 ,3.5751 ,3.5446 ,3.5089 ,3.4683 ,3.4227 ,3.3724 ,3.3174 ,3.2579 ,3.1941 ,3.1261 ,3.0542 ,2.9784 ,2.8992 ,2.8165 ,2.7307 ,2.6420 ,2.5506 ,2.4568 ,2.3607 ,2.2628 ,2.1631 ,2.0621 ,1.9599 ,1.8569 ,1.7532 ,1.6493 ,1.5453 ,1.4417 ,1.3386 ,1.2364 ,1.1355 ,1.0361 ,0.9387 ,0.8436 ,0.7514 ,0.6627 ,0.5782 ,0.4991 ,0.4268 ,0.3637 ,0.3129 ,0.2787 ,0.2646 ,0.2707 ,0.2932 ,0.3263 ,0.3649 ,0.4057 ,0.4464 ,0.4857 ,0.5225 ,0.5563 ,0.5867 ,0.6134 ,0.6362 ,0.6550 ,0.6697 ,0.6802 ,0.6865 ,0.6887 ,0.6867 ,0.6807 ,0.6706 ,0.6567 ,0.6389 ,0.6175 ,0.5926 ,0.5644 ,0.5330 ,0.4988 ,0.4620 ,0.4229 ,0.3820 ,0.3400 ,0.2977 ,0.2564 ,0.2184 ,0.1875 ,0.1693 ,0.1695 ,0.1889 ,0.2232 ,
0.5733 ,0.5660 ,0.5588 ,0.5519 ,0.5451 ,0.5385 ,0.5321 ,0.5260 ,0.5200 ,0.5142 ,0.5086 ,0.5031 ,0.4978 ,0.4927 ,0.4878 ,0.4830 ,0.4783 ,0.4739 ,0.4697 ,0.4656 ,0.4617 ,0.4581 ,0.4547 ,0.4514 ,0.4485 ,0.4457 ,0.4432 ,0.4409 ,0.4389 ,0.4370 ,0.4355 ,0.4342 ,0.4331 ,0.4323 ,0.4317 ,0.4314 ,0.4314 ,0.4316 ,0.4320 ,0.4327 ,0.4337 ,0.4350 ,0.4366 ,0.4384 ,0.4405 ,0.4429 ,0.4456 ,0.4486 ,0.4519 ,0.4556 ,0.4596 ,0.4639 ,0.4686 ,0.4737 ,0.4791 ,0.4850 ,0.4913 ,0.4980 ,0.5052 ,0.5129 ,0.5212 ,0.5300 ,0.5395 ,0.5496 ,0.5606 ,0.5724 ,0.5851 ,0.5989 ,0.6139 ,0.6304 ,0.6484 ,0.6682 ,0.6903 ,0.7148 ,0.7423 ,0.7733 ,0.8085 ,0.8488 ,0.8951 ,0.9491 ,1.0124 ,1.0877 ,1.1783 ,1.2892 ,1.4273 ,1.6018 ,1.8038 ,1.9504 ,2.0898 ,2.2446 ,2.4189 ,2.6135 ,2.8233 ,3.0230 ,3.1203 ,2.9196 ,2.4740 ,2.0585 ,1.7402 ,1.5005 ,1.3168 ,1.1727 ,1.0571 ,0.9629 ,0.8847 ,0.8190 ,0.7633 ,0.7155 ,0.6741 ,0.6382 ,0.6067 ,0.5790 ,0.5546 ,0.5330 ,0.5138 ,0.4967 ,0.4815 ,0.4680 ,0.4560 ,0.4454 ,0.4360 ,0.4277 ,0.4205 ,0.4143 ,0.4089 ,0.4044 ,0.4007 ,0.3978 ,0.3956 ,0.3942 ,0.3934 ,0.3934 ,0.3940 ,0.3953 ,0.3973 ,0.4000 ,0.4034 ,0.4075 ,0.4123 ,0.4179 ,0.4242 ,0.4314 ,0.4393 ,0.4481 ,0.4578 ,0.4683 ,0.4797 ,0.4920 ,0.5050 ,0.5188 ,0.5332 ,0.5481 ,0.5633 ,0.5785 ,0.5934 ,0.6076 ,0.6209 ,0.6328 ,0.6431 ,0.6516 ,0.6582 ,0.6629 ,0.6658 ,0.6669 ,0.6664 ,0.6645 ,0.6614 ,0.6573 ,0.6523 ,0.6465 ,0.6402 ,0.6334 ,0.6262 ,0.6189 ,0.6113 ,0.6037 ,0.5960 ,0.5883 ,0.5808 ,0.5733 ,
0.4244 ,0.3838 ,0.3402 ,0.2937 ,0.2445 ,0.1929 ,0.1390 ,0.0832 ,0.0274 ,0.0379 ,0.0976 ,0.1596 ,0.2228 ,0.2867 ,0.3511 ,0.4158 ,0.4804 ,0.5448 ,0.6086 ,0.6716 ,0.7336 ,0.7943 ,0.8535 ,0.9109 ,0.9664 ,1.0196 ,1.0704 ,1.1185 ,1.1637 ,1.2059 ,1.2448 ,1.2802 ,1.3121 ,1.3401 ,1.3642 ,1.3842 ,1.4000 ,1.4114 ,1.4184 ,1.4208 ,1.4187 ,1.4118 ,1.4002 ,1.3838 ,1.3625 ,1.3365 ,1.3056 ,1.2698 ,1.2293 ,1.1840 ,1.1340 ,1.0794 ,1.0202 ,0.9566 ,0.8887 ,0.8166 ,0.7405 ,0.6606 ,0.5770 ,0.4902 ,0.4005 ,0.3089 ,0.2172 ,0.1329 ,0.0927 ,0.1469 ,0.2411 ,0.3457 ,0.4548 ,0.5667 ,0.6804 ,0.7955 ,0.9116 ,1.0283 ,1.1453 ,1.2623 ,1.3791 ,1.4954 ,1.6108 ,1.7251 ,1.8381 ,1.9494 ,2.0589 ,2.1661 ,2.2710 ,2.3732 ,2.4726 ,2.5688 ,2.6617 ,2.7510 ,2.8366 ,2.9182 ,2.9957 ,3.0688 ,3.1375 ,3.2015 ,3.2607 ,3.3150 ,3.3643 ,3.4084 ,3.4474 ,3.4810 ,3.5092 ,3.5320 ,3.5493 ,3.5612 ,3.5675 ,3.5684 ,3.5638 ,3.5538 ,3.5383 ,3.5176 ,3.4915 ,3.4603 ,3.4240 ,3.3828 ,3.3368 ,3.2860 ,3.2307 ,3.1711 ,3.1072 ,3.0393 ,2.9676 ,2.8922 ,2.8135 ,2.7316 ,2.6467 ,2.5592 ,2.4691 ,2.3769 ,2.2828 ,2.1869 ,2.0897 ,1.9914 ,1.8923 ,1.7926 ,1.6927 ,1.5929 ,1.4935 ,1.3949 ,1.2974 ,1.2014 ,1.1072 ,1.0154 ,0.9263 ,0.8407 ,0.7590 ,0.6822 ,0.6112 ,0.5471 ,0.4915 ,0.4460 ,0.4122 ,0.3911 ,0.3830 ,0.3867 ,0.3999 ,0.4200 ,0.4444 ,0.4709 ,0.4979 ,0.5240 ,0.5485 ,0.5706 ,0.5897 ,0.6056 ,0.6179 ,0.6265 ,0.6313 ,0.6320 ,0.6288 ,0.6215 ,0.6103 ,0.5950 ,0.5759 ,0.5528 ,0.5261 ,0.4956 ,0.4617 ,0.4244 ,
0.3790 ,0.3801 ,0.3812 ,0.3823 ,0.3832 ,0.3840 ,0.3847 ,0.3853 ,0.3858 ,0.3862 ,0.3865 ,0.3867 ,0.3868 ,0.3869 ,0.3870 ,0.3870 ,0.3871 ,0.3872 ,0.3873 ,0.3874 ,0.3876 ,0.3879 ,0.3882 ,0.3886 ,0.3891 ,0.3896 ,0.3903 ,0.3910 ,0.3917 ,0.3926 ,0.3934 ,0.3944 ,0.3954 ,0.3965 ,0.3977 ,0.3989 ,0.4002 ,0.4015 ,0.4030 ,0.4045 ,0.4062 ,0.4079 ,0.4099 ,0.4120 ,0.4142 ,0.4168 ,0.4195 ,0.4225 ,0.4259 ,0.4295 ,0.4336 ,0.4381 ,0.4430 ,0.4484 ,0.4543 ,0.4608 ,0.4679 ,0.4757 ,0.4842 ,0.4935 ,0.5037 ,0.5148 ,0.5268 ,0.5400 ,0.5543 ,0.5699 ,0.5868 ,0.6053 ,0.6254 ,0.6474 ,0.6713 ,0.6975 ,0.7260 ,0.7572 ,0.7913 ,0.8287 ,0.8697 ,0.9146 ,0.9640 ,1.0182 ,1.0779 ,1.1436 ,1.2161 ,1.2959 ,1.3839 ,1.4810 ,1.5879 ,1.7056 ,1.8347 ,1.9754 ,2.1269 ,2.2853 ,2.4398 ,2.5652 ,2.6249 ,2.6094 ,2.5480 ,2.4689 ,2.3868 ,2.3080 ,2.2348 ,2.1681 ,2.1078 ,2.0534 ,2.0044 ,1.9600 ,1.9193 ,1.8818 ,1.8467 ,1.8132 ,1.7809 ,1.7492 ,1.7177 ,1.6861 ,1.6542 ,1.6216 ,1.5883 ,1.5541 ,1.5187 ,1.4818 ,1.4433 ,1.4027 ,1.3599 ,1.3147 ,1.2671 ,1.2175 ,1.1663 ,1.1144 ,1.0626 ,1.0118 ,0.9626 ,0.9157 ,0.8712 ,0.8295 ,0.7905 ,0.7543 ,0.7208 ,0.6897 ,0.6611 ,0.6347 ,0.6104 ,0.5880 ,0.5673 ,0.5483 ,0.5309 ,0.5148 ,0.5000 ,0.4863 ,0.4738 ,0.4623 ,0.4518 ,0.4421 ,0.4333 ,0.4252 ,0.4179 ,0.4112 ,0.4052 ,0.3998 ,0.3949 ,0.3906 ,0.3868 ,0.3834 ,0.3806 ,0.3781 ,0.3761 ,0.3744 ,0.3732 ,0.3722 ,0.3716 ,0.3713 ,0.3713 ,0.3715 ,0.3720 ,0.3726 ,0.3735 ,0.3744 ,0.3755 ,0.3766 ,0.3778 ,0.3790 ,
0.7150 ,0.7209 ,0.7231 ,0.7218 ,0.7170 ,0.7088 ,0.6972 ,0.6823 ,0.6644 ,0.6434 ,0.6194 ,0.5928 ,0.5634 ,0.5316 ,0.4975 ,0.4611 ,0.4228 ,0.3826 ,0.3408 ,0.2975 ,0.2530 ,0.2073 ,0.1608 ,0.1137 ,0.0664 ,0.0216 ,0.0343 ,0.0809 ,0.1285 ,0.1758 ,0.2226 ,0.2686 ,0.3135 ,0.3573 ,0.3997 ,0.4405 ,0.4797 ,0.5169 ,0.5522 ,0.5852 ,0.6160 ,0.6443 ,0.6702 ,0.6933 ,0.7138 ,0.7314 ,0.7462 ,0.7581 ,0.7671 ,0.7731 ,0.7763 ,0.7766 ,0.7741 ,0.7689 ,0.7612 ,0.7512 ,0.7391 ,0.7252 ,0.7098 ,0.6935 ,0.6768 ,0.6604 ,0.6451 ,0.6316 ,0.6211 ,0.6146 ,0.6132 ,0.6177 ,0.6290 ,0.6475 ,0.6735 ,0.7069 ,0.7473 ,0.7942 ,0.8471 ,0.9052 ,0.9680 ,1.0348 ,1.1050 ,1.1782 ,1.2539 ,1.3316 ,1.4110 ,1.4915 ,1.5729 ,1.6549 ,1.7371 ,1.8192 ,1.9010 ,1.9821 ,2.0623 ,2.1413 ,2.2189 ,2.2949 ,2.3690 ,2.4410 ,2.5107 ,2.5779 ,2.6424 ,2.7041 ,2.7626 ,2.8180 ,2.8699 ,2.9184 ,2.9631 ,3.0041 ,3.0412 ,3.0742 ,3.1032 ,3.1279 ,3.1484 ,3.1645 ,3.1763 ,3.1837 ,3.1866 ,3.1850 ,3.1790 ,3.1685 ,3.1536 ,3.1343 ,3.1105 ,3.0825 ,3.0502 ,3.0138 ,2.9732 ,2.9287 ,2.8802 ,2.8280 ,2.7721 ,2.7127 ,2.6500 ,2.5840 ,2.5149 ,2.4429 ,2.3682 ,2.2910 ,2.2114 ,2.1296 ,2.0459 ,1.9604 ,1.8733 ,1.7849 ,1.6954 ,1.6049 ,1.5138 ,1.4222 ,1.3303 ,1.2384 ,1.1468 ,1.0556 ,0.9651 ,0.8756 ,0.7873 ,0.7005 ,0.6156 ,0.5329 ,0.4530 ,0.3765 ,0.3049 ,0.2404 ,0.1875 ,0.1552 ,0.1528 ,0.1784 ,0.2198 ,0.2675 ,0.3168 ,0.3655 ,0.4123 ,0.4566 ,0.4981 ,0.5363 ,0.5712 ,0.6027 ,0.6306 ,0.6548 ,0.6754 ,0.6923 ,0.7055 ,0.7150 ,
0.4608 ,0.4721 ,0.4824 ,0.4876 ,0.4827 ,0.4721 ,0.4605 ,0.4495 ,0.4393 ,0.4302 ,0.4221 ,0.4149 ,0.4086 ,0.4031 ,0.3985 ,0.3946 ,0.3915 ,0.3891 ,0.3874 ,0.3863 ,0.3860 ,0.3863 ,0.3873 ,0.3889 ,0.3913 ,0.3943 ,0.3980 ,0.4025 ,0.4078 ,0.4138 ,0.4207 ,0.4285 ,0.4373 ,0.4471 ,0.4580 ,0.4700 ,0.4834 ,0.4982 ,0.5145 ,0.5324 ,0.5522 ,0.5741 ,0.5981 ,0.6246 ,0.6539 ,0.6861 ,0.7217 ,0.7608 ,0.8040 ,0.8516 ,0.9038 ,0.9610 ,1.0231 ,1.0782 ,1.0601 ,1.0367 ,1.0139 ,0.9915 ,0.9696 ,0.9479 ,0.9266 ,0.9056 ,0.8850 ,0.8649 ,0.8453 ,0.8265 ,0.8086 ,0.7916 ,0.7757 ,0.7610 ,0.7475 ,0.7353 ,0.7245 ,0.7150 ,0.7069 ,0.7003 ,0.6950 ,0.6913 ,0.6890 ,0.6881 ,0.6889 ,0.6911 ,0.6951 ,0.7007 ,0.7081 ,0.7174 ,0.7286 ,0.7421 ,0.7579 ,0.7762 ,0.7972 ,0.8213 ,0.8487 ,0.8798 ,0.9148 ,0.9538 ,0.9971 ,1.0439 ,1.0934 ,1.1437 ,1.1933 ,1.2420 ,1.2908 ,1.3415 ,1.3954 ,1.4536 ,1.5163 ,1.5830 ,1.6519 ,1.7192 ,1.7789 ,1.8222 ,1.8399 ,1.8257 ,1.7797 ,1.7088 ,1.6235 ,1.5332 ,1.4447 ,1.3619 ,1.2865 ,1.2191 ,1.1595 ,1.1070 ,1.0612 ,1.0212 ,0.9866 ,0.9567 ,0.9309 ,0.9083 ,0.8852 ,0.8461 ,0.7976 ,0.7525 ,0.7121 ,0.6760 ,0.6436 ,0.6146 ,0.5885 ,0.5649 ,0.5437 ,0.5244 ,0.5070 ,0.4912 ,0.4768 ,0.4638 ,0.4520 ,0.4413 ,0.4316 ,0.4229 ,0.4150 ,0.4080 ,0.4017 ,0.3961 ,0.3912 ,0.3870 ,0.3833 ,0.3803 ,0.3779 ,0.3760 ,0.3746 ,0.3738 ,0.3735 ,0.3738 ,0.3746 ,0.3759 ,0.3778 ,0.3802 ,0.3832 ,0.3868 ,0.3910 ,0.3958 ,0.4013 ,0.4075 ,0.4144 ,0.4221 ,0.4306 ,0.4399 ,0.4500 ,0.4608 ,
0.7686 ,0.7979 ,0.8245 ,0.8482 ,0.8689 ,0.8864 ,0.9005 ,0.9111 ,0.9182 ,0.9216 ,0.9212 ,0.9169 ,0.9088 ,0.8968 ,0.8807 ,0.8608 ,0.8369 ,0.8091 ,0.7775 ,0.7421 ,0.7031 ,0.6607 ,0.6152 ,0.5669 ,0.5162 ,0.4641 ,0.4116 ,0.3608 ,0.3147 ,0.2785 ,0.2593 ,0.2636 ,0.2928 ,0.3426 ,0.4069 ,0.4811 ,0.5624 ,0.6486 ,0.7386 ,0.8316 ,0.9269 ,1.0239 ,1.1224 ,1.2218 ,1.3219 ,1.4223 ,1.5228 ,1.6230 ,1.7227 ,1.8217 ,1.9197 ,2.0164 ,2.1115 ,2.2049 ,2.2963 ,2.3854 ,2.4722 ,2.5562 ,2.6374 ,2.7155 ,2.7903 ,2.8617 ,2.9294 ,2.9934 ,3.0534 ,3.1093 ,3.1609 ,3.2082 ,3.2510 ,3.2892 ,3.3228 ,3.3516 ,3.3755 ,3.3946 ,3.4088 ,3.4179 ,3.4221 ,3.4214 ,3.4156 ,3.4049 ,3.3892 ,3.3687 ,3.3433 ,3.3131 ,3.2783 ,3.2388 ,3.1949 ,3.1465 ,3.0939 ,3.0372 ,2.9765 ,2.9120 ,2.8438 ,2.7722 ,2.6972 ,2.6191 ,2.5381 ,2.4543 ,2.3681 ,2.2795 ,2.1889 ,2.0965 ,2.0024 ,1.9070 ,1.8104 ,1.7130 ,1.6149 ,1.5163 ,1.4177 ,1.3191 ,1.2209 ,1.1232 ,1.0265 ,0.9309 ,0.8367 ,0.7443 ,0.6539 ,0.5661 ,0.4813 ,0.4002 ,0.3243 ,0.2557 ,0.1990 ,0.1630 ,0.1579 ,0.1825 ,0.2243 ,0.2731 ,0.3235 ,0.3732 ,0.4208 ,0.4657 ,0.5074 ,0.5456 ,0.5802 ,0.6109 ,0.6379 ,0.6609 ,0.6800 ,0.6951 ,0.7064 ,0.7137 ,0.7172 ,0.7169 ,0.7129 ,0.7054 ,0.6943 ,0.6799 ,0.6624 ,0.6418 ,0.6183 ,0.5923 ,0.5638 ,0.5333 ,0.5011 ,0.4675 ,0.4330 ,0.3984 ,0.3643 ,0.3319 ,0.3025 ,0.2780 ,0.2604 ,0.2518 ,0.2536 ,0.2658 ,0.2872 ,0.3157 ,0.3495 ,0.3868 ,0.4263 ,0.4671 ,0.5082 ,0.5493 ,0.5896 ,0.6289 ,0.6667 ,0.7028 ,0.7368 ,0.7686 ,
0.4864 ,0.4971 ,0.5084 ,0.5202 ,0.5323 ,0.5446 ,0.5571 ,0.5695 ,0.5816 ,0.5935 ,0.6047 ,0.6154 ,0.6252 ,0.6342 ,0.6423 ,0.6494 ,0.6556 ,0.6609 ,0.6653 ,0.6689 ,0.6717 ,0.6737 ,0.6751 ,0.6758 ,0.6760 ,0.6756 ,0.6748 ,0.6736 ,0.6718 ,0.6697 ,0.6671 ,0.6639 ,0.6602 ,0.6558 ,0.6508 ,0.6450 ,0.6386 ,0.6317 ,0.6247 ,0.6179 ,0.6114 ,0.6057 ,0.6009 ,0.5970 ,0.5943 ,0.5928 ,0.5925 ,0.5935 ,0.5958 ,0.5996 ,0.6048 ,0.6115 ,0.6198 ,0.6298 ,0.6417 ,0.6555 ,0.6715 ,0.6899 ,0.7109 ,0.7349 ,0.7622 ,0.7932 ,0.8285 ,0.8687 ,0.9148 ,0.9676 ,1.0286 ,1.0995 ,1.1824 ,1.2804 ,1.3977 ,1.5402 ,1.7168 ,1.9409 ,2.2342 ,2.6342 ,3.2114 ,4.1137 ,5.6105 ,4.4098 ,3.3731 ,2.7342 ,2.3038 ,1.9954 ,1.7646 ,1.5860 ,1.4445 ,1.3301 ,1.2362 ,1.1583 ,1.0929 ,1.0378 ,0.9910 ,0.9512 ,0.9173 ,0.8883 ,0.8635 ,0.8416 ,0.8201 ,0.7938 ,0.7628 ,0.7321 ,0.7036 ,0.6776 ,0.6539 ,0.6325 ,0.6129 ,0.5951 ,0.5789 ,0.5642 ,0.5507 ,0.5384 ,0.5271 ,0.5169 ,0.5076 ,0.4991 ,0.4913 ,0.4843 ,0.4780 ,0.4723 ,0.4671 ,0.4626 ,0.4585 ,0.4549 ,0.4518 ,0.4491 ,0.4469 ,0.4450 ,0.4434 ,0.4423 ,0.4414 ,0.4408 ,0.4405 ,0.4405 ,0.4407 ,0.4411 ,0.4416 ,0.4422 ,0.4430 ,0.4437 ,0.4444 ,0.4451 ,0.4455 ,0.4458 ,0.4457 ,0.4452 ,0.4443 ,0.4430 ,0.4411 ,0.4387 ,0.4360 ,0.4329 ,0.4295 ,0.4261 ,0.4226 ,0.4192 ,0.4161 ,0.4132 ,0.4107 ,0.4086 ,0.4069 ,0.4057 ,0.4050 ,0.4048 ,0.4052 ,0.4061 ,0.4077 ,0.4098 ,0.4125 ,0.4159 ,0.4199 ,0.4245 ,0.4298 ,0.4358 ,0.4425 ,0.4499 ,0.4580 ,0.4668 ,0.4763 ,0.4864 ,
0.8879 ,0.9300 ,0.9691 ,1.0049 ,1.0373 ,1.0662 ,1.0912 ,1.1123 ,1.1293 ,1.1421 ,1.1506 ,1.1546 ,1.1541 ,1.1489 ,1.1391 ,1.1246 ,1.1053 ,1.0813 ,1.0524 ,1.0188 ,0.9804 ,0.9373 ,0.8896 ,0.8373 ,0.7805 ,0.7194 ,0.6541 ,0.5847 ,0.5116 ,0.4352 ,0.3560 ,0.2753 ,0.1964 ,0.1301 ,0.1130 ,0.1668 ,0.2525 ,0.3495 ,0.4519 ,0.5579 ,0.6665 ,0.7772 ,0.8895 ,1.0030 ,1.1175 ,1.2325 ,1.3479 ,1.4633 ,1.5784 ,1.6930 ,1.8067 ,1.9194 ,2.0307 ,2.1403 ,2.2480 ,2.3536 ,2.4567 ,2.5572 ,2.6547 ,2.7490 ,2.8400 ,2.9274 ,3.0109 ,3.0905 ,3.1658 ,3.2367 ,3.3030 ,3.3647 ,3.4214 ,3.4731 ,3.5197 ,3.5611 ,3.5971 ,3.6277 ,3.6528 ,3.6723 ,3.6862 ,3.6945 ,3.6972 ,3.6943 ,3.6857 ,3.6715 ,3.6517 ,3.6265 ,3.5959 ,3.5599 ,3.5186 ,3.4722 ,3.4209 ,3.3646 ,3.3036 ,3.2381 ,3.1681 ,3.0940 ,3.0158 ,2.9338 ,2.8481 ,2.7591 ,2.6670 ,2.5719 ,2.4741 ,2.3739 ,2.2715 ,2.1671 ,2.0611 ,1.9537 ,1.8452 ,1.7358 ,1.6258 ,1.5155 ,1.4051 ,1.2950 ,1.1854 ,1.0765 ,0.9687 ,0.8621 ,0.7571 ,0.6539 ,0.5528 ,0.4541 ,0.3580 ,0.2651 ,0.1762 ,0.0944 ,0.0474 ,0.0967 ,0.1688 ,0.2406 ,0.3094 ,0.3746 ,0.4358 ,0.4928 ,0.5455 ,0.5938 ,0.6375 ,0.6766 ,0.7111 ,0.7409 ,0.7661 ,0.7865 ,0.8023 ,0.8134 ,0.8199 ,0.8219 ,0.8194 ,0.8125 ,0.8013 ,0.7859 ,0.7665 ,0.7432 ,0.7162 ,0.6856 ,0.6517 ,0.6147 ,0.5749 ,0.5325 ,0.4879 ,0.4415 ,0.3940 ,0.3461 ,0.2989 ,0.2544 ,0.2157 ,0.1879 ,0.1777 ,0.1885 ,0.2179 ,0.2596 ,0.3087 ,0.3619 ,0.4172 ,0.4734 ,0.5298 ,0.5856 ,0.6405 ,0.6940 ,0.7457 ,0.7955 ,0.8430 ,0.8879 ,
0.4580 ,0.4661 ,0.4745 ,0.4832 ,0.4922 ,0.5014 ,0.5107 ,0.5202 ,0.5296 ,0.5390 ,0.5482 ,0.5572 ,0.5658 ,0.5741 ,0.5819 ,0.5891 ,0.5958 ,0.6018 ,0.6072 ,0.6118 ,0.6156 ,0.6186 ,0.6209 ,0.6223 ,0.6229 ,0.6226 ,0.6215 ,0.6195 ,0.6167 ,0.6131 ,0.6089 ,0.6040 ,0.5988 ,0.5934 ,0.5879 ,0.5827 ,0.5778 ,0.5735 ,0.5699 ,0.5669 ,0.5649 ,0.5638 ,0.5636 ,0.5645 ,0.5664 ,0.5695 ,0.5738 ,0.5794 ,0.5863 ,0.5947 ,0.6046 ,0.6162 ,0.6296 ,0.6451 ,0.6628 ,0.6829 ,0.7060 ,0.7321 ,0.7620 ,0.7960 ,0.8349 ,0.8793 ,0.9302 ,0.9880 ,1.0525 ,1.1210 ,1.1908 ,1.2645 ,1.3463 ,1.4403 ,1.5505 ,1.6820 ,1.8417 ,2.0398 ,2.2912 ,2.6201 ,3.0675 ,3.7072 ,4.6691 ,5.1584 ,3.8704 ,3.0556 ,2.5304 ,2.1664 ,1.9004 ,1.6980 ,1.5393 ,1.4118 ,1.3074 ,1.2203 ,1.1467 ,1.0836 ,1.0288 ,0.9806 ,0.9377 ,0.8989 ,0.8635 ,0.8309 ,0.8006 ,0.7724 ,0.7460 ,0.7213 ,0.6982 ,0.6766 ,0.6566 ,0.6380 ,0.6207 ,0.6048 ,0.5900 ,0.5764 ,0.5639 ,0.5525 ,0.5420 ,0.5324 ,0.5236 ,0.5156 ,0.5084 ,0.5020 ,0.4962 ,0.4910 ,0.4865 ,0.4825 ,0.4791 ,0.4763 ,0.4740 ,0.4721 ,0.4708 ,0.4699 ,0.4695 ,0.4696 ,0.4700 ,0.4709 ,0.4721 ,0.4737 ,0.4757 ,0.4779 ,0.4804 ,0.4831 ,0.4859 ,0.4885 ,0.4909 ,0.4928 ,0.4937 ,0.4932 ,0.4911 ,0.4870 ,0.4811 ,0.4739 ,0.4660 ,0.4577 ,0.4496 ,0.4417 ,0.4344 ,0.4277 ,0.4216 ,0.4161 ,0.4113 ,0.4071 ,0.4036 ,0.4007 ,0.3984 ,0.3966 ,0.3955 ,0.3949 ,0.3949 ,0.3955 ,0.3966 ,0.3982 ,0.4004 ,0.4031 ,0.4063 ,0.4100 ,0.4143 ,0.4191 ,0.4244 ,0.4302 ,0.4364 ,0.4432 ,0.4504 ,0.4580 ,
0.2254 ,0.2745 ,0.3279 ,0.3837 ,0.4407 ,0.4982 ,0.5555 ,0.6123 ,0.6682 ,0.7228 ,0.7758 ,0.8270 ,0.8761 ,0.9228 ,0.9669 ,1.0083 ,1.0466 ,1.0817 ,1.1134 ,1.1416 ,1.1660 ,1.1865 ,1.2030 ,1.2153 ,1.2233 ,1.2269 ,1.2260 ,1.2206 ,1.2106 ,1.1959 ,1.1765 ,1.1524 ,1.1235 ,1.0900 ,1.0517 ,1.0088 ,0.9613 ,0.9094 ,0.8530 ,0.7924 ,0.7277 ,0.6592 ,0.5872 ,0.5121 ,0.4346 ,0.3561 ,0.2792 ,0.2105 ,0.1666 ,0.1735 ,0.2303 ,0.3133 ,0.4085 ,0.5104 ,0.6165 ,0.7256 ,0.8368 ,0.9498 ,1.0640 ,1.1791 ,1.2947 ,1.4105 ,1.5262 ,1.6415 ,1.7561 ,1.8697 ,1.9821 ,2.0930 ,2.2021 ,2.3092 ,2.4139 ,2.5161 ,2.6155 ,2.7118 ,2.8049 ,2.8945 ,2.9804 ,3.0623 ,3.1402 ,3.2138 ,3.2829 ,3.3474 ,3.4072 ,3.4620 ,3.5118 ,3.5564 ,3.5958 ,3.6299 ,3.6585 ,3.6817 ,3.6994 ,3.7115 ,3.7181 ,3.7191 ,3.7145 ,3.7044 ,3.6888 ,3.6677 ,3.6413 ,3.6096 ,3.5726 ,3.5306 ,3.4836 ,3.4317 ,3.3751 ,3.3140 ,3.2484 ,3.1787 ,3.1049 ,3.0273 ,2.9461 ,2.8615 ,2.7736 ,2.6829 ,2.5894 ,2.4935 ,2.3954 ,2.2953 ,2.1935 ,2.0903 ,1.9860 ,1.8808 ,1.7750 ,1.6689 ,1.5628 ,1.4570 ,1.3518 ,1.2474 ,1.1443 ,1.0427 ,0.9431 ,0.8457 ,0.7512 ,0.6599 ,0.5728 ,0.4908 ,0.4153 ,0.3486 ,0.2944 ,0.2573 ,0.2421 ,0.2496 ,0.2748 ,0.3110 ,0.3524 ,0.3956 ,0.4382 ,0.4789 ,0.5169 ,0.5517 ,0.5828 ,0.6099 ,0.6331 ,0.6520 ,0.6666 ,0.6770 ,0.6831 ,0.6849 ,0.6824 ,0.6758 ,0.6651 ,0.6503 ,0.6317 ,0.6093 ,0.5833 ,0.5539 ,0.5214 ,0.4858 ,0.4475 ,0.4070 ,0.3645 ,0.3207 ,0.2766 ,0.2336 ,0.1943 ,0.1636 ,0.1489 ,0.1562 ,0.1840 ,0.2254 ,
0.5093 ,0.4972 ,0.4862 ,0.4762 ,0.4671 ,0.4590 ,0.4518 ,0.4455 ,0.4400 ,0.4353 ,0.4315 ,0.4283 ,0.4259 ,0.4243 ,0.4233 ,0.4231 ,0.4236 ,0.4248 ,0.4267 ,0.4293 ,0.4327 ,0.4369 ,0.4418 ,0.4476 ,0.4543 ,0.4619 ,0.4705 ,0.4802 ,0.4910 ,0.5030 ,0.5164 ,0.5312 ,0.5475 ,0.5653 ,0.5837 ,0.5904 ,0.5800 ,0.5682 ,0.5569 ,0.5462 ,0.5363 ,0.5271 ,0.5185 ,0.5107 ,0.5036 ,0.4971 ,0.4912 ,0.4860 ,0.4814 ,0.4775 ,0.4741 ,0.4714 ,0.4692 ,0.4677 ,0.4668 ,0.4666 ,0.4670 ,0.4680 ,0.4697 ,0.4721 ,0.4753 ,0.4792 ,0.4839 ,0.4895 ,0.4959 ,0.5034 ,0.5119 ,0.5216 ,0.5325 ,0.5448 ,0.5586 ,0.5741 ,0.5914 ,0.6109 ,0.6328 ,0.6574 ,0.6852 ,0.7167 ,0.7524 ,0.7931 ,0.8398 ,0.8937 ,0.9563 ,1.0297 ,1.1165 ,1.2202 ,1.3457 ,1.4997 ,1.6914 ,1.9336 ,2.2417 ,2.6250 ,3.0382 ,3.2555 ,3.0605 ,2.6737 ,2.3031 ,1.9967 ,1.7508 ,1.5533 ,1.3933 ,1.2622 ,1.1535 ,1.0624 ,0.9854 ,0.9197 ,0.8633 ,0.8146 ,0.7722 ,0.7352 ,0.7027 ,0.6742 ,0.6491 ,0.6269 ,0.6074 ,0.5902 ,0.5750 ,0.5618 ,0.5502 ,0.5402 ,0.5316 ,0.5244 ,0.5185 ,0.5138 ,0.5103 ,0.5079 ,0.5065 ,0.5063 ,0.5072 ,0.5092 ,0.5123 ,0.5165 ,0.5219 ,0.5285 ,0.5363 ,0.5451 ,0.5540 ,0.5605 ,0.5636 ,0.5657 ,0.5677 ,0.5702 ,0.5731 ,0.5766 ,0.5807 ,0.5852 ,0.5903 ,0.5958 ,0.6019 ,0.6084 ,0.6153 ,0.6225 ,0.6301 ,0.6379 ,0.6458 ,0.6539 ,0.6618 ,0.6696 ,0.6770 ,0.6838 ,0.6898 ,0.6947 ,0.6983 ,0.7002 ,0.7001 ,0.6977 ,0.6929 ,0.6856 ,0.6757 ,0.6635 ,0.6494 ,0.6339 ,0.6175 ,0.6006 ,0.5837 ,0.5673 ,0.5515 ,0.5364 ,0.5224 ,0.5093 ,
0.3501 ,0.3198 ,0.2865 ,0.2506 ,0.2124 ,0.1724 ,0.1318 ,0.0933 ,0.0657 ,0.0692 ,0.1030 ,0.1490 ,0.1998 ,0.2529 ,0.3074 ,0.3627 ,0.4184 ,0.4741 ,0.5297 ,0.5847 ,0.6390 ,0.6923 ,0.7444 ,0.7950 ,0.8439 ,0.8908 ,0.9356 ,0.9780 ,1.0179 ,1.0550 ,1.0891 ,1.1201 ,1.1478 ,1.1720 ,1.1926 ,1.2094 ,1.2224 ,1.2313 ,1.2361 ,1.2366 ,1.2329 ,1.2248 ,1.2122 ,1.1952 ,1.1736 ,1.1474 ,1.1167 ,1.0815 ,1.0417 ,0.9974 ,0.9487 ,0.8955 ,0.8381 ,0.7763 ,0.7104 ,0.6405 ,0.5667 ,0.4890 ,0.4078 ,0.3232 ,0.2355 ,0.1453 ,0.0570 ,0.0594 ,0.1534 ,0.2544 ,0.3583 ,0.4645 ,0.5726 ,0.6822 ,0.7931 ,0.9051 ,1.0179 ,1.1312 ,1.2448 ,1.3584 ,1.4718 ,1.5847 ,1.6968 ,1.8080 ,1.9179 ,2.0263 ,2.1329 ,2.2375 ,2.3399 ,2.4398 ,2.5370 ,2.6312 ,2.7223 ,2.8101 ,2.8943 ,2.9747 ,3.0512 ,3.1236 ,3.1917 ,3.2554 ,3.3146 ,3.3690 ,3.4186 ,3.4633 ,3.5029 ,3.5375 ,3.5669 ,3.5910 ,3.6099 ,3.6235 ,3.6317 ,3.6347 ,3.6323 ,3.6246 ,3.6116 ,3.5934 ,3.5701 ,3.5417 ,3.5084 ,3.4701 ,3.4271 ,3.3794 ,3.3272 ,3.2706 ,3.2098 ,3.1449 ,3.0762 ,3.0038 ,2.9279 ,2.8487 ,2.7664 ,2.6813 ,2.5936 ,2.5034 ,2.4111 ,2.3168 ,2.2208 ,2.1235 ,2.0249 ,1.9254 ,1.8252 ,1.7246 ,1.6239 ,1.5232 ,1.4229 ,1.3231 ,1.2243 ,1.1265 ,1.0301 ,0.9353 ,0.8424 ,0.7517 ,0.6633 ,0.5776 ,0.4950 ,0.4158 ,0.3407 ,0.2705 ,0.2071 ,0.1544 ,0.1206 ,0.1167 ,0.1403 ,0.1771 ,0.2177 ,0.2578 ,0.2957 ,0.3305 ,0.3617 ,0.3891 ,0.4125 ,0.4318 ,0.4470 ,0.4581 ,0.4649 ,0.4677 ,0.4664 ,0.4610 ,0.4518 ,0.4386 ,0.4218 ,0.4013 ,0.3774 ,0.3501 ,
0.4212 ,0.4276 ,0.4341 ,0.4403 ,0.4457 ,0.4500 ,0.4528 ,0.4538 ,0.4529 ,0.4504 ,0.4468 ,0.4423 ,0.4373 ,0.4321 ,0.4269 ,0.4217 ,0.4168 ,0.4121 ,0.4077 ,0.4037 ,0.4000 ,0.3967 ,0.3938 ,0.3913 ,0.3891 ,0.3873 ,0.3859 ,0.3849 ,0.3842 ,0.3840 ,0.3841 ,0.3845 ,0.3854 ,0.3867 ,0.3883 ,0.3904 ,0.3929 ,0.3958 ,0.3991 ,0.4028 ,0.4071 ,0.4117 ,0.4169 ,0.4226 ,0.4288 ,0.4355 ,0.4428 ,0.4507 ,0.4593 ,0.4685 ,0.4784 ,0.4890 ,0.5003 ,0.5124 ,0.5254 ,0.5391 ,0.5536 ,0.5689 ,0.5849 ,0.6014 ,0.6183 ,0.6355 ,0.6527 ,0.6701 ,0.6879 ,0.7064 ,0.7261 ,0.7473 ,0.7705 ,0.7960 ,0.8241 ,0.8552 ,0.8896 ,0.9279 ,0.9704 ,1.0176 ,1.0701 ,1.1284 ,1.1931 ,1.2648 ,1.3438 ,1.4307 ,1.5254 ,1.6278 ,1.7374 ,1.8533 ,1.9740 ,2.0977 ,2.2222 ,2.3446 ,2.4615 ,2.5689 ,2.6625 ,2.7378 ,2.7908 ,2.8185 ,2.8202 ,2.7978 ,2.7555 ,2.6997 ,2.6370 ,2.5731 ,2.5127 ,2.4587 ,2.4126 ,2.3753 ,2.3465 ,2.3256 ,2.3111 ,2.3012 ,2.2927 ,2.2820 ,2.2649 ,2.2379 ,2.1988 ,2.1476 ,2.0861 ,2.0169 ,1.9427 ,1.8657 ,1.7875 ,1.7092 ,1.6317 ,1.5555 ,1.4809 ,1.4082 ,1.3376 ,1.2694 ,1.2036 ,1.1407 ,1.0807 ,1.0239 ,0.9703 ,0.9200 ,0.8730 ,0.8293 ,0.7888 ,0.7513 ,0.7167 ,0.6848 ,0.6554 ,0.6284 ,0.6036 ,0.5808 ,0.5598 ,0.5406 ,0.5230 ,0.5068 ,0.4919 ,0.4784 ,0.4659 ,0.4546 ,0.4443 ,0.4349 ,0.4264 ,0.4187 ,0.4118 ,0.4056 ,0.4002 ,0.3954 ,0.3913 ,0.3878 ,0.3849 ,0.3826 ,0.3809 ,0.3797 ,0.3791 ,0.3790 ,0.3796 ,0.3806 ,0.3822 ,0.3844 ,0.3871 ,0.3904 ,0.3943 ,0.3987 ,0.4036 ,0.4090 ,0.4149 ,0.4212 ,
0.6666 ,0.6688 ,0.6677 ,0.6633 ,0.6556 ,0.6447 ,0.6306 ,0.6136 ,0.5936 ,0.5708 ,0.5453 ,0.5173 ,0.4868 ,0.4541 ,0.4193 ,0.3825 ,0.3439 ,0.3037 ,0.2621 ,0.2192 ,0.1752 ,0.1304 ,0.0848 ,0.0387 ,0.0082 ,0.0544 ,0.1009 ,0.1471 ,0.1929 ,0.2381 ,0.2824 ,0.3258 ,0.3680 ,0.4088 ,0.4482 ,0.4858 ,0.5216 ,0.5555 ,0.5871 ,0.6166 ,0.6436 ,0.6682 ,0.6901 ,0.7093 ,0.7258 ,0.7395 ,0.7502 ,0.7580 ,0.7629 ,0.7649 ,0.7639 ,0.7602 ,0.7536 ,0.7445 ,0.7329 ,0.7190 ,0.7031 ,0.6856 ,0.6668 ,0.6474 ,0.6279 ,0.6091 ,0.5919 ,0.5774 ,0.5667 ,0.5611 ,0.5616 ,0.5691 ,0.5845 ,0.6078 ,0.6391 ,0.6780 ,0.7238 ,0.7758 ,0.8334 ,0.8957 ,0.9622 ,1.0321 ,1.1051 ,1.1805 ,1.2579 ,1.3369 ,1.4171 ,1.4982 ,1.5799 ,1.6618 ,1.7436 ,1.8251 ,1.9060 ,1.9860 ,2.0649 ,2.1424 ,2.2184 ,2.2925 ,2.3646 ,2.4345 ,2.5020 ,2.5668 ,2.6289 ,2.6880 ,2.7440 ,2.7967 ,2.8459 ,2.8916 ,2.9337 ,2.9719 ,3.0062 ,3.0365 ,3.0627 ,3.0848 ,3.1026 ,3.1162 ,3.1255 ,3.1304 ,3.1309 ,3.1271 ,3.1190 ,3.1065 ,3.0897 ,3.0686 ,3.0432 ,3.0137 ,2.9801 ,2.9425 ,2.9010 ,2.8556 ,2.8066 ,2.7539 ,2.6978 ,2.6383 ,2.5757 ,2.5100 ,2.4415 ,2.3702 ,2.2965 ,2.2205 ,2.1422 ,2.0621 ,1.9802 ,1.8967 ,1.8120 ,1.7261 ,1.6393 ,1.5518 ,1.4639 ,1.3758 ,1.2877 ,1.1999 ,1.1125 ,1.0260 ,0.9406 ,0.8565 ,0.7741 ,0.6939 ,0.6162 ,0.5417 ,0.4711 ,0.4057 ,0.3471 ,0.2977 ,0.2610 ,0.2405 ,0.2382 ,0.2524 ,0.2785 ,0.3119 ,0.3488 ,0.3869 ,0.4245 ,0.4608 ,0.4949 ,0.5266 ,0.5555 ,0.5813 ,0.6039 ,0.6232 ,0.6392 ,0.6518 ,0.6609 ,0.6666 ,
0.4588 ,0.4639 ,0.4666 ,0.4659 ,0.4618 ,0.4555 ,0.4480 ,0.4404 ,0.4329 ,0.4260 ,0.4198 ,0.4142 ,0.4093 ,0.4052 ,0.4017 ,0.3989 ,0.3968 ,0.3954 ,0.3947 ,0.3946 ,0.3951 ,0.3963 ,0.3982 ,0.4007 ,0.4040 ,0.4079 ,0.4126 ,0.4180 ,0.4242 ,0.4312 ,0.4390 ,0.4478 ,0.4575 ,0.4682 ,0.4800 ,0.4929 ,0.5070 ,0.5224 ,0.5391 ,0.5572 ,0.5768 ,0.5980 ,0.6208 ,0.6452 ,0.6713 ,0.6991 ,0.7284 ,0.7593 ,0.7914 ,0.8246 ,0.8583 ,0.8921 ,0.9250 ,0.9557 ,0.9818 ,0.9988 ,0.9993 ,0.9812 ,0.9524 ,0.9204 ,0.8885 ,0.8580 ,0.8295 ,0.8032 ,0.7790 ,0.7570 ,0.7370 ,0.7190 ,0.7029 ,0.6886 ,0.6761 ,0.6652 ,0.6560 ,0.6483 ,0.6421 ,0.6374 ,0.6341 ,0.6323 ,0.6319 ,0.6330 ,0.6356 ,0.6397 ,0.6453 ,0.6527 ,0.6618 ,0.6727 ,0.6856 ,0.7007 ,0.7181 ,0.7381 ,0.7609 ,0.7868 ,0.8159 ,0.8483 ,0.8837 ,0.9208 ,0.9569 ,0.9897 ,1.0200 ,1.0501 ,1.0820 ,1.1170 ,1.1558 ,1.1991 ,1.2475 ,1.3012 ,1.3605 ,1.4247 ,1.4924 ,1.5607 ,1.6243 ,1.6753 ,1.7047 ,1.7046 ,1.6735 ,1.6166 ,1.5435 ,1.4636 ,1.3839 ,1.3086 ,1.2397 ,1.1779 ,1.1230 ,1.0748 ,1.0325 ,0.9958 ,0.9638 ,0.9361 ,0.9121 ,0.8907 ,0.8703 ,0.8467 ,0.8145 ,0.7760 ,0.7376 ,0.7019 ,0.6693 ,0.6398 ,0.6132 ,0.5891 ,0.5673 ,0.5476 ,0.5297 ,0.5135 ,0.4988 ,0.4854 ,0.4733 ,0.4623 ,0.4524 ,0.4434 ,0.4353 ,0.4280 ,0.4215 ,0.4158 ,0.4107 ,0.4063 ,0.4025 ,0.3993 ,0.3966 ,0.3945 ,0.3930 ,0.3920 ,0.3915 ,0.3916 ,0.3921 ,0.3932 ,0.3947 ,0.3968 ,0.3994 ,0.4025 ,0.4062 ,0.4103 ,0.4150 ,0.4202 ,0.4260 ,0.4322 ,0.4388 ,0.4456 ,0.4525 ,0.4588 ,
0.7927 ,0.8174 ,0.8394 ,0.8585 ,0.8746 ,0.8875 ,0.8971 ,0.9033 ,0.9061 ,0.9052 ,0.9007 ,0.8924 ,0.8804 ,0.8647 ,0.8452 ,0.8219 ,0.7950 ,0.7644 ,0.7304 ,0.6929 ,0.6524 ,0.6089 ,0.5630 ,0.5153 ,0.4665 ,0.4179 ,0.3716 ,0.3306 ,0.2995 ,0.2841 ,0.2893 ,0.3162 ,0.3618 ,0.4213 ,0.4909 ,0.5677 ,0.6498 ,0.7360 ,0.8253 ,0.9170 ,1.0107 ,1.1058 ,1.2020 ,1.2989 ,1.3963 ,1.4937 ,1.5911 ,1.6879 ,1.7841 ,1.8793 ,1.9733 ,2.0659 ,2.1568 ,2.2458 ,2.3326 ,2.4171 ,2.4990 ,2.5782 ,2.6544 ,2.7274 ,2.7971 ,2.8633 ,2.9258 ,2.9845 ,3.0392 ,3.0898 ,3.1362 ,3.1783 ,3.2159 ,3.2489 ,3.2774 ,3.3012 ,3.3202 ,3.3345 ,3.3439 ,3.3485 ,3.3483 ,3.3432 ,3.3333 ,3.3186 ,3.2992 ,3.2750 ,3.2462 ,3.2129 ,3.1751 ,3.1329 ,3.0864 ,3.0358 ,2.9812 ,2.9226 ,2.8604 ,2.7946 ,2.7254 ,2.6529 ,2.5775 ,2.4991 ,2.4181 ,2.3347 ,2.2490 ,2.1613 ,2.0717 ,1.9806 ,1.8882 ,1.7946 ,1.7001 ,1.6050 ,1.5095 ,1.4138 ,1.3183 ,1.2230 ,1.1284 ,1.0346 ,0.9419 ,0.8507 ,0.7612 ,0.6738 ,0.5889 ,0.5071 ,0.4291 ,0.3561 ,0.2902 ,0.2347 ,0.1956 ,0.1803 ,0.1912 ,0.2216 ,0.2624 ,0.3073 ,0.3531 ,0.3979 ,0.4406 ,0.4807 ,0.5177 ,0.5514 ,0.5817 ,0.6083 ,0.6313 ,0.6506 ,0.6662 ,0.6780 ,0.6862 ,0.6907 ,0.6916 ,0.6891 ,0.6832 ,0.6739 ,0.6616 ,0.6463 ,0.6282 ,0.6075 ,0.5844 ,0.5593 ,0.5324 ,0.5041 ,0.4749 ,0.4453 ,0.4159 ,0.3876 ,0.3613 ,0.3383 ,0.3199 ,0.3075 ,0.3024 ,0.3052 ,0.3160 ,0.3340 ,0.3580 ,0.3867 ,0.4190 ,0.4536 ,0.4898 ,0.5268 ,0.5639 ,0.6006 ,0.6366 ,0.6714 ,0.7046 ,0.7361 ,0.7656 ,0.7927 ,
0.5515 ,0.5778 ,0.6078 ,0.6420 ,0.6813 ,0.7266 ,0.7794 ,0.8413 ,0.9145 ,1.0018 ,1.0992 ,1.1020 ,1.0728 ,1.0423 ,1.0114 ,0.9806 ,0.9499 ,0.9194 ,0.8892 ,0.8595 ,0.8302 ,0.8016 ,0.7736 ,0.7465 ,0.7204 ,0.6953 ,0.6714 ,0.6488 ,0.6276 ,0.6077 ,0.5893 ,0.5723 ,0.5568 ,0.5426 ,0.5298 ,0.5183 ,0.5080 ,0.4990 ,0.4912 ,0.4845 ,0.4789 ,0.4744 ,0.4709 ,0.4685 ,0.4670 ,0.4666 ,0.4673 ,0.4690 ,0.4717 ,0.4756 ,0.4806 ,0.4869 ,0.4944 ,0.5034 ,0.5139 ,0.5261 ,0.5401 ,0.5562 ,0.5746 ,0.5956 ,0.6198 ,0.6474 ,0.6792 ,0.7160 ,0.7586 ,0.8085 ,0.8674 ,0.9376 ,1.0222 ,1.1260 ,1.2556 ,1.4213 ,1.6396 ,1.9385 ,2.3696 ,3.0375 ,4.1809 ,6.1887 ,5.7526 ,4.3320 ,3.3540 ,2.6774 ,2.1989 ,1.8529 ,1.5965 ,1.4014 ,1.2494 ,1.1283 ,1.0302 ,0.9493 ,0.8818 ,0.8248 ,0.7762 ,0.7343 ,0.6981 ,0.6665 ,0.6388 ,0.6145 ,0.5930 ,0.5739 ,0.5570 ,0.5420 ,0.5286 ,0.5167 ,0.5060 ,0.4966 ,0.4881 ,0.4806 ,0.4740 ,0.4681 ,0.4629 ,0.4583 ,0.4544 ,0.4509 ,0.4479 ,0.4453 ,0.4432 ,0.4413 ,0.4398 ,0.4386 ,0.4377 ,0.4369 ,0.4363 ,0.4359 ,0.4356 ,0.4353 ,0.4351 ,0.4349 ,0.4347 ,0.4344 ,0.4340 ,0.4335 ,0.4327 ,0.4318 ,0.4306 ,0.4291 ,0.4273 ,0.4252 ,0.4228 ,0.4202 ,0.4172 ,0.4140 ,0.4106 ,0.4071 ,0.4034 ,0.3998 ,0.3961 ,0.3925 ,0.3890 ,0.3857 ,0.3825 ,0.3797 ,0.3772 ,0.3749 ,0.3731 ,0.3716 ,0.3706 ,0.3699 ,0.3698 ,0.3701 ,0.3710 ,0.3723 ,0.3743 ,0.3768 ,0.3800 ,0.3838 ,0.3884 ,0.3937 ,0.3999 ,0.4069 ,0.4149 ,0.4239 ,0.4341 ,0.4456 ,0.4585 ,0.4730 ,0.4893 ,0.5076 ,0.5282 ,0.5515 ,
0.8849 ,0.9304 ,0.9728 ,1.0119 ,1.0474 ,1.0793 ,1.1073 ,1.1312 ,1.1510 ,1.1665 ,1.1775 ,1.1841 ,1.1860 ,1.1833 ,1.1758 ,1.1636 ,1.1465 ,1.1246 ,1.0980 ,1.0666 ,1.0304 ,0.9896 ,0.9443 ,0.8946 ,0.8406 ,0.7827 ,0.7211 ,0.6562 ,0.5887 ,0.5195 ,0.4501 ,0.3830 ,0.3230 ,0.2783 ,0.2607 ,0.2788 ,0.3293 ,0.4022 ,0.4889 ,0.5844 ,0.6859 ,0.7915 ,0.9002 ,1.0112 ,1.1238 ,1.2376 ,1.3522 ,1.4672 ,1.5821 ,1.6967 ,1.8107 ,1.9237 ,2.0354 ,2.1456 ,2.2540 ,2.3602 ,2.4640 ,2.5652 ,2.6634 ,2.7585 ,2.8502 ,2.9383 ,3.0225 ,3.1026 ,3.1785 ,3.2500 ,3.3168 ,3.3788 ,3.4359 ,3.4879 ,3.5347 ,3.5762 ,3.6123 ,3.6428 ,3.6678 ,3.6871 ,3.7007 ,3.7086 ,3.7108 ,3.7072 ,3.6979 ,3.6829 ,3.6623 ,3.6361 ,3.6044 ,3.5672 ,3.5247 ,3.4770 ,3.4241 ,3.3664 ,3.3038 ,3.2365 ,3.1648 ,3.0888 ,3.0087 ,2.9248 ,2.8371 ,2.7461 ,2.6518 ,2.5545 ,2.4545 ,2.3521 ,2.2474 ,2.1408 ,2.0325 ,1.9228 ,1.8120 ,1.7003 ,1.5880 ,1.4754 ,1.3629 ,1.2505 ,1.1388 ,1.0278 ,0.9179 ,0.8095 ,0.7027 ,0.5978 ,0.4953 ,0.3954 ,0.2988 ,0.2067 ,0.1227 ,0.0683 ,0.0991 ,0.1693 ,0.2437 ,0.3164 ,0.3860 ,0.4518 ,0.5135 ,0.5710 ,0.6240 ,0.6725 ,0.7163 ,0.7554 ,0.7897 ,0.8192 ,0.8439 ,0.8638 ,0.8788 ,0.8891 ,0.8945 ,0.8953 ,0.8915 ,0.8830 ,0.8702 ,0.8529 ,0.8315 ,0.8060 ,0.7766 ,0.7434 ,0.7066 ,0.6664 ,0.6231 ,0.5768 ,0.5279 ,0.4766 ,0.4233 ,0.3684 ,0.3126 ,0.2568 ,0.2028 ,0.1545 ,0.1213 ,0.1184 ,0.1483 ,0.1969 ,0.2536 ,0.3137 ,0.3753 ,0.4371 ,0.4985 ,0.5591 ,0.6183 ,0.6760 ,0.7318 ,0.7853 ,0.8365 ,0.8849 ,
0.6199 ,0.6331 ,0.6446 ,0.6540 ,0.6613 ,0.6662 ,0.6690 ,0.6698 ,0.6688 ,0.6661 ,0.6621 ,0.6570 ,0.6508 ,0.6439 ,0.6364 ,0.6283 ,0.6198 ,0.6110 ,0.6020 ,0.5929 ,0.5837 ,0.5744 ,0.5653 ,0.5562 ,0.5473 ,0.5386 ,0.5302 ,0.5222 ,0.5145 ,0.5072 ,0.5004 ,0.4941 ,0.4884 ,0.4832 ,0.4786 ,0.4746 ,0.4713 ,0.4686 ,0.4665 ,0.4651 ,0.4645 ,0.4645 ,0.4653 ,0.4668 ,0.4691 ,0.4722 ,0.4761 ,0.4810 ,0.4867 ,0.4935 ,0.5014 ,0.5103 ,0.5206 ,0.5322 ,0.5452 ,0.5599 ,0.5765 ,0.5950 ,0.6158 ,0.6393 ,0.6657 ,0.6956 ,0.7294 ,0.7680 ,0.8122 ,0.8630 ,0.9221 ,0.9913 ,1.0732 ,1.1714 ,1.2909 ,1.4392 ,1.6275 ,1.8735 ,2.2075 ,2.6841 ,3.4116 ,4.6228 ,6.6511 ,7.2105 ,5.7058 ,4.4837 ,3.5944 ,2.9352 ,2.4465 ,2.0837 ,1.8101 ,1.5994 ,1.4334 ,1.2999 ,1.1906 ,1.0997 ,1.0231 ,0.9578 ,0.9016 ,0.8528 ,0.8101 ,0.7726 ,0.7393 ,0.7097 ,0.6832 ,0.6594 ,0.6380 ,0.6187 ,0.6011 ,0.5852 ,0.5708 ,0.5575 ,0.5455 ,0.5344 ,0.5243 ,0.5151 ,0.5065 ,0.4987 ,0.4915 ,0.4848 ,0.4787 ,0.4730 ,0.4677 ,0.4628 ,0.4582 ,0.4539 ,0.4499 ,0.4461 ,0.4425 ,0.4391 ,0.4359 ,0.4327 ,0.4297 ,0.4267 ,0.4238 ,0.4210 ,0.4182 ,0.4155 ,0.4127 ,0.4101 ,0.4074 ,0.4049 ,0.4024 ,0.4000 ,0.3976 ,0.3954 ,0.3934 ,0.3915 ,0.3898 ,0.3882 ,0.3870 ,0.3859 ,0.3852 ,0.3847 ,0.3846 ,0.3848 ,0.3854 ,0.3863 ,0.3877 ,0.3895 ,0.3917 ,0.3945 ,0.3977 ,0.4014 ,0.4057 ,0.4107 ,0.4162 ,0.4224 ,0.4293 ,0.4369 ,0.4453 ,0.4544 ,0.4645 ,0.4754 ,0.4872 ,0.4998 ,0.5133 ,0.5277 ,0.5427 ,0.5582 ,0.5741 ,0.5899 ,0.6053 ,0.6199 ,
0.1699 ,0.2238 ,0.2816 ,0.3414 ,0.4019 ,0.4626 ,0.5230 ,0.5827 ,0.6413 ,0.6986 ,0.7543 ,0.8081 ,0.8598 ,0.9091 ,0.9558 ,0.9996 ,1.0405 ,1.0781 ,1.1122 ,1.1428 ,1.1695 ,1.1924 ,1.2111 ,1.2256 ,1.2358 ,1.2416 ,1.2427 ,1.2393 ,1.2311 ,1.2183 ,1.2006 ,1.1781 ,1.1507 ,1.1186 ,1.0816 ,1.0399 ,0.9935 ,0.9424 ,0.8869 ,0.8269 ,0.7627 ,0.6945 ,0.6226 ,0.5473 ,0.4692 ,0.3894 ,0.3100 ,0.2355 ,0.1784 ,0.1644 ,0.2071 ,0.2848 ,0.3784 ,0.4802 ,0.5868 ,0.6969 ,0.8093 ,0.9237 ,1.0395 ,1.1562 ,1.2736 ,1.3913 ,1.5091 ,1.6265 ,1.7433 ,1.8592 ,1.9740 ,2.0873 ,2.1989 ,2.3085 ,2.4158 ,2.5206 ,2.6227 ,2.7217 ,2.8174 ,2.9097 ,2.9983 ,3.0830 ,3.1636 ,3.2398 ,3.3116 ,3.3788 ,3.4411 ,3.4984 ,3.5507 ,3.5978 ,3.6395 ,3.6759 ,3.7068 ,3.7321 ,3.7518 ,3.7658 ,3.7743 ,3.7770 ,3.7740 ,3.7654 ,3.7512 ,3.7315 ,3.7062 ,3.6755 ,3.6394 ,3.5982 ,3.5518 ,3.5004 ,3.4441 ,3.3832 ,3.3178 ,3.2480 ,3.1740 ,3.0960 ,3.0143 ,2.9291 ,2.8406 ,2.7489 ,2.6545 ,2.5574 ,2.4580 ,2.3566 ,2.2533 ,2.1485 ,2.0425 ,1.9354 ,1.8277 ,1.7197 ,1.6115 ,1.5035 ,1.3960 ,1.2893 ,1.1838 ,1.0798 ,0.9777 ,0.8778 ,0.7806 ,0.6868 ,0.5970 ,0.5122 ,0.4339 ,0.3643 ,0.3069 ,0.2666 ,0.2485 ,0.2540 ,0.2786 ,0.3152 ,0.3579 ,0.4026 ,0.4469 ,0.4895 ,0.5294 ,0.5660 ,0.5989 ,0.6279 ,0.6527 ,0.6732 ,0.6893 ,0.7010 ,0.7084 ,0.7113 ,0.7098 ,0.7039 ,0.6938 ,0.6796 ,0.6613 ,0.6390 ,0.6129 ,0.5831 ,0.5499 ,0.5133 ,0.4737 ,0.4313 ,0.3863 ,0.3391 ,0.2903 ,0.2405 ,0.1912 ,0.1452 ,0.1100 ,0.1007 ,0.1250 ,0.1699 ,
0.6111 ,0.6047 ,0.5982 ,0.5916 ,0.5846 ,0.5768 ,0.5683 ,0.5590 ,0.5493 ,0.5396 ,0.5303 ,0.5215 ,0.5133 ,0.5056 ,0.4984 ,0.4918 ,0.4857 ,0.4800 ,0.4748 ,0.4700 ,0.4656 ,0.4615 ,0.4577 ,0.4543 ,0.4512 ,0.4485 ,0.4460 ,0.4438 ,0.4419 ,0.4403 ,0.4390 ,0.4379 ,0.4372 ,0.4367 ,0.4365 ,0.4367 ,0.4371 ,0.4378 ,0.4388 ,0.4401 ,0.4418 ,0.4438 ,0.4461 ,0.4487 ,0.4518 ,0.4552 ,0.4590 ,0.4632 ,0.4678 ,0.4728 ,0.4784 ,0.4844 ,0.4909 ,0.4980 ,0.5056 ,0.5139 ,0.5228 ,0.5324 ,0.5427 ,0.5539 ,0.5659 ,0.5788 ,0.5927 ,0.6077 ,0.6239 ,0.6414 ,0.6602 ,0.6806 ,0.7027 ,0.7265 ,0.7522 ,0.7798 ,0.8087 ,0.8374 ,0.8639 ,0.8893 ,0.9164 ,0.9472 ,0.9829 ,1.0245 ,1.0728 ,1.1289 ,1.1943 ,1.2702 ,1.3586 ,1.4617 ,1.5822 ,1.7237 ,1.8910 ,2.0906 ,2.3311 ,2.6241 ,2.9813 ,3.3939 ,3.6349 ,3.1024 ,2.4801 ,2.0373 ,1.7218 ,1.4885 ,1.3100 ,1.1697 ,1.0568 ,0.9642 ,0.8873 ,0.8224 ,0.7672 ,0.7198 ,0.6787 ,0.6430 ,0.6117 ,0.5841 ,0.5598 ,0.5383 ,0.5192 ,0.5023 ,0.4873 ,0.4740 ,0.4622 ,0.4518 ,0.4426 ,0.4346 ,0.4277 ,0.4218 ,0.4168 ,0.4128 ,0.4096 ,0.4072 ,0.4056 ,0.4048 ,0.4047 ,0.4054 ,0.4069 ,0.4092 ,0.4122 ,0.4161 ,0.4207 ,0.4263 ,0.4326 ,0.4399 ,0.4482 ,0.4574 ,0.4676 ,0.4789 ,0.4913 ,0.5046 ,0.5191 ,0.5344 ,0.5507 ,0.5675 ,0.5848 ,0.6021 ,0.6190 ,0.6351 ,0.6500 ,0.6632 ,0.6746 ,0.6839 ,0.6912 ,0.6965 ,0.6999 ,0.7016 ,0.7019 ,0.7008 ,0.6986 ,0.6954 ,0.6914 ,0.6868 ,0.6816 ,0.6759 ,0.6699 ,0.6637 ,0.6572 ,0.6506 ,0.6440 ,0.6373 ,0.6306 ,0.6240 ,0.6175 ,0.6111 ,
0.6968 ,0.6618 ,0.6230 ,0.5807 ,0.5351 ,0.4865 ,0.4351 ,0.3815 ,0.3262 ,0.2702 ,0.2150 ,0.1645 ,0.1275 ,0.1206 ,0.1497 ,0.2007 ,0.2617 ,0.3272 ,0.3950 ,0.4639 ,0.5331 ,0.6020 ,0.6704 ,0.7377 ,0.8038 ,0.8682 ,0.9306 ,0.9910 ,1.0488 ,1.1040 ,1.1562 ,1.2053 ,1.2510 ,1.2932 ,1.3315 ,1.3659 ,1.3961 ,1.4220 ,1.4435 ,1.4604 ,1.4726 ,1.4799 ,1.4824 ,1.4799 ,1.4723 ,1.4596 ,1.4417 ,1.4187 ,1.3905 ,1.3571 ,1.3187 ,1.2751 ,1.2265 ,1.1729 ,1.1145 ,1.0513 ,0.9835 ,0.9113 ,0.8348 ,0.7543 ,0.6700 ,0.5825 ,0.4922 ,0.4003 ,0.3089 ,0.2233 ,0.1604 ,0.1576 ,0.2212 ,0.3155 ,0.4219 ,0.5343 ,0.6503 ,0.7686 ,0.8885 ,1.0095 ,1.1311 ,1.2530 ,1.3749 ,1.4963 ,1.6170 ,1.7367 ,1.8550 ,1.9718 ,2.0866 ,2.1992 ,2.3093 ,2.4167 ,2.5211 ,2.6222 ,2.7199 ,2.8138 ,2.9038 ,2.9895 ,3.0710 ,3.1478 ,3.2199 ,3.2870 ,3.3491 ,3.4060 ,3.4575 ,3.5035 ,3.5440 ,3.5788 ,3.6079 ,3.6311 ,3.6485 ,3.6601 ,3.6657 ,3.6655 ,3.6594 ,3.6475 ,3.6297 ,3.6063 ,3.5771 ,3.5424 ,3.5022 ,3.4567 ,3.4060 ,3.3501 ,3.2894 ,3.2239 ,3.1538 ,3.0794 ,3.0008 ,2.9182 ,2.8319 ,2.7421 ,2.6490 ,2.5530 ,2.4542 ,2.3529 ,2.2494 ,2.1439 ,2.0368 ,1.9284 ,1.8188 ,1.7085 ,1.5977 ,1.4868 ,1.3759 ,1.2656 ,1.1560 ,1.0475 ,0.9405 ,0.8354 ,0.7326 ,0.6326 ,0.5363 ,0.4446 ,0.3593 ,0.2836 ,0.2240 ,0.1913 ,0.1948 ,0.2289 ,0.2794 ,0.3363 ,0.3945 ,0.4515 ,0.5059 ,0.5569 ,0.6041 ,0.6470 ,0.6856 ,0.7196 ,0.7489 ,0.7734 ,0.7931 ,0.8079 ,0.8179 ,0.8230 ,0.8233 ,0.8188 ,0.8096 ,0.7958 ,0.7775 ,0.7548 ,0.7279 ,0.6968 ,
0.3828 ,0.3840 ,0.3851 ,0.3862 ,0.3871 ,0.3879 ,0.3885 ,0.3889 ,0.3891 ,0.3891 ,0.3889 ,0.3885 ,0.3880 ,0.3874 ,0.3866 ,0.3858 ,0.3850 ,0.3841 ,0.3833 ,0.3825 ,0.3818 ,0.3811 ,0.3806 ,0.3801 ,0.3799 ,0.3797 ,0.3797 ,0.3799 ,0.3802 ,0.3806 ,0.3813 ,0.3821 ,0.3831 ,0.3843 ,0.3856 ,0.3871 ,0.3888 ,0.3907 ,0.3927 ,0.3949 ,0.3973 ,0.3998 ,0.4026 ,0.4055 ,0.4086 ,0.4119 ,0.4154 ,0.4192 ,0.4232 ,0.4274 ,0.4320 ,0.4368 ,0.4420 ,0.4475 ,0.4535 ,0.4598 ,0.4667 ,0.4741 ,0.4820 ,0.4906 ,0.4999 ,0.5099 ,0.5208 ,0.5325 ,0.5453 ,0.5591 ,0.5740 ,0.5903 ,0.6080 ,0.6272 ,0.6482 ,0.6711 ,0.6960 ,0.7234 ,0.7533 ,0.7862 ,0.8223 ,0.8622 ,0.9062 ,0.9549 ,1.0091 ,1.0694 ,1.1367 ,1.2123 ,1.2973 ,1.3935 ,1.5026 ,1.6272 ,1.7700 ,1.9349 ,2.1266 ,2.3509 ,2.6158 ,2.9316 ,3.3123 ,3.7768 ,4.3291 ,4.2769 ,4.1098 ,3.9420 ,3.7777 ,3.6190 ,3.4670 ,3.3220 ,3.1841 ,3.0527 ,2.9271 ,2.8066 ,2.6907 ,2.5790 ,2.4711 ,2.3669 ,2.2666 ,2.1701 ,2.0775 ,1.9888 ,1.9039 ,1.8228 ,1.7452 ,1.6708 ,1.5995 ,1.5310 ,1.4650 ,1.4013 ,1.3398 ,1.2802 ,1.2227 ,1.1671 ,1.1136 ,1.0623 ,1.0132 ,0.9664 ,0.9220 ,0.8801 ,0.8406 ,0.8036 ,0.7689 ,0.7365 ,0.7064 ,0.6783 ,0.6522 ,0.6280 ,0.6056 ,0.5848 ,0.5655 ,0.5477 ,0.5312 ,0.5159 ,0.5018 ,0.4887 ,0.4767 ,0.4656 ,0.4554 ,0.4461 ,0.4375 ,0.4296 ,0.4224 ,0.4159 ,0.4100 ,0.4047 ,0.3999 ,0.3956 ,0.3919 ,0.3886 ,0.3858 ,0.3834 ,0.3814 ,0.3798 ,0.3786 ,0.3777 ,0.3772 ,0.3770 ,0.3770 ,0.3773 ,0.3779 ,0.3786 ,0.3795 ,0.3805 ,0.3817 ,0.3828 ,
0.7737 ,0.7820 ,0.7867 ,0.7879 ,0.7856 ,0.7799 ,0.7709 ,0.7587 ,0.7434 ,0.7251 ,0.7038 ,0.6798 ,0.6532 ,0.6240 ,0.5925 ,0.5589 ,0.5232 ,0.4858 ,0.4467 ,0.4061 ,0.3644 ,0.3218 ,0.2785 ,0.2350 ,0.1919 ,0.1504 ,0.1127 ,0.0848 ,0.0781 ,0.0968 ,0.1300 ,0.1686 ,0.2092 ,0.2502 ,0.2907 ,0.3304 ,0.3688 ,0.4058 ,0.4411 ,0.4745 ,0.5060 ,0.5353 ,0.5623 ,0.5870 ,0.6092 ,0.6289 ,0.6460 ,0.6605 ,0.6724 ,0.6816 ,0.6883 ,0.6924 ,0.6941 ,0.6934 ,0.6905 ,0.6858 ,0.6793 ,0.6714 ,0.6626 ,0.6532 ,0.6439 ,0.6352 ,0.6279 ,0.6228 ,0.6207 ,0.6223 ,0.6286 ,0.6401 ,0.6573 ,0.6806 ,0.7099 ,0.7454 ,0.7866 ,0.8332 ,0.8848 ,0.9409 ,1.0010 ,1.0647 ,1.1315 ,1.2010 ,1.2728 ,1.3465 ,1.4217 ,1.4982 ,1.5755 ,1.6533 ,1.7314 ,1.8095 ,1.8874 ,1.9646 ,2.0411 ,2.1164 ,2.1905 ,2.2631 ,2.3339 ,2.4028 ,2.4695 ,2.5338 ,2.5956 ,2.6547 ,2.7108 ,2.7639 ,2.8137 ,2.8602 ,2.9031 ,2.9424 ,2.9780 ,3.0097 ,3.0374 ,3.0611 ,3.0807 ,3.0961 ,3.1073 ,3.1142 ,3.1168 ,3.1150 ,3.1089 ,3.0985 ,3.0838 ,3.0647 ,3.0415 ,3.0139 ,2.9823 ,2.9465 ,2.9068 ,2.8631 ,2.8156 ,2.7644 ,2.7096 ,2.6514 ,2.5898 ,2.5250 ,2.4572 ,2.3865 ,2.3131 ,2.2371 ,2.1588 ,2.0784 ,1.9959 ,1.9117 ,1.8259 ,1.7386 ,1.6503 ,1.5609 ,1.4708 ,1.3802 ,1.2893 ,1.1983 ,1.1074 ,1.0169 ,0.9270 ,0.8379 ,0.7499 ,0.6634 ,0.5786 ,0.4959 ,0.4159 ,0.3394 ,0.2679 ,0.2046 ,0.1563 ,0.1357 ,0.1507 ,0.1902 ,0.2401 ,0.2932 ,0.3462 ,0.3977 ,0.4470 ,0.4936 ,0.5371 ,0.5775 ,0.6144 ,0.6480 ,0.6780 ,0.7044 ,0.7271 ,0.7463 ,0.7618 ,0.7737 ,
0.4732 ,0.4825 ,0.4881 ,0.4858 ,0.4771 ,0.4665 ,0.4560 ,0.4462 ,0.4373 ,0.4293 ,0.4222 ,0.4161 ,0.4108 ,0.4063 ,0.4026 ,0.3997 ,0.3975 ,0.3961 ,0.3953 ,0.3953 ,0.3960 ,0.3973 ,0.3994 ,0.4022 ,0.4058 ,0.4101 ,0.4152 ,0.4211 ,0.4279 ,0.4357 ,0.4444 ,0.4542 ,0.4650 ,0.4771 ,0.4905 ,0.5053 ,0.5217 ,0.5397 ,0.5595 ,0.5813 ,0.6052 ,0.6314 ,0.6601 ,0.6916 ,0.7259 ,0.7632 ,0.8037 ,0.8473 ,0.8942 ,0.9439 ,0.9963 ,1.0505 ,1.1054 ,1.1585 ,1.1999 ,1.1904 ,1.1448 ,1.0955 ,1.0476 ,1.0023 ,0.9599 ,0.9205 ,0.8841 ,0.8506 ,0.8200 ,0.7921 ,0.7668 ,0.7440 ,0.7236 ,0.7054 ,0.6892 ,0.6750 ,0.6627 ,0.6521 ,0.6432 ,0.6360 ,0.6303 ,0.6261 ,0.6234 ,0.6222 ,0.6225 ,0.6243 ,0.6276 ,0.6324 ,0.6388 ,0.6470 ,0.6569 ,0.6687 ,0.6825 ,0.6985 ,0.7168 ,0.7378 ,0.7615 ,0.7883 ,0.8184 ,0.8519 ,0.8888 ,0.9289 ,0.9714 ,1.0155 ,1.0605 ,1.1068 ,1.1554 ,1.2077 ,1.2648 ,1.3278 ,1.3973 ,1.4734 ,1.5552 ,1.6404 ,1.7239 ,1.7975 ,1.8502 ,1.8711 ,1.8543 ,1.8027 ,1.7261 ,1.6365 ,1.5440 ,1.4548 ,1.3724 ,1.2981 ,1.2322 ,1.1743 ,1.1238 ,1.0799 ,1.0420 ,1.0090 ,0.9771 ,0.9212 ,0.8614 ,0.8083 ,0.7614 ,0.7200 ,0.6832 ,0.6503 ,0.6210 ,0.5946 ,0.5709 ,0.5495 ,0.5302 ,0.5127 ,0.4968 ,0.4825 ,0.4695 ,0.4577 ,0.4470 ,0.4374 ,0.4287 ,0.4209 ,0.4139 ,0.4077 ,0.4022 ,0.3973 ,0.3931 ,0.3896 ,0.3866 ,0.3842 ,0.3823 ,0.3810 ,0.3802 ,0.3800 ,0.3802 ,0.3810 ,0.3823 ,0.3842 ,0.3865 ,0.3895 ,0.3930 ,0.3970 ,0.4017 ,0.4070 ,0.4129 ,0.4195 ,0.4268 ,0.4348 ,0.4436 ,0.4530 ,0.4630 ,0.4732 ,
0.7705 ,0.8036 ,0.8337 ,0.8605 ,0.8840 ,0.9040 ,0.9203 ,0.9328 ,0.9414 ,0.9459 ,0.9464 ,0.9426 ,0.9346 ,0.9222 ,0.9055 ,0.8844 ,0.8590 ,0.8291 ,0.7949 ,0.7564 ,0.7136 ,0.6667 ,0.6158 ,0.5610 ,0.5025 ,0.4408 ,0.3763 ,0.3100 ,0.2440 ,0.1833 ,0.1412 ,0.1422 ,0.1899 ,0.2626 ,0.3469 ,0.4376 ,0.5327 ,0.6309 ,0.7316 ,0.8343 ,0.9387 ,1.0445 ,1.1512 ,1.2586 ,1.3665 ,1.4746 ,1.5825 ,1.6901 ,1.7971 ,1.9031 ,2.0080 ,2.1115 ,2.2134 ,2.3133 ,2.4111 ,2.5065 ,2.5993 ,2.6892 ,2.7761 ,2.8596 ,2.9398 ,3.0162 ,3.0888 ,3.1573 ,3.2216 ,3.2816 ,3.3371 ,3.3879 ,3.4340 ,3.4751 ,3.5113 ,3.5425 ,3.5685 ,3.5893 ,3.6049 ,3.6151 ,3.6201 ,3.6198 ,3.6142 ,3.6032 ,3.5870 ,3.5656 ,3.5391 ,3.5074 ,3.4708 ,3.4292 ,3.3829 ,3.3318 ,3.2762 ,3.2162 ,3.1520 ,3.0837 ,3.0114 ,2.9354 ,2.8559 ,2.7730 ,2.6870 ,2.5981 ,2.5065 ,2.4124 ,2.3161 ,2.2178 ,2.1178 ,2.0163 ,1.9135 ,1.8098 ,1.7053 ,1.6004 ,1.4953 ,1.3902 ,1.2855 ,1.1814 ,1.0781 ,0.9760 ,0.8754 ,0.7766 ,0.6798 ,0.5856 ,0.4945 ,0.4071 ,0.3249 ,0.2501 ,0.1883 ,0.1507 ,0.1511 ,0.1851 ,0.2354 ,0.2910 ,0.3471 ,0.4017 ,0.4535 ,0.5022 ,0.5472 ,0.5883 ,0.6254 ,0.6584 ,0.6872 ,0.7118 ,0.7320 ,0.7480 ,0.7597 ,0.7672 ,0.7704 ,0.7696 ,0.7647 ,0.7558 ,0.7431 ,0.7267 ,0.7066 ,0.6831 ,0.6564 ,0.6265 ,0.5937 ,0.5582 ,0.5203 ,0.4803 ,0.4385 ,0.3952 ,0.3512 ,0.3070 ,0.2638 ,0.2235 ,0.1891 ,0.1655 ,0.1584 ,0.1704 ,0.1983 ,0.2363 ,0.2802 ,0.3271 ,0.3755 ,0.4244 ,0.4729 ,0.5206 ,0.5671 ,0.6121 ,0.6551 ,0.6961 ,0.7346 ,0.7705 ,
0.3910 ,0.3910 ,0.3916 ,0.3925 ,0.3939 ,0.3958 ,0.3981 ,0.4009 ,0.4041 ,0.4078 ,0.4120 ,0.4166 ,0.4217 ,0.4273 ,0.4334 ,0.4401 ,0.4472 ,0.4548 ,0.4630 ,0.4717 ,0.4809 ,0.4907 ,0.5010 ,0.5118 ,0.5232 ,0.5352 ,0.5477 ,0.5608 ,0.5744 ,0.5887 ,0.6035 ,0.6189 ,0.6350 ,0.6518 ,0.6692 ,0.6874 ,0.7063 ,0.7259 ,0.7462 ,0.7673 ,0.7891 ,0.8116 ,0.8348 ,0.8585 ,0.8828 ,0.9073 ,0.9322 ,0.9572 ,0.9821 ,1.0069 ,1.0313 ,1.0555 ,1.0792 ,1.1025 ,1.1255 ,1.1485 ,1.1717 ,1.1954 ,1.2201 ,1.2462 ,1.2743 ,1.3051 ,1.3394 ,1.3778 ,1.4214 ,1.4713 ,1.5288 ,1.5956 ,1.6738 ,1.7659 ,1.8752 ,2.0062 ,2.1644 ,2.3574 ,2.5943 ,2.8858 ,3.2401 ,3.6525 ,4.0824 ,4.4363 ,4.6093 ,4.5633 ,4.3258 ,3.9367 ,3.4476 ,2.9524 ,2.5254 ,2.1810 ,1.9067 ,1.6867 ,1.5080 ,1.3609 ,1.2381 ,1.1344 ,1.0460 ,0.9698 ,0.9038 ,0.8460 ,0.7952 ,0.7502 ,0.7102 ,0.6745 ,0.6425 ,0.6137 ,0.5877 ,0.5642 ,0.5429 ,0.5235 ,0.5058 ,0.4897 ,0.4751 ,0.4617 ,0.4495 ,0.4383 ,0.4282 ,0.4189 ,0.4105 ,0.4028 ,0.3959 ,0.3897 ,0.3841 ,0.3791 ,0.3747 ,0.3709 ,0.3676 ,0.3648 ,0.3625 ,0.3607 ,0.3593 ,0.3585 ,0.3581 ,0.3582 ,0.3587 ,0.3597 ,0.3611 ,0.3631 ,0.3655 ,0.3684 ,0.3719 ,0.3758 ,0.3804 ,0.3854 ,0.3911 ,0.3974 ,0.4043 ,0.4118 ,0.4200 ,0.4288 ,0.4383 ,0.4483 ,0.4587 ,0.4693 ,0.4797 ,0.4892 ,0.4971 ,0.5023 ,0.5040 ,0.5021 ,0.4972 ,0.4903 ,0.4823 ,0.4738 ,0.4652 ,0.4568 ,0.4488 ,0.4413 ,0.4342 ,0.4277 ,0.4218 ,0.4165 ,0.4116 ,0.4073 ,0.4036 ,0.4003 ,0.3976 ,0.3953 ,0.3935 ,0.3922 ,0.3914 ,0.3910 ,
0.9317 ,0.9808 ,1.0268 ,1.0696 ,1.1088 ,1.1442 ,1.1758 ,1.2033 ,1.2266 ,1.2454 ,1.2598 ,1.2695 ,1.2745 ,1.2747 ,1.2700 ,1.2603 ,1.2456 ,1.2259 ,1.2011 ,1.1712 ,1.1364 ,1.0965 ,1.0518 ,1.0021 ,0.9477 ,0.8887 ,0.8252 ,0.7574 ,0.6857 ,0.6103 ,0.5318 ,0.4510 ,0.3694 ,0.2903 ,0.2211 ,0.1801 ,0.1919 ,0.2528 ,0.3398 ,0.4391 ,0.5454 ,0.6561 ,0.7699 ,0.8860 ,1.0037 ,1.1227 ,1.2424 ,1.3626 ,1.4829 ,1.6030 ,1.7225 ,1.8412 ,1.9587 ,2.0748 ,2.1891 ,2.3014 ,2.4114 ,2.5188 ,2.6233 ,2.7248 ,2.8229 ,2.9175 ,3.0082 ,3.0949 ,3.1773 ,3.2553 ,3.3286 ,3.3971 ,3.4606 ,3.5190 ,3.5721 ,3.6198 ,3.6620 ,3.6985 ,3.7293 ,3.7544 ,3.7736 ,3.7870 ,3.7944 ,3.7960 ,3.7916 ,3.7814 ,3.7652 ,3.7433 ,3.7157 ,3.6824 ,3.6435 ,3.5991 ,3.5494 ,3.4945 ,3.4345 ,3.3696 ,3.3000 ,3.2258 ,3.1473 ,3.0646 ,2.9780 ,2.8877 ,2.7939 ,2.6968 ,2.5968 ,2.4940 ,2.3888 ,2.2814 ,2.1721 ,2.0611 ,1.9487 ,1.8353 ,1.7211 ,1.6064 ,1.4915 ,1.3767 ,1.2622 ,1.1485 ,1.0357 ,0.9241 ,0.8142 ,0.7061 ,0.6004 ,0.4973 ,0.3975 ,0.3021 ,0.2132 ,0.1377 ,0.1002 ,0.1296 ,0.1934 ,0.2642 ,0.3349 ,0.4031 ,0.4677 ,0.5284 ,0.5848 ,0.6368 ,0.6841 ,0.7267 ,0.7644 ,0.7973 ,0.8253 ,0.8483 ,0.8663 ,0.8794 ,0.8877 ,0.8910 ,0.8895 ,0.8834 ,0.8725 ,0.8572 ,0.8374 ,0.8133 ,0.7852 ,0.7530 ,0.7171 ,0.6777 ,0.6348 ,0.5889 ,0.5401 ,0.4888 ,0.4354 ,0.3803 ,0.3243 ,0.2684 ,0.2148 ,0.1677 ,0.1364 ,0.1342 ,0.1633 ,0.2116 ,0.2690 ,0.3306 ,0.3941 ,0.4583 ,0.5224 ,0.5858 ,0.6481 ,0.7090 ,0.7680 ,0.8250 ,0.8796 ,0.9317 ,
0.4956 ,0.4987 ,0.5018 ,0.5049 ,0.5081 ,0.5113 ,0.5144 ,0.5175 ,0.5206 ,0.5236 ,0.5266 ,0.5294 ,0.5321 ,0.5347 ,0.5372 ,0.5394 ,0.5415 ,0.5433 ,0.5448 ,0.5461 ,0.5470 ,0.5477 ,0.5480 ,0.5479 ,0.5475 ,0.5468 ,0.5458 ,0.5445 ,0.5430 ,0.5413 ,0.5394 ,0.5375 ,0.5356 ,0.5338 ,0.5321 ,0.5307 ,0.5295 ,0.5287 ,0.5283 ,0.5284 ,0.5290 ,0.5302 ,0.5320 ,0.5345 ,0.5377 ,0.5416 ,0.5464 ,0.5521 ,0.5587 ,0.5663 ,0.5750 ,0.5849 ,0.5960 ,0.6086 ,0.6227 ,0.6384 ,0.6560 ,0.6757 ,0.6976 ,0.7222 ,0.7498 ,0.7807 ,0.8155 ,0.8548 ,0.8993 ,0.9501 ,1.0084 ,1.0756 ,1.1539 ,1.2459 ,1.3553 ,1.4873 ,1.6490 ,1.8515 ,2.1117 ,2.4573 ,2.9375 ,3.6478 ,4.8014 ,6.9889 ,7.0797 ,5.2839 ,4.1998 ,3.4740 ,2.9530 ,2.5602 ,2.2530 ,2.0062 ,1.8039 ,1.6355 ,1.4938 ,1.3733 ,1.2700 ,1.1808 ,1.1031 ,1.0350 ,0.9749 ,0.9217 ,0.8742 ,0.8316 ,0.7933 ,0.7586 ,0.7272 ,0.6986 ,0.6725 ,0.6486 ,0.6267 ,0.6066 ,0.5880 ,0.5709 ,0.5551 ,0.5405 ,0.5270 ,0.5144 ,0.5028 ,0.4920 ,0.4820 ,0.4727 ,0.4641 ,0.4562 ,0.4488 ,0.4419 ,0.4356 ,0.4298 ,0.4245 ,0.4196 ,0.4151 ,0.4110 ,0.4073 ,0.4040 ,0.4010 ,0.3983 ,0.3960 ,0.3940 ,0.3923 ,0.3909 ,0.3898 ,0.3890 ,0.3885 ,0.3882 ,0.3882 ,0.3885 ,0.3890 ,0.3898 ,0.3909 ,0.3921 ,0.3936 ,0.3954 ,0.3974 ,0.3996 ,0.4020 ,0.4046 ,0.4074 ,0.4104 ,0.4135 ,0.4168 ,0.4202 ,0.4237 ,0.4273 ,0.4310 ,0.4346 ,0.4383 ,0.4419 ,0.4455 ,0.4490 ,0.4524 ,0.4558 ,0.4591 ,0.4623 ,0.4654 ,0.4685 ,0.4715 ,0.4745 ,0.4775 ,0.4804 ,0.4834 ,0.4864 ,0.4895 ,0.4925 ,0.4956 ,
0.2258 ,0.2687 ,0.3183 ,0.3716 ,0.4272 ,0.4839 ,0.5409 ,0.5976 ,0.6537 ,0.7086 ,0.7622 ,0.8140 ,0.8639 ,0.9114 ,0.9565 ,0.9988 ,1.0382 ,1.0744 ,1.1072 ,1.1365 ,1.1621 ,1.1838 ,1.2015 ,1.2151 ,1.2244 ,1.2293 ,1.2297 ,1.2256 ,1.2168 ,1.2034 ,1.1853 ,1.1624 ,1.1348 ,1.1024 ,1.0653 ,1.0234 ,0.9769 ,0.9258 ,0.8702 ,0.8102 ,0.7459 ,0.6774 ,0.6049 ,0.5286 ,0.4488 ,0.3660 ,0.2810 ,0.1960 ,0.1192 ,0.0902 ,0.1481 ,0.2391 ,0.3396 ,0.4446 ,0.5525 ,0.6627 ,0.7746 ,0.8878 ,1.0020 ,1.1170 ,1.2324 ,1.3479 ,1.4633 ,1.5783 ,1.6926 ,1.8059 ,1.9179 ,2.0285 ,2.1373 ,2.2441 ,2.3486 ,2.4505 ,2.5497 ,2.6459 ,2.7389 ,2.8284 ,2.9142 ,2.9962 ,3.0740 ,3.1477 ,3.2169 ,3.2816 ,3.3415 ,3.3965 ,3.4465 ,3.4914 ,3.5311 ,3.5655 ,3.5946 ,3.6181 ,3.6362 ,3.6488 ,3.6559 ,3.6574 ,3.6533 ,3.6438 ,3.6287 ,3.6083 ,3.5825 ,3.5514 ,3.5151 ,3.4737 ,3.4273 ,3.3762 ,3.3203 ,3.2598 ,3.1950 ,3.1260 ,3.0530 ,2.9761 ,2.8957 ,2.8118 ,2.7248 ,2.6348 ,2.5421 ,2.4470 ,2.3497 ,2.2504 ,2.1495 ,2.0472 ,1.9437 ,1.8394 ,1.7346 ,1.6295 ,1.5244 ,1.4197 ,1.3157 ,1.2127 ,1.1110 ,1.0111 ,0.9134 ,0.8183 ,0.7264 ,0.6385 ,0.5556 ,0.4791 ,0.4108 ,0.3538 ,0.3118 ,0.2887 ,0.2862 ,0.3022 ,0.3316 ,0.3690 ,0.4102 ,0.4525 ,0.4941 ,0.5337 ,0.5707 ,0.6046 ,0.6348 ,0.6612 ,0.6836 ,0.7019 ,0.7160 ,0.7259 ,0.7315 ,0.7328 ,0.7299 ,0.7229 ,0.7118 ,0.6968 ,0.6778 ,0.6552 ,0.6289 ,0.5993 ,0.5666 ,0.5309 ,0.4925 ,0.4519 ,0.4094 ,0.3657 ,0.3216 ,0.2784 ,0.2382 ,0.2045 ,0.1826 ,0.1783 ,0.1938 ,0.2258 ,
0.6484 ,0.6233 ,0.6009 ,0.5810 ,0.5634 ,0.5477 ,0.5338 ,0.5216 ,0.5108 ,0.5013 ,0.4929 ,0.4857 ,0.4795 ,0.4742 ,0.4698 ,0.4661 ,0.4632 ,0.4609 ,0.4593 ,0.4582 ,0.4575 ,0.4573 ,0.4575 ,0.4580 ,0.4587 ,0.4595 ,0.4605 ,0.4615 ,0.4625 ,0.4635 ,0.4643 ,0.4651 ,0.4657 ,0.4663 ,0.4667 ,0.4670 ,0.4672 ,0.4674 ,0.4676 ,0.4679 ,0.4681 ,0.4685 ,0.4690 ,0.4696 ,0.4704 ,0.4714 ,0.4726 ,0.4741 ,0.4759 ,0.4780 ,0.4804 ,0.4832 ,0.4863 ,0.4899 ,0.4939 ,0.4984 ,0.5034 ,0.5089 ,0.5150 ,0.5218 ,0.5292 ,0.5372 ,0.5461 ,0.5558 ,0.5663 ,0.5779 ,0.5904 ,0.6041 ,0.6190 ,0.6353 ,0.6531 ,0.6725 ,0.6937 ,0.7170 ,0.7425 ,0.7706 ,0.8015 ,0.8357 ,0.8737 ,0.9161 ,0.9636 ,1.0172 ,1.0780 ,1.1475 ,1.2277 ,1.3211 ,1.4311 ,1.5623 ,1.7207 ,1.9149 ,2.1560 ,2.4566 ,2.8174 ,3.1510 ,3.1217 ,2.7201 ,2.3091 ,1.9799 ,1.7235 ,1.5216 ,1.3599 ,1.2281 ,1.1191 ,1.0277 ,0.9502 ,0.8838 ,0.8265 ,0.7767 ,0.7331 ,0.6947 ,0.6608 ,0.6307 ,0.6039 ,0.5800 ,0.5586 ,0.5395 ,0.5223 ,0.5069 ,0.4932 ,0.4808 ,0.4698 ,0.4600 ,0.4513 ,0.4436 ,0.4368 ,0.4310 ,0.4260 ,0.4218 ,0.4184 ,0.4157 ,0.4137 ,0.4124 ,0.4117 ,0.4117 ,0.4123 ,0.4135 ,0.4154 ,0.4179 ,0.4209 ,0.4246 ,0.4289 ,0.4338 ,0.4393 ,0.4453 ,0.4520 ,0.4592 ,0.4670 ,0.4753 ,0.4842 ,0.4935 ,0.5033 ,0.5135 ,0.5242 ,0.5351 ,0.5464 ,0.5579 ,0.5696 ,0.5815 ,0.5934 ,0.6054 ,0.6174 ,0.6293 ,0.6412 ,0.6528 ,0.6643 ,0.6755 ,0.6863 ,0.6968 ,0.7068 ,0.7164 ,0.7253 ,0.7337 ,0.7411 ,0.7476 ,0.7521 ,0.7517 ,0.7365 ,0.7071 ,0.6765 ,0.6484 ,
0.5525 ,0.5173 ,0.4789 ,0.4375 ,0.3935 ,0.3471 ,0.2989 ,0.2496 ,0.2005 ,0.1542 ,0.1173 ,0.1035 ,0.1229 ,0.1654 ,0.2183 ,0.2761 ,0.3361 ,0.3972 ,0.4587 ,0.5201 ,0.5809 ,0.6408 ,0.6996 ,0.7568 ,0.8123 ,0.8657 ,0.9169 ,0.9656 ,1.0115 ,1.0545 ,1.0944 ,1.1309 ,1.1638 ,1.1931 ,1.2184 ,1.2397 ,1.2568 ,1.2697 ,1.2780 ,1.2819 ,1.2811 ,1.2756 ,1.2653 ,1.2503 ,1.2303 ,1.2055 ,1.1757 ,1.1411 ,1.1016 ,1.0572 ,1.0081 ,0.9542 ,0.8957 ,0.8326 ,0.7650 ,0.6931 ,0.6170 ,0.5368 ,0.4527 ,0.3649 ,0.2736 ,0.1793 ,0.0836 ,0.0357 ,0.1295 ,0.2348 ,0.3433 ,0.4542 ,0.5670 ,0.6815 ,0.7974 ,0.9144 ,1.0323 ,1.1507 ,1.2694 ,1.3882 ,1.5067 ,1.6246 ,1.7418 ,1.8578 ,1.9725 ,2.0856 ,2.1968 ,2.3059 ,2.4125 ,2.5165 ,2.6175 ,2.7154 ,2.8100 ,2.9009 ,2.9880 ,3.0711 ,3.1500 ,3.2245 ,3.2944 ,3.3596 ,3.4199 ,3.4751 ,3.5252 ,3.5700 ,3.6095 ,3.6435 ,3.6720 ,3.6948 ,3.7121 ,3.7237 ,3.7296 ,3.7298 ,3.7243 ,3.7132 ,3.6965 ,3.6743 ,3.6466 ,3.6134 ,3.5750 ,3.5314 ,3.4827 ,3.4290 ,3.3706 ,3.3076 ,3.2401 ,3.1683 ,3.0924 ,3.0126 ,2.9292 ,2.8423 ,2.7522 ,2.6591 ,2.5632 ,2.4649 ,2.3643 ,2.2617 ,2.1574 ,2.0516 ,1.9447 ,1.8369 ,1.7284 ,1.6195 ,1.5106 ,1.4019 ,1.2936 ,1.1861 ,1.0796 ,0.9744 ,0.8708 ,0.7690 ,0.6694 ,0.5723 ,0.4781 ,0.3873 ,0.3007 ,0.2199 ,0.1492 ,0.1024 ,0.1066 ,0.1523 ,0.2103 ,0.2698 ,0.3274 ,0.3819 ,0.4326 ,0.4793 ,0.5217 ,0.5596 ,0.5930 ,0.6218 ,0.6460 ,0.6655 ,0.6803 ,0.6905 ,0.6961 ,0.6972 ,0.6938 ,0.6859 ,0.6737 ,0.6574 ,0.6369 ,0.6125 ,0.5843 ,0.5525 ,
0.3723 ,0.3721 ,0.3719 ,0.3716 ,0.3713 ,0.3710 ,0.3707 ,0.3704 ,0.3702 ,0.3699 ,0.3697 ,0.3696 ,0.3695 ,0.3695 ,0.3696 ,0.3697 ,0.3700 ,0.3703 ,0.3707 ,0.3712 ,0.3718 ,0.3724 ,0.3732 ,0.3740 ,0.3750 ,0.3760 ,0.3771 ,0.3782 ,0.3795 ,0.3808 ,0.3823 ,0.3838 ,0.3854 ,0.3872 ,0.3890 ,0.3911 ,0.3932 ,0.3956 ,0.3981 ,0.4009 ,0.4040 ,0.4073 ,0.4109 ,0.4149 ,0.4193 ,0.4240 ,0.4293 ,0.4350 ,0.4413 ,0.4481 ,0.4556 ,0.4638 ,0.4728 ,0.4825 ,0.4932 ,0.5049 ,0.5176 ,0.5316 ,0.5468 ,0.5634 ,0.5817 ,0.6017 ,0.6236 ,0.6478 ,0.6744 ,0.7038 ,0.7363 ,0.7724 ,0.8125 ,0.8574 ,0.9077 ,0.9644 ,1.0285 ,1.1014 ,1.1848 ,1.2810 ,1.3928 ,1.5237 ,1.6788 ,1.8648 ,2.0908 ,2.3702 ,2.7227 ,3.1784 ,3.7853 ,4.6239 ,5.8341 ,7.6569 ,10.3993 ,13.6075 ,14.3650 ,12.0128 ,9.4084 ,7.5488 ,6.2915 ,5.4167 ,4.7827 ,4.3052 ,3.9331 ,3.6342 ,3.3876 ,3.1793 ,2.9996 ,2.8418 ,2.7013 ,2.5746 ,2.4595 ,2.3541 ,2.2569 ,2.1668 ,2.0827 ,2.0037 ,1.9287 ,1.8569 ,1.7875 ,1.7194 ,1.6518 ,1.5841 ,1.5158 ,1.4467 ,1.3770 ,1.3075 ,1.2388 ,1.1721 ,1.1080 ,1.0473 ,0.9903 ,0.9373 ,0.8882 ,0.8429 ,0.8012 ,0.7630 ,0.7280 ,0.6959 ,0.6665 ,0.6396 ,0.6149 ,0.5922 ,0.5714 ,0.5524 ,0.5349 ,0.5188 ,0.5041 ,0.4905 ,0.4781 ,0.4667 ,0.4563 ,0.4467 ,0.4380 ,0.4300 ,0.4227 ,0.4161 ,0.4102 ,0.4048 ,0.3999 ,0.3956 ,0.3917 ,0.3883 ,0.3853 ,0.3827 ,0.3805 ,0.3786 ,0.3770 ,0.3757 ,0.3746 ,0.3738 ,0.3732 ,0.3728 ,0.3725 ,0.3724 ,0.3723 ,0.3723 ,0.3723 ,0.3724 ,0.3725 ,0.3725 ,0.3725 ,0.3725 ,0.3724 ,0.3723 ,
0.7592 ,0.7615 ,0.7603 ,0.7557 ,0.7476 ,0.7362 ,0.7216 ,0.7039 ,0.6831 ,0.6594 ,0.6330 ,0.6039 ,0.5723 ,0.5384 ,0.5023 ,0.4641 ,0.4242 ,0.3825 ,0.3394 ,0.2950 ,0.2495 ,0.2030 ,0.1558 ,0.1081 ,0.0601 ,0.0120 ,0.0364 ,0.0842 ,0.1317 ,0.1785 ,0.2244 ,0.2694 ,0.3131 ,0.3555 ,0.3963 ,0.4355 ,0.4727 ,0.5079 ,0.5409 ,0.5717 ,0.6000 ,0.6257 ,0.6489 ,0.6692 ,0.6868 ,0.7015 ,0.7132 ,0.7221 ,0.7279 ,0.7308 ,0.7309 ,0.7280 ,0.7225 ,0.7144 ,0.7039 ,0.6912 ,0.6767 ,0.6607 ,0.6437 ,0.6264 ,0.6094 ,0.5935 ,0.5797 ,0.5692 ,0.5631 ,0.5624 ,0.5683 ,0.5815 ,0.6024 ,0.6311 ,0.6673 ,0.7106 ,0.7604 ,0.8159 ,0.8766 ,0.9416 ,1.0105 ,1.0826 ,1.1575 ,1.2346 ,1.3136 ,1.3941 ,1.4757 ,1.5580 ,1.6408 ,1.7237 ,1.8065 ,1.8889 ,1.9705 ,2.0512 ,2.1307 ,2.2087 ,2.2851 ,2.3596 ,2.4319 ,2.5019 ,2.5694 ,2.6342 ,2.6961 ,2.7550 ,2.8106 ,2.8628 ,2.9115 ,2.9565 ,2.9977 ,3.0350 ,3.0683 ,3.0974 ,3.1224 ,3.1431 ,3.1595 ,3.1714 ,3.1790 ,3.1821 ,3.1808 ,3.1749 ,3.1647 ,3.1499 ,3.1308 ,3.1073 ,3.0794 ,3.0473 ,3.0111 ,2.9707 ,2.9263 ,2.8780 ,2.8259 ,2.7702 ,2.7110 ,2.6484 ,2.5825 ,2.5136 ,2.4417 ,2.3672 ,2.2901 ,2.2107 ,2.1290 ,2.0455 ,1.9602 ,1.8733 ,1.7851 ,1.6958 ,1.6056 ,1.5148 ,1.4236 ,1.3322 ,1.2409 ,1.1499 ,1.0595 ,0.9699 ,0.8816 ,0.7948 ,0.7099 ,0.6273 ,0.5478 ,0.4721 ,0.4014 ,0.3377 ,0.2839 ,0.2446 ,0.2250 ,0.2277 ,0.2496 ,0.2842 ,0.3256 ,0.3699 ,0.4147 ,0.4587 ,0.5009 ,0.5406 ,0.5776 ,0.6116 ,0.6423 ,0.6697 ,0.6936 ,0.7139 ,0.7306 ,0.7437 ,0.7532 ,0.7592 ,
0.4433 ,0.4419 ,0.4388 ,0.4343 ,0.4290 ,0.4233 ,0.4176 ,0.4119 ,0.4066 ,0.4017 ,0.3973 ,0.3934 ,0.3900 ,0.3871 ,0.3848 ,0.3831 ,0.3819 ,0.3813 ,0.3812 ,0.3817 ,0.3827 ,0.3844 ,0.3866 ,0.3894 ,0.3928 ,0.3968 ,0.4016 ,0.4069 ,0.4130 ,0.4199 ,0.4275 ,0.4360 ,0.4453 ,0.4556 ,0.4669 ,0.4792 ,0.4926 ,0.5072 ,0.5231 ,0.5404 ,0.5590 ,0.5792 ,0.6010 ,0.6244 ,0.6495 ,0.6764 ,0.7050 ,0.7353 ,0.7671 ,0.8002 ,0.8344 ,0.8690 ,0.9033 ,0.9363 ,0.9663 ,0.9910 ,1.0072 ,1.0124 ,1.0067 ,0.9930 ,0.9748 ,0.9543 ,0.9331 ,0.9119 ,0.8912 ,0.8715 ,0.8530 ,0.8358 ,0.8199 ,0.8056 ,0.7928 ,0.7815 ,0.7717 ,0.7635 ,0.7569 ,0.7518 ,0.7483 ,0.7463 ,0.7459 ,0.7471 ,0.7499 ,0.7543 ,0.7603 ,0.7680 ,0.7773 ,0.7882 ,0.8007 ,0.8145 ,0.8296 ,0.8456 ,0.8622 ,0.8793 ,0.8969 ,0.9152 ,0.9346 ,0.9556 ,0.9788 ,1.0046 ,1.0336 ,1.0663 ,1.1033 ,1.1454 ,1.1930 ,1.2469 ,1.3078 ,1.3761 ,1.4517 ,1.5338 ,1.6198 ,1.7043 ,1.7786 ,1.8310 ,1.8507 ,1.8329 ,1.7823 ,1.7094 ,1.6254 ,1.5391 ,1.4556 ,1.3776 ,1.3059 ,1.2404 ,1.1803 ,1.1244 ,1.0715 ,1.0200 ,0.9692 ,0.9189 ,0.8698 ,0.8230 ,0.7792 ,0.7389 ,0.7021 ,0.6687 ,0.6384 ,0.6109 ,0.5861 ,0.5636 ,0.5432 ,0.5247 ,0.5079 ,0.4927 ,0.4788 ,0.4663 ,0.4549 ,0.4446 ,0.4353 ,0.4269 ,0.4194 ,0.4126 ,0.4066 ,0.4014 ,0.3967 ,0.3927 ,0.3893 ,0.3865 ,0.3843 ,0.3826 ,0.3814 ,0.3807 ,0.3806 ,0.3809 ,0.3817 ,0.3831 ,0.3849 ,0.3872 ,0.3900 ,0.3932 ,0.3969 ,0.4011 ,0.4057 ,0.4106 ,0.4158 ,0.4213 ,0.4267 ,0.4320 ,0.4367 ,0.4404 ,0.4427 ,0.4433 ,
0.7301 ,0.7550 ,0.7774 ,0.7969 ,0.8135 ,0.8270 ,0.8373 ,0.8443 ,0.8477 ,0.8477 ,0.8439 ,0.8365 ,0.8253 ,0.8102 ,0.7914 ,0.7686 ,0.7421 ,0.7117 ,0.6776 ,0.6397 ,0.5983 ,0.5534 ,0.5053 ,0.4543 ,0.4009 ,0.3459 ,0.2907 ,0.2381 ,0.1940 ,0.1695 ,0.1769 ,0.2161 ,0.2760 ,0.3479 ,0.4269 ,0.5109 ,0.5984 ,0.6887 ,0.7813 ,0.8757 ,0.9715 ,1.0685 ,1.1663 ,1.2647 ,1.3635 ,1.4623 ,1.5609 ,1.6592 ,1.7567 ,1.8534 ,1.9489 ,2.0430 ,2.1356 ,2.2263 ,2.3150 ,2.4014 ,2.4853 ,2.5666 ,2.6451 ,2.7204 ,2.7926 ,2.8613 ,2.9264 ,2.9879 ,3.0454 ,3.0989 ,3.1483 ,3.1934 ,3.2341 ,3.2703 ,3.3020 ,3.3291 ,3.3515 ,3.3691 ,3.3819 ,3.3899 ,3.3931 ,3.3914 ,3.3849 ,3.3736 ,3.3575 ,3.3367 ,3.3113 ,3.2812 ,3.2465 ,3.2075 ,3.1641 ,3.1164 ,3.0647 ,3.0090 ,2.9494 ,2.8862 ,2.8194 ,2.7493 ,2.6760 ,2.5997 ,2.5206 ,2.4389 ,2.3548 ,2.2685 ,2.1802 ,2.0902 ,1.9986 ,1.9057 ,1.8117 ,1.7169 ,1.6214 ,1.5256 ,1.4296 ,1.3336 ,1.2381 ,1.1430 ,1.0488 ,0.9557 ,0.8638 ,0.7735 ,0.6851 ,0.5989 ,0.5152 ,0.4346 ,0.3578 ,0.2860 ,0.2216 ,0.1694 ,0.1394 ,0.1413 ,0.1704 ,0.2130 ,0.2602 ,0.3078 ,0.3540 ,0.3978 ,0.4386 ,0.4762 ,0.5104 ,0.5410 ,0.5679 ,0.5912 ,0.6106 ,0.6264 ,0.6384 ,0.6467 ,0.6514 ,0.6526 ,0.6502 ,0.6445 ,0.6356 ,0.6235 ,0.6085 ,0.5907 ,0.5704 ,0.5477 ,0.5229 ,0.4964 ,0.4685 ,0.4397 ,0.4104 ,0.3813 ,0.3534 ,0.3275 ,0.3051 ,0.2875 ,0.2763 ,0.2726 ,0.2772 ,0.2898 ,0.3094 ,0.3347 ,0.3643 ,0.3968 ,0.4314 ,0.4671 ,0.5032 ,0.5392 ,0.5746 ,0.6090 ,0.6420 ,0.6734 ,0.7028 ,0.7301 ,
0.4555 ,0.4665 ,0.4782 ,0.4907 ,0.5040 ,0.5180 ,0.5328 ,0.5482 ,0.5641 ,0.5803 ,0.5966 ,0.6128 ,0.6285 ,0.6432 ,0.6565 ,0.6680 ,0.6772 ,0.6839 ,0.6878 ,0.6889 ,0.6873 ,0.6833 ,0.6771 ,0.6692 ,0.6600 ,0.6499 ,0.6391 ,0.6281 ,0.6170 ,0.6060 ,0.5954 ,0.5852 ,0.5755 ,0.5664 ,0.5580 ,0.5503 ,0.5433 ,0.5370 ,0.5315 ,0.5267 ,0.5228 ,0.5196 ,0.5172 ,0.5156 ,0.5148 ,0.5149 ,0.5158 ,0.5177 ,0.5205 ,0.5243 ,0.5291 ,0.5351 ,0.5422 ,0.5506 ,0.5604 ,0.5717 ,0.5847 ,0.5996 ,0.6166 ,0.6360 ,0.6581 ,0.6832 ,0.7120 ,0.7451 ,0.7832 ,0.8274 ,0.8789 ,0.9395 ,1.0116 ,1.0984 ,1.2043 ,1.3361 ,1.5035 ,1.7221 ,2.0168 ,2.4292 ,3.0234 ,3.8371 ,4.5059 ,4.3769 ,3.8483 ,3.2931 ,2.7827 ,2.3365 ,1.9737 ,1.6920 ,1.4747 ,1.3052 ,1.1705 ,1.0616 ,0.9722 ,0.8977 ,0.8349 ,0.7814 ,0.7355 ,0.6957 ,0.6610 ,0.6307 ,0.6040 ,0.5804 ,0.5596 ,0.5411 ,0.5247 ,0.5101 ,0.4972 ,0.4857 ,0.4755 ,0.4666 ,0.4588 ,0.4520 ,0.4461 ,0.4411 ,0.4370 ,0.4336 ,0.4310 ,0.4291 ,0.4279 ,0.4273 ,0.4274 ,0.4281 ,0.4294 ,0.4312 ,0.4337 ,0.4366 ,0.4401 ,0.4440 ,0.4484 ,0.4531 ,0.4580 ,0.4631 ,0.4681 ,0.4729 ,0.4771 ,0.4805 ,0.4828 ,0.4835 ,0.4826 ,0.4799 ,0.4757 ,0.4701 ,0.4634 ,0.4562 ,0.4485 ,0.4407 ,0.4331 ,0.4256 ,0.4185 ,0.4118 ,0.4055 ,0.3997 ,0.3944 ,0.3895 ,0.3852 ,0.3814 ,0.3780 ,0.3751 ,0.3727 ,0.3708 ,0.3693 ,0.3683 ,0.3678 ,0.3677 ,0.3681 ,0.3689 ,0.3703 ,0.3721 ,0.3744 ,0.3772 ,0.3804 ,0.3843 ,0.3886 ,0.3935 ,0.3990 ,0.4051 ,0.4118 ,0.4191 ,0.4272 ,0.4359 ,0.4453 ,0.4555 ,
0.8179 ,0.8603 ,0.8999 ,0.9366 ,0.9700 ,1.0001 ,1.0266 ,1.0493 ,1.0682 ,1.0830 ,1.0937 ,1.1001 ,1.1022 ,1.0998 ,1.0930 ,1.0815 ,1.0654 ,1.0447 ,1.0194 ,0.9894 ,0.9548 ,0.9156 ,0.8719 ,0.8237 ,0.7712 ,0.7145 ,0.6538 ,0.5893 ,0.5213 ,0.4503 ,0.3772 ,0.3036 ,0.2330 ,0.1748 ,0.1507 ,0.1804 ,0.2483 ,0.3340 ,0.4286 ,0.5284 ,0.6319 ,0.7380 ,0.8462 ,0.9560 ,1.0671 ,1.1790 ,1.2915 ,1.4042 ,1.5169 ,1.6293 ,1.7411 ,1.8519 ,1.9617 ,2.0699 ,2.1765 ,2.2811 ,2.3836 ,2.4835 ,2.5807 ,2.6750 ,2.7661 ,2.8538 ,2.9379 ,3.0182 ,3.0945 ,3.1665 ,3.2342 ,3.2974 ,3.3558 ,3.4094 ,3.4581 ,3.5017 ,3.5401 ,3.5732 ,3.6010 ,3.6233 ,3.6402 ,3.6516 ,3.6575 ,3.6578 ,3.6526 ,3.6419 ,3.6258 ,3.6041 ,3.5772 ,3.5449 ,3.5074 ,3.4648 ,3.4172 ,3.3647 ,3.3075 ,3.2458 ,3.1796 ,3.1091 ,3.0346 ,2.9562 ,2.8741 ,2.7885 ,2.6997 ,2.6079 ,2.5133 ,2.4161 ,2.3167 ,2.2152 ,2.1118 ,2.0070 ,1.9009 ,1.7937 ,1.6859 ,1.5775 ,1.4690 ,1.3605 ,1.2523 ,1.1448 ,1.0382 ,0.9328 ,0.8288 ,0.7265 ,0.6264 ,0.5287 ,0.4340 ,0.3428 ,0.2567 ,0.1788 ,0.1194 ,0.1053 ,0.1444 ,0.2045 ,0.2689 ,0.3326 ,0.3937 ,0.4515 ,0.5056 ,0.5556 ,0.6014 ,0.6429 ,0.6800 ,0.7126 ,0.7407 ,0.7642 ,0.7831 ,0.7975 ,0.8074 ,0.8129 ,0.8139 ,0.8105 ,0.8029 ,0.7912 ,0.7754 ,0.7558 ,0.7324 ,0.7054 ,0.6750 ,0.6415 ,0.6050 ,0.5658 ,0.5243 ,0.4808 ,0.4357 ,0.3897 ,0.3435 ,0.2985 ,0.2564 ,0.2205 ,0.1954 ,0.1866 ,0.1970 ,0.2242 ,0.2633 ,0.3095 ,0.3599 ,0.4125 ,0.4661 ,0.5198 ,0.5731 ,0.6254 ,0.6764 ,0.7257 ,0.7729 ,0.8179 ,
0.4916 ,0.5035 ,0.5156 ,0.5279 ,0.5401 ,0.5518 ,0.5629 ,0.5730 ,0.5818 ,0.5891 ,0.5947 ,0.5985 ,0.6006 ,0.6009 ,0.5996 ,0.5970 ,0.5932 ,0.5885 ,0.5830 ,0.5770 ,0.5707 ,0.5641 ,0.5574 ,0.5507 ,0.5441 ,0.5377 ,0.5315 ,0.5256 ,0.5200 ,0.5148 ,0.5100 ,0.5056 ,0.5017 ,0.4981 ,0.4951 ,0.4925 ,0.4904 ,0.4888 ,0.4878 ,0.4873 ,0.4873 ,0.4880 ,0.4892 ,0.4911 ,0.4936 ,0.4968 ,0.5008 ,0.5055 ,0.5111 ,0.5176 ,0.5250 ,0.5335 ,0.5431 ,0.5539 ,0.5661 ,0.5798 ,0.5952 ,0.6124 ,0.6318 ,0.6536 ,0.6781 ,0.7057 ,0.7371 ,0.7727 ,0.8134 ,0.8603 ,0.9146 ,0.9779 ,1.0527 ,1.1420 ,1.2501 ,1.3835 ,1.5516 ,1.7693 ,2.0616 ,2.4729 ,3.0900 ,4.0977 ,5.7095 ,5.5602 ,4.4955 ,3.7332 ,3.1889 ,2.7767 ,2.4387 ,2.1379 ,1.8698 ,1.6461 ,1.4659 ,1.3207 ,1.2025 ,1.1050 ,1.0235 ,0.9546 ,0.8957 ,0.8451 ,0.8011 ,0.7627 ,0.7289 ,0.6992 ,0.6728 ,0.6494 ,0.6285 ,0.6099 ,0.5933 ,0.5784 ,0.5650 ,0.5531 ,0.5425 ,0.5330 ,0.5246 ,0.5171 ,0.5105 ,0.5047 ,0.4996 ,0.4952 ,0.4915 ,0.4883 ,0.4856 ,0.4834 ,0.4816 ,0.4802 ,0.4791 ,0.4782 ,0.4776 ,0.4770 ,0.4766 ,0.4761 ,0.4755 ,0.4748 ,0.4738 ,0.4725 ,0.4707 ,0.4685 ,0.4658 ,0.4625 ,0.4587 ,0.4545 ,0.4497 ,0.4447 ,0.4394 ,0.4339 ,0.4283 ,0.4228 ,0.4173 ,0.4120 ,0.4070 ,0.4022 ,0.3977 ,0.3936 ,0.3899 ,0.3865 ,0.3836 ,0.3810 ,0.3789 ,0.3773 ,0.3760 ,0.3753 ,0.3749 ,0.3751 ,0.3757 ,0.3767 ,0.3783 ,0.3804 ,0.3829 ,0.3860 ,0.3896 ,0.3938 ,0.3985 ,0.4039 ,0.4098 ,0.4163 ,0.4235 ,0.4313 ,0.4398 ,0.4489 ,0.4587 ,0.4691 ,0.4801 ,0.4916 ,
0.2425 ,0.2900 ,0.3426 ,0.3981 ,0.4552 ,0.5131 ,0.5710 ,0.6285 ,0.6852 ,0.7407 ,0.7947 ,0.8469 ,0.8970 ,0.9448 ,0.9900 ,1.0324 ,1.0718 ,1.1079 ,1.1407 ,1.1698 ,1.1952 ,1.2166 ,1.2340 ,1.2471 ,1.2559 ,1.2603 ,1.2602 ,1.2554 ,1.2460 ,1.2319 ,1.2129 ,1.1892 ,1.1607 ,1.1274 ,1.0893 ,1.0465 ,0.9991 ,0.9470 ,0.8904 ,0.8294 ,0.7641 ,0.6948 ,0.6216 ,0.5449 ,0.4651 ,0.3830 ,0.3001 ,0.2200 ,0.1541 ,0.1338 ,0.1806 ,0.2637 ,0.3607 ,0.4644 ,0.5722 ,0.6828 ,0.7955 ,0.9097 ,1.0252 ,1.1414 ,1.2582 ,1.3752 ,1.4920 ,1.6084 ,1.7241 ,1.8389 ,1.9524 ,2.0644 ,2.1746 ,2.2828 ,2.3886 ,2.4919 ,2.5923 ,2.6897 ,2.7838 ,2.8744 ,2.9613 ,3.0442 ,3.1231 ,3.1976 ,3.2676 ,3.3330 ,3.3936 ,3.4492 ,3.4998 ,3.5452 ,3.5853 ,3.6200 ,3.6493 ,3.6730 ,3.6912 ,3.7038 ,3.7109 ,3.7122 ,3.7080 ,3.6982 ,3.6829 ,3.6621 ,3.6358 ,3.6042 ,3.5673 ,3.5253 ,3.4783 ,3.4263 ,3.3696 ,3.3083 ,3.2426 ,3.1726 ,3.0986 ,3.0207 ,2.9391 ,2.8541 ,2.7658 ,2.6746 ,2.5807 ,2.4843 ,2.3856 ,2.2850 ,2.1826 ,2.0788 ,1.9739 ,1.8681 ,1.7617 ,1.6549 ,1.5482 ,1.4417 ,1.3359 ,1.2309 ,1.1272 ,1.0250 ,0.9248 ,0.8270 ,0.7320 ,0.6405 ,0.5533 ,0.4714 ,0.3966 ,0.3316 ,0.2805 ,0.2487 ,0.2406 ,0.2551 ,0.2859 ,0.3259 ,0.3700 ,0.4150 ,0.4588 ,0.5005 ,0.5391 ,0.5743 ,0.6058 ,0.6332 ,0.6564 ,0.6754 ,0.6900 ,0.7003 ,0.7062 ,0.7078 ,0.7050 ,0.6981 ,0.6870 ,0.6719 ,0.6528 ,0.6300 ,0.6036 ,0.5738 ,0.5408 ,0.5048 ,0.4663 ,0.4255 ,0.3829 ,0.3393 ,0.2957 ,0.2536 ,0.2158 ,0.1867 ,0.1726 ,0.1785 ,0.2035 ,0.2425 ,
0.6164 ,0.6047 ,0.5929 ,0.5813 ,0.5701 ,0.5594 ,0.5494 ,0.5400 ,0.5314 ,0.5235 ,0.5163 ,0.5098 ,0.5040 ,0.4988 ,0.4942 ,0.4900 ,0.4864 ,0.4831 ,0.4802 ,0.4774 ,0.4749 ,0.4725 ,0.4702 ,0.4679 ,0.4656 ,0.4632 ,0.4608 ,0.4584 ,0.4559 ,0.4534 ,0.4509 ,0.4484 ,0.4460 ,0.4436 ,0.4414 ,0.4394 ,0.4374 ,0.4357 ,0.4342 ,0.4329 ,0.4318 ,0.4309 ,0.4304 ,0.4301 ,0.4301 ,0.4305 ,0.4311 ,0.4321 ,0.4335 ,0.4352 ,0.4373 ,0.4399 ,0.4428 ,0.4462 ,0.4501 ,0.4544 ,0.4593 ,0.4647 ,0.4707 ,0.4774 ,0.4847 ,0.4927 ,0.5015 ,0.5111 ,0.5216 ,0.5331 ,0.5456 ,0.5593 ,0.5742 ,0.5905 ,0.6083 ,0.6279 ,0.6493 ,0.6728 ,0.6987 ,0.7273 ,0.7590 ,0.7943 ,0.8336 ,0.8778 ,0.9276 ,0.9841 ,1.0488 ,1.1234 ,1.2103 ,1.3126 ,1.4346 ,1.5823 ,1.7640 ,1.9919 ,2.2824 ,2.6546 ,3.0991 ,3.3962 ,3.1457 ,2.6919 ,2.3009 ,1.9935 ,1.7520 ,1.5594 ,1.4030 ,1.2741 ,1.1663 ,1.0751 ,0.9971 ,0.9299 ,0.8716 ,0.8205 ,0.7757 ,0.7360 ,0.7009 ,0.6696 ,0.6417 ,0.6168 ,0.5944 ,0.5744 ,0.5564 ,0.5402 ,0.5258 ,0.5128 ,0.5012 ,0.4909 ,0.4817 ,0.4736 ,0.4666 ,0.4604 ,0.4552 ,0.4508 ,0.4473 ,0.4445 ,0.4425 ,0.4412 ,0.4406 ,0.4407 ,0.4414 ,0.4429 ,0.4450 ,0.4478 ,0.4512 ,0.4553 ,0.4600 ,0.4654 ,0.4714 ,0.4781 ,0.4853 ,0.4931 ,0.5015 ,0.5103 ,0.5197 ,0.5295 ,0.5396 ,0.5500 ,0.5606 ,0.5713 ,0.5820 ,0.5927 ,0.6032 ,0.6135 ,0.6234 ,0.6328 ,0.6417 ,0.6501 ,0.6576 ,0.6644 ,0.6704 ,0.6753 ,0.6793 ,0.6821 ,0.6837 ,0.6841 ,0.6832 ,0.6809 ,0.6772 ,0.6721 ,0.6657 ,0.6578 ,0.6488 ,0.6387 ,0.6278 ,0.6164 ,
0.6614 ,0.6321 ,0.5992 ,0.5629 ,0.5233 ,0.4808 ,0.4354 ,0.3874 ,0.3371 ,0.2847 ,0.2307 ,0.1757 ,0.1212 ,0.0724 ,0.0549 ,0.0916 ,0.1470 ,0.2070 ,0.2684 ,0.3304 ,0.3924 ,0.4539 ,0.5147 ,0.5745 ,0.6329 ,0.6899 ,0.7450 ,0.7981 ,0.8490 ,0.8974 ,0.9431 ,0.9859 ,1.0256 ,1.0621 ,1.0951 ,1.1246 ,1.1502 ,1.1720 ,1.1897 ,1.2033 ,1.2126 ,1.2176 ,1.2181 ,1.2142 ,1.2057 ,1.1926 ,1.1750 ,1.1528 ,1.1260 ,1.0946 ,1.0588 ,1.0187 ,0.9742 ,0.9256 ,0.8732 ,0.8170 ,0.7575 ,0.6952 ,0.6306 ,0.5647 ,0.4988 ,0.4354 ,0.3782 ,0.3331 ,0.3086 ,0.3123 ,0.3457 ,0.4032 ,0.4777 ,0.5634 ,0.6568 ,0.7555 ,0.8580 ,0.9634 ,1.0708 ,1.1796 ,1.2894 ,1.3998 ,1.5103 ,1.6205 ,1.7303 ,1.8391 ,1.9468 ,2.0531 ,2.1576 ,2.2601 ,2.3603 ,2.4579 ,2.5528 ,2.6447 ,2.7333 ,2.8185 ,2.9000 ,2.9776 ,3.0511 ,3.1203 ,3.1851 ,3.2454 ,3.3009 ,3.3515 ,3.3972 ,3.4377 ,3.4731 ,3.5032 ,3.5280 ,3.5473 ,3.5613 ,3.5697 ,3.5727 ,3.5703 ,3.5623 ,3.5489 ,3.5302 ,3.5061 ,3.4767 ,3.4422 ,3.4025 ,3.3579 ,3.3085 ,3.2543 ,3.1955 ,3.1324 ,3.0650 ,2.9935 ,2.9181 ,2.8390 ,2.7565 ,2.6707 ,2.5819 ,2.4902 ,2.3960 ,2.2995 ,2.2009 ,2.1005 ,1.9985 ,1.8952 ,1.7909 ,1.6858 ,1.5802 ,1.4745 ,1.3687 ,1.2634 ,1.1586 ,1.0548 ,0.9521 ,0.8510 ,0.7518 ,0.6548 ,0.5605 ,0.4694 ,0.3826 ,0.3015 ,0.2293 ,0.1730 ,0.1465 ,0.1599 ,0.2015 ,0.2548 ,0.3113 ,0.3672 ,0.4210 ,0.4718 ,0.5189 ,0.5622 ,0.6014 ,0.6363 ,0.6668 ,0.6929 ,0.7145 ,0.7316 ,0.7442 ,0.7523 ,0.7559 ,0.7550 ,0.7498 ,0.7404 ,0.7267 ,0.7089 ,0.6871 ,0.6614 ,
0.3959 ,0.3991 ,0.4027 ,0.4066 ,0.4108 ,0.4154 ,0.4203 ,0.4256 ,0.4312 ,0.4372 ,0.4435 ,0.4500 ,0.4568 ,0.4637 ,0.4706 ,0.4775 ,0.4840 ,0.4900 ,0.4950 ,0.4988 ,0.5008 ,0.5008 ,0.4987 ,0.4945 ,0.4885 ,0.4811 ,0.4729 ,0.4643 ,0.4556 ,0.4470 ,0.4387 ,0.4309 ,0.4236 ,0.4168 ,0.4106 ,0.4050 ,0.4000 ,0.3956 ,0.3917 ,0.3884 ,0.3857 ,0.3835 ,0.3818 ,0.3806 ,0.3800 ,0.3799 ,0.3803 ,0.3812 ,0.3826 ,0.3845 ,0.3870 ,0.3900 ,0.3936 ,0.3977 ,0.4024 ,0.4078 ,0.4137 ,0.4204 ,0.4277 ,0.4357 ,0.4445 ,0.4541 ,0.4646 ,0.4760 ,0.4884 ,0.5018 ,0.5164 ,0.5321 ,0.5491 ,0.5675 ,0.5874 ,0.6089 ,0.6321 ,0.6571 ,0.6842 ,0.7134 ,0.7450 ,0.7790 ,0.8157 ,0.8553 ,0.8979 ,0.9437 ,0.9928 ,1.0454 ,1.1015 ,1.1609 ,1.2237 ,1.2894 ,1.3575 ,1.4274 ,1.4983 ,1.5691 ,1.6388 ,1.7063 ,1.7709 ,1.8322 ,1.8901 ,1.9448 ,1.9971 ,2.0478 ,2.0977 ,2.1478 ,2.1991 ,2.2522 ,2.3078 ,2.3665 ,2.4287 ,2.4947 ,2.5647 ,2.6388 ,2.7163 ,2.7952 ,2.8697 ,2.9247 ,2.9242 ,2.8200 ,2.6218 ,2.3925 ,2.1715 ,1.9719 ,1.7959 ,1.6418 ,1.5071 ,1.3891 ,1.2856 ,1.1944 ,1.1138 ,1.0423 ,0.9787 ,0.9218 ,0.8709 ,0.8251 ,0.7839 ,0.7466 ,0.7129 ,0.6822 ,0.6544 ,0.6290 ,0.6059 ,0.5847 ,0.5654 ,0.5477 ,0.5314 ,0.5166 ,0.5029 ,0.4904 ,0.4789 ,0.4683 ,0.4586 ,0.4497 ,0.4416 ,0.4342 ,0.4274 ,0.4212 ,0.4155 ,0.4104 ,0.4058 ,0.4016 ,0.3979 ,0.3946 ,0.3917 ,0.3891 ,0.3869 ,0.3850 ,0.3835 ,0.3823 ,0.3813 ,0.3807 ,0.3804 ,0.3803 ,0.3806 ,0.3811 ,0.3819 ,0.3830 ,0.3844 ,0.3861 ,0.3881 ,0.3904 ,0.3930 ,0.3959 ,
0.6976 ,0.7050 ,0.7090 ,0.7095 ,0.7066 ,0.7004 ,0.6910 ,0.6785 ,0.6629 ,0.6444 ,0.6231 ,0.5991 ,0.5725 ,0.5435 ,0.5123 ,0.4790 ,0.4437 ,0.4067 ,0.3681 ,0.3282 ,0.2871 ,0.2451 ,0.2026 ,0.1599 ,0.1181 ,0.0794 ,0.0524 ,0.0575 ,0.0892 ,0.1288 ,0.1704 ,0.2122 ,0.2536 ,0.2942 ,0.3337 ,0.3718 ,0.4084 ,0.4433 ,0.4763 ,0.5073 ,0.5361 ,0.5626 ,0.5868 ,0.6085 ,0.6276 ,0.6441 ,0.6579 ,0.6690 ,0.6773 ,0.6830 ,0.6859 ,0.6862 ,0.6840 ,0.6794 ,0.6726 ,0.6637 ,0.6531 ,0.6412 ,0.6283 ,0.6150 ,0.6020 ,0.5899 ,0.5797 ,0.5723 ,0.5686 ,0.5696 ,0.5763 ,0.5893 ,0.6090 ,0.6357 ,0.6692 ,0.7093 ,0.7555 ,0.8072 ,0.8639 ,0.9251 ,0.9900 ,1.0584 ,1.1296 ,1.2033 ,1.2790 ,1.3564 ,1.4351 ,1.5148 ,1.5952 ,1.6759 ,1.7567 ,1.8373 ,1.9175 ,1.9969 ,2.0754 ,2.1527 ,2.2286 ,2.3028 ,2.3752 ,2.4455 ,2.5135 ,2.5791 ,2.6420 ,2.7020 ,2.7591 ,2.8130 ,2.8636 ,2.9108 ,2.9544 ,2.9943 ,3.0303 ,3.0625 ,3.0906 ,3.1147 ,3.1345 ,3.1502 ,3.1616 ,3.1687 ,3.1714 ,3.1698 ,3.1638 ,3.1535 ,3.1388 ,3.1199 ,3.0966 ,3.0692 ,3.0376 ,3.0019 ,2.9622 ,2.9187 ,2.8713 ,2.8202 ,2.7655 ,2.7074 ,2.6460 ,2.5814 ,2.5138 ,2.4434 ,2.3703 ,2.2946 ,2.2167 ,2.1367 ,2.0547 ,1.9709 ,1.8857 ,1.7991 ,1.7113 ,1.6227 ,1.5334 ,1.4436 ,1.3536 ,1.2635 ,1.1737 ,1.0843 ,0.9956 ,0.9079 ,0.8214 ,0.7365 ,0.6534 ,0.5726 ,0.4947 ,0.4203 ,0.3507 ,0.2877 ,0.2347 ,0.1972 ,0.1820 ,0.1915 ,0.2199 ,0.2590 ,0.3028 ,0.3478 ,0.3922 ,0.4350 ,0.4755 ,0.5132 ,0.5480 ,0.5797 ,0.6080 ,0.6329 ,0.6543 ,0.6723 ,0.6867 ,0.6976 ,
0.4485 ,0.4544 ,0.4588 ,0.4609 ,0.4599 ,0.4561 ,0.4503 ,0.4435 ,0.4363 ,0.4293 ,0.4226 ,0.4165 ,0.4109 ,0.4060 ,0.4017 ,0.3981 ,0.3950 ,0.3926 ,0.3909 ,0.3897 ,0.3891 ,0.3891 ,0.3897 ,0.3910 ,0.3928 ,0.3952 ,0.3983 ,0.4020 ,0.4064 ,0.4114 ,0.4172 ,0.4237 ,0.4309 ,0.4390 ,0.4479 ,0.4578 ,0.4685 ,0.4803 ,0.4931 ,0.5071 ,0.5223 ,0.5387 ,0.5564 ,0.5755 ,0.5961 ,0.6182 ,0.6418 ,0.6670 ,0.6937 ,0.7219 ,0.7515 ,0.7823 ,0.8138 ,0.8457 ,0.8770 ,0.9063 ,0.9308 ,0.9466 ,0.9498 ,0.9413 ,0.9259 ,0.9073 ,0.8876 ,0.8680 ,0.8488 ,0.8305 ,0.8132 ,0.7970 ,0.7821 ,0.7683 ,0.7559 ,0.7448 ,0.7350 ,0.7265 ,0.7194 ,0.7137 ,0.7092 ,0.7062 ,0.7045 ,0.7043 ,0.7055 ,0.7081 ,0.7123 ,0.7180 ,0.7254 ,0.7344 ,0.7452 ,0.7579 ,0.7724 ,0.7889 ,0.8073 ,0.8276 ,0.8497 ,0.8730 ,0.8971 ,0.9215 ,0.9456 ,0.9697 ,0.9939 ,1.0190 ,1.0457 ,1.0744 ,1.1059 ,1.1404 ,1.1784 ,1.2201 ,1.2656 ,1.3145 ,1.3660 ,1.4187 ,1.4701 ,1.5164 ,1.5531 ,1.5751 ,1.5787 ,1.5628 ,1.5296 ,1.4833 ,1.4291 ,1.3718 ,1.3146 ,1.2600 ,1.2091 ,1.1626 ,1.1207 ,1.0833 ,1.0501 ,1.0208 ,0.9947 ,0.9704 ,0.9435 ,0.9048 ,0.8560 ,0.8078 ,0.7636 ,0.7237 ,0.6880 ,0.6559 ,0.6270 ,0.6010 ,0.5775 ,0.5563 ,0.5370 ,0.5196 ,0.5038 ,0.4894 ,0.4764 ,0.4646 ,0.4538 ,0.4441 ,0.4354 ,0.4275 ,0.4204 ,0.4141 ,0.4085 ,0.4036 ,0.3993 ,0.3957 ,0.3926 ,0.3902 ,0.3882 ,0.3868 ,0.3860 ,0.3856 ,0.3858 ,0.3865 ,0.3877 ,0.3895 ,0.3917 ,0.3945 ,0.3978 ,0.4016 ,0.4059 ,0.4108 ,0.4162 ,0.4221 ,0.4284 ,0.4350 ,0.4418 ,0.4485 ,
0.7121 ,0.7380 ,0.7615 ,0.7823 ,0.8003 ,0.8153 ,0.8272 ,0.8359 ,0.8411 ,0.8429 ,0.8411 ,0.8357 ,0.8265 ,0.8136 ,0.7970 ,0.7765 ,0.7522 ,0.7241 ,0.6922 ,0.6567 ,0.6175 ,0.5749 ,0.5290 ,0.4801 ,0.4286 ,0.3751 ,0.3208 ,0.2676 ,0.2197 ,0.1849 ,0.1755 ,0.1984 ,0.2475 ,0.3126 ,0.3871 ,0.4677 ,0.5526 ,0.6408 ,0.7315 ,0.8244 ,0.9189 ,1.0148 ,1.1117 ,1.2093 ,1.3075 ,1.4059 ,1.5043 ,1.6024 ,1.7000 ,1.7969 ,1.8928 ,1.9874 ,2.0806 ,2.1722 ,2.2619 ,2.3494 ,2.4346 ,2.5173 ,2.5973 ,2.6744 ,2.7484 ,2.8190 ,2.8863 ,2.9499 ,3.0098 ,3.0657 ,3.1176 ,3.1653 ,3.2088 ,3.2479 ,3.2825 ,3.3125 ,3.3379 ,3.3587 ,3.3747 ,3.3859 ,3.3923 ,3.3939 ,3.3908 ,3.3828 ,3.3701 ,3.3526 ,3.3305 ,3.3037 ,3.2724 ,3.2366 ,3.1964 ,3.1520 ,3.1034 ,3.0508 ,2.9942 ,2.9340 ,2.8701 ,2.8028 ,2.7322 ,2.6585 ,2.5819 ,2.5026 ,2.4208 ,2.3367 ,2.2505 ,2.1624 ,2.0726 ,1.9814 ,1.8890 ,1.7956 ,1.7014 ,1.6068 ,1.5118 ,1.4168 ,1.3221 ,1.2277 ,1.1341 ,1.0414 ,0.9500 ,0.8600 ,0.7718 ,0.6857 ,0.6022 ,0.5216 ,0.4446 ,0.3722 ,0.3060 ,0.2484 ,0.2042 ,0.1799 ,0.1800 ,0.2015 ,0.2360 ,0.2765 ,0.3187 ,0.3606 ,0.4007 ,0.4384 ,0.4732 ,0.5049 ,0.5332 ,0.5580 ,0.5792 ,0.5969 ,0.6109 ,0.6213 ,0.6281 ,0.6315 ,0.6313 ,0.6278 ,0.6210 ,0.6111 ,0.5982 ,0.5825 ,0.5641 ,0.5432 ,0.5202 ,0.4953 ,0.4688 ,0.4412 ,0.4129 ,0.3845 ,0.3567 ,0.3306 ,0.3072 ,0.2880 ,0.2744 ,0.2679 ,0.2694 ,0.2789 ,0.2958 ,0.3188 ,0.3466 ,0.3778 ,0.4114 ,0.4465 ,0.4823 ,0.5181 ,0.5536 ,0.5883 ,0.6217 ,0.6537 ,0.6839 ,0.7121 ,
0.5348 ,0.5499 ,0.5653 ,0.5809 ,0.5961 ,0.6105 ,0.6232 ,0.6334 ,0.6402 ,0.6428 ,0.6410 ,0.6349 ,0.6253 ,0.6130 ,0.5989 ,0.5838 ,0.5684 ,0.5531 ,0.5381 ,0.5239 ,0.5103 ,0.4975 ,0.4856 ,0.4746 ,0.4643 ,0.4549 ,0.4463 ,0.4385 ,0.4314 ,0.4251 ,0.4194 ,0.4144 ,0.4101 ,0.4064 ,0.4033 ,0.4009 ,0.3991 ,0.3978 ,0.3972 ,0.3972 ,0.3978 ,0.3990 ,0.4009 ,0.4034 ,0.4067 ,0.4106 ,0.4153 ,0.4208 ,0.4272 ,0.4344 ,0.4427 ,0.4520 ,0.4625 ,0.4743 ,0.4876 ,0.5024 ,0.5190 ,0.5377 ,0.5587 ,0.5823 ,0.6089 ,0.6392 ,0.6737 ,0.7132 ,0.7587 ,0.8116 ,0.8738 ,0.9474 ,1.0360 ,1.1441 ,1.2788 ,1.4506 ,1.6769 ,1.9872 ,2.4378 ,3.1483 ,4.4242 ,6.0266 ,5.4979 ,4.9900 ,4.4115 ,3.6466 ,2.9069 ,2.3682 ,1.9912 ,1.7193 ,1.5160 ,1.3591 ,1.2351 ,1.1349 ,1.0526 ,0.9841 ,0.9264 ,0.8773 ,0.8353 ,0.7992 ,0.7679 ,0.7407 ,0.7171 ,0.6965 ,0.6785 ,0.6629 ,0.6493 ,0.6375 ,0.6272 ,0.6184 ,0.6109 ,0.6045 ,0.5990 ,0.5943 ,0.5903 ,0.5868 ,0.5837 ,0.5809 ,0.5780 ,0.5751 ,0.5718 ,0.5681 ,0.5638 ,0.5588 ,0.5531 ,0.5466 ,0.5394 ,0.5316 ,0.5232 ,0.5144 ,0.5053 ,0.4961 ,0.4869 ,0.4778 ,0.4688 ,0.4601 ,0.4517 ,0.4437 ,0.4360 ,0.4287 ,0.4219 ,0.4154 ,0.4094 ,0.4038 ,0.3986 ,0.3939 ,0.3895 ,0.3856 ,0.3820 ,0.3789 ,0.3762 ,0.3738 ,0.3718 ,0.3702 ,0.3690 ,0.3681 ,0.3676 ,0.3675 ,0.3678 ,0.3685 ,0.3695 ,0.3709 ,0.3728 ,0.3750 ,0.3777 ,0.3808 ,0.3843 ,0.3883 ,0.3928 ,0.3978 ,0.4033 ,0.4094 ,0.4161 ,0.4233 ,0.4312 ,0.4398 ,0.4490 ,0.4590 ,0.4697 ,0.4812 ,0.4935 ,0.5065 ,0.5203 ,0.5348 ,
0.7903 ,0.8326 ,0.8720 ,0.9084 ,0.9415 ,0.9712 ,0.9973 ,1.0195 ,1.0379 ,1.0521 ,1.0622 ,1.0681 ,1.0695 ,1.0665 ,1.0589 ,1.0468 ,1.0301 ,1.0087 ,0.9828 ,0.9522 ,0.9171 ,0.8774 ,0.8333 ,0.7849 ,0.7323 ,0.6757 ,0.6154 ,0.5517 ,0.4851 ,0.4165 ,0.3475 ,0.2810 ,0.2236 ,0.1890 ,0.1945 ,0.2410 ,0.3130 ,0.3988 ,0.4926 ,0.5914 ,0.6940 ,0.7992 ,0.9067 ,1.0157 ,1.1259 ,1.2371 ,1.3487 ,1.4606 ,1.5723 ,1.6837 ,1.7944 ,1.9042 ,2.0127 ,2.1197 ,2.2249 ,2.3281 ,2.4291 ,2.5274 ,2.6230 ,2.7156 ,2.8049 ,2.8907 ,2.9728 ,3.0511 ,3.1253 ,3.1952 ,3.2607 ,3.3216 ,3.3777 ,3.4290 ,3.4752 ,3.5164 ,3.5523 ,3.5829 ,3.6081 ,3.6279 ,3.6421 ,3.6509 ,3.6541 ,3.6518 ,3.6440 ,3.6306 ,3.6118 ,3.5875 ,3.5579 ,3.5230 ,3.4829 ,3.4378 ,3.3877 ,3.3327 ,3.2731 ,3.2089 ,3.1403 ,3.0676 ,2.9908 ,2.9102 ,2.8260 ,2.7384 ,2.6477 ,2.5539 ,2.4575 ,2.3586 ,2.2574 ,2.1543 ,2.0495 ,1.9432 ,1.8358 ,1.7274 ,1.6183 ,1.5089 ,1.3994 ,1.2900 ,1.1810 ,1.0727 ,0.9654 ,0.8593 ,0.7547 ,0.6519 ,0.5511 ,0.4528 ,0.3574 ,0.2655 ,0.1789 ,0.1035 ,0.0711 ,0.1156 ,0.1841 ,0.2549 ,0.3237 ,0.3894 ,0.4514 ,0.5094 ,0.5633 ,0.6129 ,0.6581 ,0.6988 ,0.7349 ,0.7665 ,0.7935 ,0.8158 ,0.8336 ,0.8467 ,0.8553 ,0.8594 ,0.8590 ,0.8543 ,0.8452 ,0.8321 ,0.8148 ,0.7937 ,0.7687 ,0.7402 ,0.7083 ,0.6731 ,0.6350 ,0.5941 ,0.5508 ,0.5053 ,0.4580 ,0.4095 ,0.3604 ,0.3116 ,0.2647 ,0.2222 ,0.1883 ,0.1696 ,0.1719 ,0.1949 ,0.2324 ,0.2786 ,0.3295 ,0.3827 ,0.4369 ,0.4912 ,0.5449 ,0.5975 ,0.6487 ,0.6981 ,0.7454 ,0.7903 ,
0.5071 ,0.5184 ,0.5299 ,0.5413 ,0.5524 ,0.5630 ,0.5728 ,0.5815 ,0.5889 ,0.5946 ,0.5985 ,0.6005 ,0.6004 ,0.5985 ,0.5947 ,0.5894 ,0.5827 ,0.5750 ,0.5665 ,0.5575 ,0.5482 ,0.5388 ,0.5294 ,0.5202 ,0.5112 ,0.5027 ,0.4945 ,0.4868 ,0.4797 ,0.4730 ,0.4669 ,0.4614 ,0.4565 ,0.4521 ,0.4483 ,0.4450 ,0.4424 ,0.4403 ,0.4389 ,0.4380 ,0.4378 ,0.4382 ,0.4392 ,0.4409 ,0.4433 ,0.4464 ,0.4503 ,0.4550 ,0.4605 ,0.4669 ,0.4743 ,0.4827 ,0.4923 ,0.5031 ,0.5154 ,0.5291 ,0.5445 ,0.5619 ,0.5814 ,0.6035 ,0.6283 ,0.6565 ,0.6886 ,0.7252 ,0.7673 ,0.8161 ,0.8730 ,0.9402 ,1.0203 ,1.1172 ,1.2365 ,1.3865 ,1.5803 ,1.8395 ,2.2023 ,2.7441 ,3.6325 ,5.3088 ,7.7458 ,6.5966 ,5.2831 ,4.1158 ,3.1891 ,2.5438 ,2.1014 ,1.7878 ,1.5567 ,1.3804 ,1.2422 ,1.1312 ,1.0405 ,0.9652 ,0.9019 ,0.8482 ,0.8021 ,0.7623 ,0.7277 ,0.6975 ,0.6711 ,0.6478 ,0.6274 ,0.6093 ,0.5934 ,0.5794 ,0.5671 ,0.5563 ,0.5468 ,0.5386 ,0.5316 ,0.5255 ,0.5204 ,0.5162 ,0.5128 ,0.5100 ,0.5080 ,0.5065 ,0.5054 ,0.5048 ,0.5045 ,0.5044 ,0.5044 ,0.5043 ,0.5040 ,0.5034 ,0.5023 ,0.5005 ,0.4980 ,0.4947 ,0.4905 ,0.4855 ,0.4799 ,0.4737 ,0.4670 ,0.4600 ,0.4529 ,0.4458 ,0.4387 ,0.4318 ,0.4252 ,0.4188 ,0.4128 ,0.4071 ,0.4019 ,0.3970 ,0.3925 ,0.3885 ,0.3848 ,0.3816 ,0.3788 ,0.3763 ,0.3743 ,0.3727 ,0.3715 ,0.3707 ,0.3703 ,0.3704 ,0.3708 ,0.3716 ,0.3728 ,0.3745 ,0.3766 ,0.3791 ,0.3820 ,0.3854 ,0.3893 ,0.3936 ,0.3984 ,0.4037 ,0.4094 ,0.4157 ,0.4226 ,0.4299 ,0.4378 ,0.4462 ,0.4552 ,0.4646 ,0.4746 ,0.4851 ,0.4959 ,0.5071 ,
0.2282 ,0.2827 ,0.3406 ,0.4003 ,0.4607 ,0.5214 ,0.5817 ,0.6412 ,0.6996 ,0.7566 ,0.8119 ,0.8652 ,0.9163 ,0.9649 ,1.0108 ,1.0538 ,1.0936 ,1.1300 ,1.1629 ,1.1921 ,1.2175 ,1.2387 ,1.2558 ,1.2686 ,1.2769 ,1.2807 ,1.2799 ,1.2744 ,1.2641 ,1.2490 ,1.2290 ,1.2042 ,1.1745 ,1.1399 ,1.1005 ,1.0563 ,1.0074 ,0.9539 ,0.8958 ,0.8333 ,0.7666 ,0.6959 ,0.6215 ,0.5437 ,0.4632 ,0.3811 ,0.2995 ,0.2237 ,0.1682 ,0.1621 ,0.2141 ,0.2976 ,0.3951 ,0.4996 ,0.6085 ,0.7205 ,0.8347 ,0.9505 ,1.0676 ,1.1855 ,1.3039 ,1.4225 ,1.5410 ,1.6590 ,1.7762 ,1.8925 ,2.0074 ,2.1207 ,2.2322 ,2.3416 ,2.4485 ,2.5528 ,2.6542 ,2.7524 ,2.8473 ,2.9386 ,3.0260 ,3.1094 ,3.1886 ,3.2633 ,3.3335 ,3.3989 ,3.4594 ,3.5149 ,3.5652 ,3.6102 ,3.6498 ,3.6839 ,3.7125 ,3.7355 ,3.7528 ,3.7645 ,3.7704 ,3.7706 ,3.7652 ,3.7540 ,3.7373 ,3.7150 ,3.6872 ,3.6539 ,3.6154 ,3.5716 ,3.5228 ,3.4690 ,3.4104 ,3.3472 ,3.2795 ,3.2075 ,3.1314 ,3.0515 ,2.9679 ,2.8808 ,2.7905 ,2.6973 ,2.6013 ,2.5028 ,2.4022 ,2.2995 ,2.1952 ,2.0896 ,1.9828 ,1.8751 ,1.7669 ,1.6585 ,1.5501 ,1.4421 ,1.3348 ,1.2285 ,1.1234 ,1.0201 ,0.9189 ,0.8202 ,0.7245 ,0.6326 ,0.5452 ,0.4636 ,0.3898 ,0.3267 ,0.2788 ,0.2515 ,0.2483 ,0.2669 ,0.3003 ,0.3418 ,0.3866 ,0.4319 ,0.4758 ,0.5172 ,0.5555 ,0.5902 ,0.6211 ,0.6478 ,0.6702 ,0.6883 ,0.7019 ,0.7111 ,0.7159 ,0.7162 ,0.7121 ,0.7037 ,0.6911 ,0.6744 ,0.6537 ,0.6291 ,0.6007 ,0.5689 ,0.5337 ,0.4954 ,0.4543 ,0.4108 ,0.3651 ,0.3180 ,0.2702 ,0.2234 ,0.1803 ,0.1468 ,0.1326 ,0.1453 ,0.1804 ,0.2282 ,
0.5063 ,0.4975 ,0.4893 ,0.4816 ,0.4744 ,0.4677 ,0.4615 ,0.4558 ,0.4506 ,0.4458 ,0.4415 ,0.4375 ,0.4340 ,0.4309 ,0.4282 ,0.4259 ,0.4238 ,0.4222 ,0.4208 ,0.4198 ,0.4190 ,0.4185 ,0.4183 ,0.4183 ,0.4185 ,0.4189 ,0.4196 ,0.4204 ,0.4213 ,0.4225 ,0.4237 ,0.4251 ,0.4266 ,0.4282 ,0.4299 ,0.4318 ,0.4337 ,0.4357 ,0.4378 ,0.4399 ,0.4422 ,0.4445 ,0.4469 ,0.4494 ,0.4520 ,0.4547 ,0.4575 ,0.4604 ,0.4635 ,0.4666 ,0.4700 ,0.4734 ,0.4771 ,0.4809 ,0.4850 ,0.4893 ,0.4939 ,0.4989 ,0.5042 ,0.5099 ,0.5160 ,0.5227 ,0.5299 ,0.5378 ,0.5464 ,0.5559 ,0.5662 ,0.5777 ,0.5903 ,0.6043 ,0.6199 ,0.6372 ,0.6565 ,0.6782 ,0.7025 ,0.7301 ,0.7613 ,0.7970 ,0.8379 ,0.8852 ,0.9403 ,1.0052 ,1.0822 ,1.1749 ,1.2881 ,1.4286 ,1.6060 ,1.8326 ,2.1169 ,2.4211 ,2.6317 ,2.7392 ,2.7896 ,2.7910 ,2.7270 ,2.5721 ,2.3249 ,2.0369 ,1.7678 ,1.5420 ,1.3590 ,1.2114 ,1.0913 ,0.9925 ,0.9102 ,0.8410 ,0.7821 ,0.7316 ,0.6879 ,0.6499 ,0.6166 ,0.5873 ,0.5614 ,0.5385 ,0.5181 ,0.4999 ,0.4837 ,0.4692 ,0.4563 ,0.4447 ,0.4345 ,0.4253 ,0.4173 ,0.4102 ,0.4040 ,0.3987 ,0.3942 ,0.3904 ,0.3874 ,0.3850 ,0.3834 ,0.3824 ,0.3820 ,0.3823 ,0.3832 ,0.3848 ,0.3870 ,0.3899 ,0.3935 ,0.3977 ,0.4028 ,0.4085 ,0.4151 ,0.4225 ,0.4308 ,0.4401 ,0.4503 ,0.4617 ,0.4741 ,0.4878 ,0.5028 ,0.5191 ,0.5367 ,0.5557 ,0.5759 ,0.5972 ,0.6189 ,0.6404 ,0.6604 ,0.6773 ,0.6895 ,0.6960 ,0.6966 ,0.6924 ,0.6845 ,0.6740 ,0.6620 ,0.6490 ,0.6356 ,0.6220 ,0.6085 ,0.5953 ,0.5825 ,0.5701 ,0.5581 ,0.5467 ,0.5358 ,0.5254 ,0.5156 ,0.5063 ,
0.3963 ,0.3673 ,0.3358 ,0.3023 ,0.2675 ,0.2326 ,0.1996 ,0.1717 ,0.1542 ,0.1530 ,0.1703 ,0.2026 ,0.2451 ,0.2939 ,0.3468 ,0.4022 ,0.4594 ,0.5177 ,0.5765 ,0.6355 ,0.6942 ,0.7524 ,0.8098 ,0.8661 ,0.9209 ,0.9742 ,1.0255 ,1.0748 ,1.1216 ,1.1660 ,1.2075 ,1.2460 ,1.2814 ,1.3134 ,1.3420 ,1.3668 ,1.3877 ,1.4047 ,1.4176 ,1.4263 ,1.4306 ,1.4305 ,1.4260 ,1.4168 ,1.4030 ,1.3846 ,1.3615 ,1.3337 ,1.3012 ,1.2640 ,1.2221 ,1.1756 ,1.1246 ,1.0691 ,1.0091 ,0.9449 ,0.8765 ,0.8041 ,0.7277 ,0.6476 ,0.5641 ,0.4774 ,0.3879 ,0.2966 ,0.2053 ,0.1220 ,0.0885 ,0.1501 ,0.2457 ,0.3501 ,0.4585 ,0.5693 ,0.6819 ,0.7956 ,0.9103 ,1.0255 ,1.1410 ,1.2564 ,1.3715 ,1.4861 ,1.5998 ,1.7123 ,1.8235 ,1.9331 ,2.0408 ,2.1463 ,2.2494 ,2.3499 ,2.4476 ,2.5422 ,2.6335 ,2.7213 ,2.8053 ,2.8855 ,2.9616 ,3.0335 ,3.1009 ,3.1638 ,3.2220 ,3.2754 ,3.3239 ,3.3673 ,3.4056 ,3.4387 ,3.4665 ,3.4890 ,3.5062 ,3.5180 ,3.5245 ,3.5255 ,3.5212 ,3.5116 ,3.4968 ,3.4767 ,3.4514 ,3.4212 ,3.3859 ,3.3458 ,3.3010 ,3.2516 ,3.1978 ,3.1396 ,3.0774 ,3.0112 ,2.9412 ,2.8677 ,2.7909 ,2.7109 ,2.6281 ,2.5425 ,2.4545 ,2.3643 ,2.2721 ,2.1783 ,2.0830 ,1.9865 ,1.8891 ,1.7911 ,1.6927 ,1.5942 ,1.4959 ,1.3980 ,1.3010 ,1.2050 ,1.1104 ,1.0174 ,0.9266 ,0.8381 ,0.7524 ,0.6701 ,0.5916 ,0.5179 ,0.4498 ,0.3887 ,0.3365 ,0.2957 ,0.2688 ,0.2574 ,0.2608 ,0.2761 ,0.2991 ,0.3262 ,0.3548 ,0.3831 ,0.4097 ,0.4340 ,0.4553 ,0.4732 ,0.4877 ,0.4984 ,0.5052 ,0.5082 ,0.5072 ,0.5024 ,0.4937 ,0.4812 ,0.4651 ,0.4455 ,0.4224 ,0.3963 ,
0.3984 ,0.4039 ,0.4099 ,0.4162 ,0.4228 ,0.4295 ,0.4362 ,0.4426 ,0.4484 ,0.4534 ,0.4572 ,0.4594 ,0.4601 ,0.4591 ,0.4568 ,0.4532 ,0.4489 ,0.4440 ,0.4388 ,0.4335 ,0.4282 ,0.4230 ,0.4181 ,0.4134 ,0.4090 ,0.4050 ,0.4013 ,0.3979 ,0.3949 ,0.3922 ,0.3899 ,0.3880 ,0.3864 ,0.3851 ,0.3841 ,0.3835 ,0.3833 ,0.3833 ,0.3837 ,0.3844 ,0.3854 ,0.3868 ,0.3885 ,0.3905 ,0.3928 ,0.3955 ,0.3986 ,0.4020 ,0.4057 ,0.4099 ,0.4144 ,0.4193 ,0.4247 ,0.4306 ,0.4369 ,0.4437 ,0.4511 ,0.4590 ,0.4676 ,0.4769 ,0.4868 ,0.4975 ,0.5091 ,0.5216 ,0.5350 ,0.5495 ,0.5651 ,0.5820 ,0.6003 ,0.6201 ,0.6414 ,0.6646 ,0.6897 ,0.7169 ,0.7464 ,0.7784 ,0.8132 ,0.8509 ,0.8919 ,0.9364 ,0.9848 ,1.0371 ,1.0938 ,1.1550 ,1.2210 ,1.2917 ,1.3672 ,1.4474 ,1.5318 ,1.6200 ,1.7111 ,1.8041 ,1.8978 ,1.9906 ,2.0810 ,2.1675 ,2.2486 ,2.3235 ,2.3916 ,2.4530 ,2.5082 ,2.5577 ,2.6002 ,2.6229 ,2.5891 ,2.5108 ,2.4225 ,2.3335 ,2.2461 ,2.1610 ,2.0786 ,1.9991 ,1.9228 ,1.8497 ,1.7800 ,1.7137 ,1.6509 ,1.5914 ,1.5353 ,1.4823 ,1.4323 ,1.3851 ,1.3405 ,1.2982 ,1.2580 ,1.2195 ,1.1823 ,1.1460 ,1.1101 ,1.0742 ,1.0376 ,1.0002 ,0.9617 ,0.9223 ,0.8825 ,0.8429 ,0.8044 ,0.7673 ,0.7322 ,0.6993 ,0.6687 ,0.6403 ,0.6141 ,0.5899 ,0.5677 ,0.5474 ,0.5287 ,0.5115 ,0.4958 ,0.4814 ,0.4682 ,0.4561 ,0.4451 ,0.4351 ,0.4260 ,0.4177 ,0.4102 ,0.4034 ,0.3974 ,0.3920 ,0.3873 ,0.3832 ,0.3796 ,0.3767 ,0.3742 ,0.3723 ,0.3709 ,0.3701 ,0.3697 ,0.3698 ,0.3705 ,0.3716 ,0.3732 ,0.3753 ,0.3779 ,0.3810 ,0.3847 ,0.3888 ,0.3933 ,0.3984 ,
0.7190 ,0.7251 ,0.7277 ,0.7269 ,0.7228 ,0.7154 ,0.7049 ,0.6912 ,0.6746 ,0.6550 ,0.6327 ,0.6077 ,0.5802 ,0.5503 ,0.5182 ,0.4840 ,0.4480 ,0.4101 ,0.3708 ,0.3301 ,0.2882 ,0.2454 ,0.2021 ,0.1586 ,0.1157 ,0.0758 ,0.0480 ,0.0557 ,0.0900 ,0.1312 ,0.1739 ,0.2167 ,0.2590 ,0.3005 ,0.3408 ,0.3799 ,0.4174 ,0.4532 ,0.4872 ,0.5192 ,0.5492 ,0.5769 ,0.6024 ,0.6254 ,0.6459 ,0.6639 ,0.6794 ,0.6922 ,0.7024 ,0.7100 ,0.7150 ,0.7176 ,0.7177 ,0.7156 ,0.7114 ,0.7052 ,0.6975 ,0.6885 ,0.6787 ,0.6684 ,0.6583 ,0.6489 ,0.6411 ,0.6355 ,0.6330 ,0.6345 ,0.6405 ,0.6519 ,0.6690 ,0.6921 ,0.7214 ,0.7567 ,0.7977 ,0.8441 ,0.8954 ,0.9511 ,1.0108 ,1.0741 ,1.1403 ,1.2092 ,1.2803 ,1.3532 ,1.4276 ,1.5031 ,1.5794 ,1.6563 ,1.7333 ,1.8102 ,1.8868 ,1.9628 ,2.0380 ,2.1120 ,2.1847 ,2.2558 ,2.3252 ,2.3926 ,2.4577 ,2.5205 ,2.5808 ,2.6382 ,2.6928 ,2.7443 ,2.7926 ,2.8375 ,2.8790 ,2.9168 ,2.9509 ,2.9811 ,3.0075 ,3.0299 ,3.0481 ,3.0623 ,3.0723 ,3.0781 ,3.0796 ,3.0769 ,3.0700 ,3.0588 ,3.0433 ,3.0237 ,2.9999 ,2.9720 ,2.9400 ,2.9040 ,2.8642 ,2.8205 ,2.7732 ,2.7222 ,2.6678 ,2.6100 ,2.5490 ,2.4850 ,2.4180 ,2.3483 ,2.2760 ,2.2012 ,2.1243 ,2.0453 ,1.9644 ,1.8819 ,1.7979 ,1.7127 ,1.6264 ,1.5393 ,1.4515 ,1.3634 ,1.2751 ,1.1868 ,1.0988 ,1.0114 ,0.9247 ,0.8391 ,0.7549 ,0.6723 ,0.5919 ,0.5140 ,0.4394 ,0.3692 ,0.3050 ,0.2498 ,0.2085 ,0.1875 ,0.1910 ,0.2152 ,0.2521 ,0.2950 ,0.3401 ,0.3852 ,0.4289 ,0.4707 ,0.5099 ,0.5463 ,0.5797 ,0.6098 ,0.6366 ,0.6600 ,0.6800 ,0.6965 ,0.7095 ,0.7190 ,
0.4892 ,0.5021 ,0.5048 ,0.4904 ,0.4764 ,0.4638 ,0.4525 ,0.4425 ,0.4336 ,0.4258 ,0.4190 ,0.4131 ,0.4081 ,0.4039 ,0.4005 ,0.3979 ,0.3960 ,0.3948 ,0.3944 ,0.3946 ,0.3955 ,0.3971 ,0.3994 ,0.4024 ,0.4062 ,0.4107 ,0.4160 ,0.4221 ,0.4291 ,0.4370 ,0.4459 ,0.4558 ,0.4668 ,0.4790 ,0.4924 ,0.5072 ,0.5235 ,0.5413 ,0.5609 ,0.5823 ,0.6057 ,0.6313 ,0.6591 ,0.6894 ,0.7223 ,0.7577 ,0.7959 ,0.8367 ,0.8801 ,0.9255 ,0.9723 ,1.0188 ,1.0610 ,1.0858 ,1.0752 ,1.0430 ,1.0058 ,0.9684 ,0.9324 ,0.8982 ,0.8660 ,0.8360 ,0.8081 ,0.7824 ,0.7588 ,0.7371 ,0.7175 ,0.6997 ,0.6838 ,0.6695 ,0.6570 ,0.6461 ,0.6367 ,0.6288 ,0.6223 ,0.6173 ,0.6136 ,0.6113 ,0.6104 ,0.6109 ,0.6127 ,0.6160 ,0.6208 ,0.6271 ,0.6350 ,0.6446 ,0.6560 ,0.6693 ,0.6848 ,0.7026 ,0.7230 ,0.7462 ,0.7725 ,0.8024 ,0.8362 ,0.8744 ,0.9172 ,0.9646 ,1.0153 ,1.0653 ,1.1100 ,1.1506 ,1.1910 ,1.2337 ,1.2797 ,1.3295 ,1.3828 ,1.4388 ,1.4955 ,1.5501 ,1.5979 ,1.6337 ,1.6516 ,1.6478 ,1.6217 ,1.5765 ,1.5177 ,1.4516 ,1.3835 ,1.3170 ,1.2545 ,1.1970 ,1.1451 ,1.0985 ,1.0571 ,1.0202 ,0.9872 ,0.9567 ,0.9264 ,0.8921 ,0.8515 ,0.8083 ,0.7665 ,0.7279 ,0.6928 ,0.6609 ,0.6322 ,0.6061 ,0.5826 ,0.5612 ,0.5419 ,0.5243 ,0.5084 ,0.4939 ,0.4807 ,0.4688 ,0.4579 ,0.4481 ,0.4393 ,0.4313 ,0.4241 ,0.4177 ,0.4121 ,0.4071 ,0.4028 ,0.3991 ,0.3960 ,0.3935 ,0.3916 ,0.3902 ,0.3894 ,0.3891 ,0.3893 ,0.3901 ,0.3914 ,0.3933 ,0.3957 ,0.3987 ,0.4023 ,0.4065 ,0.4113 ,0.4168 ,0.4229 ,0.4298 ,0.4375 ,0.4460 ,0.4554 ,0.4657 ,0.4770 ,0.4892 ,
0.7505 ,0.7777 ,0.8023 ,0.8240 ,0.8428 ,0.8584 ,0.8707 ,0.8795 ,0.8846 ,0.8861 ,0.8837 ,0.8774 ,0.8672 ,0.8529 ,0.8346 ,0.8122 ,0.7857 ,0.7551 ,0.7204 ,0.6817 ,0.6390 ,0.5925 ,0.5422 ,0.4884 ,0.4312 ,0.3712 ,0.3089 ,0.2457 ,0.1848 ,0.1354 ,0.1197 ,0.1538 ,0.2184 ,0.2962 ,0.3808 ,0.4698 ,0.5620 ,0.6567 ,0.7534 ,0.8518 ,0.9516 ,1.0525 ,1.1541 ,1.2564 ,1.3589 ,1.4614 ,1.5638 ,1.6656 ,1.7668 ,1.8670 ,1.9660 ,2.0635 ,2.1594 ,2.2533 ,2.3452 ,2.4346 ,2.5215 ,2.6055 ,2.6866 ,2.7645 ,2.8390 ,2.9099 ,2.9771 ,3.0403 ,3.0995 ,3.1545 ,3.2052 ,3.2514 ,3.2930 ,3.3299 ,3.3621 ,3.3893 ,3.4117 ,3.4291 ,3.4415 ,3.4489 ,3.4512 ,3.4484 ,3.4406 ,3.4278 ,3.4099 ,3.3871 ,3.3594 ,3.3269 ,3.2897 ,3.2478 ,3.2014 ,3.1505 ,3.0953 ,3.0360 ,2.9727 ,2.9056 ,2.8347 ,2.7604 ,2.6827 ,2.6020 ,2.5183 ,2.4318 ,2.3429 ,2.2517 ,2.1584 ,2.0633 ,1.9665 ,1.8685 ,1.7692 ,1.6691 ,1.5684 ,1.4672 ,1.3659 ,1.2647 ,1.1638 ,1.0634 ,0.9639 ,0.8654 ,0.7683 ,0.6726 ,0.5788 ,0.4870 ,0.3977 ,0.3112 ,0.2285 ,0.1514 ,0.0880 ,0.0728 ,0.1190 ,0.1815 ,0.2452 ,0.3070 ,0.3659 ,0.4215 ,0.4735 ,0.5218 ,0.5662 ,0.6066 ,0.6430 ,0.6753 ,0.7036 ,0.7278 ,0.7479 ,0.7639 ,0.7760 ,0.7840 ,0.7882 ,0.7886 ,0.7852 ,0.7782 ,0.7678 ,0.7540 ,0.7371 ,0.7172 ,0.6945 ,0.6693 ,0.6419 ,0.6124 ,0.5814 ,0.5492 ,0.5162 ,0.4830 ,0.4505 ,0.4193 ,0.3905 ,0.3655 ,0.3455 ,0.3320 ,0.3261 ,0.3285 ,0.3390 ,0.3568 ,0.3808 ,0.4096 ,0.4418 ,0.4764 ,0.5123 ,0.5488 ,0.5853 ,0.6212 ,0.6560 ,0.6894 ,0.7210 ,0.7505 ,
0.6044 ,0.6291 ,0.6553 ,0.6827 ,0.7104 ,0.7370 ,0.7605 ,0.7787 ,0.7895 ,0.7924 ,0.7880 ,0.7779 ,0.7637 ,0.7469 ,0.7284 ,0.7091 ,0.6894 ,0.6698 ,0.6506 ,0.6318 ,0.6138 ,0.5965 ,0.5800 ,0.5645 ,0.5498 ,0.5360 ,0.5232 ,0.5113 ,0.5002 ,0.4901 ,0.4808 ,0.4724 ,0.4648 ,0.4580 ,0.4520 ,0.4468 ,0.4423 ,0.4386 ,0.4356 ,0.4334 ,0.4319 ,0.4311 ,0.4311 ,0.4318 ,0.4333 ,0.4356 ,0.4387 ,0.4427 ,0.4476 ,0.4534 ,0.4602 ,0.4681 ,0.4772 ,0.4876 ,0.4993 ,0.5127 ,0.5277 ,0.5447 ,0.5638 ,0.5854 ,0.6099 ,0.6377 ,0.6693 ,0.7055 ,0.7471 ,0.7954 ,0.8517 ,0.9182 ,0.9974 ,1.0934 ,1.2114 ,1.3597 ,1.5512 ,1.8070 ,2.1647 ,2.6978 ,3.5700 ,5.1881 ,5.9780 ,4.8146 ,3.9491 ,3.2954 ,2.7717 ,2.3431 ,2.0003 ,1.7326 ,1.5242 ,1.3603 ,1.2292 ,1.1226 ,1.0346 ,0.9611 ,0.8988 ,0.8455 ,0.7996 ,0.7597 ,0.7248 ,0.6940 ,0.6668 ,0.6427 ,0.6211 ,0.6018 ,0.5845 ,0.5690 ,0.5549 ,0.5422 ,0.5307 ,0.5204 ,0.5109 ,0.5024 ,0.4947 ,0.4876 ,0.4812 ,0.4754 ,0.4702 ,0.4654 ,0.4611 ,0.4571 ,0.4535 ,0.4503 ,0.4473 ,0.4446 ,0.4421 ,0.4397 ,0.4376 ,0.4355 ,0.4336 ,0.4317 ,0.4299 ,0.4281 ,0.4263 ,0.4245 ,0.4226 ,0.4207 ,0.4187 ,0.4166 ,0.4144 ,0.4122 ,0.4099 ,0.4076 ,0.4052 ,0.4028 ,0.4004 ,0.3981 ,0.3958 ,0.3937 ,0.3916 ,0.3898 ,0.3881 ,0.3866 ,0.3854 ,0.3844 ,0.3838 ,0.3835 ,0.3835 ,0.3839 ,0.3847 ,0.3860 ,0.3877 ,0.3899 ,0.3925 ,0.3958 ,0.3996 ,0.4039 ,0.4090 ,0.4147 ,0.4212 ,0.4284 ,0.4365 ,0.4455 ,0.4555 ,0.4665 ,0.4787 ,0.4921 ,0.5069 ,0.5231 ,0.5409 ,0.5603 ,0.5814 ,0.6044 ,
0.8800 ,0.9232 ,0.9634 ,1.0003 ,1.0339 ,1.0638 ,1.0900 ,1.1122 ,1.1304 ,1.1444 ,1.1541 ,1.1594 ,1.1602 ,1.1564 ,1.1480 ,1.1349 ,1.1171 ,1.0945 ,1.0673 ,1.0353 ,0.9986 ,0.9573 ,0.9114 ,0.8611 ,0.8064 ,0.7476 ,0.6849 ,0.6185 ,0.5489 ,0.4767 ,0.4030 ,0.3297 ,0.2611 ,0.2067 ,0.1849 ,0.2105 ,0.2736 ,0.3567 ,0.4505 ,0.5506 ,0.6550 ,0.7624 ,0.8720 ,0.9834 ,1.0961 ,1.2097 ,1.3238 ,1.4381 ,1.5523 ,1.6661 ,1.7793 ,1.8914 ,2.0023 ,2.1116 ,2.2191 ,2.3245 ,2.4276 ,2.5281 ,2.6258 ,2.7204 ,2.8117 ,2.8994 ,2.9834 ,3.0634 ,3.1393 ,3.2109 ,3.2779 ,3.3403 ,3.3979 ,3.4505 ,3.4980 ,3.5404 ,3.5774 ,3.6090 ,3.6352 ,3.6559 ,3.6710 ,3.6806 ,3.6845 ,3.6828 ,3.6755 ,3.6626 ,3.6442 ,3.6204 ,3.5911 ,3.5564 ,3.5166 ,3.4716 ,3.4215 ,3.3666 ,3.3070 ,3.2428 ,3.1742 ,3.1013 ,3.0245 ,2.9437 ,2.8593 ,2.7716 ,2.6806 ,2.5866 ,2.4900 ,2.3908 ,2.2895 ,2.1861 ,2.0811 ,1.9746 ,1.8669 ,1.7583 ,1.6491 ,1.5395 ,1.4298 ,1.3203 ,1.2112 ,1.1029 ,0.9955 ,0.8893 ,0.7847 ,0.6818 ,0.5810 ,0.4824 ,0.3865 ,0.2937 ,0.2046 ,0.1215 ,0.0577 ,0.0766 ,0.1439 ,0.2146 ,0.2832 ,0.3484 ,0.4098 ,0.4671 ,0.5201 ,0.5687 ,0.6128 ,0.6523 ,0.6873 ,0.7176 ,0.7432 ,0.7641 ,0.7804 ,0.7920 ,0.7990 ,0.8014 ,0.7993 ,0.7928 ,0.7820 ,0.7669 ,0.7478 ,0.7247 ,0.6978 ,0.6672 ,0.6331 ,0.5958 ,0.5554 ,0.5123 ,0.4665 ,0.4185 ,0.3687 ,0.3176 ,0.2661 ,0.2153 ,0.1682 ,0.1310 ,0.1157 ,0.1315 ,0.1706 ,0.2212 ,0.2770 ,0.3351 ,0.3941 ,0.4532 ,0.5119 ,0.5697 ,0.6262 ,0.6812 ,0.7343 ,0.7853 ,0.8339 ,0.8800 ,
0.7824 ,0.8131 ,0.8205 ,0.8121 ,0.7976 ,0.7807 ,0.7630 ,0.7450 ,0.7271 ,0.7094 ,0.6920 ,0.6750 ,0.6585 ,0.6424 ,0.6269 ,0.6119 ,0.5974 ,0.5834 ,0.5700 ,0.5571 ,0.5448 ,0.5330 ,0.5218 ,0.5112 ,0.5012 ,0.4918 ,0.4830 ,0.4749 ,0.4673 ,0.4603 ,0.4540 ,0.4484 ,0.4433 ,0.4389 ,0.4351 ,0.4320 ,0.4295 ,0.4277 ,0.4265 ,0.4260 ,0.4262 ,0.4270 ,0.4286 ,0.4308 ,0.4339 ,0.4377 ,0.4423 ,0.4479 ,0.4543 ,0.4617 ,0.4701 ,0.4797 ,0.4905 ,0.5027 ,0.5163 ,0.5316 ,0.5486 ,0.5678 ,0.5892 ,0.6132 ,0.6403 ,0.6708 ,0.7054 ,0.7447 ,0.7897 ,0.8415 ,0.9016 ,0.9720 ,1.0553 ,1.1552 ,1.2768 ,1.4277 ,1.6192 ,1.8694 ,2.2088 ,2.6915 ,3.4181 ,4.5362 ,5.4546 ,4.8067 ,4.0045 ,3.3961 ,2.9370 ,2.5757 ,2.2773 ,2.0226 ,1.8047 ,1.6213 ,1.4687 ,1.3420 ,1.2364 ,1.1475 ,1.0721 ,1.0075 ,0.9518 ,0.9034 ,0.8610 ,0.8237 ,0.7907 ,0.7614 ,0.7352 ,0.7118 ,0.6908 ,0.6719 ,0.6549 ,0.6395 ,0.6256 ,0.6129 ,0.6014 ,0.5910 ,0.5815 ,0.5729 ,0.5649 ,0.5577 ,0.5510 ,0.5449 ,0.5392 ,0.5339 ,0.5289 ,0.5242 ,0.5197 ,0.5153 ,0.5109 ,0.5066 ,0.5023 ,0.4978 ,0.4932 ,0.4884 ,0.4835 ,0.4783 ,0.4729 ,0.4673 ,0.4615 ,0.4555 ,0.4495 ,0.4434 ,0.4374 ,0.4314 ,0.4255 ,0.4199 ,0.4145 ,0.4094 ,0.4046 ,0.4002 ,0.3961 ,0.3925 ,0.3894 ,0.3866 ,0.3844 ,0.3826 ,0.3814 ,0.3806 ,0.3804 ,0.3807 ,0.3816 ,0.3830 ,0.3851 ,0.3878 ,0.3912 ,0.3952 ,0.4000 ,0.4056 ,0.4121 ,0.4195 ,0.4278 ,0.4373 ,0.4479 ,0.4599 ,0.4733 ,0.4883 ,0.5051 ,0.5240 ,0.5453 ,0.5691 ,0.5960 ,0.6264 ,0.6605 ,0.6987 ,0.7405 ,0.7824 ,
0.2519 ,0.2956 ,0.3446 ,0.3970 ,0.4512 ,0.5064 ,0.5619 ,0.6171 ,0.6716 ,0.7250 ,0.7770 ,0.8272 ,0.8755 ,0.9216 ,0.9651 ,1.0059 ,1.0438 ,1.0786 ,1.1100 ,1.1379 ,1.1621 ,1.1825 ,1.1989 ,1.2112 ,1.2193 ,1.2231 ,1.2224 ,1.2172 ,1.2075 ,1.1931 ,1.1741 ,1.1504 ,1.1221 ,1.0890 ,1.0513 ,1.0090 ,0.9622 ,0.9109 ,0.8552 ,0.7953 ,0.7313 ,0.6635 ,0.5920 ,0.5174 ,0.4402 ,0.3615 ,0.2835 ,0.2116 ,0.1605 ,0.1585 ,0.2109 ,0.2923 ,0.3866 ,0.4875 ,0.5926 ,0.7007 ,0.8109 ,0.9227 ,1.0358 ,1.1497 ,1.2642 ,1.3788 ,1.4934 ,1.6075 ,1.7210 ,1.8336 ,1.9449 ,2.0547 ,2.1628 ,2.2688 ,2.3726 ,2.4739 ,2.5724 ,2.6679 ,2.7601 ,2.8490 ,2.9341 ,3.0155 ,3.0927 ,3.1658 ,3.2344 ,3.2985 ,3.3578 ,3.4123 ,3.4619 ,3.5063 ,3.5456 ,3.5796 ,3.6082 ,3.6314 ,3.6492 ,3.6615 ,3.6683 ,3.6696 ,3.6654 ,3.6557 ,3.6406 ,3.6201 ,3.5942 ,3.5632 ,3.5269 ,3.4856 ,3.4394 ,3.3884 ,3.3327 ,3.2725 ,3.2080 ,3.1393 ,3.0666 ,2.9901 ,2.9100 ,2.8266 ,2.7400 ,2.6505 ,2.5584 ,2.4637 ,2.3669 ,2.2682 ,2.1678 ,2.0660 ,1.9631 ,1.8594 ,1.7550 ,1.6504 ,1.5458 ,1.4416 ,1.3379 ,1.2351 ,1.1336 ,1.0338 ,0.9359 ,0.8404 ,0.7479 ,0.6589 ,0.5742 ,0.4950 ,0.4228 ,0.3600 ,0.3099 ,0.2768 ,0.2641 ,0.2718 ,0.2955 ,0.3295 ,0.3687 ,0.4099 ,0.4508 ,0.4900 ,0.5268 ,0.5606 ,0.5908 ,0.6173 ,0.6399 ,0.6584 ,0.6727 ,0.6829 ,0.6889 ,0.6907 ,0.6883 ,0.6819 ,0.6715 ,0.6571 ,0.6390 ,0.6173 ,0.5921 ,0.5636 ,0.5321 ,0.4978 ,0.4611 ,0.4224 ,0.3821 ,0.3412 ,0.3005 ,0.2618 ,0.2276 ,0.2020 ,0.1898 ,0.1949 ,0.2169 ,0.2519 ,
0.5758 ,0.5690 ,0.5621 ,0.5553 ,0.5485 ,0.5420 ,0.5358 ,0.5300 ,0.5246 ,0.5198 ,0.5156 ,0.5121 ,0.5091 ,0.5069 ,0.5054 ,0.5045 ,0.5043 ,0.5047 ,0.5056 ,0.5070 ,0.5087 ,0.5105 ,0.5122 ,0.5135 ,0.5143 ,0.5144 ,0.5139 ,0.5127 ,0.5110 ,0.5090 ,0.5068 ,0.5045 ,0.5021 ,0.4997 ,0.4974 ,0.4952 ,0.4931 ,0.4912 ,0.4895 ,0.4880 ,0.4867 ,0.4856 ,0.4848 ,0.4842 ,0.4839 ,0.4839 ,0.4842 ,0.4848 ,0.4857 ,0.4869 ,0.4885 ,0.4904 ,0.4928 ,0.4955 ,0.4986 ,0.5022 ,0.5063 ,0.5109 ,0.5161 ,0.5218 ,0.5281 ,0.5352 ,0.5429 ,0.5515 ,0.5609 ,0.5713 ,0.5828 ,0.5954 ,0.6093 ,0.6247 ,0.6417 ,0.6605 ,0.6815 ,0.7048 ,0.7309 ,0.7601 ,0.7929 ,0.8300 ,0.8722 ,0.9202 ,0.9752 ,1.0385 ,1.1117 ,1.1966 ,1.2952 ,1.4096 ,1.5416 ,1.6929 ,1.8648 ,2.0588 ,2.2765 ,2.5167 ,2.7666 ,2.9756 ,3.0160 ,2.7788 ,2.3982 ,2.0424 ,1.7553 ,1.5302 ,1.3526 ,1.2105 ,1.0950 ,0.9997 ,0.9201 ,0.8528 ,0.7954 ,0.7459 ,0.7030 ,0.6656 ,0.6328 ,0.6039 ,0.5784 ,0.5557 ,0.5356 ,0.5177 ,0.5018 ,0.4876 ,0.4750 ,0.4638 ,0.4539 ,0.4453 ,0.4377 ,0.4311 ,0.4256 ,0.4209 ,0.4171 ,0.4142 ,0.4120 ,0.4106 ,0.4101 ,0.4103 ,0.4112 ,0.4130 ,0.4155 ,0.4189 ,0.4230 ,0.4281 ,0.4340 ,0.4408 ,0.4487 ,0.4575 ,0.4674 ,0.4784 ,0.4904 ,0.5036 ,0.5178 ,0.5328 ,0.5485 ,0.5644 ,0.5799 ,0.5945 ,0.6075 ,0.6185 ,0.6274 ,0.6343 ,0.6394 ,0.6430 ,0.6454 ,0.6468 ,0.6474 ,0.6474 ,0.6467 ,0.6456 ,0.6439 ,0.6419 ,0.6394 ,0.6366 ,0.6334 ,0.6299 ,0.6260 ,0.6217 ,0.6171 ,0.6121 ,0.6068 ,0.6012 ,0.5952 ,0.5890 ,0.5825 ,0.5758 ,
0.6359 ,0.6101 ,0.5809 ,0.5486 ,0.5134 ,0.4757 ,0.4358 ,0.3943 ,0.3517 ,0.3091 ,0.2679 ,0.2304 ,0.2005 ,0.1835 ,0.1842 ,0.2034 ,0.2372 ,0.2805 ,0.3297 ,0.3823 ,0.4369 ,0.4923 ,0.5480 ,0.6034 ,0.6580 ,0.7115 ,0.7634 ,0.8136 ,0.8617 ,0.9075 ,0.9507 ,0.9911 ,1.0285 ,1.0627 ,1.0935 ,1.1207 ,1.1442 ,1.1638 ,1.1793 ,1.1906 ,1.1977 ,1.2003 ,1.1985 ,1.1921 ,1.1811 ,1.1654 ,1.1450 ,1.1198 ,1.0900 ,1.0553 ,1.0160 ,0.9719 ,0.9233 ,0.8700 ,0.8123 ,0.7501 ,0.6837 ,0.6131 ,0.5385 ,0.4601 ,0.3782 ,0.2930 ,0.2056 ,0.1190 ,0.0577 ,0.1075 ,0.2012 ,0.3028 ,0.4080 ,0.5158 ,0.6256 ,0.7372 ,0.8501 ,0.9641 ,1.0790 ,1.1944 ,1.3100 ,1.4257 ,1.5410 ,1.6558 ,1.7698 ,1.8827 ,1.9942 ,2.1041 ,2.2122 ,2.3180 ,2.4215 ,2.5224 ,2.6204 ,2.7153 ,2.8068 ,2.8948 ,2.9791 ,3.0593 ,3.1355 ,3.2073 ,3.2746 ,3.3373 ,3.3951 ,3.4480 ,3.4959 ,3.5386 ,3.5760 ,3.6081 ,3.6347 ,3.6559 ,3.6716 ,3.6817 ,3.6863 ,3.6853 ,3.6787 ,3.6666 ,3.6491 ,3.6261 ,3.5978 ,3.5642 ,3.5254 ,3.4816 ,3.4327 ,3.3791 ,3.3208 ,3.2580 ,3.1908 ,3.1195 ,3.0442 ,2.9651 ,2.8824 ,2.7963 ,2.7072 ,2.6151 ,2.5203 ,2.4231 ,2.3238 ,2.2225 ,2.1195 ,2.0152 ,1.9097 ,1.8034 ,1.6964 ,1.5891 ,1.4818 ,1.3747 ,1.2681 ,1.1623 ,1.0575 ,0.9541 ,0.8522 ,0.7523 ,0.6546 ,0.5596 ,0.4676 ,0.3794 ,0.2961 ,0.2200 ,0.1568 ,0.1213 ,0.1307 ,0.1734 ,0.2281 ,0.2851 ,0.3409 ,0.3941 ,0.4438 ,0.4898 ,0.5317 ,0.5693 ,0.6026 ,0.6315 ,0.6559 ,0.6758 ,0.6912 ,0.7021 ,0.7086 ,0.7106 ,0.7084 ,0.7019 ,0.6913 ,0.6767 ,0.6581 ,0.6359 ,
0.4123 ,0.4120 ,0.4119 ,0.4120 ,0.4123 ,0.4129 ,0.4138 ,0.4149 ,0.4162 ,0.4178 ,0.4196 ,0.4217 ,0.4240 ,0.4266 ,0.4294 ,0.4325 ,0.4357 ,0.4392 ,0.4429 ,0.4468 ,0.4508 ,0.4549 ,0.4591 ,0.4632 ,0.4672 ,0.4709 ,0.4743 ,0.4770 ,0.4789 ,0.4797 ,0.4793 ,0.4777 ,0.4748 ,0.4708 ,0.4661 ,0.4609 ,0.4555 ,0.4502 ,0.4451 ,0.4405 ,0.4363 ,0.4326 ,0.4295 ,0.4270 ,0.4252 ,0.4239 ,0.4233 ,0.4234 ,0.4241 ,0.4254 ,0.4275 ,0.4302 ,0.4336 ,0.4378 ,0.4427 ,0.4484 ,0.4550 ,0.4624 ,0.4707 ,0.4800 ,0.4904 ,0.5019 ,0.5146 ,0.5286 ,0.5441 ,0.5611 ,0.5798 ,0.6004 ,0.6230 ,0.6479 ,0.6754 ,0.7057 ,0.7392 ,0.7762 ,0.8173 ,0.8628 ,0.9135 ,0.9700 ,1.0330 ,1.1033 ,1.1818 ,1.2689 ,1.3646 ,1.4672 ,1.5717 ,1.6680 ,1.7451 ,1.8001 ,1.8384 ,1.8664 ,1.8881 ,1.9064 ,1.9228 ,1.9384 ,1.9541 ,1.9706 ,1.9886 ,2.0087 ,2.0315 ,2.0579 ,2.0885 ,2.1241 ,2.1657 ,2.2143 ,2.2708 ,2.3364 ,2.4121 ,2.4991 ,2.5980 ,2.7087 ,2.8292 ,2.9545 ,3.0731 ,3.1651 ,3.2022 ,3.1599 ,3.0351 ,2.8502 ,2.6363 ,2.4182 ,2.2105 ,2.0198 ,1.8481 ,1.6952 ,1.5597 ,1.4399 ,1.3339 ,1.2401 ,1.1569 ,1.0829 ,1.0170 ,0.9581 ,0.9054 ,0.8581 ,0.8155 ,0.7772 ,0.7426 ,0.7113 ,0.6829 ,0.6572 ,0.6339 ,0.6128 ,0.5935 ,0.5760 ,0.5602 ,0.5458 ,0.5327 ,0.5208 ,0.5101 ,0.5005 ,0.4918 ,0.4839 ,0.4769 ,0.4707 ,0.4652 ,0.4602 ,0.4559 ,0.4521 ,0.4487 ,0.4457 ,0.4430 ,0.4406 ,0.4384 ,0.4363 ,0.4343 ,0.4324 ,0.4305 ,0.4287 ,0.4268 ,0.4250 ,0.4232 ,0.4215 ,0.4199 ,0.4183 ,0.4169 ,0.4156 ,0.4145 ,0.4136 ,0.4128 ,0.4123 ,
0.5978 ,0.6044 ,0.6078 ,0.6082 ,0.6055 ,0.5998 ,0.5913 ,0.5799 ,0.5658 ,0.5491 ,0.5300 ,0.5084 ,0.4847 ,0.4588 ,0.4310 ,0.4015 ,0.3704 ,0.3379 ,0.3043 ,0.2698 ,0.2349 ,0.1999 ,0.1657 ,0.1337 ,0.1066 ,0.0894 ,0.0886 ,0.1044 ,0.1307 ,0.1621 ,0.1958 ,0.2302 ,0.2645 ,0.2983 ,0.3313 ,0.3631 ,0.3935 ,0.4223 ,0.4495 ,0.4747 ,0.4980 ,0.5192 ,0.5382 ,0.5548 ,0.5692 ,0.5812 ,0.5907 ,0.5978 ,0.6025 ,0.6048 ,0.6048 ,0.6026 ,0.5983 ,0.5922 ,0.5845 ,0.5754 ,0.5654 ,0.5549 ,0.5445 ,0.5349 ,0.5267 ,0.5210 ,0.5184 ,0.5201 ,0.5267 ,0.5389 ,0.5573 ,0.5819 ,0.6129 ,0.6498 ,0.6925 ,0.7404 ,0.7930 ,0.8499 ,0.9105 ,0.9745 ,1.0413 ,1.1106 ,1.1820 ,1.2551 ,1.3298 ,1.4055 ,1.4821 ,1.5593 ,1.6368 ,1.7144 ,1.7918 ,1.8687 ,1.9450 ,2.0204 ,2.0947 ,2.1676 ,2.2390 ,2.3088 ,2.3765 ,2.4422 ,2.5056 ,2.5665 ,2.6248 ,2.6803 ,2.7329 ,2.7824 ,2.8286 ,2.8715 ,2.9110 ,2.9469 ,2.9791 ,3.0076 ,3.0322 ,3.0530 ,3.0697 ,3.0825 ,3.0912 ,3.0958 ,3.0963 ,3.0927 ,3.0850 ,3.0732 ,3.0573 ,3.0374 ,3.0135 ,2.9856 ,2.9539 ,2.9183 ,2.8791 ,2.8361 ,2.7897 ,2.7399 ,2.6867 ,2.6303 ,2.5710 ,2.5087 ,2.4436 ,2.3760 ,2.3059 ,2.2336 ,2.1591 ,2.0828 ,2.0047 ,1.9251 ,1.8441 ,1.7620 ,1.6789 ,1.5951 ,1.5107 ,1.4260 ,1.3412 ,1.2564 ,1.1720 ,1.0881 ,1.0051 ,0.9230 ,0.8422 ,0.7630 ,0.6857 ,0.6106 ,0.5383 ,0.4693 ,0.4045 ,0.3452 ,0.2930 ,0.2509 ,0.2223 ,0.2107 ,0.2163 ,0.2358 ,0.2644 ,0.2977 ,0.3329 ,0.3683 ,0.4026 ,0.4352 ,0.4655 ,0.4932 ,0.5182 ,0.5403 ,0.5594 ,0.5753 ,0.5882 ,0.5978 ,
0.4655 ,0.4649 ,0.4604 ,0.4533 ,0.4451 ,0.4365 ,0.4282 ,0.4204 ,0.4133 ,0.4068 ,0.4010 ,0.3960 ,0.3916 ,0.3879 ,0.3849 ,0.3825 ,0.3807 ,0.3796 ,0.3791 ,0.3792 ,0.3799 ,0.3812 ,0.3831 ,0.3856 ,0.3888 ,0.3927 ,0.3972 ,0.4025 ,0.4085 ,0.4153 ,0.4229 ,0.4314 ,0.4408 ,0.4512 ,0.4626 ,0.4752 ,0.4890 ,0.5040 ,0.5205 ,0.5384 ,0.5580 ,0.5792 ,0.6022 ,0.6271 ,0.6538 ,0.6825 ,0.7129 ,0.7449 ,0.7779 ,0.8112 ,0.8435 ,0.8731 ,0.8978 ,0.9158 ,0.9263 ,0.9296 ,0.9270 ,0.9199 ,0.9096 ,0.8971 ,0.8830 ,0.8681 ,0.8526 ,0.8370 ,0.8215 ,0.8065 ,0.7921 ,0.7785 ,0.7659 ,0.7542 ,0.7437 ,0.7344 ,0.7264 ,0.7197 ,0.7143 ,0.7103 ,0.7076 ,0.7065 ,0.7068 ,0.7086 ,0.7120 ,0.7171 ,0.7238 ,0.7325 ,0.7430 ,0.7556 ,0.7705 ,0.7877 ,0.8076 ,0.8303 ,0.8560 ,0.8848 ,0.9169 ,0.9518 ,0.9883 ,1.0241 ,1.0569 ,1.0866 ,1.1150 ,1.1443 ,1.1759 ,1.2109 ,1.2500 ,1.2934 ,1.3415 ,1.3941 ,1.4505 ,1.5092 ,1.5675 ,1.6210 ,1.6637 ,1.6892 ,1.6921 ,1.6708 ,1.6279 ,1.5695 ,1.5026 ,1.4329 ,1.3647 ,1.3005 ,1.2414 ,1.1879 ,1.1400 ,1.0974 ,1.0595 ,1.0256 ,0.9945 ,0.9637 ,0.9282 ,0.8841 ,0.8360 ,0.7895 ,0.7468 ,0.7082 ,0.6735 ,0.6422 ,0.6141 ,0.5887 ,0.5658 ,0.5451 ,0.5264 ,0.5094 ,0.4940 ,0.4801 ,0.4674 ,0.4560 ,0.4456 ,0.4363 ,0.4278 ,0.4203 ,0.4135 ,0.4075 ,0.4022 ,0.3976 ,0.3937 ,0.3904 ,0.3876 ,0.3855 ,0.3839 ,0.3829 ,0.3824 ,0.3824 ,0.3830 ,0.3841 ,0.3858 ,0.3880 ,0.3908 ,0.3942 ,0.3981 ,0.4026 ,0.4076 ,0.4133 ,0.4196 ,0.4264 ,0.4337 ,0.4413 ,0.4490 ,0.4563 ,0.4622 ,0.4655 ,
0.6936 ,0.7195 ,0.7428 ,0.7633 ,0.7807 ,0.7950 ,0.8061 ,0.8137 ,0.8178 ,0.8183 ,0.8150 ,0.8080 ,0.7971 ,0.7823 ,0.7635 ,0.7408 ,0.7140 ,0.6834 ,0.6487 ,0.6101 ,0.5676 ,0.5214 ,0.4714 ,0.4179 ,0.3611 ,0.3013 ,0.2393 ,0.1765 ,0.1182 ,0.0842 ,0.1093 ,0.1728 ,0.2494 ,0.3320 ,0.4183 ,0.5076 ,0.5993 ,0.6930 ,0.7885 ,0.8855 ,0.9837 ,1.0829 ,1.1829 ,1.2834 ,1.3841 ,1.4849 ,1.5855 ,1.6857 ,1.7852 ,1.8837 ,1.9812 ,2.0773 ,2.1717 ,2.2644 ,2.3550 ,2.4434 ,2.5292 ,2.6125 ,2.6928 ,2.7701 ,2.8441 ,2.9147 ,2.9817 ,3.0449 ,3.1042 ,3.1595 ,3.2106 ,3.2574 ,3.2997 ,3.3375 ,3.3708 ,3.3993 ,3.4231 ,3.4420 ,3.4561 ,3.4654 ,3.4697 ,3.4691 ,3.4636 ,3.4532 ,3.4379 ,3.4179 ,3.3930 ,3.3635 ,3.3293 ,3.2906 ,3.2475 ,3.2001 ,3.1484 ,3.0927 ,3.0330 ,2.9695 ,2.9025 ,2.8319 ,2.7581 ,2.6812 ,2.6014 ,2.5189 ,2.4339 ,2.3466 ,2.2572 ,2.1660 ,2.0731 ,1.9789 ,1.8834 ,1.7871 ,1.6900 ,1.5925 ,1.4947 ,1.3969 ,1.2994 ,1.2024 ,1.1062 ,1.0109 ,0.9168 ,0.8243 ,0.7334 ,0.6447 ,0.5583 ,0.4747 ,0.3945 ,0.3186 ,0.2486 ,0.1879 ,0.1440 ,0.1298 ,0.1493 ,0.1890 ,0.2363 ,0.2852 ,0.3331 ,0.3788 ,0.4216 ,0.4611 ,0.4972 ,0.5296 ,0.5583 ,0.5833 ,0.6044 ,0.6217 ,0.6351 ,0.6448 ,0.6508 ,0.6531 ,0.6518 ,0.6470 ,0.6388 ,0.6273 ,0.6127 ,0.5951 ,0.5748 ,0.5519 ,0.5266 ,0.4992 ,0.4701 ,0.4395 ,0.4080 ,0.3760 ,0.3444 ,0.3140 ,0.2860 ,0.2620 ,0.2440 ,0.2339 ,0.2332 ,0.2422 ,0.2599 ,0.2847 ,0.3147 ,0.3482 ,0.3840 ,0.4210 ,0.4584 ,0.4957 ,0.5324 ,0.5680 ,0.6022 ,0.6348 ,0.6653 ,0.6936 ,
0.3973 ,0.4041 ,0.4117 ,0.4202 ,0.4295 ,0.4397 ,0.4510 ,0.4633 ,0.4769 ,0.4917 ,0.5079 ,0.5256 ,0.5449 ,0.5660 ,0.5890 ,0.6141 ,0.6414 ,0.6709 ,0.7027 ,0.7367 ,0.7724 ,0.8092 ,0.8457 ,0.8801 ,0.9096 ,0.9313 ,0.9428 ,0.9434 ,0.9342 ,0.9177 ,0.8965 ,0.8726 ,0.8479 ,0.8233 ,0.7996 ,0.7773 ,0.7564 ,0.7373 ,0.7198 ,0.7041 ,0.6900 ,0.6775 ,0.6667 ,0.6573 ,0.6495 ,0.6431 ,0.6382 ,0.6347 ,0.6327 ,0.6320 ,0.6329 ,0.6352 ,0.6392 ,0.6447 ,0.6520 ,0.6612 ,0.6724 ,0.6857 ,0.7016 ,0.7201 ,0.7418 ,0.7670 ,0.7963 ,0.8304 ,0.8702 ,0.9168 ,0.9719 ,1.0373 ,1.1160 ,1.2117 ,1.3301 ,1.4792 ,1.6718 ,1.9279 ,2.2807 ,2.7843 ,3.5047 ,4.3244 ,4.5271 ,4.0707 ,3.5111 ,3.0091 ,2.5632 ,2.1651 ,1.8343 ,1.5758 ,1.3758 ,1.2191 ,1.0940 ,0.9924 ,0.9086 ,0.8384 ,0.7791 ,0.7283 ,0.6845 ,0.6465 ,0.6132 ,0.5840 ,0.5581 ,0.5353 ,0.5149 ,0.4968 ,0.4806 ,0.4662 ,0.4533 ,0.4417 ,0.4315 ,0.4223 ,0.4142 ,0.4070 ,0.4007 ,0.3953 ,0.3906 ,0.3866 ,0.3834 ,0.3808 ,0.3788 ,0.3775 ,0.3767 ,0.3766 ,0.3770 ,0.3781 ,0.3797 ,0.3819 ,0.3847 ,0.3881 ,0.3922 ,0.3968 ,0.4022 ,0.4082 ,0.4149 ,0.4224 ,0.4306 ,0.4396 ,0.4493 ,0.4598 ,0.4711 ,0.4829 ,0.4952 ,0.5075 ,0.5191 ,0.5289 ,0.5354 ,0.5370 ,0.5330 ,0.5244 ,0.5129 ,0.5000 ,0.4867 ,0.4737 ,0.4613 ,0.4496 ,0.4388 ,0.4288 ,0.4197 ,0.4113 ,0.4038 ,0.3970 ,0.3909 ,0.3855 ,0.3807 ,0.3766 ,0.3731 ,0.3701 ,0.3677 ,0.3659 ,0.3646 ,0.3638 ,0.3635 ,0.3638 ,0.3646 ,0.3660 ,0.3678 ,0.3702 ,0.3732 ,0.3768 ,0.3809 ,0.3857 ,0.3912 ,0.3973 ,
0.8417 ,0.8862 ,0.9276 ,0.9659 ,1.0008 ,1.0321 ,1.0596 ,1.0833 ,1.1030 ,1.1185 ,1.1298 ,1.1367 ,1.1391 ,1.1369 ,1.1302 ,1.1188 ,1.1027 ,1.0819 ,1.0564 ,1.0263 ,0.9915 ,0.9522 ,0.9083 ,0.8602 ,0.8078 ,0.7514 ,0.6913 ,0.6278 ,0.5616 ,0.4935 ,0.4247 ,0.3579 ,0.2975 ,0.2522 ,0.2351 ,0.2554 ,0.3085 ,0.3830 ,0.4703 ,0.5656 ,0.6663 ,0.7708 ,0.8782 ,0.9877 ,1.0988 ,1.2111 ,1.3241 ,1.4376 ,1.5510 ,1.6643 ,1.7769 ,1.8887 ,1.9993 ,2.1085 ,2.2159 ,2.3213 ,2.4245 ,2.5251 ,2.6230 ,2.7178 ,2.8094 ,2.8976 ,2.9820 ,3.0625 ,3.1389 ,3.2110 ,3.2787 ,3.3417 ,3.3999 ,3.4532 ,3.5014 ,3.5445 ,3.5823 ,3.6147 ,3.6416 ,3.6630 ,3.6789 ,3.6892 ,3.6939 ,3.6929 ,3.6864 ,3.6742 ,3.6565 ,3.6333 ,3.6047 ,3.5706 ,3.5314 ,3.4869 ,3.4374 ,3.3830 ,3.3238 ,3.2600 ,3.1918 ,3.1192 ,3.0426 ,2.9621 ,2.8779 ,2.7902 ,2.6993 ,2.6053 ,2.5086 ,2.4094 ,2.3078 ,2.2043 ,2.0990 ,1.9922 ,1.8841 ,1.7751 ,1.6655 ,1.5554 ,1.4451 ,1.3351 ,1.2254 ,1.1164 ,1.0084 ,0.9016 ,0.7964 ,0.6930 ,0.5917 ,0.4930 ,0.3973 ,0.3054 ,0.2188 ,0.1422 ,0.0931 ,0.1073 ,0.1645 ,0.2313 ,0.2985 ,0.3634 ,0.4250 ,0.4829 ,0.5367 ,0.5862 ,0.6314 ,0.6720 ,0.7080 ,0.7395 ,0.7662 ,0.7883 ,0.8057 ,0.8184 ,0.8265 ,0.8299 ,0.8289 ,0.8233 ,0.8134 ,0.7993 ,0.7809 ,0.7585 ,0.7323 ,0.7023 ,0.6687 ,0.6317 ,0.5915 ,0.5484 ,0.5025 ,0.4541 ,0.4035 ,0.3510 ,0.2972 ,0.2427 ,0.1887 ,0.1382 ,0.0993 ,0.0909 ,0.1207 ,0.1701 ,0.2265 ,0.2857 ,0.3459 ,0.4062 ,0.4659 ,0.5248 ,0.5824 ,0.6384 ,0.6926 ,0.7447 ,0.7945 ,0.8417 ,
0.4649 ,0.4773 ,0.4908 ,0.5054 ,0.5212 ,0.5382 ,0.5563 ,0.5755 ,0.5954 ,0.6160 ,0.6368 ,0.6572 ,0.6768 ,0.6947 ,0.7104 ,0.7233 ,0.7330 ,0.7393 ,0.7422 ,0.7421 ,0.7393 ,0.7341 ,0.7272 ,0.7188 ,0.7093 ,0.6991 ,0.6885 ,0.6776 ,0.6667 ,0.6559 ,0.6454 ,0.6352 ,0.6255 ,0.6163 ,0.6076 ,0.5996 ,0.5922 ,0.5855 ,0.5796 ,0.5744 ,0.5699 ,0.5663 ,0.5635 ,0.5616 ,0.5605 ,0.5604 ,0.5612 ,0.5630 ,0.5658 ,0.5697 ,0.5748 ,0.5811 ,0.5887 ,0.5977 ,0.6082 ,0.6205 ,0.6345 ,0.6506 ,0.6690 ,0.6900 ,0.7138 ,0.7411 ,0.7722 ,0.8079 ,0.8490 ,0.8966 ,0.9520 ,1.0171 ,1.0945 ,1.1874 ,1.3009 ,1.4420 ,1.6217 ,1.8577 ,2.1800 ,2.6452 ,3.3704 ,4.6290 ,6.3037 ,4.9609 ,3.8640 ,3.1601 ,2.6779 ,2.3291 ,2.0660 ,1.8610 ,1.6952 ,1.5431 ,1.3797 ,1.2405 ,1.1270 ,1.0335 ,0.9553 ,0.8892 ,0.8326 ,0.7838 ,0.7414 ,0.7042 ,0.6714 ,0.6425 ,0.6167 ,0.5937 ,0.5732 ,0.5548 ,0.5382 ,0.5234 ,0.5100 ,0.4979 ,0.4871 ,0.4774 ,0.4687 ,0.4609 ,0.4540 ,0.4479 ,0.4425 ,0.4378 ,0.4337 ,0.4303 ,0.4274 ,0.4251 ,0.4233 ,0.4220 ,0.4212 ,0.4208 ,0.4209 ,0.4214 ,0.4222 ,0.4235 ,0.4251 ,0.4270 ,0.4292 ,0.4317 ,0.4344 ,0.4373 ,0.4402 ,0.4432 ,0.4461 ,0.4488 ,0.4512 ,0.4532 ,0.4545 ,0.4551 ,0.4549 ,0.4537 ,0.4515 ,0.4484 ,0.4445 ,0.4399 ,0.4348 ,0.4293 ,0.4238 ,0.4183 ,0.4129 ,0.4078 ,0.4031 ,0.3987 ,0.3948 ,0.3913 ,0.3883 ,0.3858 ,0.3839 ,0.3825 ,0.3816 ,0.3813 ,0.3815 ,0.3823 ,0.3837 ,0.3856 ,0.3882 ,0.3914 ,0.3953 ,0.3998 ,0.4051 ,0.4110 ,0.4178 ,0.4254 ,0.4338 ,0.4432 ,0.4535 ,0.4649 ,
0.2438 ,0.2822 ,0.3273 ,0.3766 ,0.4285 ,0.4818 ,0.5358 ,0.5897 ,0.6432 ,0.6957 ,0.7470 ,0.7968 ,0.8446 ,0.8904 ,0.9338 ,0.9745 ,1.0125 ,1.0474 ,1.0791 ,1.1073 ,1.1320 ,1.1529 ,1.1700 ,1.1830 ,1.1919 ,1.1966 ,1.1969 ,1.1928 ,1.1842 ,1.1710 ,1.1533 ,1.1309 ,1.1040 ,1.0724 ,1.0362 ,0.9954 ,0.9501 ,0.9003 ,0.8462 ,0.7878 ,0.7252 ,0.6587 ,0.5884 ,0.5146 ,0.4377 ,0.3585 ,0.2783 ,0.2007 ,0.1372 ,0.1217 ,0.1729 ,0.2561 ,0.3512 ,0.4521 ,0.5566 ,0.6637 ,0.7727 ,0.8832 ,0.9949 ,1.1074 ,1.2204 ,1.3336 ,1.4468 ,1.5595 ,1.6717 ,1.7830 ,1.8930 ,2.0017 ,2.1087 ,2.2137 ,2.3166 ,2.4170 ,2.5147 ,2.6095 ,2.7012 ,2.7896 ,2.8743 ,2.9553 ,3.0324 ,3.1053 ,3.1739 ,3.2381 ,3.2976 ,3.3524 ,3.4023 ,3.4473 ,3.4871 ,3.5217 ,3.5511 ,3.5752 ,3.5939 ,3.6072 ,3.6151 ,3.6175 ,3.6145 ,3.6062 ,3.5924 ,3.5734 ,3.5490 ,3.5195 ,3.4849 ,3.4453 ,3.4008 ,3.3515 ,3.2976 ,3.2393 ,3.1766 ,3.1097 ,3.0389 ,2.9644 ,2.8862 ,2.8047 ,2.7200 ,2.6325 ,2.5422 ,2.4495 ,2.3546 ,2.2577 ,2.1592 ,2.0592 ,1.9581 ,1.8562 ,1.7536 ,1.6507 ,1.5478 ,1.4452 ,1.3432 ,1.2421 ,1.1423 ,1.0441 ,0.9478 ,0.8541 ,0.7633 ,0.6761 ,0.5934 ,0.5163 ,0.4462 ,0.3855 ,0.3370 ,0.3044 ,0.2902 ,0.2946 ,0.3142 ,0.3443 ,0.3804 ,0.4190 ,0.4581 ,0.4961 ,0.5319 ,0.5651 ,0.5950 ,0.6214 ,0.6441 ,0.6629 ,0.6776 ,0.6883 ,0.6949 ,0.6975 ,0.6959 ,0.6904 ,0.6809 ,0.6676 ,0.6506 ,0.6300 ,0.6059 ,0.5787 ,0.5484 ,0.5154 ,0.4799 ,0.4424 ,0.4033 ,0.3633 ,0.3234 ,0.2849 ,0.2499 ,0.2216 ,0.2042 ,0.2018 ,0.2157 ,0.2438 ,
0.5375 ,0.5312 ,0.5250 ,0.5190 ,0.5131 ,0.5074 ,0.5019 ,0.4965 ,0.4914 ,0.4864 ,0.4817 ,0.4771 ,0.4728 ,0.4688 ,0.4649 ,0.4613 ,0.4580 ,0.4549 ,0.4521 ,0.4495 ,0.4472 ,0.4452 ,0.4434 ,0.4418 ,0.4405 ,0.4395 ,0.4387 ,0.4382 ,0.4379 ,0.4379 ,0.4381 ,0.4386 ,0.4393 ,0.4403 ,0.4416 ,0.4431 ,0.4448 ,0.4468 ,0.4491 ,0.4517 ,0.4545 ,0.4576 ,0.4610 ,0.4646 ,0.4686 ,0.4728 ,0.4773 ,0.4821 ,0.4872 ,0.4925 ,0.4982 ,0.5041 ,0.5103 ,0.5167 ,0.5234 ,0.5303 ,0.5375 ,0.5448 ,0.5524 ,0.5601 ,0.5680 ,0.5761 ,0.5844 ,0.5929 ,0.6018 ,0.6112 ,0.6211 ,0.6318 ,0.6434 ,0.6563 ,0.6706 ,0.6867 ,0.7049 ,0.7255 ,0.7491 ,0.7762 ,0.8075 ,0.8437 ,0.8858 ,0.9353 ,0.9938 ,1.0637 ,1.1481 ,1.2514 ,1.3798 ,1.5410 ,1.7378 ,1.9276 ,2.0801 ,2.2311 ,2.3941 ,2.5722 ,2.7640 ,2.9558 ,3.0896 ,2.9711 ,2.5218 ,2.0776 ,1.7431 ,1.4954 ,1.3078 ,1.1619 ,1.0456 ,0.9512 ,0.8733 ,0.8080 ,0.7527 ,0.7054 ,0.6647 ,0.6293 ,0.5984 ,0.5712 ,0.5473 ,0.5262 ,0.5076 ,0.4910 ,0.4763 ,0.4633 ,0.4518 ,0.4416 ,0.4327 ,0.4248 ,0.4181 ,0.4123 ,0.4074 ,0.4034 ,0.4001 ,0.3977 ,0.3960 ,0.3951 ,0.3949 ,0.3954 ,0.3966 ,0.3985 ,0.4011 ,0.4045 ,0.4085 ,0.4134 ,0.4190 ,0.4254 ,0.4326 ,0.4406 ,0.4495 ,0.4592 ,0.4698 ,0.4812 ,0.4934 ,0.5064 ,0.5200 ,0.5340 ,0.5483 ,0.5626 ,0.5766 ,0.5898 ,0.6021 ,0.6130 ,0.6222 ,0.6296 ,0.6351 ,0.6387 ,0.6406 ,0.6408 ,0.6395 ,0.6370 ,0.6334 ,0.6290 ,0.6238 ,0.6181 ,0.6120 ,0.6055 ,0.5988 ,0.5919 ,0.5850 ,0.5780 ,0.5711 ,0.5642 ,0.5574 ,0.5506 ,0.5440 ,0.5375 ,
0.4852 ,0.4596 ,0.4310 ,0.3995 ,0.3653 ,0.3285 ,0.2895 ,0.2483 ,0.2055 ,0.1614 ,0.1173 ,0.0765 ,0.0527 ,0.0701 ,0.1121 ,0.1611 ,0.2126 ,0.2652 ,0.3183 ,0.3714 ,0.4243 ,0.4766 ,0.5281 ,0.5786 ,0.6278 ,0.6755 ,0.7215 ,0.7656 ,0.8076 ,0.8473 ,0.8845 ,0.9190 ,0.9507 ,0.9794 ,1.0049 ,1.0271 ,1.0458 ,1.0610 ,1.0726 ,1.0803 ,1.0842 ,1.0841 ,1.0799 ,1.0717 ,1.0594 ,1.0430 ,1.0223 ,0.9976 ,0.9686 ,0.9356 ,0.8986 ,0.8575 ,0.8126 ,0.7640 ,0.7119 ,0.6564 ,0.5980 ,0.5372 ,0.4745 ,0.4112 ,0.3493 ,0.2924 ,0.2471 ,0.2244 ,0.2339 ,0.2750 ,0.3380 ,0.4146 ,0.4995 ,0.5899 ,0.6842 ,0.7814 ,0.8806 ,0.9815 ,1.0834 ,1.1862 ,1.2894 ,1.3927 ,1.4958 ,1.5986 ,1.7006 ,1.8016 ,1.9014 ,1.9997 ,2.0963 ,2.1909 ,2.2834 ,2.3734 ,2.4608 ,2.5453 ,2.6269 ,2.7051 ,2.7800 ,2.8513 ,2.9187 ,2.9823 ,3.0418 ,3.0970 ,3.1480 ,3.1944 ,3.2363 ,3.2736 ,3.3060 ,3.3337 ,3.3565 ,3.3744 ,3.3873 ,3.3953 ,3.3983 ,3.3963 ,3.3894 ,3.3775 ,3.3607 ,3.3392 ,3.3128 ,3.2818 ,3.2461 ,3.2060 ,3.1615 ,3.1127 ,3.0598 ,3.0029 ,2.9423 ,2.8779 ,2.8101 ,2.7390 ,2.6647 ,2.5876 ,2.5077 ,2.4254 ,2.3408 ,2.2541 ,2.1656 ,2.0756 ,1.9842 ,1.8918 ,1.7984 ,1.7045 ,1.6103 ,1.5161 ,1.4220 ,1.3284 ,1.2356 ,1.1438 ,1.0534 ,0.9647 ,0.8781 ,0.7939 ,0.7127 ,0.6349 ,0.5613 ,0.4929 ,0.4307 ,0.3766 ,0.3325 ,0.3008 ,0.2835 ,0.2810 ,0.2913 ,0.3112 ,0.3371 ,0.3661 ,0.3961 ,0.4256 ,0.4536 ,0.4793 ,0.5023 ,0.5222 ,0.5388 ,0.5520 ,0.5616 ,0.5675 ,0.5698 ,0.5684 ,0.5634 ,0.5547 ,0.5425 ,0.5268 ,0.5076 ,0.4852 ,
0.3953 ,0.3939 ,0.3929 ,0.3921 ,0.3917 ,0.3915 ,0.3917 ,0.3922 ,0.3930 ,0.3941 ,0.3955 ,0.3973 ,0.3993 ,0.4017 ,0.4044 ,0.4074 ,0.4107 ,0.4144 ,0.4183 ,0.4225 ,0.4270 ,0.4317 ,0.4365 ,0.4415 ,0.4465 ,0.4514 ,0.4559 ,0.4599 ,0.4632 ,0.4652 ,0.4659 ,0.4651 ,0.4628 ,0.4593 ,0.4549 ,0.4500 ,0.4450 ,0.4402 ,0.4356 ,0.4314 ,0.4277 ,0.4245 ,0.4220 ,0.4200 ,0.4187 ,0.4180 ,0.4179 ,0.4185 ,0.4197 ,0.4215 ,0.4241 ,0.4273 ,0.4313 ,0.4360 ,0.4415 ,0.4478 ,0.4549 ,0.4629 ,0.4719 ,0.4819 ,0.4930 ,0.5053 ,0.5188 ,0.5337 ,0.5501 ,0.5681 ,0.5879 ,0.6097 ,0.6338 ,0.6602 ,0.6893 ,0.7215 ,0.7571 ,0.7965 ,0.8403 ,0.8890 ,0.9433 ,1.0040 ,1.0720 ,1.1484 ,1.2345 ,1.3317 ,1.4415 ,1.5657 ,1.7060 ,1.8635 ,2.0382 ,2.2270 ,2.4212 ,2.6039 ,2.7528 ,2.8525 ,2.9045 ,2.9212 ,2.9161 ,2.8995 ,2.8786 ,2.8580 ,2.8413 ,2.8308 ,2.8283 ,2.8354 ,2.8531 ,2.8825 ,2.9242 ,2.9790 ,3.0470 ,3.1279 ,3.2203 ,3.3213 ,3.4252 ,3.5224 ,3.5978 ,3.6311 ,3.6007 ,3.4932 ,3.3129 ,3.0820 ,2.8286 ,2.5763 ,2.3392 ,2.1241 ,1.9327 ,1.7641 ,1.6163 ,1.4868 ,1.3733 ,1.2737 ,1.1859 ,1.1085 ,1.0398 ,0.9788 ,0.9245 ,0.8759 ,0.8324 ,0.7933 ,0.7581 ,0.7264 ,0.6978 ,0.6719 ,0.6485 ,0.6273 ,0.6081 ,0.5907 ,0.5750 ,0.5608 ,0.5479 ,0.5363 ,0.5258 ,0.5164 ,0.5080 ,0.5004 ,0.4937 ,0.4877 ,0.4823 ,0.4775 ,0.4731 ,0.4691 ,0.4654 ,0.4619 ,0.4584 ,0.4550 ,0.4514 ,0.4477 ,0.4439 ,0.4400 ,0.4360 ,0.4319 ,0.4279 ,0.4239 ,0.4200 ,0.4163 ,0.4128 ,0.4095 ,0.4065 ,0.4037 ,0.4011 ,0.3989 ,0.3969 ,0.3953 ,
0.7533 ,0.7584 ,0.7601 ,0.7584 ,0.7533 ,0.7449 ,0.7334 ,0.7187 ,0.7010 ,0.6804 ,0.6570 ,0.6309 ,0.6024 ,0.5714 ,0.5382 ,0.5030 ,0.4659 ,0.4272 ,0.3869 ,0.3454 ,0.3028 ,0.2596 ,0.2161 ,0.1729 ,0.1314 ,0.0945 ,0.0708 ,0.0743 ,0.1020 ,0.1398 ,0.1809 ,0.2231 ,0.2651 ,0.3065 ,0.3469 ,0.3859 ,0.4235 ,0.4593 ,0.4932 ,0.5251 ,0.5548 ,0.5821 ,0.6071 ,0.6295 ,0.6493 ,0.6664 ,0.6807 ,0.6923 ,0.7010 ,0.7069 ,0.7101 ,0.7105 ,0.7082 ,0.7034 ,0.6962 ,0.6868 ,0.6755 ,0.6626 ,0.6485 ,0.6336 ,0.6186 ,0.6042 ,0.5911 ,0.5804 ,0.5729 ,0.5698 ,0.5721 ,0.5805 ,0.5957 ,0.6180 ,0.6475 ,0.6839 ,0.7268 ,0.7757 ,0.8299 ,0.8889 ,0.9520 ,1.0187 ,1.0885 ,1.1608 ,1.2354 ,1.3117 ,1.3894 ,1.4682 ,1.5477 ,1.6275 ,1.7075 ,1.7874 ,1.8668 ,1.9455 ,2.0232 ,2.0998 ,2.1749 ,2.2484 ,2.3200 ,2.3896 ,2.4569 ,2.5217 ,2.5838 ,2.6431 ,2.6994 ,2.7525 ,2.8024 ,2.8487 ,2.8915 ,2.9306 ,2.9659 ,2.9973 ,3.0246 ,3.0479 ,3.0670 ,3.0818 ,3.0925 ,3.0988 ,3.1008 ,3.0984 ,3.0917 ,3.0807 ,3.0654 ,3.0457 ,3.0219 ,2.9938 ,2.9617 ,2.9254 ,2.8852 ,2.8412 ,2.7933 ,2.7418 ,2.6868 ,2.6284 ,2.5667 ,2.5019 ,2.4342 ,2.3636 ,2.2905 ,2.2149 ,2.1371 ,2.0572 ,1.9755 ,1.8921 ,1.8073 ,1.7212 ,1.6341 ,1.5462 ,1.4578 ,1.3690 ,1.2802 ,1.1915 ,1.1033 ,1.0157 ,0.9292 ,0.8440 ,0.7604 ,0.6790 ,0.6003 ,0.5250 ,0.4541 ,0.3891 ,0.3320 ,0.2863 ,0.2559 ,0.2445 ,0.2525 ,0.2761 ,0.3101 ,0.3496 ,0.3917 ,0.4341 ,0.4758 ,0.5157 ,0.5534 ,0.5885 ,0.6206 ,0.6497 ,0.6755 ,0.6979 ,0.7170 ,0.7326 ,0.7447 ,0.7533 ,
0.4966 ,0.4978 ,0.4854 ,0.4713 ,0.4581 ,0.4460 ,0.4352 ,0.4255 ,0.4169 ,0.4093 ,0.4025 ,0.3967 ,0.3916 ,0.3873 ,0.3837 ,0.3808 ,0.3786 ,0.3771 ,0.3762 ,0.3759 ,0.3763 ,0.3773 ,0.3789 ,0.3812 ,0.3841 ,0.3877 ,0.3920 ,0.3971 ,0.4028 ,0.4094 ,0.4169 ,0.4252 ,0.4345 ,0.4448 ,0.4562 ,0.4689 ,0.4828 ,0.4981 ,0.5150 ,0.5336 ,0.5540 ,0.5765 ,0.6012 ,0.6283 ,0.6581 ,0.6907 ,0.7265 ,0.7655 ,0.8079 ,0.8533 ,0.9010 ,0.9483 ,0.9887 ,1.0120 ,1.0164 ,1.0098 ,0.9982 ,0.9840 ,0.9683 ,0.9515 ,0.9339 ,0.9159 ,0.8976 ,0.8793 ,0.8612 ,0.8434 ,0.8263 ,0.8100 ,0.7946 ,0.7803 ,0.7672 ,0.7554 ,0.7449 ,0.7359 ,0.7282 ,0.7220 ,0.7172 ,0.7139 ,0.7122 ,0.7121 ,0.7135 ,0.7166 ,0.7214 ,0.7280 ,0.7365 ,0.7470 ,0.7597 ,0.7747 ,0.7922 ,0.8125 ,0.8358 ,0.8625 ,0.8930 ,0.9275 ,0.9666 ,1.0105 ,1.0589 ,1.1103 ,1.1603 ,1.2043 ,1.2438 ,1.2830 ,1.3246 ,1.3701 ,1.4200 ,1.4743 ,1.5324 ,1.5927 ,1.6524 ,1.7070 ,1.7507 ,1.7768 ,1.7800 ,1.7582 ,1.7137 ,1.6522 ,1.5809 ,1.5059 ,1.4320 ,1.3620 ,1.2975 ,1.2390 ,1.1868 ,1.1404 ,1.0995 ,1.0633 ,1.0304 ,0.9937 ,0.9385 ,0.8796 ,0.8259 ,0.7780 ,0.7353 ,0.6973 ,0.6633 ,0.6328 ,0.6054 ,0.5807 ,0.5584 ,0.5382 ,0.5200 ,0.5034 ,0.4884 ,0.4748 ,0.4625 ,0.4513 ,0.4412 ,0.4320 ,0.4238 ,0.4165 ,0.4099 ,0.4041 ,0.3990 ,0.3945 ,0.3907 ,0.3875 ,0.3850 ,0.3830 ,0.3815 ,0.3807 ,0.3804 ,0.3806 ,0.3814 ,0.3827 ,0.3847 ,0.3872 ,0.3902 ,0.3940 ,0.3983 ,0.4033 ,0.4090 ,0.4155 ,0.4227 ,0.4308 ,0.4397 ,0.4496 ,0.4605 ,0.4723 ,0.4849 ,0.4966 ,
0.7184 ,0.7510 ,0.7809 ,0.8080 ,0.8321 ,0.8529 ,0.8704 ,0.8844 ,0.8947 ,0.9012 ,0.9037 ,0.9023 ,0.8968 ,0.8871 ,0.8732 ,0.8551 ,0.8327 ,0.8059 ,0.7749 ,0.7397 ,0.7002 ,0.6565 ,0.6087 ,0.5569 ,0.5013 ,0.4419 ,0.3791 ,0.3134 ,0.2455 ,0.1775 ,0.1166 ,0.0899 ,0.1286 ,0.2011 ,0.2850 ,0.3744 ,0.4674 ,0.5633 ,0.6615 ,0.7616 ,0.8633 ,0.9663 ,1.0704 ,1.1753 ,1.2807 ,1.3864 ,1.4921 ,1.5975 ,1.7025 ,1.8068 ,1.9100 ,2.0120 ,2.1125 ,2.2113 ,2.3081 ,2.4026 ,2.4948 ,2.5843 ,2.6709 ,2.7544 ,2.8346 ,2.9113 ,2.9844 ,3.0535 ,3.1187 ,3.1796 ,3.2362 ,3.2884 ,3.3359 ,3.3787 ,3.4167 ,3.4497 ,3.4778 ,3.5008 ,3.5186 ,3.5313 ,3.5388 ,3.5411 ,3.5381 ,3.5299 ,3.5166 ,3.4981 ,3.4745 ,3.4458 ,3.4122 ,3.3737 ,3.3304 ,3.2824 ,3.2299 ,3.1729 ,3.1117 ,3.0463 ,2.9770 ,2.9039 ,2.8271 ,2.7470 ,2.6636 ,2.5772 ,2.4881 ,2.3963 ,2.3022 ,2.2060 ,2.1079 ,2.0081 ,1.9070 ,1.8047 ,1.7015 ,1.5976 ,1.4934 ,1.3890 ,1.2846 ,1.1807 ,1.0773 ,0.9748 ,0.8734 ,0.7733 ,0.6748 ,0.5782 ,0.4837 ,0.3918 ,0.3028 ,0.2177 ,0.1388 ,0.0770 ,0.0770 ,0.1332 ,0.1996 ,0.2658 ,0.3295 ,0.3901 ,0.4471 ,0.5003 ,0.5495 ,0.5947 ,0.6358 ,0.6726 ,0.7053 ,0.7337 ,0.7578 ,0.7776 ,0.7932 ,0.8047 ,0.8119 ,0.8151 ,0.8142 ,0.8095 ,0.8009 ,0.7887 ,0.7729 ,0.7537 ,0.7313 ,0.7059 ,0.6777 ,0.6469 ,0.6138 ,0.5788 ,0.5421 ,0.5042 ,0.4658 ,0.4273 ,0.3897 ,0.3541 ,0.3220 ,0.2953 ,0.2761 ,0.2666 ,0.2681 ,0.2805 ,0.3024 ,0.3317 ,0.3663 ,0.4043 ,0.4445 ,0.4856 ,0.5270 ,0.5680 ,0.6080 ,0.6467 ,0.6836 ,0.7184 ,
0.6435 ,0.6281 ,0.6135 ,0.5996 ,0.5864 ,0.5739 ,0.5620 ,0.5507 ,0.5400 ,0.5298 ,0.5202 ,0.5111 ,0.5024 ,0.4942 ,0.4864 ,0.4790 ,0.4720 ,0.4654 ,0.4592 ,0.4533 ,0.4478 ,0.4426 ,0.4378 ,0.4333 ,0.4291 ,0.4253 ,0.4218 ,0.4187 ,0.4159 ,0.4135 ,0.4114 ,0.4098 ,0.4085 ,0.4076 ,0.4072 ,0.4072 ,0.4076 ,0.4086 ,0.4100 ,0.4120 ,0.4145 ,0.4176 ,0.4213 ,0.4257 ,0.4307 ,0.4365 ,0.4431 ,0.4505 ,0.4588 ,0.4681 ,0.4785 ,0.4900 ,0.5028 ,0.5170 ,0.5327 ,0.5502 ,0.5696 ,0.5912 ,0.6153 ,0.6421 ,0.6722 ,0.7059 ,0.7440 ,0.7871 ,0.8361 ,0.8923 ,0.9571 ,1.0325 ,1.1208 ,1.2257 ,1.3516 ,1.5050 ,1.6951 ,1.9353 ,2.2453 ,2.6527 ,3.1889 ,3.8440 ,4.4054 ,4.5038 ,4.2231 ,3.8377 ,3.4620 ,3.1200 ,2.8106 ,2.5313 ,2.2838 ,2.0703 ,1.8896 ,1.7380 ,1.6106 ,1.5030 ,1.4115 ,1.3330 ,1.2651 ,1.2060 ,1.1541 ,1.1082 ,1.0673 ,1.0306 ,0.9975 ,0.9674 ,0.9398 ,0.9144 ,0.8907 ,0.8686 ,0.8477 ,0.8279 ,0.8089 ,0.7907 ,0.7729 ,0.7557 ,0.7388 ,0.7221 ,0.7057 ,0.6895 ,0.6735 ,0.6576 ,0.6418 ,0.6263 ,0.6109 ,0.5958 ,0.5810 ,0.5666 ,0.5524 ,0.5387 ,0.5255 ,0.5127 ,0.5005 ,0.4887 ,0.4775 ,0.4669 ,0.4569 ,0.4474 ,0.4385 ,0.4302 ,0.4224 ,0.4153 ,0.4086 ,0.4026 ,0.3970 ,0.3920 ,0.3876 ,0.3836 ,0.3802 ,0.3773 ,0.3749 ,0.3730 ,0.3716 ,0.3707 ,0.3703 ,0.3705 ,0.3712 ,0.3724 ,0.3743 ,0.3767 ,0.3797 ,0.3833 ,0.3877 ,0.3927 ,0.3985 ,0.4052 ,0.4127 ,0.4211 ,0.4306 ,0.4412 ,0.4531 ,0.4664 ,0.4813 ,0.4978 ,0.5164 ,0.5372 ,0.5606 ,0.5869 ,0.6167 ,0.6505 ,0.6885 ,0.6768 ,0.6598 ,0.6435 ,
0.7952 ,0.8393 ,0.8807 ,0.9192 ,0.9544 ,0.9863 ,1.0147 ,1.0394 ,1.0602 ,1.0770 ,1.0897 ,1.0982 ,1.1024 ,1.1021 ,1.0974 ,1.0881 ,1.0742 ,1.0557 ,1.0326 ,1.0048 ,0.9725 ,0.9356 ,0.8942 ,0.8484 ,0.7983 ,0.7441 ,0.6860 ,0.6241 ,0.5590 ,0.4912 ,0.4216 ,0.3519 ,0.2853 ,0.2287 ,0.1960 ,0.2036 ,0.2513 ,0.3240 ,0.4105 ,0.5048 ,0.6044 ,0.7076 ,0.8136 ,0.9216 ,1.0312 ,1.1420 ,1.2535 ,1.3656 ,1.4778 ,1.5898 ,1.7014 ,1.8122 ,1.9220 ,2.0305 ,2.1374 ,2.2425 ,2.3455 ,2.4461 ,2.5441 ,2.6393 ,2.7313 ,2.8201 ,2.9054 ,2.9869 ,3.0645 ,3.1379 ,3.2071 ,3.2717 ,3.3318 ,3.3870 ,3.4374 ,3.4827 ,3.5229 ,3.5579 ,3.5875 ,3.6117 ,3.6305 ,3.6438 ,3.6516 ,3.6539 ,3.6506 ,3.6419 ,3.6276 ,3.6079 ,3.5828 ,3.5524 ,3.5167 ,3.4759 ,3.4301 ,3.3793 ,3.3238 ,3.2636 ,3.1989 ,3.1300 ,3.0569 ,2.9798 ,2.8990 ,2.8147 ,2.7270 ,2.6362 ,2.5426 ,2.4463 ,2.3476 ,2.2468 ,2.1440 ,2.0397 ,1.9340 ,1.8271 ,1.7194 ,1.6112 ,1.5026 ,1.3940 ,1.2857 ,1.1778 ,1.0707 ,0.9646 ,0.8599 ,0.7567 ,0.6554 ,0.5563 ,0.4597 ,0.3662 ,0.2764 ,0.1921 ,0.1186 ,0.0798 ,0.1102 ,0.1723 ,0.2394 ,0.3054 ,0.3687 ,0.4284 ,0.4843 ,0.5361 ,0.5836 ,0.6268 ,0.6655 ,0.6997 ,0.7293 ,0.7543 ,0.7748 ,0.7907 ,0.8020 ,0.8088 ,0.8111 ,0.8090 ,0.8026 ,0.7919 ,0.7772 ,0.7584 ,0.7358 ,0.7094 ,0.6796 ,0.6464 ,0.6100 ,0.5707 ,0.5287 ,0.4844 ,0.4380 ,0.3900 ,0.3409 ,0.2916 ,0.2435 ,0.1989 ,0.1626 ,0.1424 ,0.1465 ,0.1737 ,0.2156 ,0.2652 ,0.3188 ,0.3742 ,0.4302 ,0.4861 ,0.5414 ,0.5957 ,0.6484 ,0.6995 ,0.7485 ,0.7952 ,
0.5912 ,0.5937 ,0.5947 ,0.5945 ,0.5933 ,0.5913 ,0.5887 ,0.5857 ,0.5823 ,0.5787 ,0.5749 ,0.5709 ,0.5668 ,0.5626 ,0.5584 ,0.5541 ,0.5498 ,0.5454 ,0.5410 ,0.5366 ,0.5321 ,0.5276 ,0.5230 ,0.5184 ,0.5138 ,0.5092 ,0.5046 ,0.5000 ,0.4955 ,0.4911 ,0.4868 ,0.4828 ,0.4791 ,0.4756 ,0.4725 ,0.4698 ,0.4676 ,0.4659 ,0.4647 ,0.4641 ,0.4642 ,0.4648 ,0.4661 ,0.4682 ,0.4710 ,0.4746 ,0.4790 ,0.4843 ,0.4905 ,0.4977 ,0.5060 ,0.5155 ,0.5262 ,0.5382 ,0.5518 ,0.5670 ,0.5840 ,0.6031 ,0.6244 ,0.6484 ,0.6752 ,0.7055 ,0.7396 ,0.7783 ,0.8223 ,0.8728 ,0.9308 ,0.9981 ,1.0770 ,1.1702 ,1.2817 ,1.4171 ,1.5845 ,1.7956 ,2.0690 ,2.4343 ,2.9415 ,3.6726 ,4.7052 ,5.5050 ,4.9607 ,4.1258 ,3.4606 ,2.9557 ,2.5666 ,2.2602 ,2.0144 ,1.8142 ,1.6492 ,1.5116 ,1.3958 ,1.2974 ,1.2130 ,1.1400 ,1.0765 ,1.0207 ,0.9714 ,0.9275 ,0.8884 ,0.8531 ,0.8213 ,0.7924 ,0.7661 ,0.7420 ,0.7199 ,0.6995 ,0.6807 ,0.6632 ,0.6469 ,0.6317 ,0.6175 ,0.6042 ,0.5917 ,0.5799 ,0.5688 ,0.5582 ,0.5482 ,0.5387 ,0.5296 ,0.5210 ,0.5127 ,0.5048 ,0.4971 ,0.4898 ,0.4828 ,0.4760 ,0.4695 ,0.4632 ,0.4571 ,0.4512 ,0.4456 ,0.4402 ,0.4350 ,0.4299 ,0.4252 ,0.4206 ,0.4162 ,0.4121 ,0.4083 ,0.4046 ,0.4013 ,0.3982 ,0.3954 ,0.3929 ,0.3907 ,0.3888 ,0.3873 ,0.3861 ,0.3852 ,0.3848 ,0.3847 ,0.3850 ,0.3857 ,0.3869 ,0.3885 ,0.3906 ,0.3932 ,0.3963 ,0.4000 ,0.4043 ,0.4092 ,0.4147 ,0.4209 ,0.4278 ,0.4354 ,0.4438 ,0.4531 ,0.4631 ,0.4740 ,0.4856 ,0.4980 ,0.5109 ,0.5241 ,0.5373 ,0.5501 ,0.5618 ,0.5721 ,0.5805 ,0.5868 ,0.5912 ,
0.2141 ,0.2617 ,0.3142 ,0.3693 ,0.4259 ,0.4830 ,0.5402 ,0.5968 ,0.6525 ,0.7070 ,0.7600 ,0.8112 ,0.8604 ,0.9072 ,0.9515 ,0.9930 ,1.0316 ,1.0670 ,1.0990 ,1.1274 ,1.1522 ,1.1731 ,1.1900 ,1.2027 ,1.2112 ,1.2153 ,1.2150 ,1.2101 ,1.2006 ,1.1865 ,1.1677 ,1.1441 ,1.1158 ,1.0828 ,1.0451 ,1.0028 ,0.9558 ,0.9042 ,0.8482 ,0.7879 ,0.7233 ,0.6546 ,0.5822 ,0.5061 ,0.4269 ,0.3453 ,0.2629 ,0.1836 ,0.1226 ,0.1216 ,0.1863 ,0.2764 ,0.3758 ,0.4801 ,0.5876 ,0.6975 ,0.8093 ,0.9224 ,1.0366 ,1.1516 ,1.2670 ,1.3825 ,1.4979 ,1.6129 ,1.7272 ,1.8406 ,1.9527 ,2.0633 ,2.1721 ,2.2789 ,2.3834 ,2.4854 ,2.5846 ,2.6808 ,2.7738 ,2.8633 ,2.9492 ,3.0311 ,3.1090 ,3.1827 ,3.2519 ,3.3166 ,3.3765 ,3.4315 ,3.4816 ,3.5265 ,3.5662 ,3.6006 ,3.6297 ,3.6533 ,3.6714 ,3.6840 ,3.6910 ,3.6926 ,3.6885 ,3.6790 ,3.6640 ,3.6436 ,3.6178 ,3.5867 ,3.5504 ,3.5090 ,3.4627 ,3.4115 ,3.3556 ,3.2951 ,3.2303 ,3.1613 ,3.0882 ,3.0113 ,2.9307 ,2.8468 ,2.7596 ,2.6695 ,2.5767 ,2.4814 ,2.3839 ,2.2843 ,2.1831 ,2.0804 ,1.9766 ,1.8719 ,1.7665 ,1.6608 ,1.5550 ,1.4495 ,1.3445 ,1.2403 ,1.1373 ,1.0358 ,0.9361 ,0.8386 ,0.7438 ,0.6522 ,0.5645 ,0.4816 ,0.4051 ,0.3372 ,0.2814 ,0.2433 ,0.2281 ,0.2368 ,0.2641 ,0.3023 ,0.3455 ,0.3901 ,0.4339 ,0.4756 ,0.5145 ,0.5501 ,0.5819 ,0.6098 ,0.6335 ,0.6531 ,0.6684 ,0.6794 ,0.6860 ,0.6884 ,0.6865 ,0.6805 ,0.6703 ,0.6561 ,0.6380 ,0.6162 ,0.5907 ,0.5618 ,0.5297 ,0.4946 ,0.4567 ,0.4165 ,0.3742 ,0.3306 ,0.2863 ,0.2428 ,0.2023 ,0.1690 ,0.1497 ,0.1517 ,0.1753 ,0.2141 ,
0.5543 ,0.5380 ,0.5233 ,0.5101 ,0.4983 ,0.4878 ,0.4785 ,0.4704 ,0.4634 ,0.4573 ,0.4522 ,0.4480 ,0.4446 ,0.4420 ,0.4403 ,0.4392 ,0.4390 ,0.4394 ,0.4406 ,0.4424 ,0.4450 ,0.4482 ,0.4520 ,0.4565 ,0.4616 ,0.4673 ,0.4734 ,0.4800 ,0.4868 ,0.4937 ,0.5005 ,0.5069 ,0.5127 ,0.5175 ,0.5212 ,0.5236 ,0.5248 ,0.5250 ,0.5242 ,0.5226 ,0.5205 ,0.5180 ,0.5154 ,0.5126 ,0.5099 ,0.5073 ,0.5049 ,0.5027 ,0.5009 ,0.4994 ,0.4982 ,0.4975 ,0.4972 ,0.4974 ,0.4981 ,0.4993 ,0.5010 ,0.5034 ,0.5063 ,0.5099 ,0.5141 ,0.5191 ,0.5249 ,0.5315 ,0.5390 ,0.5474 ,0.5569 ,0.5675 ,0.5794 ,0.5925 ,0.6072 ,0.6235 ,0.6416 ,0.6617 ,0.6841 ,0.7091 ,0.7371 ,0.7684 ,0.8037 ,0.8434 ,0.8886 ,0.9401 ,0.9992 ,1.0676 ,1.1475 ,1.2417 ,1.3542 ,1.4907 ,1.6589 ,1.8704 ,2.1416 ,2.4935 ,2.9315 ,3.2993 ,3.1559 ,2.7256 ,2.3339 ,2.0230 ,1.7787 ,1.5844 ,1.4272 ,1.2981 ,1.1906 ,1.0999 ,1.0227 ,0.9563 ,0.8987 ,0.8485 ,0.8044 ,0.7655 ,0.7310 ,0.7002 ,0.6728 ,0.6482 ,0.6262 ,0.6063 ,0.5884 ,0.5723 ,0.5577 ,0.5446 ,0.5328 ,0.5221 ,0.5126 ,0.5040 ,0.4964 ,0.4896 ,0.4836 ,0.4783 ,0.4738 ,0.4700 ,0.4668 ,0.4642 ,0.4622 ,0.4607 ,0.4598 ,0.4595 ,0.4597 ,0.4604 ,0.4615 ,0.4632 ,0.4654 ,0.4681 ,0.4712 ,0.4749 ,0.4790 ,0.4836 ,0.4887 ,0.4942 ,0.5003 ,0.5068 ,0.5138 ,0.5213 ,0.5293 ,0.5378 ,0.5468 ,0.5562 ,0.5661 ,0.5764 ,0.5871 ,0.5982 ,0.6096 ,0.6214 ,0.6333 ,0.6453 ,0.6573 ,0.6690 ,0.6802 ,0.6904 ,0.6991 ,0.7053 ,0.7076 ,0.7044 ,0.6944 ,0.6781 ,0.6575 ,0.6353 ,0.6131 ,0.5920 ,0.5723 ,0.5543 ,
0.4520 ,0.4242 ,0.3944 ,0.3631 ,0.3310 ,0.2993 ,0.2695 ,0.2440 ,0.2257 ,0.2181 ,0.2237 ,0.2425 ,0.2727 ,0.3115 ,0.3564 ,0.4057 ,0.4578 ,0.5119 ,0.5673 ,0.6232 ,0.6793 ,0.7351 ,0.7903 ,0.8446 ,0.8977 ,0.9492 ,0.9989 ,1.0466 ,1.0921 ,1.1350 ,1.1753 ,1.2126 ,1.2469 ,1.2779 ,1.3054 ,1.3293 ,1.3495 ,1.3658 ,1.3781 ,1.3863 ,1.3902 ,1.3899 ,1.3852 ,1.3760 ,1.3623 ,1.3442 ,1.3214 ,1.2942 ,1.2624 ,1.2261 ,1.1854 ,1.1402 ,1.0907 ,1.0370 ,0.9792 ,0.9174 ,0.8518 ,0.7827 ,0.7102 ,0.6349 ,0.5572 ,0.4780 ,0.3988 ,0.3224 ,0.2548 ,0.2089 ,0.2042 ,0.2459 ,0.3182 ,0.4064 ,0.5031 ,0.6049 ,0.7099 ,0.8172 ,0.9259 ,1.0357 ,1.1459 ,1.2563 ,1.3666 ,1.4764 ,1.5854 ,1.6933 ,1.7999 ,1.9049 ,2.0081 ,2.1091 ,2.2078 ,2.3038 ,2.3971 ,2.4873 ,2.5743 ,2.6578 ,2.7376 ,2.8136 ,2.8856 ,2.9534 ,3.0169 ,3.0759 ,3.1303 ,3.1799 ,3.2247 ,3.2646 ,3.2995 ,3.3293 ,3.3539 ,3.3734 ,3.3876 ,3.3966 ,3.4003 ,3.3988 ,3.3921 ,3.3803 ,3.3633 ,3.3412 ,3.3142 ,3.2822 ,3.2455 ,3.2040 ,3.1580 ,3.1076 ,3.0529 ,2.9941 ,2.9313 ,2.8647 ,2.7945 ,2.7210 ,2.6442 ,2.5645 ,2.4820 ,2.3969 ,2.3096 ,2.2202 ,2.1290 ,2.0362 ,1.9421 ,1.8470 ,1.7511 ,1.6546 ,1.5579 ,1.4612 ,1.3649 ,1.2691 ,1.1742 ,1.0804 ,0.9882 ,0.8978 ,0.8097 ,0.7242 ,0.6418 ,0.5632 ,0.4892 ,0.4210 ,0.3602 ,0.3091 ,0.2708 ,0.2487 ,0.2442 ,0.2556 ,0.2785 ,0.3082 ,0.3410 ,0.3745 ,0.4071 ,0.4377 ,0.4657 ,0.4906 ,0.5120 ,0.5298 ,0.5439 ,0.5542 ,0.5605 ,0.5630 ,0.5616 ,0.5565 ,0.5475 ,0.5350 ,0.5190 ,0.4997 ,0.4773 ,0.4520 ,
0.3832 ,0.3844 ,0.3859 ,0.3874 ,0.3891 ,0.3910 ,0.3929 ,0.3948 ,0.3967 ,0.3986 ,0.4003 ,0.4018 ,0.4032 ,0.4042 ,0.4049 ,0.4052 ,0.4051 ,0.4046 ,0.4038 ,0.4027 ,0.4014 ,0.3999 ,0.3984 ,0.3969 ,0.3955 ,0.3943 ,0.3933 ,0.3927 ,0.3923 ,0.3924 ,0.3929 ,0.3938 ,0.3953 ,0.3972 ,0.3997 ,0.4028 ,0.4066 ,0.4109 ,0.4160 ,0.4218 ,0.4284 ,0.4358 ,0.4441 ,0.4534 ,0.4637 ,0.4752 ,0.4879 ,0.5019 ,0.5174 ,0.5345 ,0.5535 ,0.5744 ,0.5976 ,0.6232 ,0.6517 ,0.6833 ,0.7186 ,0.7580 ,0.8020 ,0.8515 ,0.9071 ,0.9698 ,1.0409 ,1.1214 ,1.2128 ,1.3164 ,1.4335 ,1.5639 ,1.7044 ,1.8424 ,1.9506 ,2.0061 ,2.0189 ,2.0081 ,1.9844 ,1.9528 ,1.9160 ,1.8761 ,1.8346 ,1.7932 ,1.7533 ,1.7160 ,1.6822 ,1.6529 ,1.6284 ,1.6094 ,1.5959 ,1.5884 ,1.5869 ,1.5915 ,1.6024 ,1.6196 ,1.6428 ,1.6717 ,1.7055 ,1.7428 ,1.7814 ,1.8189 ,1.8525 ,1.8802 ,1.9014 ,1.9167 ,1.9278 ,1.9364 ,1.9443 ,1.9531 ,1.9637 ,1.9768 ,1.9923 ,2.0089 ,2.0211 ,2.0113 ,1.9334 ,1.7711 ,1.5922 ,1.4330 ,1.2978 ,1.1836 ,1.0868 ,1.0041 ,0.9330 ,0.8714 ,0.8177 ,0.7706 ,0.7291 ,0.6923 ,0.6596 ,0.6305 ,0.6044 ,0.5810 ,0.5600 ,0.5411 ,0.5240 ,0.5087 ,0.4948 ,0.4823 ,0.4710 ,0.4609 ,0.4518 ,0.4436 ,0.4363 ,0.4298 ,0.4240 ,0.4189 ,0.4144 ,0.4104 ,0.4070 ,0.4040 ,0.4015 ,0.3994 ,0.3975 ,0.3960 ,0.3947 ,0.3936 ,0.3926 ,0.3917 ,0.3909 ,0.3902 ,0.3894 ,0.3886 ,0.3878 ,0.3870 ,0.3861 ,0.3852 ,0.3843 ,0.3835 ,0.3826 ,0.3819 ,0.3812 ,0.3806 ,0.3801 ,0.3797 ,0.3795 ,0.3795 ,0.3796 ,0.3800 ,0.3805 ,0.3812 ,0.3821 ,0.3832 ,
0.6334 ,0.6386 ,0.6404 ,0.6389 ,0.6342 ,0.6265 ,0.6156 ,0.6018 ,0.5852 ,0.5659 ,0.5439 ,0.5195 ,0.4928 ,0.4639 ,0.4330 ,0.4002 ,0.3659 ,0.3301 ,0.2932 ,0.2554 ,0.2171 ,0.1790 ,0.1420 ,0.1084 ,0.0831 ,0.0757 ,0.0909 ,0.1201 ,0.1554 ,0.1929 ,0.2312 ,0.2694 ,0.3069 ,0.3435 ,0.3788 ,0.4127 ,0.4450 ,0.4755 ,0.5039 ,0.5303 ,0.5545 ,0.5762 ,0.5956 ,0.6123 ,0.6265 ,0.6379 ,0.6467 ,0.6527 ,0.6559 ,0.6564 ,0.6542 ,0.6495 ,0.6422 ,0.6327 ,0.6210 ,0.6075 ,0.5926 ,0.5766 ,0.5601 ,0.5439 ,0.5287 ,0.5155 ,0.5055 ,0.4997 ,0.4994 ,0.5056 ,0.5190 ,0.5401 ,0.5689 ,0.6051 ,0.6482 ,0.6976 ,0.7524 ,0.8121 ,0.8761 ,0.9437 ,1.0145 ,1.0879 ,1.1636 ,1.2412 ,1.3202 ,1.4004 ,1.4814 ,1.5630 ,1.6449 ,1.7268 ,1.8084 ,1.8895 ,1.9698 ,2.0492 ,2.1273 ,2.2040 ,2.2790 ,2.3522 ,2.4233 ,2.4921 ,2.5585 ,2.6223 ,2.6833 ,2.7413 ,2.7961 ,2.8478 ,2.8960 ,2.9406 ,2.9817 ,3.0189 ,3.0523 ,3.0817 ,3.1071 ,3.1283 ,3.1454 ,3.1583 ,3.1669 ,3.1713 ,3.1713 ,3.1670 ,3.1585 ,3.1456 ,3.1285 ,3.1071 ,3.0816 ,3.0519 ,3.0183 ,2.9806 ,2.9391 ,2.8937 ,2.8448 ,2.7922 ,2.7362 ,2.6770 ,2.6146 ,2.5491 ,2.4809 ,2.4099 ,2.3365 ,2.2607 ,2.1828 ,2.1029 ,2.0212 ,1.9380 ,1.8535 ,1.7677 ,1.6810 ,1.5936 ,1.5056 ,1.4174 ,1.3290 ,1.2408 ,1.1530 ,1.0658 ,0.9794 ,0.8941 ,0.8102 ,0.7279 ,0.6477 ,0.5698 ,0.4948 ,0.4235 ,0.3568 ,0.2965 ,0.2452 ,0.2074 ,0.1884 ,0.1911 ,0.2122 ,0.2446 ,0.2828 ,0.3229 ,0.3629 ,0.4016 ,0.4383 ,0.4725 ,0.5039 ,0.5322 ,0.5574 ,0.5793 ,0.5979 ,0.6131 ,0.6250 ,0.6334 ,
0.4741 ,0.4809 ,0.4826 ,0.4778 ,0.4690 ,0.4591 ,0.4493 ,0.4402 ,0.4319 ,0.4244 ,0.4177 ,0.4119 ,0.4068 ,0.4025 ,0.3989 ,0.3960 ,0.3937 ,0.3922 ,0.3913 ,0.3910 ,0.3913 ,0.3923 ,0.3939 ,0.3962 ,0.3991 ,0.4027 ,0.4069 ,0.4119 ,0.4176 ,0.4240 ,0.4313 ,0.4394 ,0.4483 ,0.4582 ,0.4691 ,0.4810 ,0.4941 ,0.5083 ,0.5238 ,0.5406 ,0.5588 ,0.5785 ,0.5998 ,0.6228 ,0.6474 ,0.6739 ,0.7021 ,0.7320 ,0.7637 ,0.7968 ,0.8310 ,0.8658 ,0.8996 ,0.9288 ,0.9449 ,0.9400 ,0.9220 ,0.8999 ,0.8769 ,0.8544 ,0.8327 ,0.8121 ,0.7926 ,0.7743 ,0.7573 ,0.7415 ,0.7270 ,0.7137 ,0.7017 ,0.6910 ,0.6815 ,0.6733 ,0.6663 ,0.6606 ,0.6561 ,0.6529 ,0.6510 ,0.6504 ,0.6510 ,0.6531 ,0.6565 ,0.6614 ,0.6678 ,0.6757 ,0.6854 ,0.6969 ,0.7104 ,0.7260 ,0.7439 ,0.7644 ,0.7876 ,0.8139 ,0.8436 ,0.8770 ,0.9140 ,0.9543 ,0.9961 ,1.0355 ,1.0697 ,1.1006 ,1.1314 ,1.1642 ,1.2002 ,1.2399 ,1.2838 ,1.3320 ,1.3841 ,1.4396 ,1.4967 ,1.5527 ,1.6035 ,1.6438 ,1.6677 ,1.6706 ,1.6511 ,1.6118 ,1.5578 ,1.4954 ,1.4300 ,1.3656 ,1.3046 ,1.2484 ,1.1975 ,1.1522 ,1.1121 ,1.0772 ,1.0470 ,1.0213 ,0.9998 ,0.9821 ,0.9226 ,0.8640 ,0.8125 ,0.7670 ,0.7265 ,0.6905 ,0.6583 ,0.6293 ,0.6033 ,0.5798 ,0.5586 ,0.5394 ,0.5220 ,0.5062 ,0.4918 ,0.4788 ,0.4670 ,0.4564 ,0.4467 ,0.4380 ,0.4301 ,0.4231 ,0.4169 ,0.4113 ,0.4065 ,0.4023 ,0.3988 ,0.3958 ,0.3934 ,0.3916 ,0.3904 ,0.3896 ,0.3895 ,0.3899 ,0.3908 ,0.3922 ,0.3942 ,0.3968 ,0.3999 ,0.4036 ,0.4080 ,0.4129 ,0.4185 ,0.4247 ,0.4316 ,0.4392 ,0.4475 ,0.4563 ,0.4654 ,0.4741 ,
0.6983 ,0.7264 ,0.7516 ,0.7739 ,0.7931 ,0.8089 ,0.8214 ,0.8304 ,0.8357 ,0.8372 ,0.8350 ,0.8289 ,0.8189 ,0.8050 ,0.7871 ,0.7652 ,0.7394 ,0.7097 ,0.6762 ,0.6390 ,0.5982 ,0.5540 ,0.5068 ,0.4570 ,0.4052 ,0.3527 ,0.3014 ,0.2548 ,0.2195 ,0.2050 ,0.2189 ,0.2593 ,0.3183 ,0.3891 ,0.4676 ,0.5515 ,0.6395 ,0.7305 ,0.8240 ,0.9195 ,1.0166 ,1.1150 ,1.2143 ,1.3142 ,1.4145 ,1.5149 ,1.6151 ,1.7149 ,1.8140 ,1.9121 ,2.0091 ,2.1046 ,2.1985 ,2.2905 ,2.3804 ,2.4679 ,2.5529 ,2.6351 ,2.7143 ,2.7903 ,2.8630 ,2.9322 ,2.9976 ,3.0592 ,3.1168 ,3.1702 ,3.2193 ,3.2640 ,3.3042 ,3.3398 ,3.3706 ,3.3967 ,3.4179 ,3.4342 ,3.4456 ,3.4520 ,3.4534 ,3.4499 ,3.4414 ,3.4279 ,3.4095 ,3.3862 ,3.3582 ,3.3254 ,3.2879 ,3.2459 ,3.1995 ,3.1487 ,3.0937 ,3.0346 ,2.9716 ,2.9049 ,2.8345 ,2.7607 ,2.6837 ,2.6037 ,2.5208 ,2.4352 ,2.3472 ,2.2570 ,2.1648 ,2.0708 ,1.9753 ,1.8785 ,1.7806 ,1.6819 ,1.5826 ,1.4829 ,1.3831 ,1.2835 ,1.1842 ,1.0855 ,0.9876 ,0.8909 ,0.7955 ,0.7017 ,0.6098 ,0.5200 ,0.4327 ,0.3484 ,0.2680 ,0.1930 ,0.1284 ,0.0905 ,0.1049 ,0.1534 ,0.2106 ,0.2685 ,0.3245 ,0.3778 ,0.4278 ,0.4742 ,0.5169 ,0.5558 ,0.5907 ,0.6217 ,0.6486 ,0.6715 ,0.6903 ,0.7052 ,0.7160 ,0.7229 ,0.7259 ,0.7251 ,0.7205 ,0.7123 ,0.7005 ,0.6854 ,0.6670 ,0.6454 ,0.6210 ,0.5937 ,0.5640 ,0.5319 ,0.4978 ,0.4619 ,0.4247 ,0.3866 ,0.3482 ,0.3104 ,0.2742 ,0.2413 ,0.2142 ,0.1960 ,0.1898 ,0.1971 ,0.2166 ,0.2452 ,0.2799 ,0.3183 ,0.3589 ,0.4003 ,0.4419 ,0.4830 ,0.5232 ,0.5621 ,0.5993 ,0.6345 ,0.6676 ,0.6983 ,
0.4213 ,0.4297 ,0.4389 ,0.4489 ,0.4597 ,0.4715 ,0.4843 ,0.4982 ,0.5132 ,0.5295 ,0.5471 ,0.5660 ,0.5865 ,0.6086 ,0.6324 ,0.6580 ,0.6855 ,0.7148 ,0.7460 ,0.7791 ,0.8138 ,0.8498 ,0.8868 ,0.9239 ,0.9603 ,0.9946 ,1.0256 ,1.0514 ,1.0706 ,1.0821 ,1.0853 ,1.0803 ,1.0680 ,1.0499 ,1.0275 ,1.0024 ,0.9760 ,0.9494 ,0.9234 ,0.8987 ,0.8755 ,0.8542 ,0.8349 ,0.8177 ,0.8025 ,0.7894 ,0.7784 ,0.7694 ,0.7624 ,0.7575 ,0.7546 ,0.7538 ,0.7551 ,0.7586 ,0.7644 ,0.7727 ,0.7835 ,0.7972 ,0.8141 ,0.8344 ,0.8588 ,0.8877 ,0.9219 ,0.9624 ,1.0103 ,1.0674 ,1.1358 ,1.2185 ,1.3195 ,1.4446 ,1.6021 ,1.8042 ,2.0684 ,2.4180 ,2.8710 ,3.3858 ,3.7722 ,3.8581 ,3.7225 ,3.4956 ,3.2099 ,2.6900 ,2.1754 ,1.8103 ,1.5460 ,1.3475 ,1.1936 ,1.0711 ,0.9717 ,0.8896 ,0.8209 ,0.7626 ,0.7127 ,0.6696 ,0.6321 ,0.5993 ,0.5704 ,0.5450 ,0.5224 ,0.5023 ,0.4844 ,0.4684 ,0.4542 ,0.4414 ,0.4301 ,0.4199 ,0.4109 ,0.4030 ,0.3960 ,0.3899 ,0.3846 ,0.3801 ,0.3764 ,0.3733 ,0.3710 ,0.3693 ,0.3682 ,0.3678 ,0.3681 ,0.3689 ,0.3704 ,0.3726 ,0.3754 ,0.3789 ,0.3831 ,0.3881 ,0.3938 ,0.4004 ,0.4078 ,0.4162 ,0.4256 ,0.4361 ,0.4477 ,0.4606 ,0.4747 ,0.4902 ,0.5069 ,0.5239 ,0.5386 ,0.5432 ,0.5347 ,0.5207 ,0.5058 ,0.4914 ,0.4779 ,0.4653 ,0.4538 ,0.4431 ,0.4334 ,0.4245 ,0.4164 ,0.4090 ,0.4023 ,0.3963 ,0.3909 ,0.3861 ,0.3819 ,0.3782 ,0.3751 ,0.3724 ,0.3703 ,0.3686 ,0.3674 ,0.3667 ,0.3664 ,0.3666 ,0.3672 ,0.3683 ,0.3699 ,0.3719 ,0.3744 ,0.3774 ,0.3809 ,0.3849 ,0.3895 ,0.3946 ,0.4003 ,0.4067 ,0.4136 ,0.4213 ,
0.8284 ,0.8715 ,0.9116 ,0.9485 ,0.9821 ,1.0121 ,1.0384 ,1.0608 ,1.0792 ,1.0934 ,1.1033 ,1.1089 ,1.1099 ,1.1064 ,1.0982 ,1.0854 ,1.0679 ,1.0457 ,1.0187 ,0.9870 ,0.9507 ,0.9097 ,0.8642 ,0.8142 ,0.7600 ,0.7016 ,0.6393 ,0.5734 ,0.5044 ,0.4331 ,0.3607 ,0.2898 ,0.2263 ,0.1835 ,0.1820 ,0.2266 ,0.3000 ,0.3880 ,0.4842 ,0.5854 ,0.6903 ,0.7979 ,0.9075 ,1.0187 ,1.1311 ,1.2443 ,1.3580 ,1.4718 ,1.5855 ,1.6988 ,1.8113 ,1.9229 ,2.0331 ,2.1417 ,2.2485 ,2.3532 ,2.4556 ,2.5553 ,2.6521 ,2.7459 ,2.8363 ,2.9231 ,3.0062 ,3.0853 ,3.1602 ,3.2308 ,3.2968 ,3.3581 ,3.4146 ,3.4661 ,3.5125 ,3.5537 ,3.5896 ,3.6200 ,3.6450 ,3.6645 ,3.6783 ,3.6866 ,3.6892 ,3.6862 ,3.6776 ,3.6634 ,3.6436 ,3.6184 ,3.5877 ,3.5516 ,3.5103 ,3.4639 ,3.4125 ,3.3561 ,3.2950 ,3.2294 ,3.1593 ,3.0850 ,3.0066 ,2.9244 ,2.8386 ,2.7494 ,2.6569 ,2.5615 ,2.4634 ,2.3629 ,2.2601 ,2.1553 ,2.0489 ,1.9410 ,1.8320 ,1.7221 ,1.6116 ,1.5007 ,1.3898 ,1.2791 ,1.1688 ,1.0593 ,0.9509 ,0.8437 ,0.7382 ,0.6345 ,0.5331 ,0.4342 ,0.3385 ,0.2469 ,0.1619 ,0.0937 ,0.0835 ,0.1382 ,0.2082 ,0.2793 ,0.3481 ,0.4136 ,0.4754 ,0.5332 ,0.5867 ,0.6358 ,0.6804 ,0.7205 ,0.7560 ,0.7868 ,0.8129 ,0.8343 ,0.8510 ,0.8630 ,0.8704 ,0.8732 ,0.8716 ,0.8654 ,0.8550 ,0.8403 ,0.8216 ,0.7988 ,0.7723 ,0.7421 ,0.7085 ,0.6717 ,0.6318 ,0.5892 ,0.5442 ,0.4970 ,0.4481 ,0.3981 ,0.3476 ,0.2978 ,0.2504 ,0.2087 ,0.1779 ,0.1656 ,0.1764 ,0.2069 ,0.2501 ,0.3003 ,0.3542 ,0.4098 ,0.4661 ,0.5221 ,0.5773 ,0.6314 ,0.6838 ,0.7343 ,0.7826 ,0.8284 ,
0.6071 ,0.6377 ,0.6715 ,0.7086 ,0.7490 ,0.7923 ,0.8376 ,0.8832 ,0.9261 ,0.9627 ,0.9890 ,1.0024 ,1.0024 ,0.9907 ,0.9701 ,0.9435 ,0.9135 ,0.8819 ,0.8501 ,0.8188 ,0.7886 ,0.7600 ,0.7329 ,0.7076 ,0.6841 ,0.6622 ,0.6421 ,0.6235 ,0.6065 ,0.5909 ,0.5767 ,0.5639 ,0.5523 ,0.5418 ,0.5325 ,0.5243 ,0.5171 ,0.5109 ,0.5057 ,0.5014 ,0.4980 ,0.4955 ,0.4939 ,0.4932 ,0.4934 ,0.4945 ,0.4965 ,0.4995 ,0.5035 ,0.5085 ,0.5146 ,0.5219 ,0.5305 ,0.5404 ,0.5518 ,0.5649 ,0.5797 ,0.5967 ,0.6159 ,0.6378 ,0.6627 ,0.6911 ,0.7236 ,0.7611 ,0.8044 ,0.8549 ,0.9142 ,0.9846 ,1.0694 ,1.1728 ,1.3015 ,1.4655 ,1.6808 ,1.9749 ,2.3986 ,3.0575 ,4.2051 ,6.4471 ,6.6306 ,4.9661 ,3.8780 ,3.1188 ,2.5495 ,2.1188 ,1.7964 ,1.5537 ,1.3673 ,1.2212 ,1.1043 ,1.0089 ,0.9300 ,0.8639 ,0.8078 ,0.7597 ,0.7183 ,0.6823 ,0.6509 ,0.6234 ,0.5991 ,0.5777 ,0.5587 ,0.5420 ,0.5271 ,0.5140 ,0.5024 ,0.4922 ,0.4832 ,0.4755 ,0.4688 ,0.4631 ,0.4584 ,0.4545 ,0.4516 ,0.4494 ,0.4480 ,0.4474 ,0.4475 ,0.4484 ,0.4501 ,0.4525 ,0.4556 ,0.4595 ,0.4642 ,0.4697 ,0.4761 ,0.4833 ,0.4914 ,0.5005 ,0.5107 ,0.5218 ,0.5341 ,0.5475 ,0.5616 ,0.5723 ,0.5578 ,0.5363 ,0.5162 ,0.4979 ,0.4814 ,0.4665 ,0.4531 ,0.4409 ,0.4300 ,0.4201 ,0.4113 ,0.4035 ,0.3965 ,0.3903 ,0.3850 ,0.3803 ,0.3764 ,0.3731 ,0.3705 ,0.3685 ,0.3671 ,0.3664 ,0.3662 ,0.3667 ,0.3678 ,0.3695 ,0.3718 ,0.3748 ,0.3784 ,0.3828 ,0.3879 ,0.3938 ,0.4006 ,0.4082 ,0.4168 ,0.4264 ,0.4371 ,0.4491 ,0.4624 ,0.4772 ,0.4936 ,0.5119 ,0.5321 ,0.5546 ,0.5795 ,0.6071 ,
0.2448 ,0.2931 ,0.3465 ,0.4027 ,0.4605 ,0.5190 ,0.5775 ,0.6356 ,0.6928 ,0.7488 ,0.8032 ,0.8558 ,0.9063 ,0.9544 ,1.0000 ,1.0426 ,1.0823 ,1.1187 ,1.1516 ,1.1809 ,1.2064 ,1.2279 ,1.2453 ,1.2585 ,1.2673 ,1.2716 ,1.2714 ,1.2666 ,1.2570 ,1.2427 ,1.2236 ,1.1996 ,1.1708 ,1.1372 ,1.0988 ,1.0556 ,1.0077 ,0.9551 ,0.8980 ,0.8364 ,0.7705 ,0.7004 ,0.6264 ,0.5486 ,0.4675 ,0.3835 ,0.2979 ,0.2133 ,0.1390 ,0.1098 ,0.1597 ,0.2476 ,0.3477 ,0.4535 ,0.5627 ,0.6745 ,0.7881 ,0.9031 ,1.0193 ,1.1361 ,1.2534 ,1.3709 ,1.4881 ,1.6050 ,1.7211 ,1.8362 ,1.9500 ,2.0622 ,2.1727 ,2.2810 ,2.3870 ,2.4904 ,2.5910 ,2.6884 ,2.7826 ,2.8732 ,2.9601 ,3.0430 ,3.1218 ,3.1962 ,3.2661 ,3.3313 ,3.3917 ,3.4472 ,3.4975 ,3.5427 ,3.5825 ,3.6169 ,3.6459 ,3.6693 ,3.6871 ,3.6994 ,3.7060 ,3.7069 ,3.7023 ,3.6920 ,3.6762 ,3.6549 ,3.6282 ,3.5961 ,3.5587 ,3.5162 ,3.4686 ,3.4162 ,3.3590 ,3.2972 ,3.2309 ,3.1604 ,3.0859 ,3.0075 ,2.9254 ,2.8399 ,2.7513 ,2.6596 ,2.5652 ,2.4684 ,2.3693 ,2.2683 ,2.1656 ,2.0615 ,1.9563 ,1.8502 ,1.7436 ,1.6367 ,1.5298 ,1.4233 ,1.3174 ,1.2124 ,1.1088 ,1.0068 ,0.9069 ,0.8094 ,0.7150 ,0.6243 ,0.5382 ,0.4580 ,0.3855 ,0.3240 ,0.2777 ,0.2522 ,0.2503 ,0.2696 ,0.3033 ,0.3447 ,0.3893 ,0.4343 ,0.4780 ,0.5194 ,0.5576 ,0.5923 ,0.6232 ,0.6500 ,0.6727 ,0.6910 ,0.7050 ,0.7146 ,0.7198 ,0.7207 ,0.7173 ,0.7096 ,0.6977 ,0.6819 ,0.6621 ,0.6385 ,0.6113 ,0.5807 ,0.5469 ,0.5101 ,0.4708 ,0.4292 ,0.3859 ,0.3415 ,0.2972 ,0.2544 ,0.2160 ,0.1866 ,0.1725 ,0.1790 ,0.2049 ,0.2448 ,
0.5047 ,0.4981 ,0.4919 ,0.4860 ,0.4804 ,0.4752 ,0.4703 ,0.4657 ,0.4615 ,0.4575 ,0.4539 ,0.4506 ,0.4475 ,0.4447 ,0.4422 ,0.4399 ,0.4379 ,0.4361 ,0.4346 ,0.4332 ,0.4321 ,0.4311 ,0.4304 ,0.4298 ,0.4294 ,0.4292 ,0.4292 ,0.4293 ,0.4296 ,0.4301 ,0.4307 ,0.4315 ,0.4325 ,0.4336 ,0.4349 ,0.4364 ,0.4381 ,0.4399 ,0.4419 ,0.4440 ,0.4463 ,0.4488 ,0.4515 ,0.4544 ,0.4574 ,0.4606 ,0.4640 ,0.4675 ,0.4713 ,0.4752 ,0.4793 ,0.4837 ,0.4882 ,0.4930 ,0.4980 ,0.5033 ,0.5089 ,0.5148 ,0.5210 ,0.5276 ,0.5346 ,0.5421 ,0.5502 ,0.5588 ,0.5682 ,0.5784 ,0.5895 ,0.6017 ,0.6150 ,0.6298 ,0.6461 ,0.6642 ,0.6844 ,0.7071 ,0.7326 ,0.7615 ,0.7943 ,0.8318 ,0.8750 ,0.9250 ,0.9835 ,1.0526 ,1.1351 ,1.2350 ,1.3578 ,1.5114 ,1.7066 ,1.9545 ,2.2376 ,2.4546 ,2.5911 ,2.6955 ,2.7771 ,2.8237 ,2.8024 ,2.6634 ,2.3935 ,2.0731 ,1.7841 ,1.5490 ,1.3621 ,1.2129 ,1.0923 ,0.9934 ,0.9112 ,0.8421 ,0.7834 ,0.7330 ,0.6895 ,0.6516 ,0.6184 ,0.5891 ,0.5633 ,0.5404 ,0.5201 ,0.5020 ,0.4858 ,0.4713 ,0.4584 ,0.4469 ,0.4367 ,0.4276 ,0.4196 ,0.4125 ,0.4064 ,0.4011 ,0.3966 ,0.3928 ,0.3898 ,0.3874 ,0.3858 ,0.3848 ,0.3844 ,0.3847 ,0.3856 ,0.3871 ,0.3893 ,0.3921 ,0.3956 ,0.3998 ,0.4046 ,0.4102 ,0.4165 ,0.4235 ,0.4314 ,0.4400 ,0.4495 ,0.4599 ,0.4711 ,0.4832 ,0.4961 ,0.5097 ,0.5239 ,0.5386 ,0.5534 ,0.5679 ,0.5818 ,0.5944 ,0.6051 ,0.6137 ,0.6196 ,0.6229 ,0.6237 ,0.6221 ,0.6187 ,0.6136 ,0.6074 ,0.6003 ,0.5925 ,0.5843 ,0.5759 ,0.5673 ,0.5588 ,0.5504 ,0.5422 ,0.5341 ,0.5263 ,0.5188 ,0.5116 ,0.5047 ,
0.3953 ,0.3558 ,0.3131 ,0.2674 ,0.2191 ,0.1686 ,0.1168 ,0.0671 ,0.0418 ,0.0778 ,0.1341 ,0.1950 ,0.2579 ,0.3221 ,0.3869 ,0.4522 ,0.5175 ,0.5825 ,0.6471 ,0.7109 ,0.7737 ,0.8352 ,0.8951 ,0.9532 ,1.0092 ,1.0630 ,1.1142 ,1.1627 ,1.2082 ,1.2506 ,1.2895 ,1.3249 ,1.3565 ,1.3842 ,1.4078 ,1.4272 ,1.4422 ,1.4526 ,1.4585 ,1.4597 ,1.4561 ,1.4476 ,1.4342 ,1.4158 ,1.3924 ,1.3640 ,1.3306 ,1.2921 ,1.2488 ,1.2004 ,1.1473 ,1.0893 ,1.0266 ,0.9593 ,0.8876 ,0.8115 ,0.7313 ,0.6472 ,0.5593 ,0.4681 ,0.3741 ,0.2784 ,0.1842 ,0.1057 ,0.1056 ,0.1886 ,0.2934 ,0.4049 ,0.5200 ,0.6375 ,0.7567 ,0.8772 ,0.9986 ,1.1206 ,1.2429 ,1.3652 ,1.4871 ,1.6084 ,1.7289 ,1.8481 ,1.9659 ,2.0819 ,2.1960 ,2.3077 ,2.4169 ,2.5233 ,2.6267 ,2.7268 ,2.8234 ,2.9162 ,3.0051 ,3.0899 ,3.1702 ,3.2461 ,3.3172 ,3.3835 ,3.4447 ,3.5008 ,3.5517 ,3.5971 ,3.6370 ,3.6714 ,3.7002 ,3.7233 ,3.7406 ,3.7523 ,3.7581 ,3.7582 ,3.7526 ,3.7412 ,3.7242 ,3.7017 ,3.6736 ,3.6400 ,3.6012 ,3.5571 ,3.5080 ,3.4539 ,3.3951 ,3.3316 ,3.2638 ,3.1916 ,3.1155 ,3.0354 ,2.9518 ,2.8648 ,2.7746 ,2.6815 ,2.5857 ,2.4876 ,2.3873 ,2.2851 ,2.1812 ,2.0761 ,1.9699 ,1.8629 ,1.7554 ,1.6477 ,1.5400 ,1.4327 ,1.3260 ,1.2202 ,1.1157 ,1.0126 ,0.9113 ,0.8120 ,0.7152 ,0.6211 ,0.5303 ,0.4431 ,0.3605 ,0.2837 ,0.2156 ,0.1619 ,0.1345 ,0.1430 ,0.1777 ,0.2233 ,0.2715 ,0.3187 ,0.3632 ,0.4043 ,0.4415 ,0.4745 ,0.5031 ,0.5272 ,0.5467 ,0.5616 ,0.5719 ,0.5776 ,0.5786 ,0.5752 ,0.5673 ,0.5550 ,0.5384 ,0.5176 ,0.4927 ,0.4640 ,0.4315 ,0.3953 ,
0.3766 ,0.3776 ,0.3787 ,0.3799 ,0.3812 ,0.3826 ,0.3840 ,0.3855 ,0.3869 ,0.3884 ,0.3898 ,0.3912 ,0.3926 ,0.3938 ,0.3949 ,0.3960 ,0.3968 ,0.3976 ,0.3982 ,0.3986 ,0.3989 ,0.3990 ,0.3989 ,0.3987 ,0.3983 ,0.3979 ,0.3973 ,0.3967 ,0.3960 ,0.3953 ,0.3945 ,0.3938 ,0.3932 ,0.3926 ,0.3922 ,0.3919 ,0.3917 ,0.3918 ,0.3920 ,0.3925 ,0.3932 ,0.3942 ,0.3955 ,0.3971 ,0.3991 ,0.4014 ,0.4040 ,0.4071 ,0.4106 ,0.4145 ,0.4189 ,0.4238 ,0.4292 ,0.4352 ,0.4418 ,0.4490 ,0.4568 ,0.4654 ,0.4747 ,0.4849 ,0.4959 ,0.5078 ,0.5208 ,0.5348 ,0.5500 ,0.5665 ,0.5843 ,0.6037 ,0.6246 ,0.6474 ,0.6720 ,0.6988 ,0.7279 ,0.7595 ,0.7938 ,0.8312 ,0.8719 ,0.9163 ,0.9646 ,1.0172 ,1.0746 ,1.1371 ,1.2051 ,1.2790 ,1.3590 ,1.4455 ,1.5384 ,1.6376 ,1.7424 ,1.8516 ,1.9631 ,2.0738 ,2.1792 ,2.2734 ,2.3509 ,2.4075 ,2.4425 ,2.4582 ,2.4583 ,2.4468 ,2.4268 ,2.4004 ,2.3694 ,2.3346 ,2.2966 ,2.2558 ,2.2123 ,2.1663 ,2.1178 ,2.0669 ,2.0138 ,1.9587 ,1.9019 ,1.8436 ,1.7842 ,1.7240 ,1.6633 ,1.6023 ,1.5415 ,1.4810 ,1.4211 ,1.3622 ,1.3043 ,1.2478 ,1.1928 ,1.1397 ,1.0885 ,1.0395 ,0.9927 ,0.9483 ,0.9063 ,0.8667 ,0.8294 ,0.7946 ,0.7620 ,0.7315 ,0.7031 ,0.6767 ,0.6521 ,0.6292 ,0.6080 ,0.5882 ,0.5699 ,0.5529 ,0.5371 ,0.5224 ,0.5088 ,0.4962 ,0.4845 ,0.4736 ,0.4636 ,0.4543 ,0.4457 ,0.4378 ,0.4305 ,0.4238 ,0.4176 ,0.4120 ,0.4068 ,0.4021 ,0.3979 ,0.3940 ,0.3906 ,0.3875 ,0.3848 ,0.3824 ,0.3804 ,0.3786 ,0.3772 ,0.3760 ,0.3751 ,0.3744 ,0.3740 ,0.3738 ,0.3738 ,0.3740 ,0.3744 ,0.3750 ,0.3757 ,0.3766 ,
