0.0332, -24.7701,  0.0331, -16.3720
0.0371, -25.4772,  0.0374,  22.8188
0.1113, -8.0275,  0.1115,  1.9680
0.4844, -30.5549,  0.4847,  26.9406
0.4941, -24.0670,  0.4941,  27.0981
0.0332, -25.4772,  0.0331, -15.3161
0.0371, -25.4792,  0.0374,  22.6867
0.1113, -7.3834,  0.1115,  3.4055
0.4551, -21.9802,  0.4553,  20.9392
0.4590, -22.6742,  0.4583,  21.7889
0.0332, -24.7701,  0.0337, -19.4987
0.0371, -26.1884,  0.0374,  22.6389
0.0430, -26.1884,  0.0436, -1.7454
0.1113,  25.4772,  0.1114,  2.2288
0.4512, -4.8060,  0.4506,  20.5800
0.0332, -24.7701,  0.0330, -14.8901
0.0371, -26.1884,  0.0374,  22.2759
0.0430, -26.1884,  0.0435, -1.7246
0.1113, -11.9283,  0.1115,  3.7630
0.4453, -17.8953,  0.4456,  17.4206
0.0332, -24.7701,  0.0330, -15.7800
0.0371, -26.1884,  0.0374,  22.3552
0.0430, -26.1884,  0.0435, -1.8713
0.1113,  27.3292,  0.1115,  3.5654
0.4434, -17.1354,  0.4435,  16.5911
0.0332, -24.0691,  0.0331, -15.6101
0.0371, -25.1422,  0.0374,  22.7232
0.1113, -8.6745,  0.1116,  3.7670
0.4395, -15.8881,  0.4400,  15.1184
0.4512, -15.8861,  0.4513,  15.8784
0.0332, -24.7701,  0.0330, -15.3860
0.0371, -24.7722,  0.0374,  22.4505
0.0430, -26.1884,  0.0435, -1.6299
0.1113, -17.2219,  0.1115,  4.6762
0.4414, -12.5834,  0.4414,  13.2432
0.0332, -24.7701,  0.0330, -15.0835
0.0371, -24.7722,  0.0374,  22.6233
0.4395, -10.6246,  0.4396,  10.9657
0.4434, -10.6246,  0.4427,  11.1045
0.4766, -21.2935,  0.4758,  19.7128
0.0332, -24.7701,  0.0331, -16.2759
0.0371, -25.4772,  0.0374,  23.1153
0.1113, -8.6745,  0.1114,  2.3210
0.4336, -8.0294,  0.4347,  9.8261
0.4453, -11.2748,  0.4453,  8.1155
0.0332, -21.9822,  0.0331, -15.6493
0.0371, -23.3698,  0.0374,  22.3595
0.1113, -11.9283,  0.1115,  1.5000
0.4395, -3.5241,  0.4392,  10.5385
0.4473, -8.6745,  0.4479,  5.7216
0.0332, -23.3678,  0.0330, -15.5381
0.0371, -24.0691,  0.0374,  22.2282
0.1113, -8.6745,  0.1114,  2.1678
0.4414, -8.0294,  0.4420,  6.6740
0.4512, -5.4507,  0.4511,  5.9203
0.0332, -23.3698,  0.0331, -15.7517
0.0371, -24.7722,  0.0374,  22.9215
0.4492, -15.2236,  0.4495,  1.0778
0.4551, -14.5592,  0.4560,  3.9900
0.4609, -13.5465,  0.4608,  5.9073
0.4473, -6.7364,  0.4479,  6.0089
0.4473, -7.3815,  0.4481,  8.4165
0.4512, -6.7383,  0.4510,  6.9550
0.4551, -6.7383,  0.4553,  6.9994
0.4629, -6.7364,  0.4634,  6.4860
0.4668, -5.4507,  0.4668, -0.0198
0.4492, -10.6227,  0.4487,  9.2980
0.4492, -9.3227,  0.4495,  9.0772
0.0371, -26.1078,  0.0374,  22.3257
0.4473, -8.0294,  0.4477,  11.3808
0.4512, -9.3227,  0.4511,  7.7973
0.4590,  3.5241,  0.4598,  7.4144
0.4766,  4.8079,  0.4775, -3.5083
0.0371, -24.0691,  0.0374,  22.6867
0.4492, -8.0275,  0.4491,  7.4864
0.4531, -8.0275,  0.4532,  6.1290
0.4688, -9.9721,  0.4697, -4.4595
0.4805,  1.6016,  0.4806, -3.5823
0.0371, -24.0691,  0.0374,  22.5347
0.4551, -6.0922,  0.4551,  6.9130
0.4688, -6.0922,  0.4693, -2.3989
0.4727, -6.0941,  0.4734, -5.7345
0.4844,  5.4488,  0.4838, -4.9377
0.0371, -25.4772,  0.0374,  22.5642
0.1113, -10.6227,  0.1114,  3.7124
0.4551, -5.4488,  0.4551,  4.3775
0.4590, -5.4488,  0.4588,  6.1460
0.4707, -0.9594,  0.4711, -2.9683
0.0371, -26.1884,  0.0374,  22.4366
0.1113, -14.5592,  0.1114,  2.5774
0.4531, -4.1639,  0.4539,  3.3107
0.4570, -4.1658,  0.4568,  3.3068
0.4648, -2.2421,  0.4647,  1.7999
0.0332, -24.0670,  0.0331, -15.7975
0.0371, -25.0573,  0.0374,  22.5347
0.4590, -0.9612,  0.4591,  0.9455
0.4648, -1.6016,  0.4655,  0.3999
0.4766,  0.3210,  0.4773, -7.0398
0.0332, -24.0670,  0.0336,  23.0534
0.0371, -24.7701,  0.0374,  22.5686
0.1113,  28.3492,  0.1114,  3.2834
0.4590, -0.3210,  0.4590,  1.2334
0.4805,  6.0941,  0.4804, -8.7351
0.0332, -24.0691,  0.0336, -18.9074
0.0371, -26.9040,  0.0374,  22.7667
0.1113, -11.2767,  0.1115,  3.1385
0.4629, -0.3210,  0.4622, -0.0639
0.4805,  8.6764,  0.4807, -9.8261
0.0371, -26.9040,  0.0374,  22.2941
0.4609,  1.5997,  0.4602, -1.6700
0.4707, -2.2402,  0.4704, -1.7518
0.4805, -3.5222,  0.4812, -11.5027
0.4844,  13.8988,  0.4845, -12.1354
0.0332, -23.3678,  0.0336, -19.0672
0.0371, -25.4772,  0.0374,  22.3595
0.4609,  2.2421,  0.4614, -1.5441
0.4707,  11.9302,  0.4710, -1.3573
0.4805,  0.9612,  0.4808, -12.4961
0.0371, -24.7722,  0.0374,  22.7189
0.4629,  2.8829,  0.4621, -3.6811
0.4668,  5.4488,  0.4668, -6.2516
0.4727,  13.8988,  0.4721, -5.4646
0.4805,  12.5853,  0.4801, -14.4844
0.0371, -25.4772,  0.0374,  22.2438
0.4648,  8.6745,  0.4647, -4.8219
0.4727,  15.8881,  0.4719, -4.8259
0.4805,  17.8934,  0.4804, -15.5099
0.4922,  14.5611,  0.4934, -18.4309
0.0371, -25.4772,  0.0374,  22.8006
0.4648,  10.6246,  0.4648, -6.9405
0.4707,  14.5611,  0.4716, -8.7497
0.4746,  14.5611,  0.4747, -2.1276
0.4785,  17.8934,  0.4789, -12.9847
0.0332, -24.7701,  0.0330, -15.8109
0.0371, -24.7722,  0.0374,  22.5798
0.1113, -17.8934,  0.1115,  3.5654
0.4648,  15.2236,  0.4644, -8.5186
0.4727,  9.9740,  0.4733, -3.0983
0.4648,  13.2421,  0.4641, -11.6913
0.4746,  15.8881,  0.4753, -7.8419
0.4844,  17.2219,  0.4839, -21.7484
0.4629,  19.2460,  0.4639, -13.2284
0.4688,  19.2441,  0.4687, -16.4531
0.4746,  16.5548,  0.4752, -13.3618
0.4590,  18.5266,  0.4590, -18.5375
0.4668,  18.5674,  0.4673, -15.8892
0.0332, -22.6742,  0.0330, -15.4749
0.0371, -25.4772,  0.0374,  22.7962
0.4551,  6.0941,  0.4545, -19.4273
0.4609,  18.5693,  0.4610, -13.3404
0.4668,  21.2914,  0.4678, -20.2083
0.0332, -24.7701,  0.0330, -15.3968
0.0371, -24.7722,  0.0374,  22.7006
0.1113, -9.9721,  0.1115,  3.4224
0.4609,  24.0691,  0.4615, -25.0093
0.4648,  23.3698,  0.4648, -20.3113
0.0332, -23.3698,  0.0331, -15.5819
0.0371, -26.1884,  0.0375,  22.3959
0.1113, -9.9740,  0.1115,  4.2110
0.4531,  19.2441,  0.4526, -24.9147
0.4609,  21.2935,  0.4611, -12.1395
0.0371, -25.6599,  0.0374,  22.4913
0.1113, -10.6246,  0.1114,  1.6909
0.4355,  25.4772,  0.4355, -24.6277
0.4414,  26.9062,  0.4412, -23.8983
0.4453,  27.6264,  0.4455, -25.5106
0.0332, -23.3698,  0.0330, -15.8258
0.0371, -26.1884,  0.0374,  22.7049
0.4277,  29.0813,  0.4270, -25.8696
0.4434,  31.3012,  0.4426, -25.4316
0.4570,  17.8934,  0.4572, -13.1419
0.0332, -24.0670,  0.0331, -16.0268
0.0371, -24.0670,  0.0374,  23.1563
0.1113, -9.9740,  0.1114,  2.7788
0.4531,  18.4148,  0.4532, -16.6873
0.4570,  17.2239,  0.4571, -14.4496
0.0332, -25.4772,  0.0331, -15.0378
0.0371, -26.9040,  0.0374,  22.8006
0.0430, -25.4772,  0.0435, -2.0795
0.1113,  28.3492,  0.1114,  2.9137
0.4199,  35.1278,  0.4207, -27.2942
0.0332, -24.7701,  0.0337, -19.0562
0.0371, -26.1884,  0.0374,  22.6415
0.4023,  32.8119,  0.4018, -29.4170
0.4453,  19.2441,  0.4453, -18.1528
0.4512,  16.5548,  0.4509, -15.9742
0.0332, -24.7701,  0.0331, -15.6951
0.0371, -25.2414,  0.0374,  22.0127
0.0430, -25.4772,  0.0435, -1.1283
0.1113, -12.5853,  0.1115,  3.6577
0.3984,  31.3012,  0.3981, -30.3732
0.0332, -25.4772,  0.0331, -16.0226
0.0371, -25.4792,  0.0374,  22.8624
0.0430, -26.1884,  0.0435, -1.7558
0.1113, -9.9740,  0.1114,  2.4872
0.4414,  20.6060,  0.4416, -18.9875
0.0332, -26.1884,  0.0330, -15.5710
0.0371, -28.3492,  0.0374,  22.3326
0.3730,  36.7089,  0.3734, -29.9897
0.3828,  35.1301,  0.3829, -30.2710
0.4395,  16.5548,  0.4393, -18.2764
0.0332, -23.3698,  0.0336, -18.8718
0.0371, -24.7722,  0.0374,  22.8850
0.0430, -26.1884,  0.0435, -1.0168
0.1113, -12.5834,  0.1114,  2.3002
0.3730,  29.8165,  0.3735, -29.6607
0.0332, -24.0670,  0.0331, -15.8325
0.0371, -24.0691,  0.0374,  23.0147
0.1113, -30.5571,  0.1116,  4.6046
0.3613,  37.5116,  0.3613, -33.4247
0.3691,  35.9167,  0.3697, -30.5537
0.0371, -26.1884,  0.0374,  22.5798
0.0430, -26.1884,  0.0435, -1.8232
0.1113, -9.3246,  0.1114,  2.7982
0.3516,  29.8165,  0.3517, -32.7058
0.3633,  29.0813,  0.3630, -29.3903
0.0332, -22.6742,  0.0330, -15.4492
0.0371, -24.0691,  0.0374,  22.4436
0.0430, -25.4772,  0.0435, -1.7999
0.1113, -7.3834,  0.1115,  2.3419
0.3535,  32.0534,  0.3538, -31.1499
0.0332, -22.6742,  0.0330, -15.2355
0.0371, -25.4772,  0.0374,  23.0103
0.1113, -9.9721,  0.1115,  1.7751
0.3418,  32.0557,  0.3422, -30.4076
0.4043,  26.9040,  0.4048, -25.9649
0.0332, -23.3698,  0.0336, -18.8430
0.0371, -26.1884,  0.0374,  22.5686
0.0430, -25.4772,  0.0435, -1.0128
0.1113, -9.3227,  0.1115,  3.2224
0.3145,  35.9144,  0.3146, -31.5113
0.0371, -26.9040,  0.0374,  22.3439
0.3008,  33.5792,  0.3013, -33.7924
0.3047,  32.8142,  0.3041, -33.2664
0.3301,  32.8119,  0.3303, -28.9193
0.3887,  25.4792,  0.3885, -22.5981
0.0332, -23.3678,  0.0337, -19.0342
0.0371, -24.7701,  0.0374,  22.8006
0.2852,  32.0534,  0.2853, -31.4201
0.2910,  32.0557,  0.2911, -35.4811
0.3809,  21.9802,  0.3805, -24.0474
0.0371, -24.7701,  0.0374,  23.0147
0.2812,  32.8142,  0.2815, -31.2727
0.2852,  42.5289,  0.2847, -30.2980
0.2910,  39.1438,  0.2907, -33.4218
0.2969,  44.2940,  0.2968, -32.8307
0.0371, -24.7722,  0.0374,  22.2143
0.2754,  35.9144,  0.2760, -33.1710
0.2793,  38.3255,  0.2800, -32.2453
0.2852,  32.0557,  0.2852, -33.0131
0.3027,  36.7089,  0.3033, -27.4286
0.0371, -26.9040,  0.0374,  22.5095
0.2539,  35.1301,  0.2542, -31.4032
0.2598,  27.6264,  0.2593, -29.9314
0.2695,  32.0557,  0.2690, -34.1623
0.2754,  35.9144,  0.2750, -32.3051
0.0371, -24.0691,  0.0374,  22.4098
0.2422,  35.9144,  0.2430, -31.2727
0.2480,  38.3231,  0.2482, -29.0944
0.2520,  32.0557,  0.2519, -28.1742
0.2559,  29.0813,  0.2566, -31.8000
0.0371, -25.4772,  0.0374,  22.6120
0.2324,  35.1301,  0.2333, -30.4708
0.2422,  38.3231,  0.2416, -30.9983
0.2461,  36.7089,  0.2463, -35.4142
0.2500,  28.3492,  0.2503, -32.1932
0.2207,  26.1884,  0.2206, -31.0984
0.2285,  26.1884,  0.2285, -21.4617
0.2324,  24.7701,  0.2323, -29.4892
0.2383,  23.3698,  0.2387, -25.7507
0.2891,  24.7701,  0.2892, -27.4241
0.2090,  32.8119,  0.2087, -28.6107
0.2207,  33.5769,  0.2208, -31.1331
0.1992,  25.4772,  0.1999, -27.6421
0.2070,  29.8165,  0.2077, -25.7205
0.2109,  29.0813,  0.2115, -24.6418
0.2168,  29.0813,  0.2164, -21.8658
0.2207,  31.3012,  0.2202, -23.2409
0.0371, -24.9062,  0.0374,  22.3257
0.1914,  29.8165,  0.1913, -26.8884
0.2012,  29.8143,  0.2007, -27.0252
0.2051,  26.1905,  0.2056, -20.4567
0.2988,  32.8119,  0.2992, -33.6661
0.0371, -25.4772,  0.0374,  22.9807
0.1875,  30.4805,  0.1874, -24.4523
0.1914,  27.6264,  0.1913, -21.3893
0.2031,  19.9255,  0.2036, -16.5693
0.2129,  21.9822,  0.2124, -16.5668
0.1816,  18.5674,  0.1826, -21.2791
0.1855,  17.8934,  0.1858, -20.4413
0.1895,  23.3678,  0.1898, -19.4273
0.1934,  26.9040,  0.1929, -19.6949
0.1973,  28.3492,  0.1973, -17.5063
0.1719,  18.5674,  0.1724, -18.5553
0.1758,  16.5548,  0.1763, -16.8870
0.1797,  17.2219,  0.1807, -16.9507
0.1836,  17.8953,  0.1837, -16.7157
0.2090,  20.6080,  0.2082, -15.4774
0.1660,  11.2748,  0.1658, -13.0300
0.1699,  16.5548,  0.1698, -13.9860
0.1777,  17.2219,  0.1773, -15.7800
0.1816,  15.2236,  0.1817, -15.4492
0.1934,  17.8953,  0.1929, -17.8678
0.1641,  1.5997,  0.1635, -10.8950
0.1680,  12.5834,  0.1672, -11.1772
0.1758,  11.2748,  0.1754, -14.0059
0.1836,  12.5834,  0.1829, -6.7967
0.2148, -3.5222,  0.2140, -7.1242
0.1641,  12.5834,  0.1638, -6.0742
0.1719,  12.5834,  0.1722, -9.1048
0.1660,  9.9740,  0.1664, -1.9848
0.1699,  5.4488,  0.1703, -3.7461
0.1758,  8.0275,  0.1760, -3.2289
0.1816,  10.6227,  0.1813, -4.7921
0.2285,  23.3678,  0.2278, -24.6947
0.0371, -24.0691,  0.0374,  22.5642
0.1699, -2.2421,  0.1702,  1.6195
0.1758, -4.1658,  0.1748, -0.1625
0.1797, -6.0922,  0.1795,  3.3678
0.1953,  15.2216,  0.1958, -16.3461
0.1738, -3.5241,  0.1737,  1.5585
0.1816,  0.1050,  0.1815, -0.4881
0.1875,  2.2421,  0.1873,  8.6905
0.1953, -8.6764,  0.1951,  5.3487
0.2109,  18.5693,  0.2116, -19.8218
0.1777, -5.4488,  0.1782,  6.2516
0.1816, -9.9721,  0.1811,  7.4629
0.1895, -8.6764,  0.1886,  9.8578
0.2051, -13.2402,  0.2057, -2.3989
0.1836, -8.0294,  0.1835,  3.2224
0.1973, -9.9740,  0.1970,  15.8851
0.2012, -11.2748,  0.2006, -11.8969
0.2051,  16.5529,  0.2050, -23.0970
0.2363,  0.9612,  0.2366, -0.0743
0.1855, -4.8060,  0.1860,  2.3250
0.1875, -2.8811,  0.1885,  2.1004
0.1953, -3.5222,  0.1954,  1.2061
0.2031, -6.7383,  0.2038,  4.7816
0.2383,  0.3192,  0.2387,  5.6523
0.1895, -0.3192,  0.1900, -0.3493
0.1973,  0.3192,  0.1970, -0.1249
0.2051, -12.5853,  0.2050,  0.5361
0.1914,  4.1639,  0.1920, -3.8936
0.1992,  4.8060,  0.1987, -2.0835
0.2109, -18.5693,  0.2100,  14.2808
0.1914, -0.3210,  0.1924, -0.0367
0.1992, -2.2402,  0.1989, -0.4752
0.2207, -22.6722,  0.2205,  20.7436
0.5547, -15.2236,  0.5551,  16.9683
0.5586, -15.2236,  0.5586,  17.1897
0.1914, -0.9612,  0.1911,  1.6155
0.1973, -2.8811,  0.1977,  5.0472
0.2031, -2.2421,  0.2024,  1.7999
0.2285, -23.3698,  0.2282,  21.8882
0.5430, -16.5529,  0.5432,  17.5022
0.1934, -9.3227,  0.1942,  4.6762
0.1992, -4.1639,  0.1996,  8.9794
0.2070, -2.8829,  0.2064,  11.8240
0.5449, -15.2216,  0.5454,  15.0553
0.5605, -9.9740,  0.5598,  11.0873
0.1973, -9.9721,  0.1968,  8.2362
0.2070, -14.5592,  0.2063,  8.5462
0.2109, -15.2216,  0.2111,  13.6599
0.2207, -17.2219,  0.2205,  14.5755
0.2500, -26.1905,  0.2509,  2.6111
0.2070, -6.0941,  0.2072,  12.7286
0.2109, -8.0275,  0.2119,  14.1852
0.2168, -10.6227,  0.2169,  14.1050
0.2266, -20.6080,  0.2258,  16.6764
0.2480, -9.9740,  0.2478,  21.5970
0.0332, -24.7701,  0.0336, -18.3406
0.0371, -24.7722,  0.0374,  22.3846
0.2070, -17.3583,  0.2078,  15.3618
0.2148, -15.8861,  0.2157,  18.5197
0.2402, -24.0691,  0.2398,  18.8100
0.0371, -25.4772,  0.0374,  22.3595
0.2188, -2.8811,  0.2180,  19.1606
0.2227, -15.8861,  0.2230,  17.4056
0.2656, -34.3488,  0.2660,  27.3176
0.2715, -35.9144,  0.2714,  36.0012
0.0371, -25.4772,  0.0374,  22.6893
0.2207, -19.2460,  0.2212,  21.0470
0.2266, -6.7383,  0.2262,  20.8671
0.2520, -18.5693,  0.2518,  25.7249
0.2695, -9.9740,  0.2704,  17.6035
0.0332, -23.3698,  0.0330, -16.0335
0.0371, -24.7722,  0.0374,  22.7710
0.2344, -24.0670,  0.2343,  24.1185
0.2480, -26.9040,  0.2488,  18.9875
0.2754, -24.7722,  0.2758,  19.5855
0.0371, -26.1884,  0.0375,  22.6893
0.2344, -29.8165,  0.2345,  25.9186
0.2383, -29.0813,  0.2374,  25.9043
0.2500, -41.6686,  0.2492,  28.2715
0.2832, -24.0670,  0.2833,  17.4315
0.0371, -24.6165,  0.0374,  22.4436
0.2422, -31.3012,  0.2422,  26.9334
0.2461, -29.0813,  0.2468,  30.2423
0.2871, -26.9040,  0.2878,  22.6641
0.2910, -23.3678,  0.2905,  22.1667
0.0371, -26.1884,  0.0374,  22.6389
0.2500, -30.5549,  0.2498,  30.5732
0.2559, -29.0813,  0.2555,  28.3863
0.2598, -26.1905,  0.2596,  31.3365
0.2988, -25.4792,  0.2979,  24.1484
0.0371, -24.0691,  0.0374,  22.7527
0.2617, -32.0557,  0.2612,  31.0498
0.2656, -31.3034,  0.2655,  31.1846
0.2695, -31.3034,  0.2697,  31.9085
0.3047, -36.7112,  0.3050,  25.2090
0.0332, -24.0670,  0.0331, -16.0201
0.0371, -23.3698,  0.0374,  22.8075
0.2734, -32.0557,  0.2744,  33.3921
0.2773, -32.0557,  0.2778,  33.2184
0.3145, -38.3231,  0.3142,  27.1287
0.0332, -24.7701,  0.0331, -15.9350
0.0371, -25.4772,  0.0374,  22.4983
0.2812, -39.9741,  0.2813,  35.2551
0.2852, -36.7112,  0.2849,  35.5615
0.3203, -26.9062,  0.3203,  28.8333
0.0332, -22.6742,  0.0331, -15.5381
0.0371, -24.0691,  0.0374,  22.4843
0.1113, -8.6764,  0.1115,  2.8671
0.2930, -35.9167,  0.2930,  37.8070
0.3164, -40.8147,  0.3160,  35.8507
0.0332, -24.0670,  0.0336, -18.9383
0.0371, -25.4772,  0.0374,  22.7302
0.0430, -26.1884,  0.0435, -1.4832
0.3027, -40.8147,  0.3031,  37.6184
0.3340, -34.3488,  0.3338,  32.2453
0.0332, -24.0670,  0.0336, -19.2939
0.0371, -23.3698,  0.0374,  22.3664
0.1113, -8.6764,  0.1114,  2.0394
0.3086, -39.9766,  0.3083,  39.8630
0.3125, -38.3255,  0.3131,  41.3392
0.0332, -24.0670,  0.0331, -15.8609
0.0371, -24.7722,  0.0374,  22.7823
0.1113, -11.9283,  0.1114,  2.8230
0.3184, -47.0426,  0.3187,  40.0931
0.3242, -39.9766,  0.3243,  42.2885
0.0332, -22.6742,  0.0330, -15.7367
0.0371, -24.0691,  0.0374,  22.5503
0.1113,  28.3492,  0.1115,  2.8800
0.3301, -40.8172,  0.3305,  41.8613
0.3340, -39.9766,  0.3340,  42.2149
0.0332, -22.6742,  0.0336, -18.5088
0.0371, -24.0691,  0.0374,  22.7371
0.0430, -26.1884,  0.0435, -2.1172
0.1113,  28.3492,  0.1115,  3.1425
0.3438, -41.6661,  0.3441,  43.5990
0.0332, -24.7701,  0.0331, -15.6909
0.0371, -26.1884,  0.0374,  22.5503
0.1113, -8.0275,  0.1115,  2.9137
0.3516, -41.6686,  0.3508,  42.9071
0.3633, -43.4063,  0.3636,  38.1533
0.0332, -21.9822,  0.0331, -16.0943
0.0371, -23.3698,  0.0374,  22.7302
0.0430, -23.3698,  0.0435, -1.9744
0.1113, -10.6227,  0.1114,  3.1971
0.3633, -45.1927,  0.3629,  44.9709
0.0332, -23.3698,  0.0331, -15.5232
0.0371, -26.1884,  0.0374,  22.5095
0.1113,  26.9062,  0.1116,  3.6031
0.3730, -44.2940,  0.3739,  43.5614
0.3789, -44.2940,  0.3787,  44.4952
0.0332, -24.0670,  0.0331, -16.2367
0.0371, -24.0691,  0.0374,  22.6276
0.3848, -43.4037,  0.3843,  42.2203
0.3906, -43.4037,  0.3909,  40.4920
0.3965, -39.9766,  0.3958,  44.0295
0.0332, -23.3678,  0.0330, -15.2072
0.0371, -25.4772,  0.0374,  22.5347
0.3906, -42.5314,  0.3909,  41.6282
0.3945, -42.5314,  0.3941,  42.4166
0.4082, -43.4037,  0.4085,  42.0305
0.0332, -23.3698,  0.0331, -15.3510
0.0371, -25.4792,  0.0374,  22.6867
0.4004, -34.3511,  0.4008,  40.9851
0.4082, -38.3231,  0.4084,  40.4594
0.4141, -47.0398,  0.4144,  38.5653
0.0332, -25.4772,  0.0331, -15.3120
0.0371, -26.1884,  0.0374,  22.4211
0.1113, -8.6745,  0.1114,  3.3068
0.4121, -38.3255,  0.4113,  41.1053
0.4238, -42.5289,  0.4242,  42.9247
0.0332, -22.6742,  0.0331, -15.4991
0.0371, -24.7722,  0.0374,  22.5347
0.1113,  28.3492,  0.1114,  3.9313
0.4180, -42.5289,  0.4187,  39.1424
0.4297, -41.6661,  0.4298,  40.8716
0.0332, -24.0691,  0.0331, -15.6734
0.0371, -25.4792,  0.0374,  22.5616
0.0430, -26.9040,  0.0434, -1.3276
0.1113, -8.6764,  0.1114,  2.2392
0.4277, -39.1462,  0.4270,  39.1827
0.0332, -22.6742,  0.0331, -16.1712
0.0371, -24.7701,  0.0374,  22.4575
0.1113, -7.1267,  0.1115,  3.1931
0.4316, -37.5140,  0.4325,  37.9589
0.4453, -45.1927,  0.4451,  42.3710
0.0332, -22.6742,  0.0336, -18.4842
0.0371, -26.1884,  0.0374,  22.5573
0.0430, -25.9534,  0.0436, -1.6532
0.1113, -8.6745,  0.1116,  1.3236
0.4434, -36.7089,  0.4427,  37.1514
0.0332, -22.6742,  0.0331, -16.2517
0.0371, -23.3698,  0.0374,  22.3803
0.0410, -24.7722,  0.0409, -13.2564
0.1113, -10.6246,  0.1115,  1.5689
0.1250, -8.6764,  0.1243,  17.2493
0.0371, -24.7701,  0.0374,  22.5573
0.0430, -23.3698,  0.0435, -0.3662
0.1113, -13.8988,  0.1115,  2.8632
0.4531, -37.5140,  0.4531,  38.5387
0.4570, -36.7112,  0.4578,  37.3356
0.0371, -25.4772,  0.0374,  22.9877
0.0430, -24.0691,  0.0435, -1.1620
0.0879,  24.7701,  0.0883, -21.0608
0.1113, -11.2748,  0.1114,  2.5249
0.4668, -39.9741,  0.4672,  37.2802
0.0332, -23.3698,  0.0331, -15.3120
0.0371, -26.1884,  0.0374,  23.0216
0.0430, -24.7722,  0.0435, -1.0569
0.1113, -11.2748,  0.1115,  3.3380
0.4668, -35.9144,  0.4666,  36.2374
0.0332, -25.4772,  0.0331, -15.9809
0.0371, -26.9040,  0.0374,  23.0900
0.0430, -26.9040,  0.0435, -0.8052
0.1113, -15.2216,  0.1115,  3.4199
0.1270, -6.7383,  0.1272,  0.0872
0.0371, -25.4792,  0.0374,  22.1036
0.0430, -25.4772,  0.0435, -1.7414
0.0840,  21.2914,  0.0835, -25.6946
0.0879,  22.6722,  0.0883, -21.4074
0.1113,  24.7701,  0.1115,  3.7084
0.0332, -25.4772,  0.0336, -18.1966
0.0371, -26.9040,  0.0374,  22.4549
0.0430, -26.9040,  0.0434,  0.2339
0.1113, -9.9721,  0.1115,  4.0342
0.4922, -29.0813,  0.4923,  36.1024
0.0332, -24.0670,  0.0331, -15.8959
0.0371, -24.0691,  0.0374,  22.8963
0.0430, -24.0691,  0.0436, -1.8713
0.1113, -10.6227,  0.1115,  2.3924
0.5391, -32.0534,  0.5390,  34.9444
0.0332, -24.7701,  0.0331, -15.6842
0.0371, -25.4772,  0.0374,  22.6415
0.0430, -24.0691,  0.0436, -1.0465
0.1113, -10.6246,  0.1114,  2.4470
0.5059, -30.5549,  0.5056,  32.7305
0.0332, -23.3698,  0.0336, -19.0808
0.0371, -25.4772,  0.0374,  22.7371
0.0430, -23.3698,  0.0435, -1.4014
0.1113, -11.9283,  0.1115,  1.4936
0.5938, -22.1143,  0.5944,  23.5152
0.0332, -23.3698,  0.0331, -15.2878
0.0371, -25.4772,  0.0374,  23.0421
0.1113, -9.9721,  0.1114,  2.8086
0.5742, -21.9822,  0.5752,  82.1485
0.5957, -22.6742,  0.5949,  22.6050
0.0332, -24.0670,  0.0331, -15.7542
0.0371, -25.4772,  0.0374,  22.6233
0.1113, -10.6227,  0.1115,  2.2159
0.5645, -25.4772,  0.5647,  33.5430
0.5742, -21.9822,  0.5747,  23.0787
0.0332, -24.7701,  0.0330, -16.0551
0.0371, -24.0691,  0.0374,  22.8301
0.0430, -24.0691,  0.0435, -1.2205
0.1113, -11.2767,  0.1114,  2.0627
0.5723, -23.3698,  0.5727,  21.1845
0.0332, -22.6742,  0.0332, -16.1294
0.0371, -25.4772,  0.0374,  22.9737
0.0430, -24.0691,  0.0435, -1.8192
0.1113, -6.7383,  0.1115,  1.3845
0.5742, -21.2935,  0.5748,  23.5335
0.0332, -24.0670,  0.0330, -15.3094
0.0371, -24.9244,  0.0374,  22.3621
0.0430, -26.1884,  0.0435, -2.2705
0.1113, -9.9721,  0.1114,  2.4197
0.5430, -25.4792,  0.5427,  25.4689
0.0332, -23.3698,  0.0331, -15.9201
0.0371, -24.7722,  0.0374,  23.1197
0.0430, -25.4772,  0.0435, -2.2263
0.1113, -11.2748,  0.1115,  2.1004
0.5684, -20.6080,  0.5688,  20.6228
0.0332, -24.0670,  0.0331, -15.5057
0.0371, -25.4772,  0.0374,  22.3257
0.0430, -24.0691,  0.0435, -0.6412
0.1113, -12.9729,  0.1115,  1.6195
0.5469, -22.6742,  0.5464,  25.3295
0.0332, -21.9822,  0.0336, -18.7964
0.0371, -24.7701,  0.0374,  22.8006
0.0430, -25.4772,  0.0435, -1.2963
0.1113, -8.6764,  0.1115,  3.6786
0.1172, -10.6227,  0.1174,  9.8749
0.0332, -23.3698,  0.0330, -15.7651
0.0371, -26.1884,  0.0374,  22.8301
0.1113, -14.5592,  0.1116,  3.2666
0.5391, -25.4772,  0.5386,  24.6462
0.5625, -17.2239,  0.5629,  17.4954
0.0332, -26.1884,  0.0331, -15.4533
0.0371, -25.4792,  0.0374,  22.7823
0.0430, -26.9040,  0.0435, -1.4430
0.1113, -10.6227,  0.1114,  3.7670
0.5430, -21.9822,  0.5436,  24.1028
0.0332, -24.0670,  0.0331, -16.3678
0.0371, -25.4772,  0.0375,  22.4141
0.1113,  20.6080,  0.1115,  3.4328
0.5430, -26.1905,  0.5429,  22.8145
0.5586, -16.5548,  0.5590,  16.4030
0.0371, -24.0691,  0.0374,  22.6093
0.1113, -9.9740,  0.1115,  4.7647
0.5449, -23.3678,  0.5455,  21.8140
0.5527, -6.7383,  0.5523,  24.7362
0.5566, -6.7383,  0.5576,  12.0731
0.0332, -25.4772,  0.0331, -16.4205
0.0371, -26.1884,  0.0374,  22.8919
0.5410, -19.2441,  0.5419,  21.0762
0.5449, -12.5853,  0.5456,  19.3406
0.5586, -15.2236,  0.5580,  13.1353
0.0371, -25.4772,  0.0374,  21.8952
0.5430, -19.2441,  0.5430,  19.4094
0.5527, -15.8881,  0.5531,  14.8076
0.0332, -24.0670,  0.0336, -19.1029
0.0371, -24.0691,  0.0374,  22.4800
0.1113, -15.2236,  0.1115,  2.9554
0.5449, -17.8934,  0.5447,  17.0932
0.5527, -18.5674,  0.5532,  16.1428
0.0371, -25.4772,  0.0374,  22.7710
0.1113, -9.9740,  0.1115,  3.3653
0.5449, -6.7364,  0.5449,  15.3726
0.5527, -4.8079,  0.5521,  8.5292
0.5645, -9.3246,  0.5646,  8.0159
0.0371, -25.4772,  0.0374,  22.4393
0.5449, -10.9025,  0.5449,  13.6640
0.5508, -11.2767,  0.5515,  5.8356
0.0371, -24.0691,  0.0374,  22.8258
0.5430, -5.4488,  0.5431,  12.3220
0.5469, -11.9283,  0.5472,  11.1388
0.5508, -11.9283,  0.5503,  8.3213
0.5645, -6.0922,  0.5636,  3.9080
0.0332, -24.0670,  0.0331, -15.6318
0.0371, -23.3698,  0.0374,  22.1217
0.5449, -10.6246,  0.5456,  10.8330
0.5508, -11.2767,  0.5514,  11.3849
0.5645, -2.8829,  0.5644,  3.2730
0.5430, -11.2748,  0.5430,  11.7470
0.5527, -10.6246,  0.5531,  8.4846
0.0332, -23.3698,  0.0336, -19.3516
0.0371, -24.7722,  0.0374,  23.0491
0.1113,  24.7722,  0.1115,  1.7751
0.5449, -10.6246,  0.5446,  9.8473
0.5547, -0.3210,  0.5541,  10.5083
0.0332, -24.7701,  0.0331, -16.2367
0.0371, -25.4772,  0.0374,  22.7527
0.0430, -25.4772,  0.0436, -0.9246
0.1113, -10.6246,  0.1115,  4.1901
0.5449, -8.6764,  0.5451,  9.8644
0.0371, -26.1884,  0.0374,  22.5026
0.5449, -10.6246,  0.5450,  9.3086
0.5508, -9.3246,  0.5512,  7.3699
0.5547, -9.9721,  0.5552,  8.1876
0.5586, -9.9740,  0.5587, -1.7687
0.0371, -24.7722,  0.0374,  22.8737
0.5488, -9.9740,  0.5495,  7.2066
0.5547,  3.5222,  0.5555,  8.2597
0.5625, -12.5853,  0.5623, -1.2205
0.5781,  8.6745,  0.5780, -3.4810
0.0332, -23.3698,  0.0330, -15.4492
0.0371, -24.7722,  0.0374,  22.7232
0.5488, -5.4507,  0.5485,  6.8831
0.5566, -4.8079,  0.5567,  5.6459
0.5820,  2.8811,  0.5817, -2.6087
0.0332, -22.6742,  0.0331, -15.0901
0.0371, -25.4772,  0.0374,  22.8484
0.5508, -4.1658,  0.5507,  5.5951
0.5586, -4.8060,  0.5582,  2.7515
0.5859,  2.8811,  0.5859, -3.9924
0.0332, -22.6742,  0.0331, -15.9768
0.0371, -25.4772,  0.0374,  22.9990
0.1113, -9.9740,  0.1116,  3.4770
0.5508, -5.4488,  0.5509,  3.5108
0.5547, -3.5241,  0.5550,  4.8090
0.0332, -23.3698,  0.0331, -16.5668
0.0371, -24.0691,  0.0374,  22.9215
0.1113, -8.0275,  0.1115,  3.1529
0.5547, -8.6745,  0.5547,  2.0081
0.5625, -0.9612,  0.5630,  0.2948
0.0332, -24.7701,  0.0331, -15.3793
0.0371, -24.7722,  0.0374,  22.8919
0.0430, -24.7722,  0.0435, -2.5313
0.1113, -11.2748,  0.1116,  2.7074
0.5586, -0.3210,  0.5588,  0.5361
0.0332, -24.0691,  0.0331, -15.9350
0.0371, -24.0691,  0.0374,  23.1083
0.5586, -1.5997,  0.5580, -0.1417
0.5645,  0.3192,  0.5647, -0.0158
0.5703,  0.3132,  0.5704, -1.5040
0.0332, -24.7701,  0.0331, -15.4641
0.0371, -26.1884,  0.0374,  23.2776
0.1113,  22.6742,  0.1115,  3.4666
0.5605,  2.2402,  0.5607,  0.5867
0.5742,  3.5222,  0.5745, -2.2769
0.0332, -23.3698,  0.0336, -19.1317
0.0371, -24.0691,  0.0374,  22.6528
0.1113, -11.2767,  0.1115,  2.3716
0.5645,  4.1639,  0.5644, -2.3652
0.5801,  2.2421,  0.5793, -2.4807
0.0371, -25.4772,  0.0374,  22.7345
0.0430, -24.0691,  0.0435, -1.2542
0.1113, -12.0516,  0.1115,  3.2834
0.5723,  0.3210,  0.5724, -1.9511
0.5840,  1.6016,  0.5837, -6.1564
0.0332, -24.7701,  0.0330, -15.8542
0.0371, -24.0691,  0.0374,  22.8145
0.0430, -24.0691,  0.0435, -0.9013
0.1113, -6.7364,  0.1115,  3.4706
0.1172, -6.7364,  0.1168,  7.6788
0.0332, -22.6742,  0.0331, -15.2247
0.0371, -25.4772,  0.0374,  22.5460
0.0430, -26.1884,  0.0435, -1.0674
0.1113, -11.2767,  0.1115,  2.3691
0.6270,  6.0941,  0.6276, -4.1355
0.0332, -23.3698,  0.0331, -16.0226
0.0371, -26.1884,  0.0374,  23.2706
0.0430, -26.1884,  0.0435, -1.7727
0.1113, -9.3246,  0.1115,  2.8503
0.5840,  6.0922,  0.5841, -4.6787
0.0332, -23.3678,  0.0331, -15.0486
0.0371, -24.7701,  0.0374,  22.9511
0.0430, -25.4772,  0.0435, -1.8505
0.1113, -6.0941,  0.1114,  2.5814
0.1172, -11.2767,  0.1174,  9.9881
0.0332, -24.7701,  0.0331, -15.5099
0.0371, -26.1884,  0.0374,  22.9990
0.0430, -24.0691,  0.0435, -0.8156
0.0879,  19.2460,  0.0883, -21.8140
0.1113, -12.5853,  0.1115,  3.3718
0.0332, -24.0670,  0.0330, -15.1158
0.0371, -24.0691,  0.0374,  22.6571
0.0430, -24.0691,  0.0435, -0.3325
0.1113, -9.9740,  0.1115,  2.9619
0.1250, -11.1090,  0.1250,  16.6873
0.0332, -21.9822,  0.0336, -18.6703
0.0371, -24.7701,  0.0374,  23.0265
0.0430, -24.0691,  0.0435, -0.7611
0.1113, -7.3834,  0.1116,  3.8136
0.1172, -8.6764,  0.1173,  10.4977
0.0332, -24.0670,  0.0336, -19.6191
0.0371, -24.7701,  0.0374,  21.9945
0.0430, -24.7701,  0.0435, -1.8738
0.0840,  21.2935,  0.0833, -23.5519
0.1113, -8.6745,  0.1116,  2.5814
0.0332, -24.0670,  0.0330, -16.0794
0.0371, -24.0691,  0.0374,  22.6571
0.0430, -25.4772,  0.0434, -1.1452
0.0840,  21.0280,  0.0832, -22.9145
0.1113, -8.6764,  0.1114,  2.9410
0.0332, -23.3698,  0.0330, -15.1184
0.0371, -24.7722,  0.0374,  22.9076
0.0430, -24.0691,  0.0435, -0.9078
0.1113, -8.0294,  0.1114,  1.4599
0.1172, -7.3815,  0.1173,  7.9964
0.0371, -26.1905,  0.0374,  22.6458
0.0430, -26.1884,  0.0435, -1.5754
0.0840,  21.2914,  0.0835, -24.9147
0.0879,  21.9802,  0.0882, -20.2442
0.1113, -9.9721,  0.1115,  2.9113
0.0332, -22.6742,  0.0330, -15.4425
0.0371, -24.0691,  0.0374,  22.2464
0.0430, -26.1884,  0.0435, -0.8572
0.1113,  24.0691,  0.1114,  3.3236
0.6562,  11.9283,  0.6558, -12.0625
0.0332, -24.0670,  0.0331, -15.1790
0.0371, -25.4772,  0.0374,  22.4870
0.0430, -25.4772,  0.0435, -1.8128
0.1113, -9.3246,  0.1115,  2.4847
0.6660,  14.5592,  0.6657, -11.3187
0.0332, -25.4772,  0.0330, -15.6343
0.0371, -26.9040,  0.0374,  22.4913
0.0430, -24.7722,  0.0435, -1.4014
0.1113, -11.2748,  0.1115,  1.9809
0.6699,  12.5853,  0.6704, -13.1033
0.0332, -24.0670,  0.0336, -19.2540
0.0371, -25.4772,  0.0374,  22.8554
0.1113, -9.3246,  0.1114,  2.1822
0.6797,  13.2402,  0.6802, -11.6954
0.6855,  10.6246,  0.6857, -9.8880
0.0332, -22.6742,  0.0336, -18.7059
0.0371, -23.3698,  0.0374,  23.1337
0.1113, -10.6246,  0.1115,  2.9996
0.6914,  13.8988,  0.6918, -12.1182
0.6953,  11.9302,  0.6970, -13.3618
0.0332, -21.9822,  0.0331, -15.6801
0.0371, -24.7701,  0.0374,  22.9511
0.0430, -24.7701,  0.0435, -1.8569
0.1113,  26.9040,  0.1115,  3.0671
0.7012,  11.2767,  0.7012, -10.0475
0.0332, -23.3698,  0.0331, -15.9943
0.0371, -26.1884,  0.0374,  22.7076
0.7070,  11.2767,  0.7068, -11.9617
0.7148,  13.2402,  0.7149, -9.7854
0.7246,  11.9302,  0.7244, -13.2539
0.0332, -22.6742,  0.0336, -18.4309
0.0371, -24.0691,  0.0374,  22.3846
0.7168,  11.2748,  0.7163, -10.5768
0.7227,  11.2767,  0.7233, -11.9419
0.7324,  12.5853,  0.7319, -10.7049
0.0332, -22.6742,  0.0336, -18.9409
0.0371, -25.4772,  0.0374,  22.3235
0.0430, -25.4772,  0.0435, -1.9680
0.1113, -12.5853,  0.1116,  3.3951
0.7266,  12.5834,  0.7274, -10.9934
0.0332, -23.3678,  0.0331, -15.4749
0.0371, -24.7701,  0.0374,  22.8919
0.0430, -25.4772,  0.0435, -0.9246
0.1113,  26.9040,  0.1114,  4.2448
0.7344,  12.5853,  0.7355, -10.9657
0.0332, -23.3698,  0.0331, -15.6060
0.0371, -24.6158,  0.0374,  23.2156
0.0430, -26.1884,  0.0436, -0.8765
0.1113,  26.9062,  0.1115,  2.2119
0.7422,  11.2767,  0.7425, -10.3460
0.0332, -23.3698,  0.0331, -15.1507
0.0371, -24.0691,  0.0374,  22.2031
0.0430, -25.4772,  0.0435, -2.1509
0.0840,  23.3678,  0.0835, -23.9579
0.1113,  26.9040,  0.1115,  2.5457
0.0332, -21.9822,  0.0331, -16.0201
0.0371, -24.7701,  0.0374,  22.9920
0.0430, -24.0691,  0.0434, -2.0860
0.1113, -8.6745,  0.1115,  2.6216
0.7559,  12.0789,  0.7566, -9.5874
0.0332, -23.3698,  0.0336,  23.1493
0.0371, -26.1884,  0.0374,  23.1197
0.0430, -25.4772,  0.0435, -0.9078
0.0840,  22.4467,  0.0832, -23.8983
0.1113, -6.7383,  0.1115,  2.2496
0.0332, -24.7701,  0.0331, -14.9357
0.0371, -25.4772,  0.0374,  22.7302
0.0430, -24.0691,  0.0435, -1.5714
0.0840,  21.9822,  0.0834, -23.6114
0.1113, -11.9302,  0.1115,  4.3541
0.0332, -22.6742,  0.0331, -15.5710
0.0371, -25.4772,  0.0374,  22.6867
0.0430, -24.0691,  0.0435, -1.1788
0.1113, -13.2402,  0.1115,  2.4262
0.1270, -7.3834,  0.1271, -1.4767
0.0332, -24.7701,  0.0331, -16.1686
0.0371, -24.0691,  0.0374,  22.8597
0.0430, -25.4772,  0.0435, -2.1782
0.1113,  31.3012,  0.1115,  4.4530
0.1172, -9.9721,  0.1168,  6.7523
0.0332, -22.6722,  0.0331, -16.2584
0.0371, -22.6742,  0.0374,  21.8589
0.0430, -24.7701,  0.0436, -0.7210
0.1113, -11.2748,  0.1114,  2.3587
0.1250, -7.3834,  0.1249,  15.8567
0.0332, -25.4772,  0.0331, -15.6493
0.0371, -26.1884,  0.0374,  22.4254
0.0430, -26.1884,  0.0435, -1.0024
0.1055, -20.6060,  0.1051,  13.7961
0.1113, -12.5834,  0.1115,  2.9683
0.0332, -25.4772,  0.0331, -15.5752
0.0371, -26.1884,  0.0374,  22.6233
0.0430, -24.0691,  0.0435, -2.6216
0.0879,  22.6742,  0.0882, -19.8397
0.1113,  32.0534,  0.1116,  4.1901
0.0332, -24.0670,  0.0336, -19.0740
0.0371, -24.0691,  0.0374,  22.5208
0.0430, -25.4772,  0.0435, -1.6324
0.1055, -19.2441,  0.1051,  15.3053
0.1113,  29.0791,  0.1115,  3.4810
0.0332, -22.6742,  0.0336, -18.8100
0.0371, -25.4772,  0.0374,  23.1816
0.0430, -25.4772,  0.0435, -0.6308
0.0879,  24.0670,  0.0883, -20.3293
0.1113,  27.6264,  0.1114,  3.4666
0.0332, -23.3698,  0.0331, -15.7517
0.0371, -26.9040,  0.0374,  21.9609
0.0430, -26.1884,  0.0436, -1.5273
0.1113, -11.2748,  0.1115,  3.3341
0.1250, -9.9721,  0.1245,  16.6722
0.0371, -24.0691,  0.0374,  22.5052
0.0430, -24.0691,  0.0434, -1.2205
0.0840,  22.6742,  0.0834, -25.2063
0.1113,  24.0691,  0.1115,  1.6131
0.8789,  4.1639,  0.8791, -4.6489
0.0332, -22.6742,  0.0337, -19.5208
0.0371, -23.3698,  0.0374,  22.7527
0.0430, -24.7701,  0.0435, -0.5931
0.1113, -7.3834,  0.1115,  2.7267
0.1172, -8.6745,  0.1173,  9.1876
0.0332, -23.3678,  0.0330, -15.2812
0.0371, -24.7701,  0.0374,  22.5390
0.0430, -23.3698,  0.0435, -1.2750
0.1113, -9.9740,  0.1115,  3.5381
0.1172, -7.3834,  0.1173,  10.7326
0.0332, -24.0670,  0.0331, -15.6776
0.0371, -24.0691,  0.0374,  22.6754
0.0430, -25.4772,  0.0435, -0.8468
0.0879,  23.3678,  0.0884, -24.0702
0.1113, -8.0275,  0.1115,  2.8671
0.0332, -25.4772,  0.0331, -15.9484
0.0371, -26.1884,  0.0374,  22.9215
0.0430, -26.1884,  0.0435, -1.5417
0.1113, -11.2767,  0.1114,  3.6513
0.1172, -10.6227,  0.1173,  9.6150
0.0332, -23.3678,  0.0331, -16.6304
0.0371, -24.7701,  0.0374,  22.7049
0.0430, -24.0691,  0.0435, -1.8778
0.0840,  24.0670,  0.0832, -23.7169
0.1113,  23.3698,  0.1116,  3.3043
0.0332, -25.4772,  0.0331, -16.0660
0.0371, -24.7722,  0.0374,  22.7667
0.0430, -26.1884,  0.0435, -1.7454
0.1113, -7.3834,  0.1115,  3.7084
0.1172, -6.7383,  0.1174,  9.8196
0.0332, -23.3698,  0.0331, -15.9484
0.0371, -26.1884,  0.0374,  22.3096
0.0430, -26.1884,  0.0435, -1.6195
0.1113, -7.3834,  0.1115,  2.8359
0.8555, -3.5222,  0.8563,  5.2263
0.0371, -22.6742,  0.0374,  22.2802
0.8496,  0.9594,  0.8501, -0.4777
0.0332, -24.0691,  0.0336, -18.9273
0.0371, -25.4792,  0.0374,  22.9372
0.0430, -26.9040,  0.0435, -0.3766
0.1113,  25.4772,  0.1116,  4.8219
0.8477, -2.2402,  0.8489,  4.1772
0.0332, -24.7701,  0.0336, -18.7676
0.0371, -24.0691,  0.0374,  22.8667
0.0430, -25.4772,  0.0436, -2.0419
0.1113, -8.6764,  0.1116,  2.4470
0.8457, -4.1658,  0.8454,  3.8703
0.0332, -24.0670,  0.0331, -15.8001
0.0371, -24.0691,  0.0374,  22.8301
0.0430, -25.4772,  0.0434, -0.6729
0.1113, -10.6227,  0.1115,  2.8126
0.8418, -5.4507,  0.8443,  5.9203
0.0332, -24.0670,  0.0331, -15.2421
0.0371, -24.7701,  0.0374,  22.2941
0.0430, -23.3698,  0.0435, -3.4497
0.1113, -12.5834,  0.1115,  2.7957
0.8477, -8.0275,  0.8475,  8.4440
0.0332, -22.6742,  0.0336, -18.9918
0.0371, -25.4772,  0.0374,  22.8118
0.0430, -23.3698,  0.0435, -2.3379
0.1113,  27.6242,  0.1114,  2.4599
0.1270, -9.9740,  0.1265,  5.1482
0.0332, -23.3698,  0.0331, -16.3854
0.0371, -24.0691,  0.0374,  22.9441
0.0430, -25.4772,  0.0435, -0.5426
0.1113, -10.6246,  0.1116,  4.2488
0.1250, -8.3627,  0.1249,  16.3895
0.0332, -23.3698,  0.0336, -18.7456
0.0371, -24.0691,  0.0374,  23.1153
0.0430, -25.4772,  0.0435, -1.0064
0.1113, -11.2767,  0.1115,  1.4326
0.8398, -6.0941,  0.8414,  11.8133
0.0332, -24.7701,  0.0336, -18.5062
0.0371, -24.0691,  0.0374,  22.7232
0.0430, -25.2647,  0.0435, -0.9182
0.0879,  23.3678,  0.0883, -22.0378
0.1113, -11.2767,  0.1114,  3.5525
0.0371, -24.0691,  0.0374,  22.6415
0.0430, -24.0691,  0.0435, -2.4430
0.1113, -8.6764,  0.1115,  3.3782
0.1250, -10.6246,  0.1243,  16.6019
0.8223, -8.6764,  0.8222,  10.7432
0.0332, -24.0670,  0.0331, -15.1615
0.0371, -25.4772,  0.0374,  22.7006
0.0430, -24.0691,  0.0435, -0.7442
0.1113, -4.8079,  0.1115,  3.7694
0.8105, -14.5592,  0.8110,  11.8305
0.0371, -24.3419,  0.0374,  22.2464
0.0430, -25.4772,  0.0435, -1.3821
0.0840,  21.9802,  0.0835, -25.0235
0.0879,  23.3678,  0.0883, -21.3419
0.1113,  30.5571,  0.1115,  4.3984
0.0332, -24.0670,  0.0336, -19.3227
0.0371, -25.4772,  0.0374,  22.5981
0.0430, -24.0691,  0.0435,  0.7106
0.0840,  21.2935,  0.0835, -24.2891
0.1113,  29.8143,  0.1115,  3.3276
0.0332, -23.3678,  0.0331, -15.9593
0.0371, -23.3698,  0.0374,  21.6193
0.0430, -24.7701,  0.0435, -1.9472
0.1113,  27.6242,  0.1115,  2.1509
0.7949, -12.5853,  0.7945,  12.1182
0.0332, -23.3698,  0.0330, -15.3901
0.0371, -26.1884,  0.0374,  22.8145
0.0430, -24.7722,  0.0435, -2.2705
0.1113, -6.0941,  0.1115,  1.9640
0.1172, -6.0922,  0.1175,  10.6217
0.0332, -23.3698,  0.0336, -18.6567
0.0371, -24.0691,  0.0374,  22.6163
0.0430, -24.0691,  0.0435, -0.9727
0.1113, -11.9302,  0.1114,  3.4601
0.1172, -9.3246,  0.1173,  11.3187
0.0332, -23.3698,  0.0336, -19.3296
0.0371, -25.4772,  0.0374,  22.8006
0.0430, -25.4772,  0.0435, -1.6026
0.0840,  24.7722,  0.0835, -25.5177
0.1113, -10.6227,  0.1115,  2.7034
0.0332, -21.9822,  0.0337, -18.5595
0.0371, -23.3698,  0.0374,  22.5825
0.0430, -22.6742,  0.0435, -0.4504
0.0879,  23.3678,  0.0883, -20.4678
0.1113, -13.2402,  0.1115,  3.8429
0.0332, -22.6742,  0.0331, -15.4492
0.0371, -24.0691,  0.0374,  22.4211
0.0430, -25.4772,  0.0435, -1.3548
0.1113, -11.2767,  0.1115,  2.7034
0.1172, -10.6227,  0.1173,  9.7366
0.0332, -22.6742,  0.0331, -15.9459
0.0371, -25.4772,  0.0374,  22.6571
0.0430, -25.4772,  0.0435, -0.7988
0.0840,  22.0623,  0.0835, -24.9262
0.1113, -4.8060,  0.1115,  1.2205
0.0332, -23.3698,  0.0331, -15.3402
0.0371, -24.7722,  0.0374,  22.8441
0.0430, -26.1884,  0.0435, -1.5922
0.1113,  26.1884,  0.1115,  3.9080
0.1172, -9.9740,  0.1173,  10.7840
0.0332, -23.3698,  0.0330, -15.9026
0.0371, -26.1884,  0.0374,  22.4211
0.0430, -26.1884,  0.0435, -1.5818
0.1113, -10.6227,  0.1114,  1.7727
0.1172, -6.0941,  0.1169,  8.3784
0.0332, -23.3698,  0.0330, -15.7826
0.0371, -26.1884,  0.0374,  22.7850
0.0430, -25.4772,  0.0435, -0.9583
0.1113, -15.2236,  0.1115,  2.5814
0.1270, -9.3227,  0.1267,  5.7240
0.0371, -26.1884,  0.0374,  22.4549
0.0430, -24.7722,  0.0435, -0.9623
0.0840,  22.6722,  0.0833, -22.5503
0.1113, -8.6764,  0.1115,  3.2497
0.1250, -11.2767,  0.1241,  15.2812
0.0332, -22.6742,  0.0331, -15.5057
0.0371, -25.4772,  0.0374,  22.5165
0.0430, -24.0691,  0.0435, -0.3934
0.1113,  27.6264,  0.1114,  3.5589
0.1230, -8.0294,  0.1236,  16.3678
0.0332, -23.3698,  0.0331, -15.8542
0.0371, -24.0691,  0.0374,  22.3777
0.0430, -26.1884,  0.0435, -1.8738
0.1113, -11.2767,  0.1115,  2.6255
0.1270, -8.0275,  0.1273,  1.6259
0.0332, -22.6742,  0.0331, -15.7517
0.0371, -26.1884,  0.0374,  22.5026
0.0430, -24.7722,  0.0435, -1.4976
0.1113, -11.2767,  0.1115,  1.9199
0.1172, -10.6227,  0.1168,  7.6788
0.0371, -23.3698,  0.0374,  22.1512
0.0430, -23.3698,  0.0434, -1.1764
0.0840,  23.3698,  0.0836, -27.5308
0.1055, -17.2239,  0.1056,  17.5484
0.1113, -10.6227,  0.1115,  4.0342
0.0332, -24.0691,  0.0331, -15.8433
0.0371, -24.7722,  0.0374,  22.9145
0.0430, -26.1884,  0.0435, -2.0523
0.0840,  23.4602,  0.0835, -24.0333
0.1113,  26.9040,  0.1115,  4.1499
0.0332, -23.3698,  0.0331, -15.4533
0.0371, -26.1884,  0.0374,  22.7823
0.0430, -23.3698,  0.0435, -2.4599
0.1113, -6.7383,  0.1114,  3.0542
0.1270, -11.9302,  0.1271,  12.3804
0.0332, -22.6742,  0.0336, -18.9875
0.0371, -24.0691,  0.0374,  22.7850
0.0430, -24.0691,  0.0435, -1.3444
0.1113,  29.0791,  0.1115,  2.3419
0.1172, -6.7364,  0.1168,  6.5069
0.0332, -24.7722,  0.0330, -15.7867
0.0371, -26.9040,  0.0374,  22.8301
0.0430, -26.1884,  0.0435, -0.1794
0.1113,  28.3492,  0.1114,  4.2279
0.1270, -7.3834,  0.1272,  3.7670
0.0332, -24.0670,  0.0331, -15.7934
0.0371, -24.0691,  0.0374,  22.7640
0.0430, -24.0691,  0.0435, -2.9410
0.1113, -9.9721,  0.1113,  3.0398
0.1270, -7.3815,  0.1272, -0.8974
0.0371, -24.7722,  0.0374,  23.0033
0.0430, -26.1884,  0.0435, -1.1764
0.0840,  26.1884,  0.0835, -25.0279
0.1113, -12.5853,  0.1115,  2.6528
0.1270, -7.3815,  0.1271,  0.9752
0.0332, -24.7701,  0.0331, -14.9988
0.0371, -25.4792,  0.0374,  22.4436
0.0430, -26.9040,  0.0435, -1.1788
0.0840,  21.9802,  0.0835, -25.4316
0.1113, -12.5853,  0.1114,  4.6658
0.0371, -23.3698,  0.0374,  22.1737
0.0430, -25.4772,  0.0434, -1.5818
0.1113, -13.2402,  0.1115,  1.3573
0.1172, -9.3227,  0.1174,  10.7432
0.1270, -8.6745,  0.1266, -2.0186
0.0332, -23.3698,  0.0331, -15.5710
0.0371, -25.4772,  0.0374,  22.9737
0.0430, -25.4772,  0.0435, -0.1962
0.1113, -6.0941,  0.1115,  2.4093
0.6602, -26.1905,  0.6605,  26.8085
0.0332, -21.9822,  0.0330, -15.9201
0.0371, -24.7701,  0.0374,  22.7049
0.0430, -23.3698,  0.0435,  0.0912
0.1113, -8.6764,  0.1116,  2.8021
0.1250, -10.0793,  0.1251,  13.1485
0.0332, -24.0670,  0.0331, -15.9459
0.0371, -24.0691,  0.0374,  22.7076
0.0430, -24.7722,  0.0435, -0.8300
0.1113, -6.0941,  0.1115,  2.5670
0.1172, -9.3227,  0.1174,  9.5728
0.0332, -22.6742,  0.0331, -15.9134
0.0371, -25.4772,  0.0374,  22.4870
0.0430, -25.4772,  0.0435, -0.4945
0.1113,  25.4792,  0.1116,  2.6826
0.1172, -9.3517,  0.1174,  11.0040
0.0332, -24.0670,  0.0331, -15.3294
0.0371, -25.4772,  0.0374,  22.4549
0.0430, -24.7722,  0.0435, -0.6729
0.0840,  24.0670,  0.0835, -24.9792
0.1113, -8.6745,  0.1115,  3.7799
0.0332, -24.0670,  0.0331, -15.9175
0.0371, -24.7701,  0.0374,  22.6571
0.0430, -24.0691,  0.0435, -0.7482
0.0879,  26.9040,  0.0883, -22.9877
0.1113, -8.0294,  0.1114,  3.2289
0.0332, -24.0691,  0.0331, -15.4492
0.0371, -25.4792,  0.0374,  22.6598
0.0430, -24.7722,  0.0435, -1.5481
0.0879,  23.3678,  0.0884, -22.0447
0.1113, -9.9740,  0.1114,  2.2729
0.0332, -24.0670,  0.0331, -15.4034
0.0371, -24.0691,  0.0374,  22.5642
0.0430, -25.4772,  0.0434, -2.3419
0.1055, -19.2460,  0.1055,  18.0642
0.1113, -8.6764,  0.1115,  3.1658
0.0332, -23.3698,  0.0330, -15.7800
0.0371, -25.4772,  0.0374,  22.4688
0.0430, -25.4772,  0.0435, -0.7859
0.1113, -15.2216,  0.1114,  2.3820
0.1250, -12.5834,  0.1251,  16.6019
0.0332, -22.6742,  0.0330, -15.6909
0.0371, -25.4772,  0.0374,  22.4575
0.1113, -9.9740,  0.1115,  3.6096
0.5410, -30.5571,  0.5411,  28.4145
0.5469, -32.0534,  0.5467,  28.2360
0.0371, -26.1884,  0.0374,  22.3096
0.0430, -26.1884,  0.0434, -2.0419
0.1113, -11.9283,  0.1115,  3.2834
0.1270, -5.4507,  0.1264,  4.1524
0.5410, -29.0813,  0.5416,  28.6536
0.0332, -21.2935,  0.0331, -15.7259
0.0371, -22.6742,  0.0374,  22.6233
0.1113, -7.3815,  0.1115,  2.9827
0.5195, -24.7722,  0.5197,  27.0630
0.5273, -27.6242,  0.5279,  28.1169
0.0332, -24.7701,  0.0330, -15.4142
0.0371, -25.4772,  0.0374,  22.5026
0.1113, -10.6246,  0.1115,  2.6360
0.5098, -26.1905,  0.5090,  26.6298
0.5156, -26.1884,  0.5159,  28.0669
0.0332, -22.6742,  0.0330, -15.7409
0.0371, -25.4772,  0.0374,  22.5208
0.4980, -27.6264,  0.4976,  27.1008
0.5039, -29.0813,  0.5047,  26.8112
0.5098, -24.7722,  0.5105,  28.1523
0.0332, -23.3678,  0.0336, -19.7128
0.0371, -22.6742,  0.0374,  22.1849
0.1113, -10.5559,  0.1115,  1.5858
0.4922, -27.6242,  0.4925,  25.9231
0.4961, -27.6242,  0.4956,  28.0051
0.0371, -26.1884,  0.0374,  23.0216
0.4785, -26.1884,  0.4788,  26.4637
0.4844, -26.9040,  0.4836,  26.0024
0.4902, -29.0813,  0.4907,  22.7484
0.4941, -30.5549,  0.4943,  23.4330
0.0332, -25.4772,  0.0337,  22.4323
0.0371, -24.7722,  0.0374,  22.8188
0.4688, -27.6242,  0.4696,  26.2712
0.4805, -24.0691,  0.4796,  25.7970
0.4883, -24.7722,  0.4880,  23.1563
0.0332, -24.7701,  0.0336, -19.3831
0.0371, -26.1884,  0.0374,  23.0604
0.0430, -26.1884,  0.0435, -0.8909
0.1113, -10.6227,  0.1115,  2.2328
0.4609, -23.3678,  0.4604,  25.5968
0.0332, -22.6742,  0.0336,  22.3053
0.0371, -24.0691,  0.0374,  23.0421
0.0430, -25.4772,  0.0435, -2.4262
0.1113,  25.4772,  0.1116,  2.6320
0.4570, -25.4772,  0.4572,  24.9606
0.0332, -24.0691,  0.0330, -16.5451
0.0371, -26.1884,  0.0374,  22.8258
0.0430, -24.0691,  0.0434, -0.1481
0.1113, -12.5834,  0.1115,  3.7734
0.4512, -19.9235,  0.4515,  21.0358
0.0332, -25.4772,  0.0337, -19.0919
0.0371, -24.7722,  0.0374,  22.5208
0.1113, -10.6246,  0.1115,  2.6528
0.4512, -16.5548,  0.4512,  20.8740
0.4570, -17.8953,  0.4561,  21.7009
0.0332, -22.6742,  0.0330, -15.3269
0.0371, -24.8243,  0.0374,  22.4688
0.0430, -24.0691,  0.0436, -0.5361
0.1113, -12.5853,  0.1114,  2.0419
0.4395, -20.6060,  0.4395,  21.6897
0.0332, -24.0670,  0.0331, -15.6210
0.0371, -25.4772,  0.0374,  22.4688
0.0430, -23.3698,  0.0435, -1.6026
0.1113, -11.9283,  0.1114,  3.0711
0.4434, -17.8934,  0.4433,  17.5089
0.0332, -21.9822,  0.0331, -15.9175
0.0371, -25.4772,  0.0374,  22.4141
0.1113, -13.2402,  0.1115,  3.2035
0.4434, -16.5529,  0.4431,  17.8459
0.4805, -21.2914,  0.4809,  11.1176
0.0371, -22.6742,  0.0374,  22.4505
0.1113, -14.5592,  0.1115,  2.2833
0.4297, -12.5853,  0.4299,  14.4496
0.4375, -11.9302,  0.4376,  11.4683
0.4824, -17.8953,  0.4821,  13.7053
0.0332, -21.9822,  0.0331, -16.2651
0.0371, -23.3698,  0.0374,  22.3777
0.1113, -10.6227,  0.1115,  2.3691
0.4355, -13.2402,  0.4352,  12.5199
0.4395, -11.9302,  0.4391,  12.0280
0.0332, -23.3698,  0.0336, -19.1427
0.0371, -24.7701,  0.0374,  22.6276
0.0430, -25.4772,  0.0435, -0.6937
0.1113, -22.6722,  0.1115,  3.3276
0.4355, -11.9283,  0.4352,  13.5218
0.0332, -23.3698,  0.0336, -19.0164
0.0371, -26.1884,  0.0374,  22.8780
0.1113, -9.3246,  0.1115,  3.0060
0.4375, -11.2748,  0.4367,  10.2201
0.4414, -10.6246,  0.4409,  8.2597
0.0371, -24.7722,  0.0374,  22.8737
0.1113,  30.5571,  0.1114,  3.2899
0.4375, -8.0294,  0.4380,  11.0596
0.4434, -12.5834,  0.4433,  7.5454
0.4551, -8.6764,  0.4552,  6.3404
0.0332, -24.7701,  0.0331, -15.0096
0.0371, -26.1884,  0.0374,  22.4688
0.4336, -6.7383,  0.4345,  6.2073
0.4395, -8.6745,  0.4389,  6.0573
0.4453, -8.6764,  0.4458,  7.8929
0.0332, -22.6742,  0.0330, -14.9922
0.0371, -24.0691,  0.0374,  22.3235
0.4395, -6.7364,  0.4389,  5.3044
0.4434, -8.0294,  0.4430,  7.0903
0.4492, -8.6745,  0.4490,  6.5368
0.0371, -24.7722,  0.0374,  22.8624
0.4395, -7.3834,  0.4400,  5.3318
0.4453, -8.0294,  0.4449,  8.7773
0.4492, -8.0275,  0.4502,  6.4650
0.4531, -6.7383,  0.4535,  3.8007
0.0371, -24.0691,  0.0374,  22.6458
0.1113, -8.0294,  0.1115,  2.4534
0.4434, -8.6745,  0.4435,  3.9482
0.4512, -6.0922,  0.4520,  5.4960
0.4590, -4.8060,  0.4583,  3.0398
0.4453, -7.3834,  0.4452,  6.9849
0.0371, -26.1884,  0.0374,  22.6641
0.4453, -6.7383,  0.4459,  5.5782
0.4531, -8.6745,  0.4524,  5.7514
0.4570, -8.6764,  0.4568,  8.5056
0.4473, -8.0294,  0.4464,  8.8073
0.4551, -9.3227,  0.4557,  10.4871
0.0371, -24.7722,  0.0374,  22.1485
0.4473, -7.3834,  0.4474,  7.7698
0.4590, -4.1658,  0.4595, -0.9182
0.0332, -24.0670,  0.0331, -15.7517
0.0371, -25.3588,  0.0374,  22.6120
0.4473, -8.0275,  0.4479,  7.4734
0.4590, -5.4507,  0.4585,  4.9039
0.4746,  6.0941,  0.4748, -4.2488
0.0371, -25.4772,  0.0374,  22.9076
0.4473, -6.7383,  0.4469,  7.1751
0.4512, -6.7383,  0.4512,  4.8532
0.4648, -6.0941,  0.4641, -2.0691
0.4785,  6.7383,  0.4777, -6.6780
0.0332, -22.6742,  0.0331, -15.5381
0.0371, -24.7701,  0.0374,  23.1676
0.4473, -6.0922,  0.4481,  4.9104
0.4531, -4.8060,  0.4528,  5.6692
0.4590, -2.8829,  0.4586,  4.8766
0.0371, -24.0691,  0.0374,  22.4366
0.4512,  2.8811,  0.4504,  4.5161
0.4551, -0.9594,  0.4546,  5.1989
0.4668,  6.0922,  0.4669, -5.8082
0.4707,  11.9283,  0.4704, -4.2721
0.0332, -25.4772,  0.0331, -15.1158
0.0371, -25.4792,  0.0374,  23.0033
0.1113, -11.9302,  0.1116,  3.1217
0.4492,  2.8811,  0.4495,  1.5987
0.4551,  3.5241,  0.4555,  4.3059
0.0371, -24.7722,  0.0374,  22.2170
0.4531, -0.3210,  0.4530,  0.3558
0.4609,  0.3192,  0.4616, -0.1040
0.4668, -1.6016,  0.4677, -5.1884
0.4707, -0.3210,  0.4713, -8.5292
0.0371, -24.0691,  0.0374,  22.5686
0.4531,  4.1658,  0.4538, -1.1219
0.4570,  1.5997,  0.4565,  1.3404
0.4688,  12.5834,  0.4685, -8.7943
0.4727,  11.2767,  0.4727, -10.1924
0.0371, -26.1884,  0.0374,  23.2889
0.4551, -0.3948,  0.4553, -0.8741
0.4609, -2.8811,  0.4607, -2.8632
0.4648,  12.5834,  0.4642, -4.6215
0.4746,  11.9302,  0.4753, -12.7393
0.0371, -24.7722,  0.0374,  23.1859
0.4551,  2.8829,  0.4550, -2.2432
0.4609,  12.5834,  0.4604, -3.0373
0.4707,  15.2216,  0.4710, -11.7683
0.4766,  12.5853,  0.4765, -13.2564
0.0371, -26.1884,  0.0374,  23.0378
0.1113, -11.2767,  0.1114,  2.2328
0.4570,  3.5241,  0.4567, -4.4321
0.4668,  14.5611,  0.4664, -3.3926
0.4727,  18.5674,  0.4735, -16.0727
0.0332, -23.3698,  0.0331, -16.0201
0.0371, -24.8478,  0.0374,  23.1859
0.4570,  5.4507,  0.4581, -7.1622
0.4746,  15.2236,  0.4746, -13.7053
0.4863,  14.5611,  0.4867, -15.7692
0.0371, -26.1884,  0.0374,  22.9441
0.4551,  5.4507,  0.4556, -6.6570
0.4590,  17.8934,  0.4584, -7.5413
0.4648,  14.5611,  0.4653, -8.3528
0.4688,  15.8881,  0.4693, -7.9414
0.4570,  10.6246,  0.4567, -9.6919
0.4668,  11.9283,  0.4668, -9.1665
0.4570,  12.5834,  0.4568, -10.3803
0.4629,  11.9302,  0.4623, -12.6595
0.4785,  17.2239,  0.4788, -18.0423
0.5078,  12.5853,  0.5080, -11.4511
0.4551,  18.5674,  0.4547, -16.1820
0.4512,  20.6080,  0.4509, -18.8032
0.0371, -25.4772,  0.0375,  22.5347
0.4473,  19.9235,  0.4466, -20.7213
0.4531,  18.5693,  0.4535, -13.9605
0.4570,  19.9235,  0.4580, -0.2403
0.4609,  21.2914,  0.4601, -22.6415
0.0371, -24.0691,  0.0374,  22.8258
0.4453,  20.6080,  0.4449, -23.3666
0.4492,  20.6060,  0.4495, -24.9748
0.4551,  20.6060,  0.4548, -19.8977
0.4590,  21.2914,  0.4589, -17.6784
0.0332, -24.0691,  0.0331, -15.2247
0.0371, -26.9040,  0.0374,  23.4374
0.4434,  21.2273,  0.4430, -23.6639
0.4492,  15.8881,  0.4495, -16.1862
0.4531,  18.5693,  0.4530, -16.5668
0.0332, -22.6742,  0.0331, -15.6493
0.0371, -25.4772,  0.0374,  22.2984
0.1113, -11.9283,  0.1115,  3.6577
0.4355,  29.0813,  0.4357, -26.2221
0.4512,  20.6080,  0.4523, -13.4459
0.0332, -24.0670,  0.0331, -15.0163
0.0371, -24.0691,  0.0374,  23.3073
0.1113, -9.3246,  0.1115,  2.6930
0.4180,  28.3513,  0.4174, -26.5456
0.4512,  19.9255,  0.4511, -14.2287
0.0332, -24.7701,  0.0336, -18.8854
0.0371, -25.4772,  0.0374,  22.3777
0.1113, -9.9721,  0.1114,  3.2730
0.4180,  30.5571,  0.4185, -28.1523
0.4453,  5.4488,  0.4448, -14.2849
0.0332, -24.0691,  0.0331, -16.2367
0.0371, -26.9040,  0.0374,  22.7484
0.1113, -5.4488,  0.1115,  2.0835
0.4121,  21.9802,  0.4113, -27.3438
0.4434,  17.8934,  0.4441, -16.1536
0.0371, -24.0691,  0.0374,  22.6711
0.3906,  30.5571,  0.3907, -29.2800
0.4004,  35.1278,  0.4005, -29.0825
0.4121,  30.5571,  0.4113, -30.0962
0.4336,  19.2441,  0.4344, -18.0642
0.0332, -23.3678,  0.0331, -15.9742
0.0371, -24.0691,  0.0374,  22.5755
0.1113, -11.2767,  0.1115,  2.2095
0.3906,  34.3511,  0.3905, -30.4875
0.4375,  18.5693,  0.4382, -18.1215
0.0332, -22.6742,  0.0331, -15.6210
0.0371, -24.0691,  0.0374,  22.7414
0.0430, -25.4772,  0.0435, -1.0064
0.1113, -11.9283,  0.1114,  2.0900
0.3809,  32.0557,  0.3806, -31.0544
0.0332, -24.0670,  0.0331, -15.5207
0.0371, -24.0691,  0.0374,  23.1380
0.0430, -25.4772,  0.0435, -0.7418
0.1113, -11.2748,  0.1115,  2.8800
0.3711,  32.0557,  0.3710, -30.9053
0.0371, -24.7722,  0.0374,  22.7780
0.1113, -8.5038,  0.1114,  2.4406
0.3555,  33.5792,  0.3550, -32.7954
0.3613,  34.3511,  0.3612, -33.0131
0.3711,  47.0398,  0.3707, -29.2294
0.0332, -21.9822,  0.0336,  22.8624
0.0371, -23.3698,  0.0374,  22.7006
0.0430, -23.3698,  0.0435, -0.7145
0.1113,  22.6722,  0.1115,  3.0100
0.3496,  35.1301,  0.3487, -35.7371
0.0332, -23.3698,  0.0336, -19.4919
0.0371, -24.7722,  0.0374,  23.1859
0.0430, -26.1884,  0.0435, -2.4703
0.1113, -11.2748,  0.1115,  3.5823
0.3379,  32.0557,  0.3383, -33.8533
0.0371, -26.9040,  0.0374,  22.5347
0.0430, -25.4792,  0.0436, -1.6740
0.1055, -21.9802,  0.1061,  20.4858
0.1113, -11.9283,  0.1115,  2.7813
0.3398,  28.3513,  0.3403, -28.2023
0.0332, -22.6742,  0.0331, -15.6776
0.0371, -24.0691,  0.0374,  22.2031
0.0430, -26.1884,  0.0435, -1.8168
0.1113, -9.3246,  0.1115,  2.0225
0.3340,  39.9741,  0.3338, -29.0439
0.0332, -22.6742,  0.0331, -15.2662
0.0371, -24.7701,  0.0374,  22.7640
0.2969,  38.3255,  0.2966, -33.7018
0.3008,  37.5140,  0.3016, -35.0061
0.3066,  36.7089,  0.3063, -32.9806
0.0332, -25.4772,  0.0330, -15.3053
0.0371, -24.7722,  0.0374,  22.9624
0.2910,  38.3231,  0.2908, -33.9822
0.3184,  32.8119,  0.3178, -32.0446
0.3789,  24.7701,  0.3793, -22.0966
0.0371, -24.0691,  0.0374,  22.2438
0.2812,  35.1301,  0.2809, -32.1885
0.2969,  35.9167,  0.2972, -36.3364
0.3086,  33.5769,  0.3089, -29.3857
0.3730,  29.0791,  0.3726, -24.3375
0.0371, -24.7722,  0.0374,  22.7850
0.2676,  33.5792,  0.2682, -31.5903
0.2715,  32.8142,  0.2718, -34.5332
0.2773,  39.9741,  0.2768, -33.9064
0.2852,  37.5140,  0.2845, -35.9853
0.0371, -26.1884,  0.0374,  22.8919
0.2539,  34.3488,  0.2536, -31.7085
0.2598,  28.3513,  0.2596, -32.5763
0.2637,  32.8142,  0.2636, -30.3416
0.2930,  27.6264,  0.2931, -28.0214
0.0371, -24.7701,  0.0374,  22.9807
0.2441,  39.9741,  0.2439, -31.4840
0.2520,  39.1438,  0.2527, -35.5792
0.2559,  41.6661,  0.2554, -35.5408
0.2617,  40.0379,  0.2609, -37.4547
0.2344,  39.6820,  0.2340, -30.6878
0.2402,  40.8147,  0.2399, -32.6934
0.0371, -25.4772,  0.0374,  22.2507
0.2246,  31.3012,  0.2239, -30.4755
0.2324,  35.9144,  0.2329, -28.1860
0.2402,  35.9144,  0.2404, -39.6419
0.2168,  35.9167,  0.2168, -29.5860
0.2207,  38.3231,  0.2209, -27.9002
0.2285,  35.9167,  0.2285, -37.3992
0.2852,  30.5549,  0.2846, -27.2986
0.2910,  29.8165,  0.2914, -28.2214
0.2051,  33.5792,  0.2041, -30.1277
0.2090,  35.1278,  0.2097, -27.8840
0.2148,  33.5769,  0.2158, -30.0212
0.2324,  29.0791,  0.2323, -22.2620
0.2754,  39.9766,  0.2755, -31.6788
0.1953,  38.3231,  0.1952, -28.6609
0.2012,  31.3012,  0.2014, -32.3573
0.2070,  28.3513,  0.2075, -26.1613
0.2109,  26.9062,  0.2103, -23.6044
0.2207,  27.6242,  0.2204, -19.7102
0.1855,  37.5116,  0.1862, -27.3979
0.1914,  32.8142,  0.1919, -26.9757
0.1953,  31.3034,  0.1958, -26.7923
0.2012,  29.0791,  0.2006, -19.9266
0.2051,  29.8143,  0.2051, -18.4732
0.1777,  26.9062,  0.1787, -26.3624
0.1836,  26.9062,  0.1845, -26.0587
0.1875,  22.6742,  0.1877, -26.3624
0.1973,  26.1884,  0.1965, -16.8891
0.1719,  19.9255,  0.1719, -23.3850
0.1758,  22.6722,  0.1765, -24.7247
0.1816,  21.9802,  0.1815, -23.6411
0.1875,  20.6080,  0.1868, -19.0604
0.1934,  21.2935,  0.1932, -14.0381
0.1641,  24.7701,  0.1646, -20.8088
0.1680,  21.9822,  0.1686, -20.1904
0.1738,  19.2441,  0.1734, -18.7990
0.1836,  14.5611,  0.1839, -18.8896
0.1895,  17.8953,  0.1895, -19.6633
0.1602,  15.8881,  0.1607, -16.4598
0.1719,  16.5548,  0.1716, -15.7059
0.1758,  14.5611,  0.1765, -13.4698
0.1875,  19.2460,  0.1873, -22.3552
0.1934,  4.8079,  0.1931, -20.5620
0.1582,  11.2767,  0.1572, -12.4747
0.1660,  13.9007,  0.1667, -12.9781
0.1699,  17.2239,  0.1698, -18.9519
0.1836,  16.5548,  0.1829, -13.3578
0.2090,  3.5241,  0.2082, -5.6523
0.1562,  11.2767,  0.1561, -5.9751
0.1660,  13.2402,  0.1654, -8.8665
0.1777, -1.6016,  0.1777, -17.8636
0.1816,  2.2402,  0.1820, -15.4708
0.1582,  9.9721,  0.1574, -1.8168
0.1641,  8.6745,  0.1650, -6.0952
0.1680,  11.9283,  0.1676, -5.7071
0.1758,  11.2767,  0.1767, -9.6643
0.1855, -4.8079,  0.1862, -9.9710
0.1641, -0.9594,  0.1647, -1.5040
0.1699,  0.9594,  0.1701,  1.2478
0.1758, -4.8060,  0.1759, -3.6642
0.1836, -4.1658,  0.1843,  0.0054
0.1641, -4.8060,  0.1647,  4.2110
0.1699, -4.1658,  0.1702,  4.3541
0.1738, -5.4488,  0.1743,  2.5710
0.1777, -5.4507,  0.1769,  2.3275
0.1895, -8.0294,  0.1899,  0.2170
0.1719, -7.7641,  0.1717,  7.1686
0.1758, -9.3227,  0.1759,  8.3043
0.1797, -9.3227,  0.1805,  9.7407
0.1973, -11.2748,  0.1968,  10.3737
0.1758,  3.5241,  0.1755,  5.3800
0.1836, -10.6227,  0.1836,  2.4157
0.1895, -8.6764,  0.1885,  6.5368
0.1953, -11.9283,  0.1956, -19.4809
0.1992, -11.2767,  0.1996, -14.1076
0.1797, -0.9612,  0.1797, -0.1898
0.1836, -0.3210,  0.1829,  4.5459
0.1836,  0.3192,  0.1828,  0.1481
0.1895,  0.3192,  0.1890,  1.5714
0.1855,  4.1639,  0.1865, -2.9242
0.1973, -19.9235,  0.1969,  6.8282
0.1836,  2.8829,  0.1844, -2.3691
0.1875,  5.4488,  0.1872, -3.8241
0.1934,  4.8079,  0.1935, -5.9517
0.1855,  6.7364,  0.1849, -2.8904
0.1914,  8.0275,  0.1906, -6.7184
0.1953,  6.0922,  0.1944,  5.9347
0.5371, -12.5853,  0.5374,  15.6035
0.5508, -15.2216,  0.5516,  13.5692
0.1855,  0.0530,  0.1854,  0.6833
0.1914, -1.5997,  0.1923,  0.5867
0.1992, -2.2421,  0.1983,  4.0237
0.5410, -11.2748,  0.5416,  10.3591
0.5547, -10.6227,  0.5550,  9.7960
0.1895, -2.8811,  0.1885,  1.5144
0.1934, -6.7364,  0.1930,  4.7816
0.1992, -7.3815,  0.1986,  3.4497
0.2031, -15.2216,  0.2033,  6.0637
0.2148, -13.9007,  0.2154,  3.3887
0.1914, -8.0294,  0.1923,  7.2406
0.1953, -9.3227,  0.1954,  8.2427
0.2012, -9.3227,  0.2009,  9.8131
0.2461, -4.4864,  0.2463,  1.2036
0.2715, -27.6242,  0.2713,  29.9628
0.1992, -11.2767,  0.1997,  12.2019
0.2031, -13.2402,  0.2029,  9.6045
0.2148, -6.0922,  0.2150,  12.3007
0.2461, -31.3012,  0.2461,  8.7773
0.2520, -31.3034,  0.2509,  8.7602
0.0371, -25.4792,  0.0374,  22.6893
0.2109,  3.5222,  0.2098,  13.9258
0.2344, -14.5611,  0.2353,  18.1679
0.2402, -13.2402,  0.2401,  11.9444
0.2559, -22.6722,  0.2554,  10.6086
0.0371, -24.7722,  0.0374,  22.7345
0.2129, -14.5611,  0.2131,  16.3110
0.2188, -13.9007,  0.2184,  16.8104
0.2285, -15.2236,  0.2288,  17.1923
0.2441, -17.2239,  0.2440,  15.7584
0.0371, -24.7722,  0.0374,  22.9624
0.2207, -19.9255,  0.2203,  19.6412
0.2285, -22.6722,  0.2280,  19.4162
0.2500, -21.2914,  0.2493,  19.5834
0.2676, -15.8881,  0.2675,  15.7084
0.0371, -24.7722,  0.0374,  22.9990
0.2266, -19.2460,  0.2269,  20.4525
0.2754, -17.8934,  0.2746,  16.1186
0.2793, -16.5548,  0.2794,  17.7137
0.3242, -35.9167,  0.3247,  36.0221
0.0332, -22.6742,  0.0331, -15.5602
0.0371, -25.4772,  0.0374,  23.0717
0.2344, -18.5674,  0.2338,  21.7414
0.2773, -7.3834,  0.2769,  21.0762
0.2832, -10.6227,  0.2827,  17.8922
0.0332, -24.0691,  0.0331, -15.3901
0.0371, -26.9040,  0.0374,  22.7962
0.1113, -8.6764,  0.1115,  3.2522
0.2422, -24.0691,  0.2420,  24.8961
0.2891, -26.1884,  0.2895,  20.8560
0.0332, -21.9822,  0.0331, -15.3968
0.0371, -23.3698,  0.0374,  22.6346
0.2559, -42.5289,  0.2551,  28.2023
0.2832, -29.0813,  0.2832,  25.5106
0.2988, -34.3488,  0.2980,  21.2361
0.0371, -25.4772,  0.0374,  22.5503
0.2598, -26.9062,  0.2604,  29.4579
0.2637, -26.9062,  0.2642,  29.7503
0.2676, -27.6264,  0.2680,  27.6348
0.2988, -27.6264,  0.2983,  25.7507
0.0332, -22.6742,  0.0331, -15.3968
0.0371, -24.0691,  0.0374,  22.8963
0.2695, -29.8165,  0.2698,  28.4838
0.2773, -28.3513,  0.2771,  28.7948
0.3125, -28.3492,  0.3126,  25.1762
0.0332, -24.7701,  0.0336, -19.7886
0.0371, -25.4772,  0.0374,  22.9990
0.2832, -32.8142,  0.2830,  34.3932
0.3027, -39.9741,  0.3023,  30.4318
0.3145, -26.9040,  0.3141,  27.2117
0.0371, -25.4772,  0.0374,  22.2325
0.1113,  24.7722,  0.1115,  3.8136
0.2988, -35.1278,  0.2983,  36.5427
0.3223, -26.9062,  0.3220,  27.8504
0.3281, -29.0813,  0.3276,  25.9953
0.0332, -24.0691,  0.0331, -15.1507
0.0371, -26.9040,  0.0374,  22.9076
0.2930, -36.7112,  0.2943,  35.4811
0.2969, -38.3231,  0.2970,  36.0221
0.3340, -29.0813,  0.3341,  30.8707
0.0371, -23.3698,  0.0374,  22.7667
0.3047, -37.5116,  0.3048,  37.0483
0.3281, -24.7722,  0.3279,  34.7627
0.3379, -34.3511,  0.3376,  30.5192
0.3418, -32.0534,  0.3414,  30.6487
0.0371, -24.7722,  0.0374,  22.0447
0.3086, -38.3231,  0.3089,  38.2492
0.3359, -34.3511,  0.3360,  38.1237
0.3438, -34.3488,  0.3442,  33.3767
0.3477, -33.5769,  0.3486,  32.5934
0.0371, -24.0691,  0.0375,  22.8188
0.0430, -25.4772,  0.0436, -0.8429
0.1113,  21.9822,  0.1116,  2.5288
0.3184, -38.3255,  0.3181,  39.0690
0.3281, -39.9741,  0.3283,  35.3219
0.0332, -26.1884,  0.0336, -18.3516
0.0371, -26.9040,  0.0374,  22.4254
0.0430, -26.1884,  0.0435, -0.8701
0.1113, -14.5592,  0.1114,  3.2353
0.3281, -39.1462,  0.3272,  40.6388
0.0332, -22.6742,  0.0336, -19.0808
0.0371, -25.4772,  0.0374,  22.8006
0.0430, -26.1884,  0.0436, -0.9920
0.1113, -12.6775,  0.1115,  4.3815
0.3379, -41.6661,  0.3375,  40.2358
0.0332, -24.0670,  0.0336,  22.9102
0.0371, -23.3698,  0.0374,  22.5825
0.0430, -24.7701,  0.0435,  0.0495
0.1113, -8.0294,  0.1114,  3.0671
0.3516, -40.8172,  0.3512,  42.0112
0.0332, -23.3698,  0.0331, -15.4708
0.0371, -25.4772,  0.0374,  22.8441
0.1113, -14.5592,  0.1114,  2.1276
0.3594, -44.2914,  0.3587,  42.0532
0.3652, -49.9379,  0.3649,  41.5103
0.0332, -23.3678,  0.0331, -15.1923
0.0371, -24.0691,  0.0374,  22.7189
0.0430, -24.0691,  0.0434, -1.1893
0.1113, -6.0941,  0.1115,  2.1132
0.3691, -42.5314,  0.3687,  43.8891
0.0332, -22.6742,  0.0337, -19.2004
0.0371, -25.4772,  0.0374,  22.6458
0.0430, -24.7722,  0.0435, -1.7077
0.1113, -7.3815,  0.1115,  1.9367
0.3809, -41.6686,  0.3812,  42.8010
0.0332, -24.0691,  0.0331, -15.4425
0.0371, -26.1884,  0.0374,  22.9511
0.1113,  24.0670,  0.1114,  1.9407
0.3926, -42.5314,  0.3932,  43.1600
0.3965, -43.4037,  0.3963,  43.9304
0.0332, -22.6742,  0.0330, -15.6035
0.0371, -24.7701,  0.0374,  22.1079
0.1113,  28.3492,  0.1115,  3.8767
0.4004, -45.1927,  0.4013,  43.3273
0.4062, -46.1085,  0.4059,  43.7785
0.0332, -26.9040,  0.0336, -18.6128
0.0371, -27.6242,  0.0374,  22.5938
0.4160,  77.8735,  0.4164,  40.7466
0.4219, -42.5314,  0.4214,  41.3029
0.4277, -44.2914,  0.4279,  43.4917
0.0371, -23.3698,  0.0374,  22.2620
0.4219, -41.6686,  0.4228,  42.2798
0.4277, -41.6686,  0.4281,  41.8247
0.4395, -41.6661,  0.4390,  40.7603
0.0332, -22.6742,  0.0330, -15.7542
0.0371, -24.7722,  0.0374,  22.9807
0.4355, -40.8147,  0.4353,  39.6638
0.4434, -40.8172,  0.4435,  42.1607
0.4492, -39.9741,  0.4491,  38.1023
0.0371, -25.0636,  0.0374,  22.3803
0.4434, -39.9741,  0.4435,  39.8410
0.4473, -40.8147,  0.4468,  41.6474
0.0332, -21.9822,  0.0336, -18.6745
0.0371, -24.7701,  0.0374,  22.1330
0.1113, -21.9822,  0.1115,  3.5525
0.4473, -41.6686,  0.4478,  39.6638
0.4512, -42.5314,  0.4525,  39.7565
0.0332, -23.3698,  0.0336, -18.5992
0.0371, -26.1884,  0.0374,  21.8407
0.1113, -9.3227,  0.1116,  1.5417
0.4609, -39.3456,  0.4604,  37.4385
0.4648, -37.4635,  0.4641,  37.6428
0.0332, -25.4772,  0.0331, -15.4924
0.0371, -26.1884,  0.0374,  23.1267
0.0430, -24.7722,  0.0435, -0.7041
0.1113, -9.9721,  0.1115,  3.5212
0.4707, -35.9167,  0.4714,  38.8320
0.0332, -24.7701,  0.0330, -15.7259
0.0371, -25.4772,  0.0374,  23.2269
0.0430, -25.4772,  0.0435, -1.4455
0.1113,  27.6264,  0.1115,  2.7476
0.1172, -10.6227,  0.1173,  10.0752
0.0332, -24.0691,  0.0336, -18.3693
0.0371, -26.1884,  0.0374,  22.4071
0.0430, -25.9792,  0.0435, -0.7611
0.0879,  23.3678,  0.0883, -21.1553
0.1113,  24.7701,  0.1114,  2.4430
0.0332, -24.0691,  0.0336, -18.8854
0.0371, -24.7722,  0.0374,  23.1520
0.0430, -24.7722,  0.0435, -0.9583
0.1113, -6.7364,  0.1115,  3.8007
0.4883, -36.7112,  0.4884,  37.2378
0.0332, -22.6742,  0.0336, -18.8540
0.0371, -24.0691,  0.0374,  22.4254
0.0430, -24.0691,  0.0435, -0.4777
0.0879,  22.6742,  0.0883, -21.1776
0.1113,  26.9040,  0.1115,  2.8567
0.0332, -23.3678,  0.0336, -19.2471
0.0371, -23.3698,  0.0374,  22.4913
0.0430, -24.0691,  0.0435, -1.0168
0.0840,  22.6742,  0.0835, -25.7854
0.1113, -4.8060,  0.1115,  2.7307
0.0332, -24.7722,  0.0331, -15.3551
0.0371, -26.9040,  0.0374,  22.6754
0.0430, -26.9040,  0.0435, -1.5987
0.1113, -9.3246,  0.1116,  3.1490
0.5117, -38.3231,  0.5122,  36.2245
0.0332, -24.0691,  0.0336, -18.8718
0.0371, -24.7722,  0.0374,  22.0897
0.0430, -24.7722,  0.0435, -0.6075
0.1055, -24.7701,  0.1055,  17.7710
0.1113, -2.2421,  0.1115,  4.3815
0.0332, -25.4772,  0.0331, -15.1225
0.0371, -26.1884,  0.0374,  22.7667
0.0430, -24.7722,  0.0435, -1.3340
0.1113, -8.0294,  0.1114,  2.1276
0.1270, -8.6764,  0.1274,  2.4911
0.0332, -23.3698,  0.0331, -15.9067
0.0371, -24.7722,  0.0374,  21.9721
0.0430, -26.1884,  0.0435, -0.4752
0.1113, -8.6764,  0.1115,  2.9619
0.5742, -35.9167,  0.5737,  35.7548
0.0332, -23.3698,  0.0331, -15.6035
0.0371, -26.1884,  0.0374,  22.8737
0.0430, -25.4772,  0.0435, -0.9013
0.1113, -9.3246,  0.1115,  3.0839
0.6211, -26.9040,  0.6209,  25.1209
0.0332, -24.7701,  0.0331, -15.0378
0.0371, -26.1884,  0.0374,  22.8075
0.0430, -26.1884,  0.0436, -0.2507
0.1113, -8.6745,  0.1115,  2.9788
0.6211, -26.1884,  0.6205,  25.6760
0.0332, -23.3698,  0.0331, -15.6060
0.0371, -26.1884,  0.0374,  22.3166
0.0430, -24.7722,  0.0435, -1.1997
0.1113, -8.6764,  0.1115,  5.1715
0.5996, -29.0791,  0.6002,  25.7926
0.0332, -21.9822,  0.0331, -15.4142
0.0371, -23.3698,  0.0374,  22.5868
0.1113, -16.5529,  0.1115,  3.0671
0.5488, -29.8165,  0.5494,  30.7829
0.6016, -23.3678,  0.6010,  24.3533
0.0332, -23.3678,  0.0331, -15.8109
0.0371, -24.7701,  0.0374,  23.1267
0.0430, -24.7701,  0.0435, -0.3077
0.0840,  22.6722,  0.0835, -23.8360
0.1113, -11.9302,  0.1114,  3.8385
0.0332, -23.3698,  0.0331, -15.7975
0.0371, -25.4772,  0.0374,  22.0923
0.0430, -24.0691,  0.0435, -0.8533
0.1113, -10.6246,  0.1115,  2.9827
0.5957, -22.6742,  0.5966,  20.6853
0.0332, -23.3678,  0.0330, -14.8465
0.0371, -24.0691,  0.0374,  22.3595
0.1113, -5.0952,  0.1114,  3.9522
0.5703, -26.9062,  0.5710,  27.8722
0.5938, -15.8881,  0.5944,  18.2764
0.0332, -22.6742,  0.0331, -16.4882
0.0371, -24.0691,  0.0374,  22.3621
0.0430, -25.4772,  0.0435, -1.5273
0.0840,  21.2914,  0.0836, -24.9978
0.1113, -7.3815,  0.1115,  4.0615
0.0332, -23.3698,  0.0331, -15.4466
0.0371, -26.1884,  0.0374,  22.5642
0.0430, -26.1884,  0.0435, -0.6560
0.1113, -11.9283,  0.1115,  2.5670
0.6035, -17.2239,  0.6033,  18.1528
0.0332, -23.3698,  0.0331, -15.4492
0.0371, -26.1884,  0.0374,  22.2689
0.0430, -24.0691,  0.0435, -1.0465
0.1113, -17.2219,  0.1115,  2.9410
0.5664, -27.6242,  0.5656,  25.4458
0.0332, -22.6742,  0.0331, -15.8609
0.0371, -23.3698,  0.0374,  22.0015
0.1113,  26.1905,  0.1115,  2.3379
0.5664, -25.4772,  0.5666,  25.2577
0.5742, -15.8861,  0.5749,  22.8075
0.0332, -22.6742,  0.0330, -15.6668
0.0371, -24.0691,  0.0374,  22.9076
0.5664, -21.9802,  0.5660,  24.3973
0.5703, -19.9255,  0.5710,  21.8140
0.5762, -19.2441,  0.5766,  25.1762
0.0371, -25.4792,  0.0375,  23.0674
0.5645, -13.2402,  0.5651,  22.3369
0.5703, -12.5853,  0.5698,  18.6813
0.5742, -14.5592,  0.5742,  23.6044
0.0332, -23.3698,  0.0331, -15.6776
0.0371, -26.1884,  0.0374,  22.7302
0.1113,  24.0691,  0.1115,  3.3887
0.5625, -15.8861,  0.5633,  18.9273
0.5742, -11.9302,  0.5749,  22.6754
0.5605, -14.5611,  0.5613,  15.7651
0.0371, -25.4772,  0.0374,  22.8258
0.5586, -13.9007,  0.5588,  14.7338
0.5703, -12.5853,  0.5702,  12.5027
0.0332, -23.3698,  0.0330, -15.1225
0.0371, -25.4772,  0.0374,  23.4304
0.1113, -13.2421,  0.1115,  3.2834
0.5547, -13.2421,  0.5556,  13.3618
0.5684, -4.1658,  0.5694, -5.6080
0.0371, -23.3698,  0.0374,  22.1988
0.5527, -11.9302,  0.5526,  11.4961
0.5566, -13.2402,  0.5575,  10.5808
0.5645, -13.2421,  0.5643,  10.9056
0.5684, -9.3227,  0.5682,  10.3697
0.0371, -25.4772,  0.0374,  22.1555
0.5508, -11.2767,  0.5505,  10.1501
0.5547, -11.2767,  0.5555,  15.3577
0.5586, -12.5834,  0.5587,  14.3519
0.5645, -13.8988,  0.5654,  7.4839
0.0332, -24.0670,  0.0331, -15.6734
0.0371, -24.7701,  0.0375,  22.4913
0.1113, -9.3227,  0.1115,  3.5083
0.5488, -1.6016,  0.5487,  8.8219
0.5586, -8.6764,  0.5594,  8.9688
0.0371, -25.2931,  0.0374,  22.5642
0.5469, -8.0275,  0.5475,  6.9380
0.5527, -0.9612,  0.5535,  11.1005
0.5586, -0.9612,  0.5593,  1.8609
0.5625,  0.1272,  0.5624,  5.5782
0.0332, -24.0691,  0.0330, -14.7404
0.0371, -26.9040,  0.0374,  23.2453
0.5469, -10.1277,  0.5473,  3.2899
0.5527, -11.2767,  0.5528,  8.6775
0.5625, -11.9302,  0.5628,  4.0511
0.5449, -6.0941,  0.5458,  5.5846
0.0332, -23.3698,  0.0331, -16.1144
0.0371, -26.1884,  0.0374,  22.5616
0.5449, -4.1658,  0.5456,  0.6873
0.5527, -0.3210,  0.5532,  9.3362
0.5586, -6.7383,  0.5586,  0.4752
0.5469, -6.0941,  0.5471,  5.6498
0.5605, -11.2748,  0.5602,  5.9960
0.5469, -7.3815,  0.5476,  4.6320
0.5527, -7.3815,  0.5525,  5.0029
0.0332, -24.0691,  0.0331, -15.4991
0.0371, -26.1884,  0.0374,  22.3369
0.1113, -14.5611,  0.1115,  4.4113
0.5469, -6.0922,  0.5469,  6.9550
0.5508, -4.1658,  0.5513,  2.9892
0.0332, -24.0691,  0.0331, -15.4291
0.0371, -25.4792,  0.0374,  23.0103
0.5449, -6.0922,  0.5452,  4.7881
0.5488, -5.4507,  0.5498,  7.6748
0.5547, -6.7364,  0.5546,  4.8766
0.0371, -25.4772,  0.0374,  22.3664
0.5469, -4.8079,  0.5462,  5.7385
0.5508, -6.0922,  0.5510,  1.4599
0.5547, -6.0922,  0.5549,  4.3646
0.5703,  4.8079,  0.5705, -5.7873
0.0332, -24.0670,  0.0336, -18.5772
0.0371, -23.3698,  0.0374,  22.6598
0.1113, -6.7383,  0.1115,  2.5080
0.5449, -6.7364,  0.5468,  4.1733
0.5488, -5.4507,  0.5495,  4.6384
0.0332, -24.0691,  0.0330, -15.5489
0.0371, -25.4792,  0.0374,  22.4843
0.5488, -4.8079,  0.5481,  3.6071
0.5566, -8.0294,  0.5561, -0.1650
0.5605, -3.5222,  0.5606, -2.1132
0.0332, -23.3698,  0.0330, -15.2247
0.0371, -26.1884,  0.0374,  22.6893
0.5508, -0.9612,  0.5508,  0.7883
0.5586, -0.9612,  0.5585,  0.9687
0.5820,  9.3227,  0.5821, -7.2236
0.0332, -22.6742,  0.0331, -15.6626
0.0371, -24.7701,  0.0374,  22.5026
0.0430, -24.0691,  0.0435, -0.9415
0.1113, -11.9302,  0.1115,  2.8254
0.5547, -1.5997,  0.5550,  1.2859
0.0332, -23.3698,  0.0331, -15.9984
0.0371, -25.3590,  0.0374,  22.6754
0.1113,  25.4772,  0.1115,  2.6047
0.5547, -2.8811,  0.5548,  1.0738
0.5625, -2.8829,  0.5621, -0.4608
0.0332, -24.7701,  0.0331, -15.5752
0.0371, -24.7722,  0.0374,  22.7640
0.0430, -25.4772,  0.0435, -0.9791
0.1113, -13.9007,  0.1114,  1.7013
0.5664, -0.9612,  0.5664, -1.8064
0.0332, -23.3678,  0.0331, -15.3094
0.0371, -24.7701,  0.0374,  23.0147
0.5566,  3.5222,  0.5563, -1.9744
0.5625,  1.6016,  0.5629, -3.3380
0.5684,  3.5222,  0.5693, -3.6955
0.0332, -23.3698,  0.0330, -15.2380
0.0371, -26.1884,  0.0374,  23.0033
0.1113, -11.2767,  0.1115,  3.5421
0.5605,  0.9612,  0.5602, -3.0125
0.5742,  5.4488,  0.5745, -4.5395
0.0332, -24.0691,  0.0330, -14.2957
0.0371, -26.9040,  0.0374,  22.8919
0.0430, -25.6226,  0.0435, -3.3887
0.1113, -9.3246,  0.1114,  3.1931
0.5801,  6.0941,  0.5793, -4.6384
0.0332, -25.4772,  0.0331, -15.7651
0.0371, -25.4772,  0.0375,  22.6598
0.0430, -24.0691,  0.0435, -1.4014
0.1113, -11.2767,  0.1115,  2.5983
0.6191,  6.0941,  0.6193, -5.2029
0.0332, -25.4772,  0.0331, -16.0201
0.0371, -24.7722,  0.0374,  22.3777
0.1113, -9.3246,  0.1115,  4.3944
0.1270, -4.8079,  0.1273, -1.2061
0.6230,  9.3227,  0.6224, -4.0913
0.0332, -23.3698,  0.0336, -18.3380
0.0371, -26.1884,  0.0374,  23.2453
0.0430, -24.7722,  0.0435, -1.7855
0.1113, -11.9302,  0.1115,  3.3445
0.5781,  7.3815,  0.5777, -6.7967
0.0332, -24.0691,  0.0331, -15.5710
0.0371, -26.1905,  0.0374,  23.1267
0.0430, -26.1884,  0.0435, -1.8738
0.0879,  22.6722,  0.0884, -22.3664
0.1113, -9.9721,  0.1114,  3.6642
0.0332, -26.1905,  0.0336, -18.7566
0.0371, -28.3492,  0.0374,  23.2156
0.0430, -27.6242,  0.0435, -2.2055
0.1113, -11.2767,  0.1115,  2.6528
0.1172, -10.6227,  0.1174,  10.8501
0.0332, -24.0691,  0.0336, -18.4445
0.0371, -26.1884,  0.0374,  23.1633
0.0430, -24.7722,  0.0435, -0.8805
0.0840,  21.9802,  0.0835, -23.0378
0.1113, -11.2767,  0.1114,  3.2457
0.0332, -25.4792,  0.0331, -15.5602
0.0371, -27.6242,  0.0374,  23.4601
0.0430, -26.9040,  0.0435, -1.0569
0.0840,  24.0670,  0.0836, -24.9306
0.1113, -11.9283,  0.1114,  3.1152
0.0332, -23.3698,  0.0331, -15.7759
0.0371, -26.1884,  0.0375,  23.0744
0.0430, -26.1884,  0.0435, -0.9856
0.1113, -10.6246,  0.1115,  4.1668
0.1172, -10.6227,  0.1174,  8.5397
0.0371, -26.1884,  0.0374,  22.9554
0.0430, -26.1884,  0.0435, -1.7310
0.0840,  21.9802,  0.0835, -23.6481
0.1113, -9.3246,  0.1115,  3.9482
0.6270,  9.3227,  0.6271, -11.0146
0.0332, -24.0691,  0.0331, -15.8258
0.0371, -25.4792,  0.0374,  23.4444
0.0430, -26.1884,  0.0435, -1.9050
0.1113,  28.3492,  0.1115,  1.6909
0.1270, -12.5834,  0.1272,  8.6459
0.0332, -23.3698,  0.0336, -18.4842
0.0371, -26.1884,  0.0374,  23.0308
0.0430, -25.4772,  0.0435, -0.6456
0.1113, -8.6745,  0.1115,  3.9924
0.6445,  14.5592,  0.6446, -13.4938
0.0332, -24.7701,  0.0331, -14.9681
0.0371, -26.9040,  0.0375,  22.8188
0.0430, -26.1884,  0.0435, -0.4544
0.1113,  26.1905,  0.1114,  2.5918
0.6523,  14.5592,  0.6532, -12.5823
0.0332, -22.6742,  0.0331, -15.2986
0.0371, -25.4772,  0.0374,  22.6893
0.0430, -24.7722,  0.0434, -0.8260
0.1113, -8.6745,  0.1115,  2.0900
0.6621,  13.8988,  0.6625, -11.2909
0.0332, -25.4772,  0.0331, -15.1923
0.0371, -25.4567,  0.0374,  22.5755
0.0430, -26.1884,  0.0435, -1.5441
0.1113, -9.9721,  0.1115,  3.1008
0.6699,  16.5529,  0.6709, -12.9329
0.0332, -22.6742,  0.0336, -19.0494
0.0371, -24.0691,  0.0374,  21.9539
0.0430, -25.4772,  0.0435, -1.4767
0.1113, -13.8988,  0.1115,  3.1529
0.6836,  13.2421,  0.6832, -13.1831
0.0332, -24.7722,  0.0330, -15.1184
0.0371, -26.9040,  0.0374,  22.6093
0.0430, -25.4792,  0.0435, -0.6729
0.1113,  26.1905,  0.1114,  3.0438
0.6914,  17.2219,  0.6920, -12.2257
0.0332, -24.0691,  0.0331, -16.1253
0.0371, -26.1884,  0.0374,  22.5938
0.0430, -25.4772,  0.0435, -0.8805
0.1113,  26.1884,  0.1115,  3.1281
0.7012,  13.2421,  0.7009, -12.8190
0.0371, -26.9040,  0.0374,  22.7345
0.7090,  14.5611,  0.7084, -13.0860
0.0332, -26.9040,  0.0336, -17.9959
0.0371, -27.6242,  0.0374,  23.2889
0.0430, -25.4792,  0.0435, -1.2036
0.1113, -9.9740,  0.1115,  3.7630
0.7168,  15.2236,  0.7169, -12.9913
0.0332, -24.0670,  0.0336, -19.0808
0.0371, -24.7701,  0.0375,  22.3916
0.7246,  11.9283,  0.7253, -12.4296
0.7285,  10.6227,  0.7287, -12.0108
0.7402,  13.2421,  0.7412, -11.0000
0.0332, -22.6742,  0.0331, -15.8609
0.0371, -24.0691,  0.0374,  22.0266
0.0430, -25.4772,  0.0435, -1.6740
0.1113, -14.5592,  0.1114,  2.8944
0.7344,  13.9007,  0.7343, -10.7432
0.0332, -26.1884,  0.0330, -14.9116
0.0371, -26.9040,  0.0374,  23.0378
0.0430, -26.9040,  0.0435, -1.3845
0.1113, -10.6227,  0.1115,  2.0354
0.7383,  13.9007,  0.7389, -12.1076
0.0332, -24.7701,  0.0330, -15.2986
0.0371, -25.4792,  0.0374,  22.4254
0.0430, -26.1884,  0.0435, -2.1108
0.1113, -8.6764,  0.1115,  1.8441
0.7461,  11.2767,  0.7456, -10.9828
0.0332, -24.0691,  0.0331, -16.1294
0.0371, -26.9040,  0.0374,  22.6389
0.0430, -24.7722,  0.0435, -0.1145
0.1113, -13.2402,  0.1115,  2.3989
0.7520,  11.9302,  0.7535, -9.1153
0.0332, -24.0670,  0.0331, -15.6909
0.0371, -24.7701,  0.0374,  22.8006
0.0430, -25.4772,  0.0435, -0.5049
0.1113, -11.9302,  0.1114,  1.7623
0.7578,  11.9855,  0.7597, -14.8855
0.0332, -24.0691,  0.0330, -15.5381
0.0371, -26.1905,  0.0375,  22.5026
0.0430, -26.9040,  0.0435, -1.9977
0.1113,  28.3492,  0.1115,  2.4847
0.7656,  13.2421,  0.7654, -11.1560
0.0332, -24.7701,  0.0336, -19.2115
0.0371, -26.1884,  0.0374,  23.1337
0.0430, -26.1884,  0.0435, -2.0419
0.1113, -13.2421,  0.1115,  3.2626
0.7676,  12.5853,  0.7683, -11.9272
0.0332, -22.6742,  0.0331, -15.4749
0.0371, -26.1884,  0.0374,  22.2941
0.0430, -24.0691,  0.0435, -1.3132
0.1113, -11.2767,  0.1115,  3.0502
0.7773,  11.9283,  0.7769, -10.1753
0.0332, -23.3698,  0.0331, -15.6035
0.0371, -25.4772,  0.0374,  22.5825
0.0430, -26.1884,  0.0436, -1.9640
0.0840,  25.4772,  0.0835, -26.1685
0.1113, -7.3834,  0.1116,  2.7853
0.0332, -25.4772,  0.0331, -16.0376
0.0371, -26.9040,  0.0374,  22.6050
0.0430, -24.7722,  0.0436, -1.4703
0.0840,  24.7701,  0.0834, -23.5081
0.1113, -9.3227,  0.1116,  3.3236
0.0332, -22.6742,  0.0330, -16.0201
0.0371, -24.7701,  0.0374,  22.3257
0.0430, -23.3698,  0.0435, -2.5288
0.0840,  23.3678,  0.0836, -25.6084
0.1113, -10.6227,  0.1115,  3.8241
0.0332, -23.3678,  0.0330, -15.1009
0.0371, -24.0691,  0.0374,  22.6754
0.0430, -24.0691,  0.0436, -2.6047
0.0879,  21.2935,  0.0883, -23.1380
0.1113,  26.1905,  0.1114,  2.3314
0.0332, -24.7701,  0.0331, -15.8284
0.0371, -24.7722,  0.0374,  22.5278
0.0430, -26.1884,  0.0435, -2.1822
0.0840,  25.4772,  0.0836, -25.2879
0.1113, -31.3034,  0.1115,  3.7968
0.0332, -22.6742,  0.0331, -16.3260
0.0371, -23.3698,  0.0374,  22.0897
0.0430, -23.3698,  0.0436, -1.9536
0.0840,  24.0670,  0.0836, -25.7249
0.1113, -13.8988,  0.1115,  4.2657
0.0332, -24.7701,  0.0331, -15.8392
0.0371, -24.0691,  0.0374,  22.8301
0.0430, -24.0691,  0.0435, -0.7274
0.0840,  23.3698,  0.0834, -25.2134
0.1113, -10.6246,  0.1115,  2.4197
0.0332, -23.3698,  0.0330, -15.2031
0.0371, -26.1884,  0.0374,  22.5321
0.0430, -24.0691,  0.0436, -2.0900
0.0840,  21.9822,  0.0832, -24.2706
0.1113, -6.7383,  0.1114,  2.6384
0.0332, -23.3698,  0.0330, -14.9855
0.0371, -24.7722,  0.0374,  22.8919
0.0430, -26.1884,  0.0435, -1.3300
0.0840,  20.6080,  0.0836, -25.5364
0.1113, -9.9721,  0.1115,  4.0744
0.0332, -25.4772,  0.0331, -15.8851
0.0371, -26.9040,  0.0374,  22.7667
0.0430, -26.1884,  0.0435, -0.5089
0.1113,  24.7701,  0.1115,  1.6740
0.1270, -8.0294,  0.1272,  4.3501
0.0332, -24.7701,  0.0330, -15.6626
0.0371, -24.7722,  0.0374,  22.9372
0.0430, -26.1884,  0.0435, -1.8168
0.1113,  27.6264,  0.1116,  2.6593
0.1172, -9.9721,  0.1168,  6.6805
0.0332, -23.3698,  0.0331, -15.6493
0.0371, -26.1884,  0.0374,  22.6598
0.0430, -24.0691,  0.0436, -1.9407
0.0840,  24.0670,  0.0835, -23.7120
0.1113, -11.9302,  0.1115,  2.2328
0.0332, -24.0670,  0.0331, -16.1536
0.0371, -25.4772,  0.0374,  22.6824
0.0430, -24.0691,  0.0435, -1.2542
0.0879,  22.6722,  0.0882, -22.8554
0.1113, -8.6745,  0.1115,  3.9900
0.0332, -24.0691,  0.0336, -18.5239
0.0371, -24.7722,  0.0374,  22.9076
0.0430, -26.1884,  0.0435, -2.3587
0.1113, -10.6227,  0.1115,  3.7421
0.1172, -13.2421,  0.1173,  11.5861
0.0332, -22.6742,  0.0336, -18.8278
0.0371, -24.7701,  0.0374,  22.4141
0.0430, -25.4772,  0.0435, -2.4197
0.1113,  24.0670,  0.1115,  5.0303
0.1172, -7.3834,  0.1168,  7.5139
0.0332, -25.4772,  0.0331, -16.0443
0.0371, -26.9040,  0.0374,  23.5405
0.0430, -26.1884,  0.0435, -1.4663
0.0879,  24.0670,  0.0884, -22.7371
0.1113, -10.6246,  0.1114,  2.3652
0.0332, -24.7701,  0.0331, -15.7017
0.0371, -26.1884,  0.0374,  22.6754
0.0430, -25.4772,  0.0436, -2.2432
0.0840,  23.3678,  0.0835, -25.5364
0.1113, -11.2767,  0.1115,  2.7074
0.0332, -24.0670,  0.0331, -15.5752
0.0371, -24.0691,  0.0374,  22.6867
0.0430, -25.4772,  0.0435, -2.2095
0.1113,  29.0791,  0.1114,  2.7580
0.1250, -7.3815,  0.1244,  17.0580
0.0332, -26.1884,  0.0331, -15.8959
0.0371, -26.9040,  0.0374,  22.2914
0.0430, -26.1884,  0.0435, -0.7715
0.1113, -18.5674,  0.1115,  2.6593
0.8672,  3.5222,  0.8676, -1.7960
0.0332, -21.9822,  0.0331, -15.5885
0.0371, -24.7701,  0.0374,  22.1694
0.1113,  27.6242,  0.1115,  3.3212
0.8594, -2.8811,  0.8630,  2.0627
0.8633, -5.4507,  0.8633,  2.0860
0.8594,  0.3210,  0.8591, -0.9013
0.0371, -24.0691,  0.0374,  22.5321
0.0430, -24.0691,  0.0435, -0.7001
0.0879,  22.6742,  0.0883, -22.8441
0.1113, -9.3246,  0.1114,  3.3212
0.8574, -2.8811,  0.8571,  1.7181
0.0332, -22.6742,  0.0331, -15.5032
0.0371, -25.4772,  0.0374,  22.0421
0.1113, -15.2216,  0.1114,  2.8840
0.8535, -2.8829,  0.8534,  2.0121
0.8633, -7.3815,  0.8647,  10.4039
0.0332, -23.3698,  0.0331, -15.7517
0.0371, -26.1884,  0.0374,  22.5460
0.0430, -26.1884,  0.0435, -1.1323
0.0840,  21.9822,  0.0835, -24.0702
0.1113, -11.2748,  0.1115,  3.5758
0.0332, -23.3698,  0.0331, -15.2770
0.0371, -24.7722,  0.0374,  22.2031
0.0430, -24.7722,  0.0435, -1.4430
0.1113, -4.1658,  0.1115,  2.8696
0.1250, -8.0275,  0.1248,  15.8284
0.0371, -24.7701,  0.0374,  22.7667
0.0430, -26.1884,  0.0435, -1.4118
0.0879,  24.0670,  0.0884, -22.0603
0.1113, -18.5693,  0.1115,  2.5670
0.1250, -8.6764,  0.1252,  14.7968
0.0332, -24.7701,  0.0336, -19.0028
0.0371, -24.7722,  0.0374,  22.6093
0.0430, -26.1884,  0.0435, -1.1283
0.0840,  23.3678,  0.0832, -23.2409
0.1113, -11.2767,  0.1115,  1.4014
0.0332, -23.3698,  0.0331, -15.1009
0.0371, -26.9040,  0.0374,  22.8301
0.0430, -26.1884,  0.0434, -1.0778
0.1055, -21.9802,  0.1052,  15.0727
0.1113, -13.2421,  0.1115,  3.3887
0.0332, -24.7701,  0.0330, -15.7192
0.0371, -24.7722,  0.0374,  22.9076
0.0430, -26.1884,  0.0435, -0.8870
0.1113, -11.2748,  0.1115,  1.8441
0.8184, -11.2748,  0.8190,  9.6427
0.0332, -25.4772,  0.0331, -15.9593
0.0371, -26.1884,  0.0374,  22.8441
0.0430, -24.7722,  0.0435, -1.3132
0.1113, -12.5834,  0.1115,  3.7839
0.1270, -8.0294,  0.1272,  0.4103
0.0332, -25.4772,  0.0331, -14.7553
0.0371, -26.1884,  0.0374,  22.7049
0.0430, -26.1884,  0.0435, -1.2542
0.0840,  21.6564,  0.0836, -25.4804
0.1113, -9.3227,  0.1116,  3.3951
0.0332, -25.4772,  0.0331, -15.5885
0.0371, -26.9040,  0.0374,  22.1667
0.0430, -24.7722,  0.0435, -0.9078
0.1113, -11.9283,  0.1115,  4.0913
0.1230, -44.2914,  0.1233,  13.3792
0.0332, -22.6742,  0.0330, -16.0794
0.0371, -25.4772,  0.0374,  22.2620
0.0430, -26.1884,  0.0435, -1.5144
0.1113, -11.2748,  0.1115,  3.7734
0.1172, -9.3227,  0.1173,  9.0918
0.0332, -24.0691,  0.0336, -18.8744
0.0371, -24.7722,  0.0374,  22.8075
0.0430, -26.1884,  0.0435, -1.3067
0.1113, -14.0425,  0.1116,  2.8463
0.1172, -11.9283,  0.1174,  9.5979
0.0332, -23.3698,  0.0331, -15.9943
0.0371, -24.7722,  0.0374,  22.9032
0.0430, -26.1884,  0.0435, -2.1108
0.0879,  24.7701,  0.0884, -23.9807
0.1113, -11.2767,  0.1114,  3.3887
0.0332, -23.3698,  0.0331, -16.4464
0.0371, -26.1884,  0.0374,  23.0147
0.0430, -24.7722,  0.0435, -1.4455
0.1113, -14.5592,  0.1115,  2.4807
0.1270, -6.7383,  0.1272,  0.0198
0.0332, -25.4772,  0.0331, -15.7476
0.0371, -26.1884,  0.0374,  22.6598
0.0430, -26.1884,  0.0435, -1.4832
0.0840,  25.4772,  0.0834, -23.7721
0.1113, -8.6764,  0.1115,  2.8671
0.0332, -23.3698,  0.0331, -16.7752
0.0371, -26.1884,  0.0374,  22.5825
0.0430, -25.4772,  0.0434, -1.0738
0.0840,  21.2935,  0.0835, -24.9306
0.1113, -9.3246,  0.1115,  2.9956
0.0371, -24.7722,  0.0374,  22.1961
0.0430, -24.7722,  0.0435, -1.5882
0.1113, -10.6246,  0.1115,  4.2826
0.1172, -10.6246,  0.1174,  9.3111
0.1230, -9.9721,  0.1235,  14.7205
0.0332, -22.6742,  0.0331, -16.1428
0.0371, -24.0691,  0.0374,  22.2464
0.0430, -24.0691,  0.0435, -1.0465
0.1113, -8.0294,  0.1115,  2.3002
0.1172, -7.3834,  0.1174,  11.0252
0.0332, -23.3698,  0.0330, -15.9000
0.0371, -25.4772,  0.0374,  22.2213
0.0430, -24.0691,  0.0436, -2.4911
0.0840,  21.9802,  0.0833, -24.3076
0.1113, -8.0275,  0.1115,  1.5882
0.0332, -24.0670,  0.0330, -15.5860
0.0371, -25.4772,  0.0374,  22.7049
0.0430, -26.1884,  0.0434, -2.4470
0.1113, -12.0384,  0.1114,  2.2328
0.1172, -7.3834,  0.1168,  7.7593
0.0332, -23.3698,  0.0331, -14.9224
0.0371, -24.0691,  0.0374,  22.2620
0.0430, -25.4772,  0.0435, -1.1323
0.1113, -10.6246,  0.1115,  3.9755
0.7383, -15.8881,  0.7392,  18.1215
0.0371, -26.1884,  0.0374,  22.3803
0.0430, -26.1884,  0.0435, -0.7482
0.0840,  21.2935,  0.0835, -23.9552
0.0879,  22.6742,  0.0884, -23.1197
0.1113, -12.5834,  0.1114,  3.3003
0.0332, -24.0670,  0.0336, -18.9918
0.0371, -24.7722,  0.0375,  22.2170
0.0430, -26.1884,  0.0435, -1.1347
0.1113, -8.0275,  0.1116,  3.2522
0.1172, -8.6764,  0.1169,  5.7385
0.0332, -24.0691,  0.0331, -16.0618
0.0371, -26.9040,  0.0374,  23.1197
0.0430, -26.9040,  0.0435, -1.6869
0.1113, -7.3834,  0.1115,  2.8632
0.1172, -9.3246,  0.1168,  8.1706
0.0332, -22.6742,  0.0331, -15.7017
0.0371, -24.0691,  0.0374,  22.3916
0.0430, -23.3698,  0.0435, -1.2795
0.0840,  20.6080,  0.0835, -25.1417
0.1113,  25.4772,  0.1116,  4.0471
0.0332, -24.7701,  0.0331, -17.0186
0.0371, -23.3698,  0.0374,  23.2156
0.0430, -25.4772,  0.0435, -1.8232
0.0879,  23.3698,  0.0884, -23.2113
0.1113, -9.9721,  0.1116,  1.7895
0.0332, -24.0670,  0.0330, -15.3120
0.0371, -25.4772,  0.0374,  23.0308
0.0430, -26.1884,  0.0435, -1.0465
0.0879,  24.0670,  0.0884, -22.8624
0.1113, -11.2767,  0.1116,  2.5943
0.0332, -22.6742,  0.0331, -15.6276
0.0371, -25.4772,  0.0374,  22.1036
0.0430, -24.0691,  0.0435, -0.7418
0.1113, -6.7383,  0.1115,  3.0100
0.1172, -8.6764,  0.1174,  10.5254
0.0332, -23.3698,  0.0331, -16.3436
0.0371, -26.1884,  0.0374,  22.6458
0.0430, -26.1884,  0.0435, -1.2438
0.0879,  22.6742,  0.0883, -22.9328
0.1113, -9.9740,  0.1115,  3.3212
0.0332, -22.6742,  0.0331, -16.0794
0.0371, -24.0691,  0.0374,  22.7962
0.0430, -24.0691,  0.0435, -1.3404
0.1113, -8.0275,  0.1115,  3.2184
0.1172, -8.0294,  0.1174,  9.0642
0.0332, -23.3698,  0.0336, -19.1071
0.0371, -26.1884,  0.0374,  22.8006
0.0430, -24.0691,  0.0435, -1.5585
0.0840,  23.3678,  0.0833, -23.7120
0.1113, -13.8988,  0.1115,  3.9482
0.0332, -24.0691,  0.0330, -15.7301
0.0371, -26.9040,  0.0374,  22.9511
0.0430, -24.7722,  0.0435, -0.7210
0.0840,  21.9822,  0.0832, -22.6093
0.1113, -8.0294,  0.1116,  2.5670
0.0371, -25.4792,  0.0374,  22.6571
0.0430, -26.1884,  0.0435, -1.0024
0.1113,  27.6264,  0.1115,  2.3379
0.1172, -8.0275,  0.1174,  9.8578
0.1250, -6.7364,  0.1247,  13.2152
0.0332, -25.4772,  0.0331, -15.1358
0.0371, -26.9040,  0.0374,  22.9850
0.0430, -26.1884,  0.0435, -0.5490
0.0840,  23.7798,  0.0835, -24.6162
0.1113,  24.7722,  0.1116,  2.7957
0.0332, -24.0691,  0.0330, -15.1898
0.0371, -25.4792,  0.0374,  22.7484
0.0430, -26.1884,  0.0435, -1.6596
0.1113, -11.2748,  0.1116,  2.3587
0.1172, -11.2748,  0.1174,  10.4765
0.0332, -24.0691,  0.0331, -15.3726
0.0371, -25.4792,  0.0374,  22.7484
0.0430, -26.1884,  0.0435, -2.4301
0.1113, -11.2748,  0.1115,  2.6087
0.1172, -9.3227,  0.1168,  7.5728
0.0332, -23.3698,  0.0331, -15.0619
0.0371, -26.1884,  0.0374,  22.3369
0.0430, -26.1884,  0.0435, -1.5417
0.0840,  21.2935,  0.0834, -24.3533
0.1113, -9.9740,  0.1115,  2.3419
0.0332, -24.0691,  0.0330, -15.1923
0.0371, -25.4792,  0.0374,  22.2507
0.0430, -26.9040,  0.0435, -0.7378
0.1113, -8.6764,  0.1116,  3.3107
0.1172, -8.0275,  0.1174,  9.8367
0.0332, -24.0691,  0.0336,  23.5633
0.0371, -26.1884,  0.0374,  22.5460
0.0430, -26.1884,  0.0435, -1.4286
0.1113, -13.8988,  0.1115,  4.8637
0.1270, -8.6764,  0.1265,  4.7647
0.0332, -24.7701,  0.0331, -15.6384
0.0371, -24.0691,  0.0374,  22.5208
0.0430, -26.1884,  0.0435, -1.2061
0.0840,  22.6742,  0.0836, -24.6904
0.1113, -9.9740,  0.1116,  2.3547
0.0332, -22.6742,  0.0331, -15.8109
0.0371, -24.0691,  0.0374,  22.9737
0.0430, -25.9385,  0.0435, -1.6700
0.1113, -5.4507,  0.1114,  3.2353
0.1270, -8.6745,  0.1268,  0.7715
0.0332, -24.7701,  0.0331, -15.9067
0.0371, -26.1884,  0.0374,  22.2031
0.0430, -26.1884,  0.0435, -1.2815
0.0879,  23.3808,  0.0883, -21.9358
0.1113, -11.2748,  0.1115,  4.1355
0.0332, -23.3698,  0.0331, -15.8959
0.0371, -24.7722,  0.0374,  22.7527
0.0430, -26.1884,  0.0435, -2.4430
0.0879,  23.3698,  0.0884, -22.7850
0.1113, -10.6246,  0.1115,  3.2184
0.0332, -24.0670,  0.0336, -19.0452
0.0371, -25.4772,  0.0374,  22.6276
0.0430, -25.4772,  0.0435, -0.8870
0.0840,  21.9822,  0.0835, -24.2565
0.1113, -9.9740,  0.1115,  4.3228
0.0332, -23.3698,  0.0336, -18.5527
0.0371, -25.4772,  0.0374,  22.8145
0.0430, -25.4772,  0.0435, -1.5481
0.1113, -6.7383,  0.1114,  4.0848
0.1172, -9.9721,  0.1169,  6.8960
0.0332, -22.6742,  0.0330, -15.4641
0.0371, -25.4772,  0.0374,  22.1217
0.0430, -25.4772,  0.0435, -1.9115
0.1113, -13.8988,  0.1115,  2.6930
0.1172, -11.9283,  0.1168,  8.3253
0.0332, -21.9822,  0.0336, -18.8388
0.0371, -24.7701,  0.0374,  22.6120
0.0430, -24.7701,  0.0435, -0.8324
0.0879,  22.6722,  0.0884, -21.6534
0.1113, -7.3834,  0.1115,  3.0839
0.0332, -21.9822,  0.0331, -15.8284
0.0371, -24.7701,  0.0374,  22.0603
0.0430, -25.4772,  0.0435, -1.6596
0.1113, -6.7383,  0.1115,  3.8534
0.5859, -28.3513,  0.5852,  30.0841
0.0332, -23.3698,  0.0331, -15.4183
0.0371, -24.0691,  0.0374,  22.4983
0.0430, -24.7722,  0.0435, -1.3300
0.0840,  23.3678,  0.0836, -25.1302
0.1113,  27.6242,  0.1115,  2.9659
0.0332, -22.6742,  0.0336, -18.7279
0.0371, -25.4772,  0.0374,  22.7232
0.0430, -24.0691,  0.0435, -0.9896
0.0879,  23.3678,  0.0884, -23.5703
0.1113, -16.5548,  0.1114,  3.7799
0.0332, -21.9822,  0.0330, -15.4533
0.0371, -24.0691,  0.0374,  22.8145
0.0430, -25.4772,  0.0436, -2.1509
0.1113, -8.6764,  0.1115,  3.3276
0.1172, -8.6764,  0.1174,  9.3151
0.0371, -26.1884,  0.0374,  22.5347
0.0430, -26.1884,  0.0435, -1.3717
0.1074, -17.2239,  0.1076,  11.9617
0.1113,  26.9062,  0.1115,  1.8192
0.1250, -9.9740,  0.1243,  17.3064
0.0332, -24.0670,  0.0331, -15.9593
0.0371, -25.4772,  0.0374,  22.0897
0.0430, -24.0691,  0.0435, -0.9727
0.1113, -7.3834,  0.1115,  2.2159
0.5312, -31.3012,  0.5317,  29.6368
0.0332, -24.0670,  0.0331, -16.0376
0.0371, -23.3698,  0.0374,  23.1197
0.1113, -13.2421,  0.1115,  2.2561
0.5234, -33.5792,  0.5227,  29.1137
0.5312, -31.3012,  0.5313,  29.4699
0.0332, -22.6742,  0.0331, -15.3860
0.0371, -25.4772,  0.0374,  22.4211
0.1113, -9.9721,  0.1115,  1.7350
0.5195, -32.0534,  0.5204,  30.3026
0.5234, -32.0839,  0.5237,  32.5164
0.0332, -23.3678,  0.0330, -15.0876
0.0371, -24.0691,  0.0374,  22.4254
0.5059, -29.0813,  0.5054,  29.5519
0.5098, -26.9062,  0.5099,  29.6653
0.5137, -25.4772,  0.5128,  30.1472
0.0371, -26.1884,  0.0374,  22.8737
0.4902, -29.0813,  0.4898,  29.8057
0.4980, -31.3012,  0.4978,  30.5732
0.5039, -31.3012,  0.5037,  27.7462
0.5625, -29.0813,  0.5632,  22.0923
0.0332, -23.3698,  0.0331, -16.5668
0.0371, -24.7722,  0.0374,  22.9667
0.1113, -12.5834,  0.1114,  3.8072
0.4824, -26.9062,  0.4824,  27.5615
0.4883, -25.4772,  0.4891,  27.9647
0.0371, -24.7801,  0.0374,  22.8737
0.1113, -9.3227,  0.1115,  2.2288
0.4727, -31.3012,  0.4735,  28.1214
0.4844, -27.6242,  0.4840,  28.3525
0.4902, -29.0791,  0.4897,  25.0235
0.0332, -22.6742,  0.0331, -15.1682
0.0371, -23.3698,  0.0374,  22.5321
0.1113, -11.9302,  0.1115,  3.5356
0.4668, -29.0813,  0.4659,  27.3365
0.4844, -24.0670,  0.4849,  24.9120
0.0332, -23.3678,  0.0331, -15.2945
0.0371, -24.7701,  0.0374,  22.4575
0.1113, -7.3834,  0.1115,  4.3646
0.4590, -25.4772,  0.4590,  27.3745
0.4766, -23.3698,  0.4764,  24.2891
0.0332, -24.0670,  0.0331, -15.3294
0.0371, -25.4772,  0.0374,  22.5755
0.0430, -25.4772,  0.0435, -1.9407
0.0840,  24.7701,  0.0834, -24.1001
0.1113, -9.9740,  0.1115,  2.2536
0.0332, -24.0670,  0.0331, -15.2986
0.0371, -24.7701,  0.0374,  22.3777
0.0430, -24.7701,  0.0435, -1.0232
0.1113, -9.9740,  0.1115,  2.9386
0.4473, -24.0670,  0.4474,  23.3073
0.0332, -24.0691,  0.0331, -16.0268
0.0371, -24.7722,  0.0374,  22.4393
0.1113,  26.1884,  0.1115,  2.7074
0.4531, -20.6080,  0.4534,  21.0135
0.4570, -22.6722,  0.4577,  22.7371
0.0332, -23.3698,  0.0330, -15.1333
0.0371, -26.1884,  0.0374,  22.5165
0.0430, -26.9040,  0.0435, -1.3003
0.1113, -8.6764,  0.1115,  3.8703
0.4473, -13.8988,  0.4479,  22.2395
0.0332, -22.6742,  0.0331, -15.3618
0.0371, -25.4772,  0.0374,  22.2395
0.0430, -25.4772,  0.0435, -1.9219
0.0840,  24.7701,  0.0832, -22.8963
0.1113, -12.5853,  0.1115,  2.3716
0.0332, -23.3698,  0.0336, -18.9561
0.0371, -24.0691,  0.0374,  22.8006
0.1113, -13.8988,  0.1116,  2.3002
0.4395, -17.2219,  0.4400,  13.6640
0.4434, -16.5548,  0.4435,  18.7059
0.0332, -22.6742,  0.0330, -15.4882
0.0371, -24.0691,  0.0374,  22.3439
0.0430, -24.0691,  0.0435, -0.2611
0.1113, -11.2748,  0.1115,  0.5906
0.4395, -17.8934,  0.4393,  16.5626
0.0332, -22.6742,  0.0331, -16.0335
0.0371, -25.4772,  0.0374,  22.3096
0.4297, -13.2421,  0.4295,  14.2742
0.4355, -13.9007,  0.4353,  14.9357
0.4395, -13.9007,  0.4396,  15.6035
0.0332, -24.0691,  0.0331, -15.4924
0.0371, -24.7722,  0.0374,  22.5755
0.4336, -10.6246,  0.4343,  14.1224
0.4375, -11.9283,  0.4379,  12.3499
0.4492, -9.9721,  0.4497,  11.0979
0.0332, -24.0670,  0.0330, -16.3286
0.0371, -24.0691,  0.0374,  22.3664
0.4355, -11.9302,  0.4355,  11.6033
0.4727, -20.6080,  0.4728,  21.8882
0.4785, -23.3678,  0.4783,  23.2043
0.0332, -24.0670,  0.0331, -16.0376
0.0371, -23.3698,  0.0374,  22.8301
0.4297, -11.9283,  0.4302,  10.3737
0.4375, -10.6227,  0.4379,  10.5213
0.4414, -10.6246,  0.4417,  10.6559
0.0332, -24.0670,  0.0331, -14.9357
0.0371, -24.7722,  0.0374,  22.1988
0.1113, -17.2239,  0.1115,  2.7813
0.4336, -6.0941,  0.4332,  8.5016
0.4434, -7.3834,  0.4429,  7.7213
0.0332, -24.0691,  0.0331, -16.1536
0.0371, -26.1884,  0.0374,  23.1083
0.1113, -10.6246,  0.1115,  3.8007
0.4355, -8.6764,  0.4356,  8.1471
0.4453, -8.0294,  0.4456,  6.4625
0.0371, -24.0691,  0.0374,  22.3595
0.0430, -25.4772,  0.0435, -0.8701
0.1113, -11.9302,  0.1115,  3.5212
0.4395, -6.0922,  0.4391,  6.0637
0.4473, -7.3834,  0.4475,  4.5877
0.0332, -22.6742,  0.0331, -15.6776
0.0371, -25.4772,  0.0374,  22.4870
0.1113, -11.9302,  0.1115,  3.0060
0.4434, -5.4488,  0.4432,  5.8590
0.4551, -5.4488,  0.4555,  8.1811
0.4414, -5.4507,  0.4420,  5.6902
0.4492, -6.7364,  0.4495,  11.1005
0.4434, -8.6764,  0.4436,  7.7553
0.4512, -9.3246,  0.4506, -0.4648
0.4609, -7.3834,  0.4616,  0.3662
0.4434, -11.2748,  0.4433,  10.3143
0.4531, -10.6246,  0.4536,  8.8349
0.0371, -24.0691,  0.0374,  22.5278
0.4434, -8.0294,  0.4441,  10.6257
0.4512,  5.4488,  0.4509,  7.2980
0.4551,  0.9612,  0.4556,  9.0325
0.0332, -23.3698,  0.0331, -15.9175
0.0371, -26.1884,  0.0374,  22.9328
0.4473, -8.6745,  0.4470,  8.5161
0.4590, -4.8079,  0.4590,  0.8196
0.4746,  2.8811,  0.4750, -3.5589
0.0371, -26.9040,  0.0374,  22.7484
0.4453, -8.6745,  0.4458,  7.1477
0.4512, -8.6745,  0.4505,  9.5110
0.4609, -1.5997,  0.4613, -3.6304
0.4648,  0.3210,  0.4643, -0.3895
0.0332, -25.4772,  0.0331, -15.4774
0.0371, -25.4792,  0.0374,  22.3369
0.4492, -6.7364,  0.4494,  6.3783
0.4531, -6.7364,  0.4532,  6.7014
0.4727,  4.4850,  0.4724, -5.6459
0.0332, -24.7722,  0.0331, -15.5602
0.0371, -25.4792,  0.0374,  23.1310
0.4512, -6.0922,  0.4509,  5.3318
0.4570, -6.0922,  0.4576,  4.4555
0.4707,  5.4488,  0.4712, -3.7565
0.0332, -25.4792,  0.0331, -15.1358
0.0371, -28.3492,  0.0374,  23.0561
0.0430, -26.9040,  0.0435, -1.5441
0.4551, -3.5241,  0.4551,  2.3547
0.4785, -1.6016,  0.4778, -5.2536
0.0332, -23.3698,  0.0331, -16.3854
0.0371, -26.1884,  0.0374,  22.4366
0.4512, -3.5222,  0.4520,  2.6801
0.4551, -3.5241,  0.4554,  0.7001
0.4590, -2.8829,  0.4583,  1.3781
0.0332, -24.0670,  0.0331, -15.7867
0.0371, -23.3698,  0.0375,  22.6276
0.4551,  0.3192,  0.4552,  0.2908
0.4609,  0.3192,  0.4600, -0.3790
0.5020,  8.0294,  0.5021, -11.0939
0.0332, -24.7701,  0.0336, -18.7033
0.0371, -26.1884,  0.0374,  22.7527
0.1113, -11.2767,  0.1115,  4.5122
0.4902,  11.9302,  0.4912, -11.0833
0.5059,  16.3890,  0.5066, -13.9605
0.0332, -24.0670,  0.0336, -18.7211
0.0371, -24.0691,  0.0374,  22.7597
0.4629,  3.5222,  0.4634, -2.5184
0.4922,  13.2402,  0.4928, -10.8607
0.4980,  13.9007,  0.4977, -12.4057
0.0332, -22.6742,  0.0336, -18.9074
0.0371, -24.7701,  0.0374,  22.5165
0.4746,  11.9283,  0.4746, -5.8461
0.4961,  12.6102,  0.4966, -14.4563
0.5117,  15.8881,  0.5127, -10.0882
0.0371, -24.7722,  0.0374,  22.6050
0.4688,  4.1658,  0.4694, -4.7229
0.4727,  4.1658,  0.4725, -3.6200
0.4766,  4.1658,  0.4765, -4.5161
0.4980,  14.5592,  0.4980, -11.9272
0.0371, -26.1884,  0.0375,  22.6163
0.4707,  4.8079,  0.4707, -5.3148
0.4746,  6.7364,  0.4744, -5.0641
0.4805,  7.3815,  0.4801, -7.7253
0.5000,  16.5529,  0.5006, -14.8291
0.0332, -24.7722,  0.0331, -15.4034
0.0371, -26.9062,  0.0374,  23.0900
0.4707,  8.0275,  0.4702, -6.6506
0.4766,  6.7383,  0.4757, -6.7054
0.5020,  14.5592,  0.5021, -14.5167
0.0332, -23.3698,  0.0331, -15.7975
0.0371, -24.0691,  0.0374,  22.8780
0.4727,  8.6745,  0.4725, -7.7828
0.4844,  10.6246,  0.4848, -10.1924
0.4980,  18.5693,  0.4982, -18.4335
0.0371, -25.4772,  0.0374,  22.1988
0.4727,  9.3227,  0.4732, -9.1640
0.4766,  9.3246,  0.4760, -9.6854
0.4980,  11.9283,  0.4984, -18.5197
0.5098,  6.0941,  0.5098, -20.0026
0.0332, -22.6742,  0.0331, -15.7126
0.0371, -25.4772,  0.0374,  22.9694
0.4785,  10.6246,  0.4782, -9.6854
0.4863,  13.2421,  0.4854, -10.4765
0.5078,  21.2914,  0.5080, -20.7574
0.0332, -24.7701,  0.0336, -18.6923
0.0371, -26.1884,  0.0374,  22.5642
0.1113,  32.0534,  0.1116,  2.2769
0.4805,  14.5592,  0.4805, -12.2297
0.4863,  13.9007,  0.4859, -10.4659
0.0371, -25.4792,  0.0374,  22.6754
0.4766,  14.5611,  0.4774, -12.6275
0.4863,  22.6722,  0.4874, -12.1912
0.5000,  17.2239,  0.5000, -22.2802
0.0371, -25.4772,  0.0374,  22.7345
0.4766,  15.8881,  0.4767, -16.0943
0.4844,  17.2219,  0.4835, -17.2888
0.4766,  17.8953,  0.4760, -17.7314
0.0371, -24.7722,  0.0374,  22.2464
0.4707,  23.9629,  0.4713, -21.1234
0.4746,  24.0670,  0.4741, -22.3916
0.4844,  22.6722,  0.4845, -25.9980
0.0332, -24.0670,  0.0331, -15.9701
0.0371, -25.4772,  0.0374,  23.1493
0.0430, -26.1884,  0.0435, -1.0842
0.4668,  23.3698,  0.4665, -25.4689
0.4785,  20.6080,  0.4789, -23.9552
0.0371, -24.7701,  0.0374,  22.5165
0.4688,  23.3698,  0.4693, -25.5924
0.4727,  13.9007,  0.4734, -23.9254
0.4785,  15.2216,  0.4788, -32.6058
0.5059,  26.1884,  0.5057, -28.0742
0.0332, -24.0670,  0.0331, -15.0419
0.0371, -25.4772,  0.0374,  22.1148
0.4668,  23.3678,  0.4675, -31.1817
0.4707,  23.3678,  0.4712, -16.9373
0.4766,  21.9822,  0.4765, -15.0835
0.0332, -24.0691,  0.0330, -16.0510
0.0371, -25.4792,  0.0374,  22.9076
0.4609,  32.0557,  0.4607, -27.9883
0.4668,  28.3513,  0.4665, -23.6070
0.4766,  19.8418,  0.4759, -18.4910
0.0332, -24.7701,  0.0331, -16.1469
0.0371, -26.1884,  0.0374,  22.6824
0.1113,  26.1884,  0.1115,  2.6657
0.4551,  27.6264,  0.4546, -29.9148
0.4688,  25.4792,  0.4690, -19.9804
0.0332, -24.0670,  0.0331, -16.8782
0.0371, -24.0691,  0.0374,  23.4190
0.1113, -9.3246,  0.1114,  3.1217
0.4375,  36.7089,  0.4374, -29.7041
0.4473,  35.9167,  0.4474, -30.0481
0.0332, -24.7701,  0.0331, -16.5099
0.0371, -26.1884,  0.0374,  22.3595
0.1113, -9.3246,  0.1115,  2.8944
0.4395,  30.5571,  0.4403, -30.5899
0.4668,  24.0670,  0.4675, -20.4387
0.0332, -23.3698,  0.0331, -15.9943
0.0371, -24.0691,  0.0374,  22.3846
0.1113,  28.3513,  0.1116,  2.3691
0.4336,  34.3488,  0.4331, -33.0179
0.4375,  37.5116,  0.4377, -30.4588
0.0332, -24.0691,  0.0331, -15.8284
0.0371, -25.4792,  0.0374,  22.8780
0.0430, -25.9567,  0.0434, -1.3949
0.1113, -10.6246,  0.1115,  3.8871
0.4297,  27.6264,  0.4306, -28.9001
0.0332, -24.7722,  0.0330, -14.9116
0.0371, -27.6242,  0.0374,  23.3073
0.0430, -25.4792,  0.0435, -0.4881
0.1113, -9.3246,  0.1115,  2.8736
0.4219,  31.3034,  0.4218, -30.3881
0.0332, -24.7701,  0.0330, -15.8433
0.0371, -26.1884,  0.0374,  22.6641
0.0430, -24.7722,  0.0435, -0.4375
0.0879,  21.2935,  0.0884, -22.3621
0.1113,  23.3698,  0.1115,  3.6031
0.0332, -23.3698,  0.0331, -16.3962
0.0371, -25.3804,  0.0374,  23.1859
0.1113, -9.3227,  0.1115,  1.8738
0.4082,  34.3511,  0.4085, -33.5400
0.4473,  19.9235,  0.4469, -23.9737
0.0332, -25.4772,  0.0330, -14.9075
0.0371, -26.9040,  0.0374,  22.5026
0.0430, -26.1884,  0.0435, -1.1595
0.0879,  21.2935,  0.0884, -23.3343
0.1113,  25.9792,  0.1114,  3.0438
0.0332, -23.3678,  0.0337, -19.1852
0.0371, -24.0670,  0.0374,  22.3096
0.0430, -24.7701,  0.0435, -2.0290
0.1113, -11.2767,  0.1115,  2.2119
0.4375,  24.0691,  0.4381, -23.5860
0.0332, -22.6742,  0.0331, -15.6909
0.0371, -24.0691,  0.0374,  22.4913
0.1113, -7.3834,  0.1115,  2.3924
0.3652,  39.9741,  0.3658, -34.3883
0.3711,  39.9766,  0.3709, -38.5787
0.0332, -24.7701,  0.0330, -16.0226
0.0371, -26.1884,  0.0374,  22.7962
0.0430, -24.0691,  0.0435, -0.7314
0.1113,  24.7701,  0.1115,  2.1847
0.3613,  41.6661,  0.3616, -36.5557
0.0332, -25.4772,  0.0330, -14.8706
0.0371, -26.9040,  0.0374,  22.8850
0.0430, -26.1884,  0.0435, -2.5120
0.1113, -10.6246,  0.1115,  2.6657
0.3477,  32.8142,  0.3478, -34.0558
0.0332, -24.7701,  0.0331, -15.9943
0.0371, -26.1884,  0.0374,  23.3073
0.0430, -26.1884,  0.0435, -2.2432
0.1113, -13.2402,  0.1115,  2.2432
0.3359,  35.1301,  0.3364, -33.5602
0.0332, -25.4772,  0.0330, -15.3968
0.0371, -25.0361,  0.0374,  22.9215
0.1113, -8.6764,  0.1115,  2.6384
0.3203,  36.7112,  0.3201, -36.1619
0.3262,  44.2914,  0.3265, -34.1342
0.0332, -24.7701,  0.0331, -15.2945
0.0371, -26.9040,  0.0374,  22.3552
0.0430, -24.7722,  0.0434, -2.2536
0.1113,  26.1905,  0.1115,  3.4914
0.3145,  41.6661,  0.3137, -36.5347
0.0332, -24.7701,  0.0331, -15.4291
0.0371, -26.1884,  0.0374,  22.5938
0.0430, -26.1884,  0.0435, -1.9199
0.1055, -17.2239,  0.1053,  15.5993
0.1113, -11.9283,  0.1115,  3.7084
0.0332, -22.6742,  0.0331, -16.0226
0.0371, -24.0691,  0.0374,  22.5573
0.1113,  25.4792,  0.1115,  3.9482
0.2891,  35.1301,  0.2891, -37.3013
0.2930,  34.3511,  0.2921, -35.9388
0.0332, -22.6742,  0.0331, -15.9000
0.0371, -24.7722,  0.0374,  22.7345
0.0430, -24.0691,  0.0435, -1.3781
0.1113, -11.9283,  0.1115,  1.9848
0.2773,  39.1462,  0.2780, -35.0061
0.0332, -22.6742,  0.0331, -15.1184
0.0371, -25.4772,  0.0374,  22.3209
0.2656,  32.0534,  0.2657, -35.6877
0.2715,  33.5792,  0.2719, -31.4276
0.2754,  36.7089,  0.2748, -35.2187
0.0371, -26.1884,  0.0374,  22.9554
0.2559,  38.3255,  0.2567, -33.9064
0.2617,  39.1462,  0.2622, -32.4888
0.2656,  39.1462,  0.2654, -35.1647
0.3633,  28.3513,  0.3635, -29.8445
0.0371, -25.4792,  0.0374,  23.2889
0.2480,  53.0220,  0.2483, -31.4032
0.2559,  45.1927,  0.2550, -31.6666
0.2598,  45.1927,  0.2599, -39.2748
0.0371, -28.3492,  0.0374,  23.0491
0.2363,  34.3488,  0.2368, -31.8519
0.2402,  29.8143,  0.2397, -31.0984
0.2441,  32.8119,  0.2439, -29.9342
0.2480,  31.3034,  0.2478, -29.4409
0.2246,  39.9766,  0.2253, -32.9653
0.2363,  39.9766,  0.2370, -37.4728
0.2422,  34.3488,  0.2416, -35.5536
0.2969,  49.9379,  0.2960, -34.5585
0.0371, -25.7762,  0.0374,  23.1083
0.2168,  41.6661,  0.2174, -30.8782
0.2227,  28.3513,  0.2218, -33.1184
0.2266,  27.6264,  0.2271, -26.7430
0.2324,  27.6264,  0.2320, -24.3859
0.2109,  36.7089,  0.2107, -29.7668
0.2168,  37.5140,  0.2173, -30.5732
0.2227,  32.8119,  0.2227, -24.5819
0.2266,  28.3513,  0.2266, -22.3096
0.3164,  36.7112,  0.3162, -37.3437
0.2012,  32.8119,  0.2008, -29.4096
0.2051,  32.0557,  0.2045, -29.8177
0.2090,  27.6264,  0.2088, -26.5528
0.2168,  26.9040,  0.2174, -23.6044
0.2207,  28.3513,  0.2215, -29.2413
0.0371, -24.0691,  0.0374,  22.7640
0.1934,  29.0813,  0.1937, -26.9406
0.1992,  26.9062,  0.2000, -22.0447
0.2070,  21.2914,  0.2078, -22.8780
0.2129,  17.2239,  0.2131, -14.2328
0.1895,  26.9040,  0.1901, -25.1022
0.1953,  26.1905,  0.1955, -23.5449
0.2031,  25.4772,  0.2036, -16.0969
0.2070,  24.7701,  0.2067, -27.0180
0.2148,  24.0670,  0.2154, -25.1345
0.1836,  17.8934,  0.1828, -21.3196
0.1875,  19.9235,  0.1888, -17.5968
0.1914,  13.9007,  0.1922, -18.8430
0.1973,  16.2964,  0.1983, -28.3362
0.2266,  6.7383,  0.2269, -14.4670
0.1777,  16.5529,  0.1781, -16.8145
0.1875,  19.9235,  0.1878, -19.6881
0.1934,  19.2460,  0.1929, -19.1716
0.2012,  12.5853,  0.2009, -17.2359
0.2109,  18.5693,  0.2109, -12.8511
0.1797,  16.5548,  0.1795, -13.8737
0.1855,  10.6246,  0.1849, -12.6875
0.1895,  13.9007,  0.1890, -16.7970
0.1934,  13.2421,  0.1939, -9.4768
0.1992,  15.2236,  0.1985, -19.4052
0.1758,  10.6227,  0.1760, -8.9006
0.1816,  10.6246,  0.1816, -10.5914
0.1855,  13.8988,  0.1852, -6.9550
0.1953,  13.9007,  0.1946, -17.3308
0.2051,  4.8060,  0.2051, -13.5672
0.1777,  9.3246,  0.1778, -5.7913
0.1816,  9.3246,  0.1825, -7.4839
0.1875,  10.6227,  0.1867, -6.0403
0.1992,  11.9302,  0.1990, -2.4470
0.2031,  14.5611,  0.2031, -7.9244
0.1777,  9.9740,  0.1783, -1.1997
0.1836,  0.3192,  0.1832, -3.2184
0.1875, -0.4321,  0.1878, -1.7037
0.1934,  3.5222,  0.1930, -2.1847
0.2012,  2.2402,  0.2009, -2.7138
0.1836, -8.6745,  0.1836, -3.1827
0.1914, -4.8060,  0.1911,  2.1718
0.1855, -5.4507,  0.1860,  5.4179
0.1914, -6.0922,  0.1905,  4.8935
0.1953, -6.0922,  0.1957,  5.1651
0.1895, -7.3815,  0.1905,  4.1355
0.1934, -8.0275,  0.1935,  4.0953
0.2031, -6.7383,  0.2028,  7.0863
0.2070, -8.6745,  0.2079, -23.4147
0.2109,  15.8861,  0.2119, -22.1988
0.1914, -4.1639,  0.1921,  3.7903
0.1953, -2.2421,  0.1948,  1.6532
0.1992, -2.8811,  0.1991,  3.9209
0.1934, -0.9594,  0.1938, -0.5906
0.1992, -0.9594,  0.1985,  1.5818
0.1953,  1.5997,  0.1947, -0.7923
0.2012,  0.9612,  0.2013, -0.2066
0.1973,  2.8829,  0.1971, -0.3349
0.2090, -11.9302,  0.2092,  9.8578
0.2461, -0.3210,  0.2465, -0.0471
0.1953,  8.6764,  0.1961, -3.1594
0.2031, -8.6764,  0.2033, -0.2170
0.2070, -12.5834,  0.2066, -4.9586
0.1953,  2.8829,  0.1952, -3.0671
0.2031,  4.1639,  0.2040, -0.8909
0.2188, -19.9235,  0.2185,  16.3394
0.1992, -0.3192,  0.1994,  0.7378
0.2051,  1.5997,  0.2044, -0.0327
0.2090, -0.2631,  0.2092,  2.8086
0.2227, -22.6722,  0.2225,  21.9651
0.5625, -19.9235,  0.5618,  18.4048
0.1953, -1.6016,  0.1961,  1.0882
0.2070, -7.3815,  0.2073,  4.4361
0.2305, -23.8622,  0.2299,  27.5660
0.5488, -15.8881,  0.5504,  19.7281
0.5645, -15.2236,  0.5662,  19.9583
0.1973, -7.3815,  0.1978,  4.5902
0.2031, -8.6764,  0.2022,  5.8042
0.2090, -11.9283,  0.2090,  7.5413
0.2188, -11.9283,  0.2189,  9.0049
0.5645, -16.5529,  0.5650,  16.5099
0.1992, -5.4507,  0.2001,  6.6530
0.2129, -11.9302,  0.2132,  13.2737
0.2227, -11.9302,  0.2219,  12.6169
0.5508, -15.2236,  0.5509,  16.3962
0.5664, -12.5853,  0.5657,  14.0902
0.2031, -11.9283,  0.2035,  10.0198
0.2090, -9.3246,  0.2091,  13.5045
0.2441, -27.6264,  0.2440,  25.0164
0.2520, -6.7383,  0.2525,  19.7528
0.2578, -11.9302,  0.2574,  15.7975
0.2148, -17.8953,  0.2150,  15.6384
0.2207, -17.2239,  0.2204,  13.3165
0.2305, -13.2421,  0.2305,  21.1261
0.2539, -9.9721,  0.2537,  11.3358
0.2832, -29.8165,  0.2833,  33.9870
0.0371, -26.1884,  0.0374,  22.9076
0.2148, -16.5529,  0.2146,  16.0201
0.2227, -15.2236,  0.2223,  15.2380
0.2480, -24.7722,  0.2481,  12.2059
0.2793, -38.3231,  0.2786,  31.1817
0.0371, -27.6242,  0.0374,  23.0033
0.2227, -19.9235,  0.2224,  20.6673
0.2266, -19.2460,  0.2259,  19.4740
0.2676, -29.8143,  0.2678,  10.6428
0.2734, -32.0534,  0.2739,  30.9272
0.0371, -26.1905,  0.0374,  23.2889
0.2207, -26.9040,  0.2205,  17.3853
0.2305, -22.6722,  0.2310,  21.6039
0.2715, -23.3678,  0.2726,  16.1119
0.2832, -35.9167,  0.2827,  35.0061
0.0371, -24.7722,  0.0374,  23.2593
0.2305, -19.9255,  0.2298,  21.9021
0.2344, -19.9255,  0.2336,  22.4393
0.2754, -13.9007,  0.2761,  17.3282
0.2793, -13.9472,  0.2788,  19.2115
0.0332, -24.0670,  0.0331, -16.2826
0.0371, -25.4772,  0.0375,  22.2732
0.2324, -25.4772,  0.2325,  25.8157
0.2441, -23.3698,  0.2450,  26.7097
0.2812, -22.6722,  0.2807,  18.4732
0.0371, -26.9040,  0.0374,  22.7189
0.2383, -26.1905,  0.2388,  26.0328
0.2461, -30.5549,  0.2464,  26.1194
0.2500, -21.2914,  0.2509,  28.1596
0.2852, -21.9802,  0.2852,  20.8226
0.0371, -26.1884,  0.0374,  22.5321
0.2422, -22.6722,  0.2421,  27.7081
0.2500, -26.9040,  0.2505,  27.3204
0.2578, -26.6406,  0.2574,  29.2726
0.2910, -23.3678,  0.2904,  21.9651
0.0332, -23.3698,  0.0330, -15.4533
0.0371, -26.9040,  0.0374,  22.5798
0.2500, -30.5571,  0.2504,  30.0962
0.2598, -29.8165,  0.2598,  27.9002
0.2949, -24.7722,  0.2957,  23.3596
0.0332, -25.4772,  0.0331, -15.2529
0.0371, -25.4792,  0.0374,  22.7302
0.1113, -12.5853,  0.1115,  3.3276
0.2559, -32.8119,  0.2557,  30.8418
0.2617, -29.0813,  0.2611,  31.6223
0.0332, -24.0691,  0.0331, -15.6276
0.0371, -25.4792,  0.0374,  22.4323
0.2676, -31.3034,  0.2677,  30.8026
0.3027, -33.5792,  0.3024,  32.2254
0.3066, -31.3034,  0.3059,  25.5853
0.0332, -25.4772,  0.0330, -15.6343
0.0371, -26.9040,  0.0374,  22.5052
0.1113,  31.3012,  0.1115,  2.3989
0.2695, -34.3488,  0.2705,  32.9003
0.2793, -44.2914,  0.2795,  33.1959
0.0332, -24.7701,  0.0331, -15.9417
0.0371, -24.7722,  0.0374,  23.0717
0.2793, -36.7112,  0.2791,  36.7075
0.2832, -36.7112,  0.2834,  36.6865
0.2891, -35.9144,  0.2886,  34.3805
0.0371, -25.4792,  0.0374,  22.8301
0.2852, -40.8172,  0.2843,  36.9459
0.2910, -39.9741,  0.2908,  34.6530
0.3027, -33.5792,  0.3035,  33.0456
0.3242, -26.1884,  0.3249,  28.2861
0.0371, -24.7722,  0.0374,  22.8919
0.1113, -11.9302,  0.1115,  3.6264
0.2930, -33.5792,  0.2927,  37.1514
0.2969, -37.5116,  0.2970,  35.8092
0.3301, -31.3012,  0.3307,  29.0468
0.0332, -24.7722,  0.0336, -18.7456
0.0371, -27.6242,  0.0374,  22.7667
0.1113,  29.0791,  0.1121,  3.9900
0.3008, -39.1438,  0.3009,  38.3780
0.3047, -38.3255,  0.3044,  37.2932
0.0332, -25.4792,  0.0331, -15.5644
0.0371, -26.9062,  0.0374,  22.9694
0.3086, -39.9766,  0.3081,  39.1693
0.3145, -39.1438,  0.3142,  38.6002
0.3457, -35.1278,  0.3457,  32.0370
0.0332, -25.4772,  0.0330, -15.3294
0.0371, -24.7722,  0.0374,  23.0857
0.1113, -9.3246,  0.1115,  2.0562
0.3184, -40.8172,  0.3192,  38.8288
0.3223, -42.5314,  0.3227,  40.1068
0.0332, -24.0691,  0.0330, -16.0835
0.0371, -26.9040,  0.0374,  22.8554
0.1113, -1.5997,  0.1115,  2.9410
0.3301, -38.3255,  0.3301,  40.5944
0.3340, -37.5140,  0.3348,  37.4759
0.0371, -24.7722,  0.0374,  22.6093
0.0840,  23.3678,  0.0836, -25.9159
0.1113, -7.3815,  0.1115,  2.0394
0.3398, -42.5289,  0.3405,  41.5520
0.3457, -38.3255,  0.3454,  41.6474
0.0371, -24.7722,  0.0374,  22.6711
0.0430, -24.7722,  0.0435, -1.6844
0.0840,  24.7701,  0.0835, -26.6980
0.1113,  27.6264,  0.1115,  1.6468
0.3555, -39.9766,  0.3554,  41.7377
0.0332, -25.4772,  0.0330, -14.9988
0.0371, -26.9040,  0.0374,  23.2409
0.0430, -27.6242,  0.0435, -1.6596
0.1113, -4.8079,  0.1115,  3.4810
0.3613, -43.4037,  0.3611,  42.6439
0.0332, -24.0691,  0.0336, -18.9561
0.0371, -24.7722,  0.0374,  23.3553
0.1113, -5.4488,  0.1115,  5.1337
0.3750, -40.8172,  0.3752,  43.0480
0.3789, -42.5289,  0.3787,  38.8854
0.0332, -25.4792,  0.0330, -14.8922
0.0371, -26.1905,  0.0374,  23.1197
0.3867, -41.6686,  0.3870,  42.2604
0.3906, -41.6686,  0.3902,  44.1523
0.0332, -25.4772,  0.0330, -16.3611
0.0371, -26.9040,  0.0374,  22.9877
0.1113, -9.3227,  0.1116,  3.1281
0.4004, -43.4037,  0.4010,  36.6186
0.4102, -41.6661,  0.4094,  39.9340
0.0332, -24.7701,  0.0331, -15.5602
0.0371, -24.7722,  0.0374,  22.7302
0.4082, -40.8172,  0.4090,  41.1415
0.4160, -41.6686,  0.4156,  38.8021
0.4199, -40.8172,  0.4204,  39.5114
0.0371, -26.1884,  0.0374,  22.4870
0.4180, -41.6661,  0.4186,  40.7466
0.4219, -39.9766,  0.4224,  43.2898
0.4258, -41.6661,  0.4262,  39.7294
0.4316, -38.3255,  0.4319,  38.0677
0.0332, -23.3698,  0.0336, -18.5197
0.0371, -26.1884,  0.0374,  22.7780
0.4238, -38.3255,  0.4244,  38.1269
0.4277, -39.9741,  0.4273,  39.6232
0.4336, -39.1462,  0.4335,  41.5295
0.0332, -23.3698,  0.0331, -15.7651
0.0371, -25.4772,  0.0374,  22.4618
0.4336, -39.9741,  0.4327,  37.9558
0.4375, -39.9741,  0.4375,  38.5818
0.4453, -39.1462,  0.4447,  39.9017
0.0332, -24.7701,  0.0331, -15.6210
0.0371, -24.0691,  0.0374,  22.2759
0.0430, -24.0691,  0.0435, -0.8468
0.1113, -6.7383,  0.1115,  1.8401
0.4414, -42.5289,  0.4412,  37.7938
0.0332, -25.4772,  0.0331, -15.5710
0.0371, -25.4792,  0.0374,  22.8893
0.0430, -26.1884,  0.0435, -2.3419
0.1113, -8.6764,  0.1115,  3.1698
0.4473, -37.5116,  0.4477,  37.1172
0.0332, -24.0691,  0.0331, -15.2247
0.0371, -25.4792,  0.0374,  22.9877
0.0430, -26.9040,  0.0435, -1.3132
0.1113, -9.9721,  0.1115,  3.2224
0.4512, -37.5116,  0.4520,  36.2921
0.0332, -26.1884,  0.0330, -15.3726
0.0371, -26.1905,  0.0374,  22.6754
0.0430, -26.1884,  0.0435, -2.3756
0.1113, -19.2441,  0.1115,  3.4914
0.4648, -40.8147,  0.4642,  37.1091
0.0332, -25.4772,  0.0330, -15.6909
0.0371, -26.1884,  0.0374,  22.8371
0.0430, -24.0691,  0.0434, -0.3895
0.1113, -9.9740,  0.1115,  3.3341
0.4648, -37.5140,  0.4649,  37.6772
0.0332, -23.3698,  0.0331, -16.4030
0.0371, -24.7722,  0.0374,  22.6893
0.0430, -25.4772,  0.0435, -1.0778
0.1113, -9.3246,  0.1115,  2.6320
0.4746, -35.9167,  0.4751,  35.5329
0.0332, -23.3698,  0.0330, -15.0419
0.0371, -26.9040,  0.0374,  22.2282
0.0430, -25.4772,  0.0435, -1.4158
0.1113, -8.6764,  0.1115,  1.9011
0.4824, -34.3511,  0.4818,  36.0736
0.0332, -24.0691,  0.0331, -16.5911
0.0371, -26.1884,  0.0374,  22.3664
0.0430, -25.4772,  0.0435,  0.3117
0.0879,  24.0691,  0.0883, -23.0378
0.1113, -9.3246,  0.1115,  4.4386
0.0332, -25.4772,  0.0336, -18.3119
0.0371, -26.9040,  0.0374,  22.5616
0.0430, -26.1884,  0.0435, -0.7041
0.1113, -9.3227,  0.1115,  2.3042
0.4902, -24.0691,  0.4904,  36.3493
0.0332, -23.3698,  0.0330, -14.8250
0.0371, -26.1884,  0.0374,  22.1988
0.0430, -25.4772,  0.0435, -0.7274
0.1113,  26.1884,  0.1116,  3.5356
0.1172, -11.2767,  0.1174,  10.5491
0.0332, -24.0670,  0.0330, -14.9075
0.0371, -24.0691,  0.0374,  22.1806
0.0430, -25.4772,  0.0435, -1.6324
0.0879,  21.2935,  0.0883, -23.1973
0.1113, -11.9302,  0.1115,  2.4703
0.0332, -23.3698,  0.0336, -18.8430
0.0371, -26.1884,  0.0374,  22.3439
0.0430, -26.1884,  0.0435, -1.2309
0.1113,  24.7701,  0.1115,  3.0983
0.5840, -27.6242,  0.5847,  24.9421
0.0332, -21.9822,  0.0331, -15.5448
0.0371, -23.3698,  0.0374,  22.1373
0.0430, -25.4772,  0.0435, -1.5273
0.1113,  26.1905,  0.1114,  3.4393
0.6055, -24.7701,  0.6060,  25.0235
0.0332, -24.0670,  0.0331, -14.7620
0.0371, -24.0691,  0.0374,  22.3257
0.0430, -26.1884,  0.0435, -1.7286
0.1113,  26.1884,  0.1115,  2.1718
0.6055, -19.9255,  0.6061,  22.8963
0.0332, -23.3698,  0.0331, -15.7975
0.0371, -24.0691,  0.0374,  21.9427
0.0430, -25.4772,  0.0435, -0.8870
0.1113, -9.3227,  0.1115,  3.1008
0.5742, -29.0813,  0.5743,  34.4058
0.0332, -24.0670,  0.0331, -15.7826
0.0371, -25.4772,  0.0374,  22.6571
0.0430, -24.7701,  0.0435, -1.2710
0.0840,  23.3678,  0.0835, -24.9748
0.1113, -9.3246,  0.1115,  2.8944
0.0332, -22.6742,  0.0331, -16.4882
0.0371, -25.4772,  0.0374,  22.3959
0.0430, -23.3698,  0.0435, -1.0128
0.1113,  26.9040,  0.1115,  3.8345
0.5840, -17.8953,  0.5846,  19.3805
0.0332, -24.0670,  0.0331, -15.7517
0.0371, -25.4772,  0.0374,  21.7889
0.0430, -24.0691,  0.0435, -0.2948
0.1055, -19.2441,  0.1053,  15.1507
0.1113, -9.3246,  0.1115,  5.0785
0.0332, -23.3698,  0.0330, -15.9742
0.0371, -24.7722,  0.0374,  22.5390
0.1113, -3.5241,  0.1115,  3.0269
0.5547, -28.3492,  0.5554,  27.2306
0.5977, -21.2935,  0.5981,  19.6013
0.0332, -24.7701,  0.0330, -14.9183
0.0371, -24.7722,  0.0374,  22.5347
0.0430, -24.0691,  0.0435, -1.1595
0.1113, -8.0294,  0.1115,  3.4914
0.5938, -24.7701,  0.5941,  19.5523
0.0332, -23.3698,  0.0331, -15.6801
0.0371, -24.7722,  0.0374,  22.6389
0.0430, -26.1884,  0.0435, -1.6740
0.1113, -9.9740,  0.1115,  3.2626
0.5586, -22.6742,  0.5590,  24.9120
0.0332, -22.6742,  0.0330, -14.9855
0.0371, -24.7701,  0.0374,  21.9245
0.1113, -9.9740,  0.1115,  2.1172
0.5527, -27.6242,  0.5528,  24.0773
0.5703, -17.7400,  0.5696,  14.8968
0.0332, -24.7701,  0.0336, -19.0096
0.0371, -24.7722,  0.0374,  22.3803
0.0430, -24.0691,  0.0435, -2.0121
0.1113, -10.6246,  0.1115,  2.0394
0.5547, -19.2441,  0.5547,  24.0333
0.0332, -22.6742,  0.0331, -15.7017
0.0371, -25.4772,  0.0374,  22.3595
0.1113,  31.3012,  0.1116,  2.2263
0.5508, -23.3678,  0.5511,  24.6789
0.5566, -21.2935,  0.5566,  20.4207
0.0332, -24.7701,  0.0331, -15.7476
0.0371, -24.7722,  0.0374,  22.4870
0.5508, -19.9235,  0.5507,  20.4234
0.5625, -15.8881,  0.5622,  17.3526
0.5684, -19.9235,  0.5688,  14.6186
0.0371, -23.3698,  0.0374,  22.4688
0.5508, -15.2216,  0.5502,  17.3703
0.5488, -13.9007,  0.5493,  14.7860
0.0332, -23.3698,  0.0331, -15.8433
0.0371, -25.4772,  0.0374,  22.2507
0.1113, -8.0294,  0.1115,  4.1772
0.5488, -13.8988,  0.5490,  13.6492
0.5586, -5.4507,  0.5580,  16.1578
0.0332, -24.0670,  0.0331, -15.6343
0.0371, -25.4772,  0.0374,  22.1485
0.5469, -6.0941,  0.5486,  15.7084
0.5527, -11.9302,  0.5529,  13.6039
0.5566, -13.6843,  0.5568,  13.2951
0.5449, -9.3246,  0.5441,  8.8665
0.5508, -10.6227,  0.5506,  6.4625
0.0371, -24.7701,  0.0374,  22.3096
0.5449, -8.6764,  0.5440,  10.1924
0.5566, -6.0922,  0.5561,  5.5338
0.0371, -26.1884,  0.0374,  22.2732
0.5410, -3.5241,  0.5419,  8.2978
0.5488, -3.5241,  0.5493,  5.9033
0.5527, -3.5222,  0.5532,  10.4014
0.5566, -5.4507,  0.5570,  3.3485
0.5410, -8.0294,  0.5417,  8.3423
0.5488, -9.3227,  0.5488,  9.0195
0.5430, -7.3834,  0.5434,  6.9824
0.5488, -7.3834,  0.5482,  7.4904
0.5410, -7.3834,  0.5417,  8.0029
0.5469, -6.7383,  0.5467,  4.2070
0.5508, -8.0275,  0.5511,  7.1791
0.0371, -24.0691,  0.0374,  22.6936
0.5410, -8.6745,  0.5413,  7.8208
0.5449, -8.6745,  0.5451,  9.6537
0.5508, -8.0294,  0.5509,  7.7828
0.5625, -5.4488,  0.5629,  2.0731
0.0371, -25.4772,  0.0374,  22.5460
0.1113, -9.3246,  0.1116,  2.1782
0.5410, -7.0792,  0.5413,  7.5349
0.5527, -7.3834,  0.5530,  2.4807
0.5664,  6.7364,  0.5660, -2.1990
0.0332, -24.7701,  0.0331, -14.8706
0.0371, -26.1884,  0.0374,  21.6940
0.1113, -9.9721,  0.1116,  2.7982
0.5430, -4.8079,  0.5427,  4.2721
0.5684,  6.4069,  0.5689, -3.7903
0.0332, -24.7701,  0.0330, -16.1253
0.0371, -26.1884,  0.0374,  22.1988
0.1113, -9.3246,  0.1115,  3.2626
0.5469, -4.1658,  0.5478,  3.9482
0.5527, -2.8829,  0.5527,  4.4828
0.0332, -22.6742,  0.0331, -15.6035
0.0371, -25.4772,  0.0374,  22.4505
0.5449,  0.3192,  0.5452,  3.4368
0.5664,  2.2421,  0.5666, -4.7543
0.5781,  3.5241,  0.5775, -7.2366
0.0332, -22.6742,  0.0336, -18.7388
0.0371, -23.3698,  0.0374,  22.6867
0.0430, -24.0691,  0.0435, -1.7181
0.1113,  29.0791,  0.1116,  3.1698
0.5488, -2.5601,  0.5492,  0.9856
0.0371, -26.9040,  0.0374,  22.2732
0.0430, -26.1884,  0.0435, -2.0419
0.1113, -10.6246,  0.1115,  3.7357
0.5469, -1.6016,  0.5474,  1.7310
0.5527,  0.3192,  0.5520,  0.6456
0.0332, -24.0670,  0.0331, -16.0969
0.0371, -24.0691,  0.0374,  22.5981
0.1113, -9.9721,  0.1114,  3.0373
0.5488, -2.2402,  0.5492,  2.2159
0.5625,  0.9612,  0.5620, -0.7923
0.0332, -21.9822,  0.0331, -15.1009
0.0371, -24.7701,  0.0374,  22.7076
0.0430, -24.0691,  0.0435, -0.3325
0.1113, -8.6764,  0.1115,  2.8086
0.5645,  0.9612,  0.5650, -2.1678
0.0332, -24.7701,  0.0331, -15.8042
0.0371, -24.0691,  0.0374,  22.7414
0.0430, -25.4772,  0.0435, -0.8765
0.1113,  32.0534,  0.1116,  2.6970
0.5703,  3.5241,  0.5700, -3.2770
0.0332, -23.3678,  0.0331, -15.9809
0.0371, -23.3698,  0.0374,  22.1079
0.0430, -25.4772,  0.0435,  1.0024
0.1113,  27.6264,  0.1115,  3.3951
0.5605,  2.2421,  0.5599, -3.4328
0.0332, -21.9822,  0.0336, -19.0740
0.0371, -23.3698,  0.0374,  22.4323
0.0430, -25.4772,  0.0435, -0.5386
0.1113, -3.5222,  0.1115,  2.6528
0.5801,  8.0275,  0.5805, -4.2344
0.0332, -23.3678,  0.0330, -15.1574
0.0371, -24.7701,  0.0374,  21.9972
0.0430, -25.4772,  0.0435, -1.5273
0.1113, -6.0941,  0.1115,  3.4199
0.6172,  5.1415,  0.6180, -2.9386
0.0332, -23.3698,  0.0331, -16.0510
0.0371, -26.1884,  0.0374,  22.1191
0.0430, -26.1884,  0.0435, -0.4336
0.1113, -10.6246,  0.1114,  3.1281
0.6250,  9.3227,  0.6246, -7.7658
0.0332, -23.3698,  0.0331, -15.7542
0.0371, -24.7722,  0.0374,  22.0854
0.0430, -25.4772,  0.0435, -1.8882
0.1113, -7.3834,  0.1116,  2.6111
0.1230, -9.9721,  0.1234,  14.8922
0.0332, -23.3698,  0.0331, -15.5885
0.0371, -24.0691,  0.0374,  22.6641
0.0430, -25.4772,  0.0435, -1.7751
0.1055, -35.1301,  0.1051,  16.0618
0.1113,  30.5549,  0.1115,  3.3485
0.0371, -26.1884,  0.0374,  21.8658
0.0430, -24.7722,  0.0436, -1.5858
0.0840,  24.7701,  0.0832, -22.1737
0.1113, -7.3834,  0.1115,  2.4872
0.1172, -7.3815,  0.1173,  9.7985
0.0332, -22.6742,  0.0336, -18.6457
0.0371, -24.0691,  0.0374,  22.4436
0.0430, -24.7701,  0.0435, -1.6700
0.1113, -11.9283,  0.1115,  1.7013
0.6445,  7.3815,  0.6444, -5.1715
0.0332, -22.6742,  0.0331, -15.4358
0.0371, -24.0691,  0.0374,  22.6093
0.0430, -25.4772,  0.0435, -1.2750
0.0879,  23.3698,  0.0883, -22.2577
0.1113, -8.6764,  0.1116,  2.9073
0.0332, -22.6742,  0.0331, -15.8851
0.0371, -24.0691,  0.0374,  21.7932
0.0430, -24.0691,  0.0435, -0.9896
0.0879,  22.6742,  0.0883, -21.7009
0.1113, -6.0922,  0.1116,  2.8904
0.0332, -22.6742,  0.0331, -15.5885
0.0371, -25.4772,  0.0374,  22.1191
0.0430, -25.4772,  0.0435, -1.6740
0.1113, -15.2216,  0.1115,  2.8904
0.1172, -8.6764,  0.1174,  8.7838
0.0332, -23.3698,  0.0331, -16.2259
0.0371, -24.7722,  0.0374,  22.7850
0.0430, -26.1884,  0.0435, -1.6596
0.0840,  25.4772,  0.0834, -23.9763
0.1113,  26.9040,  0.1116,  3.1425
0.0332, -22.6742,  0.0330, -15.4641
0.0371, -24.0691,  0.0374,  22.1191
0.1113, -9.9740,  0.1114,  3.4666
0.6426,  13.8988,  0.6449, -12.7179
0.6465,  13.8988,  0.6461, -12.2232
0.0332, -23.3698,  0.0331, -15.4924
0.0371, -25.2931,  0.0374,  22.1961
0.1113,  26.1905,  0.1115,  2.6489
0.6504,  15.2216,  0.6511, -11.1494
0.6562,  15.2236,  0.6562, -12.1912
0.0332, -25.4772,  0.0330, -14.5274
0.0371, -25.4792,  0.0374,  22.4098
0.0430, -24.7722,  0.0435, -1.0609
0.1113, -8.0275,  0.1115,  2.8696
0.6660,  13.8988,  0.6661, -12.7047
0.0332, -25.4772,  0.0331, -15.5207
0.0371, -26.9040,  0.0374,  22.3326
0.0430, -25.4792,  0.0435, -0.8974
0.1113, -9.3246,  0.1116,  4.2344
0.6699,  14.5592,  0.6701, -12.7220
0.0332, -24.0670,  0.0331, -15.9350
0.0371, -25.6521,  0.0374,  22.0560
0.1113,  29.0791,  0.1114,  2.7267
0.6797,  13.2421,  0.6802, -12.9741
0.6855,  13.2421,  0.6858, -12.7286
0.0332, -24.7701,  0.0331, -15.7517
0.0371, -25.4772,  0.0374,  22.0266
0.1113,  26.9062,  0.1115,  3.6955
0.6914,  12.5853,  0.6923, -11.1176
0.6973,  13.2402,  0.6968, -12.2901
0.0332, -24.0670,  0.0331, -15.2596
0.0371, -25.4772,  0.0374,  22.8919
0.1113, -11.2748,  0.1115,  3.5654
0.7012,  11.9302,  0.7013, -11.3677
0.7051,  13.8988,  0.7045, -12.3327
0.0332, -24.0670,  0.0331, -15.9309
0.0371, -24.0691,  0.0374,  21.7009
0.7070,  11.9302,  0.7099, -10.3803
0.7129,  12.5834,  0.7136, -11.2737
0.7246,  15.2216,  0.7249, -10.9828
0.0332, -22.6742,  0.0331, -15.5860
0.0371, -24.7701,  0.0374,  22.5347
0.7148,  11.5386,  0.7156, -10.3183
0.7188,  10.6246,  0.7190, -11.1151
0.7305,  15.2216,  0.7302, -12.7007
0.0332, -24.7701,  0.0331, -16.0835
0.0371, -25.4772,  0.0374,  22.3166
0.1113,  29.0791,  0.1115,  3.1425
0.7227,  11.2767,  0.7230, -11.6807
0.7285,  11.9283,  0.7283, -10.5662
0.0332, -26.0236,  0.0331, -15.5340
0.0371, -26.9040,  0.0374,  22.5755
0.0430, -24.7722,  0.0435, -1.6131
0.1113, -10.6227,  0.1115,  4.5057
0.7324,  9.9740,  0.7324, -10.5213
0.0332, -22.6742,  0.0336, -18.6813
0.0371, -24.8033,  0.0374,  22.5825
0.0430, -26.1884,  0.0435, -0.9311
0.1113,  25.4772,  0.1115,  2.9996
0.7402,  10.6246,  0.7397, -9.1494
0.0332, -21.9822,  0.0330, -14.6319
0.0371, -23.3698,  0.0374,  22.8441
0.0430, -25.4772,  0.0435, -0.8572
0.1113, -9.9740,  0.1115,  1.8609
0.7461,  11.2748,  0.7465, -11.7961
0.0332, -23.3678,  0.0331, -16.0093
0.0371, -24.7701,  0.0374,  21.9202
0.0430, -24.7701,  0.0435, -0.4103
0.1113, -5.4507,  0.1115,  2.9450
0.1250, -8.6764,  0.1254,  12.2941
0.0332, -24.0670,  0.0331, -15.3053
0.0371, -24.7701,  0.0374,  22.3777
0.0430, -25.4772,  0.0435, -1.8168
0.0840,  23.3678,  0.0832, -22.8963
0.1113, -13.8988,  0.1115,  3.2497
0.0332, -25.4772,  0.0331, -15.8325
0.0371, -27.6242,  0.0374,  22.5503
0.0430, -26.9040,  0.0434, -0.6769
0.0879,  24.7701,  0.0883, -20.8337
0.1113, -13.8988,  0.1115,  2.3275
0.0332, -25.4772,  0.0331, -16.2367
0.0371, -26.1884,  0.0374,  22.9076
0.0430, -24.0691,  0.0435, -1.2750
0.0840,  23.3698,  0.0835, -25.0093
0.1113,  28.3492,  0.1115,  3.0269
0.0332, -24.0670,  0.0331, -15.7800
0.0371, -24.0691,  0.0374,  22.0421
0.0430, -25.4772,  0.0435, -0.5426
0.0840,  24.0691,  0.0835, -24.2521
0.1113, -9.3227,  0.1115,  1.9511
0.0332, -24.7701,  0.0330, -14.7056
0.0371, -24.7722,  0.0374,  22.6598
0.0430, -24.0691,  0.0435, -0.6075
0.1113, -13.2402,  0.1115,  3.2393
0.1172, -9.3227,  0.1174,  9.5597
0.0332, -23.3698,  0.0336, -18.3913
0.0371, -24.7722,  0.0374,  22.5686
0.0430, -26.1884,  0.0435, -1.6572
0.0840,  19.2460,  0.0832, -22.4549
0.1113, -9.9740,  0.1115,  3.5212
0.0332, -24.7722,  0.0331, -15.8433
0.0371, -26.9040,  0.0374,  23.0421
0.0430, -26.1884,  0.0435, -1.4118
0.1113, -5.4507,  0.1115,  3.4224
0.1172, -8.0275,  0.1174,  10.9440
0.0332, -24.0670,  0.0331, -15.2421
0.0371, -24.0691,  0.0374,  22.9624
0.0430, -24.7722,  0.0435, -0.7170
0.0879,  23.3698,  0.0884, -23.2933
0.1113,  24.7722,  0.1115,  3.7968
0.0332, -25.4772,  0.0331, -15.7409
0.0371, -26.9040,  0.0374,  23.1197
0.0430, -24.7722,  0.0434, -0.1625
0.1113, -9.3246,  0.1116,  2.1549
0.1250, -7.3834,  0.1248,  15.4291
0.0332, -24.0670,  0.0336, -18.6635
0.0371, -24.0691,  0.0374,  22.2282
0.0430, -25.4772,  0.0435, -1.1828
0.1113, -8.6745,  0.1115,  1.8882
0.1250, -11.2748,  0.1249,  17.3106
0.0332, -24.0670,  0.0336, -18.4842
0.0371, -24.9072,  0.0374,  22.1988
0.0430, -25.4772,  0.0435, -2.0691
0.0879,  21.9822,  0.0883, -21.8407
0.1113, -8.0275,  0.1115,  1.9263
0.0332, -23.3698,  0.0331, -15.6909
0.0371, -24.7722,  0.0374,  22.6276
0.0430, -25.4772,  0.0435, -0.9583
0.1113, -12.5834,  0.1115,  4.0953
0.1250, -9.9721,  0.1244,  16.9331
0.0332, -21.9822,  0.0330, -15.3094
0.0371, -25.4772,  0.0374,  21.6716
0.0430, -25.4772,  0.0435, -1.5650
0.1113, -14.5592,  0.1115,  3.5083
0.1172, -10.6227,  0.1174,  8.4505
0.0332, -22.6742,  0.0336, -18.6280
0.0371, -23.3698,  0.0374,  22.9554
0.0430, -24.7701,  0.0435, -0.8027
0.1113, -7.3834,  0.1115,  3.1554
0.8867,  4.8079,  0.8865, -4.4555
0.0332, -24.0670,  0.0331, -15.4291
0.0371, -24.0691,  0.0374,  22.8963
0.0430, -25.4772,  0.0435, -1.2795
0.1055, -23.3698,  0.1053,  17.3308
0.1113, -11.9283,  0.1115,  3.7903
0.0332, -21.9822,  0.0331, -16.1119
0.0371, -24.7701,  0.0374,  22.7049
0.0430, -24.7701,  0.0435, -1.7013
0.0879,  23.3698,  0.0884, -23.5449
0.1113, -6.7364,  0.1115,  3.3068
0.0332, -22.6742,  0.0331, -15.2945
0.0371, -25.4772,  0.0374,  22.8414
0.0430, -25.4772,  0.0435, -0.4336
0.0840,  22.6722,  0.0835, -24.7433
0.1113,  22.6722,  0.1116,  3.3718
0.0332, -24.7701,  0.0331, -15.6451
0.0371, -26.9040,  0.0374,  22.8893
0.0430, -24.7722,  0.0435, -1.4430
0.0840,  24.0670,  0.0836, -23.9438
0.1113,  27.6242,  0.1115,  1.3404
0.0332, -24.0691,  0.0330, -15.2380
0.0371, -26.1905,  0.0374,  22.6754
0.0430, -26.9040,  0.0435, -0.5867
0.1113, -8.7608,  0.1115,  2.5670
0.8516, -4.8079,  0.8520,  2.9892
0.0332, -24.0670,  0.0336, -18.6567
0.0371, -24.7722,  0.0374,  22.5616
0.1113, -9.3022,  0.1115,  1.9407
0.8438, -0.9594,  0.8441, -0.0158
0.8555, -4.1658,  0.8553, -0.4231
0.0371, -25.4772,  0.0374,  21.5245
0.8438, -2.2421,  0.8443,  3.2457
0.0332, -23.3698,  0.0330, -15.3053
0.0371, -24.7722,  0.0374,  22.7302
0.1113, -9.9740,  0.1115,  3.5252
0.8418, -1.6016,  0.8422, -0.2740
0.8496, -2.2421,  0.8502,  4.2955
0.0332, -24.7701,  0.0330, -15.6343
0.0371, -26.1884,  0.0374,  22.9554
0.0430, -24.7722,  0.0435, -0.8765
0.1113, -3.5222,  0.1115,  3.1529
0.8438, -6.7364,  0.8437,  7.4904
0.0332, -24.0691,  0.0331, -15.7517
0.0371, -26.9040,  0.0374,  22.4983
0.0430, -26.1884,  0.0435, -1.9809
0.1113, -18.5674,  0.1115,  4.3397
0.8418, -7.3815,  0.8415,  7.2366
0.0332, -22.6742,  0.0331, -15.7759
0.0371, -24.5446,  0.0374,  22.3257
0.0430, -24.0691,  0.0435, -1.2606
0.0840,  24.0670,  0.0836, -25.6946
0.1113, -9.9721,  0.1115,  3.2770
0.0332, -22.6742,  0.0331, -15.7017
0.0371, -24.0691,  0.0374,  22.9990
0.0430, -24.7722,  0.0435, -1.7454
0.0840,  21.0549,  0.0832, -22.4843
0.1113, -15.2216,  0.1116,  3.1762
0.0332, -22.6742,  0.0331, -15.7826
0.0371, -25.4772,  0.0374,  22.7640
0.0430, -24.0691,  0.0434, -0.8909
0.0840,  22.6742,  0.0835, -25.5106
0.1113, -11.2767,  0.1114,  1.5377
0.0371, -24.0691,  0.0374,  22.2984
0.0430, -26.1884,  0.0435, -0.4881
0.0840,  23.3678,  0.0834, -22.1373
0.1113, -11.9283,  0.1115,  3.0711
0.1250, -13.2402,  0.1251,  17.1000
0.0332, -25.4772,  0.0331, -16.4923
0.0371, -26.1884,  0.0374,  22.7302
0.0430, -24.7722,  0.0435, -1.5818
0.1113,  24.7722,  0.1115,  3.2353
0.8008, -15.2216,  0.8010,  11.8756
0.0332, -24.7722,  0.0331, -15.6101
0.0371, -27.6242,  0.0374,  23.1310
0.0430, -27.6242,  0.0436, -1.3276
0.0840,  22.6742,  0.0833, -23.9438
0.1113,  30.9388,  0.1115,  3.0944
0.0332, -24.7701,  0.0336, -18.6060
0.0371, -24.7722,  0.0374,  22.7049
0.0430, -24.7722,  0.0434, -0.4945
0.1113, -8.6764,  0.1115,  2.5626
0.1172, -8.6764,  0.1174,  11.1944
0.0332, -22.6742,  0.0336, -19.1674
0.0371, -24.0691,  0.0374,  22.6598
0.0430, -25.4772,  0.0435, -0.2636
0.1113, -10.6246,  0.1115,  2.6633
0.7852, -16.5529,  0.7856,  15.4774
0.0332, -24.7701,  0.0331, -16.3327
0.0371, -24.0691,  0.0374,  22.0127
0.0430, -25.4772,  0.0435, -0.3349
0.1074, -15.2236,  0.1075,  12.6143
0.1113, -11.9283,  0.1115,  2.8190
0.0332, -23.3698,  0.0331, -16.9197
0.0371, -24.7722,  0.0374,  23.4330
0.0430, -26.1884,  0.0435, -0.6665
0.1055, -21.2935,  0.1057,  20.3113
0.1113, -6.0941,  0.1116,  3.3509
0.0332, -23.3698,  0.0331, -15.4774
0.0371, -24.7722,  0.0374,  22.8414
0.0430, -26.1884,  0.0434, -0.4207
0.1113,  27.6242,  0.1116,  3.4055
0.7715, -15.2236,  0.7718,  17.5063
0.0332, -22.6742,  0.0330, -14.8968
0.0371, -25.4772,  0.0374,  22.5981
0.0430, -26.1884,  0.0435, -0.1690
0.1113, -11.9283,  0.1115,  2.1108
0.1172, -8.0275,  0.1168,  4.9964
0.0332, -22.6742,  0.0331, -15.7409
0.0371, -24.7701,  0.0374,  22.6754
0.0430, -25.4772,  0.0435, -0.6243
0.0840,  20.6060,  0.0835, -23.3186
0.1113, -11.2748,  0.1115,  3.5108
0.0371, -27.6242,  0.0374,  23.0265
0.0430, -26.9040,  0.0435, -1.3677
0.0840,  25.4772,  0.0833, -24.0843
0.0879,  24.0691,  0.0884, -22.2802
0.1113,  26.9040,  0.1116,  2.4029
0.0332, -22.6742,  0.0330, -15.3161
0.0371, -24.0691,  0.0374,  22.4323
0.0430, -25.4772,  0.0435, -0.8324
0.0840,  22.6742,  0.0833, -24.3647
0.1113, -9.3227,  0.1116,  2.2833
0.0332, -24.7701,  0.0331, -15.8542
0.0371, -25.5622,  0.0374,  22.7414
0.0430, -25.4772,  0.0435, -1.1932
0.1055, -19.2441,  0.1050,  13.7614
0.1113, -11.2748,  0.1115,  2.2288
0.0332, -24.0691,  0.0330, -15.1184
0.0371, -25.4792,  0.0374,  22.8006
0.0430, -26.1884,  0.0435, -1.3677
0.1113,  24.0691,  0.1115,  3.6642
0.1250, -10.6227,  0.1243,  17.7247
0.0332, -22.6742,  0.0331, -15.2072
0.0371, -25.4772,  0.0374,  21.9064
0.0430, -25.4772,  0.0435, -0.0743
0.1113, -9.3227,  0.1115,  2.0458
0.1172, -9.3227,  0.1174,  10.7775
0.0332, -24.0670,  0.0330, -15.7826
0.0371, -24.7701,  0.0374,  22.6711
0.0430, -25.4772,  0.0435, -1.7855
0.1113,  23.3698,  0.1115,  2.5120
0.1172, -9.9740,  0.1168,  7.8969
0.0332, -25.4772,  0.0331, -16.1536
0.0371, -26.9040,  0.0374,  23.1450
0.0430, -26.1884,  0.0435, -1.6324
0.0879,  24.0691,  0.0883, -19.5634
0.1113,  22.6722,  0.1115,  2.4743
0.0332, -24.0691,  0.0331, -15.5993
0.0371, -26.1884,  0.0374,  22.7962
0.0430, -26.1884,  0.0435, -0.5906
0.1113, -8.6745,  0.1115,  1.1283
0.1230, -6.0922,  0.1234,  16.1929
0.0332, -23.3698,  0.0330, -15.9876
0.0371, -24.7722,  0.0374,  22.5755
0.0430, -26.1884,  0.0435, -1.7286
0.0840,  22.6722,  0.0833, -23.1520
0.1113, -10.6227,  0.1115,  2.1068
0.0332, -24.7722,  0.0331, -15.6276
0.0371, -26.1884,  0.0374,  22.8371
0.0430, -26.1884,  0.0435, -2.2665
0.1113, -7.3834,  0.1114,  3.2080
0.1172, -8.6745,  0.1173,  9.1218
0.0332, -22.6742,  0.0331, -16.1428
0.0371, -23.3698,  0.0374,  23.1380
0.0430, -24.0691,  0.0435, -2.7917
0.1113, -21.9802,  0.1115,  2.6761
0.7324, -24.7701,  0.7325,  24.2864
0.0332, -24.7701,  0.0336, -19.3049
0.0371, -24.7722,  0.0374,  22.4098
0.0430, -24.7722,  0.0435, -1.8024
0.1113, -7.3834,  0.1115,  3.5108
0.1270, -8.6745,  0.1264,  2.4534
0.0332, -24.7701,  0.0331, -14.9814
0.0371, -26.1884,  0.0374,  22.4843
0.0430, -24.0691,  0.0435, -2.3716
0.0879,  21.9802,  0.0884, -23.3893
0.1113, -11.9302,  0.1115,  1.9154
0.0332, -24.0691,  0.0331, -15.8742
0.0371, -26.1884,  0.0374,  22.6458
0.0430, -26.1884,  0.0435, -1.5754
0.0879,  21.2935,  0.0882, -21.3238
0.1113, -6.0941,  0.1115,  2.1822
0.0332, -24.7701,  0.0330, -15.2072
0.0371, -26.9040,  0.0374,  22.6824
0.0430, -24.7722,  0.0435, -1.0297
0.1055, -19.2441,  0.1051,  14.4993
0.1113, -15.2216,  0.1116,  2.6087
0.0332, -24.0670,  0.0331, -15.5381
0.0371, -24.0691,  0.0374,  22.2282
0.0430, -25.4772,  0.0435, -0.8870
0.1113,  32.0534,  0.1115,  1.9407
0.1172, -8.0294,  0.1174,  9.3322
0.0332, -24.7701,  0.0331, -14.9814
0.0371, -26.9040,  0.0374,  22.2732
0.0430, -26.1884,  0.0435, -1.7037
0.0840,  22.6722,  0.0835, -24.9633
0.1113, -8.6764,  0.1115,  0.5634
0.0332, -26.1884,  0.0330, -15.2704
0.0371, -27.6242,  0.0374,  22.7006
0.0430, -26.9040,  0.0435, -1.4832
0.1055, -23.3678,  0.1055,  18.5062
0.1113, -11.2748,  0.1114,  2.6384
0.0332, -24.0691,  0.0330, -15.2986
0.0371, -25.4792,  0.0374,  22.6754
0.0430, -24.7722,  0.0435, -1.4286
0.0840,  22.6742,  0.0836, -24.3375
0.1113, -12.5853,  0.1114,  2.6320
0.0332, -24.7701,  0.0330, -15.6842
0.0371, -24.0691,  0.0374,  22.7667
0.0430, -26.1884,  0.0435, -2.0964
0.0879,  23.3678,  0.0884, -22.1918
0.1113, -15.8881,  0.1116,  3.3678
0.0332, -24.7701,  0.0331, -15.9484
0.0371, -25.4772,  0.0374,  22.6050
0.0430, -26.1884,  0.0435, -2.3419
0.0879,  22.6742,  0.0882, -22.7189
0.1113, -12.5834,  0.1115,  3.3341
0.0332, -24.0691,  0.0331, -14.9988
0.0371, -26.9040,  0.0374,  22.7667
0.0430, -26.9040,  0.0434, -0.7442
0.0879,  20.6080,  0.0885, -22.2577
0.1113, -10.6227,  0.1115,  2.5814
0.0332, -25.4772,  0.0331, -15.8150
0.0371, -26.1884,  0.0374,  22.5868
0.0430, -26.1884,  0.0435, -1.6468
0.0840,  22.6722,  0.0836, -24.8705
0.1113, -9.9740,  0.1115,  2.5814
0.0332, -24.7701,  0.0331, -16.1712
0.0371, -24.0691,  0.0374,  22.9145
0.0430, -25.4772,  0.0435, -0.6560
0.0840,  23.3698,  0.0833, -22.6415
0.1113, -8.6745,  0.1115,  3.0775
0.0332, -24.7701,  0.0336, -18.2253
0.0371, -25.4772,  0.0374,  22.8414
0.0430, -24.7722,  0.0435, -2.3820
0.0840,  24.7701,  0.0835, -24.0816
0.1113, -5.4507,  0.1115,  3.8072
0.0332, -23.3698,  0.0331, -15.0876
0.0371, -24.7722,  0.0374,  22.1667
0.0430, -26.1884,  0.0435, -1.3404
0.0840,  24.0670,  0.0835, -25.2063
0.1113, -11.2767,  0.1115,  3.1827
0.0332, -24.0670,  0.0336, -18.6771
0.0371, -24.0691,  0.0374,  23.0033
0.0430, -25.4772,  0.0435, -1.1764
0.0840,  20.6080,  0.0836, -24.0176
0.1113,  30.5549,  0.1115,  3.3107
