0.0000 ,0.8579 ,0.6231 ,16.3720 ,-24.7701 ,0.2418 ,0.8231 ,
1.0000 ,0.9704 ,0.8576 ,-22.8188 ,-25.4772 ,-0.3763 ,0.8945 ,
2.0000 ,2.8930 ,0.5833 ,-1.9680 ,-8.0275 ,-0.0993 ,2.8913 ,
3.0000 ,12.5743 ,0.8067 ,-26.9406 ,-30.5549 ,-5.6970 ,11.2097 ,
4.0000 ,12.8177 ,1.0000 ,-27.0981 ,-24.0670 ,-5.8387 ,11.4107 ,
0.0000 ,0.8579 ,0.7073 ,15.3161 ,-25.4772 ,0.2266 ,0.8274 ,
1.0000 ,0.9705 ,1.0000 ,-22.6867 ,-25.4792 ,-0.3743 ,0.8955 ,
2.0000 ,2.8926 ,0.6455 ,-3.4055 ,-7.3834 ,-0.1718 ,2.8875 ,
3.0000 ,11.8123 ,0.7796 ,-20.9392 ,-21.9802 ,-4.2214 ,11.0322 ,
4.0000 ,11.8895 ,0.6134 ,-21.7889 ,-22.6742 ,-4.4133 ,11.0401 ,
0.0000 ,0.8732 ,0.6993 ,19.4987 ,-24.7701 ,0.2914 ,0.8231 ,
1.0000 ,0.9710 ,1.0000 ,-22.6389 ,-26.1884 ,-0.3737 ,0.8962 ,
2.0000 ,1.1304 ,0.6043 ,1.7454 ,-26.1884 ,0.0344 ,1.1299 ,
3.0000 ,2.8914 ,0.6828 ,-2.2288 ,25.4772 ,-0.1124 ,2.8892 ,
4.0000 ,11.6912 ,0.5785 ,-20.5800 ,-4.8060 ,-4.1096 ,10.9451 ,
0.0000 ,0.8566 ,0.6709 ,14.8901 ,-24.7701 ,0.2201 ,0.8278 ,
1.0000 ,0.9705 ,1.0000 ,-22.2759 ,-26.1884 ,-0.3679 ,0.8981 ,
2.0000 ,1.1288 ,0.6177 ,1.7246 ,-26.1884 ,0.0340 ,1.1283 ,
3.0000 ,2.8928 ,0.6399 ,-3.7630 ,-11.9283 ,-0.1899 ,2.8866 ,
4.0000 ,11.5598 ,0.5573 ,-17.4206 ,-17.8953 ,-3.4608 ,11.0295 ,
0.0000 ,0.8574 ,0.6835 ,15.7800 ,-24.7701 ,0.2332 ,0.8250 ,
1.0000 ,0.9709 ,0.9621 ,-22.3552 ,-26.1884 ,-0.3693 ,0.8979 ,
2.0000 ,1.1286 ,0.6127 ,1.8713 ,-26.1884 ,0.0369 ,1.1280 ,
3.0000 ,2.8923 ,0.6325 ,-3.5654 ,27.3292 ,-0.1799 ,2.8867 ,
4.0000 ,11.5057 ,1.0000 ,-16.5911 ,-17.1354 ,-3.2853 ,11.0267 ,
0.0000 ,0.8578 ,0.6766 ,15.6101 ,-24.0691 ,0.2308 ,0.8262 ,
1.0000 ,0.9711 ,0.9605 ,-22.7232 ,-25.1422 ,-0.3751 ,0.8958 ,
2.0000 ,2.8941 ,0.6083 ,-3.7670 ,-8.6745 ,-0.1901 ,2.8878 ,
3.0000 ,11.4152 ,1.0000 ,-15.1184 ,-15.8881 ,-2.9773 ,11.0201 ,
4.0000 ,11.7082 ,0.7397 ,-15.8784 ,-15.8861 ,-3.2033 ,11.2615 ,
0.0000 ,0.8568 ,0.6982 ,15.3860 ,-24.7701 ,0.2273 ,0.8261 ,
1.0000 ,0.9711 ,1.0000 ,-22.4505 ,-24.7722 ,-0.3708 ,0.8975 ,
2.0000 ,1.1292 ,0.6043 ,1.6299 ,-26.1884 ,0.0321 ,1.1287 ,
3.0000 ,2.8924 ,0.7063 ,-4.6762 ,-17.2219 ,-0.2358 ,2.8828 ,
4.0000 ,11.4512 ,0.9367 ,-13.2432 ,-12.5834 ,-2.6233 ,11.1467 ,
0.0000 ,0.8564 ,0.4230 ,15.0835 ,-24.7701 ,0.2229 ,0.8269 ,
1.0000 ,0.9706 ,0.5974 ,-22.6233 ,-24.7722 ,-0.3734 ,0.8959 ,
2.0000 ,11.4037 ,1.0000 ,-10.9657 ,-10.6246 ,-2.1692 ,11.1955 ,
3.0000 ,11.4850 ,0.3985 ,-11.1045 ,-10.6246 ,-2.2120 ,11.2699 ,
4.0000 ,12.3452 ,0.3974 ,-19.7128 ,-21.2935 ,-4.1641 ,11.6217 ,
0.0000 ,0.8582 ,0.7103 ,16.2759 ,-24.7701 ,0.2405 ,0.8238 ,
1.0000 ,0.9704 ,0.9906 ,-23.1153 ,-25.4772 ,-0.3810 ,0.8925 ,
2.0000 ,2.8910 ,0.6958 ,-2.3210 ,-8.6745 ,-0.1171 ,2.8886 ,
3.0000 ,11.2766 ,1.0000 ,-9.8261 ,-8.0294 ,-1.9245 ,11.1112 ,
4.0000 ,11.5518 ,0.9670 ,-8.1155 ,-11.2748 ,-1.6308 ,11.4362 ,
0.0000 ,0.8583 ,0.3481 ,15.6493 ,-21.9822 ,0.2315 ,0.8264 ,
1.0000 ,0.9700 ,0.4910 ,-22.3595 ,-23.3698 ,-0.3690 ,0.8971 ,
2.0000 ,2.8915 ,0.3526 ,-1.5000 ,-11.9283 ,-0.0757 ,2.8905 ,
3.0000 ,11.3933 ,0.4874 ,-10.5385 ,-3.5241 ,-2.0838 ,11.2011 ,
4.0000 ,11.6206 ,1.0000 ,-5.7216 ,-8.6745 ,-1.1585 ,11.5627 ,
0.0000 ,0.8573 ,0.4402 ,15.5381 ,-23.3678 ,0.2297 ,0.8260 ,
1.0000 ,0.9702 ,0.6197 ,-22.2282 ,-24.0691 ,-0.3670 ,0.8981 ,
2.0000 ,2.8913 ,0.4156 ,-2.1678 ,-8.6745 ,-0.1094 ,2.8892 ,
3.0000 ,11.4666 ,0.8303 ,-6.6740 ,-8.0294 ,-1.3327 ,11.3889 ,
4.0000 ,11.7020 ,1.0000 ,-5.9203 ,-5.4507 ,-1.2070 ,11.6396 ,
0.0000 ,0.8580 ,0.5437 ,15.7517 ,-23.3698 ,0.2329 ,0.8257 ,
1.0000 ,0.9703 ,0.7783 ,-22.9215 ,-24.7722 ,-0.3779 ,0.8937 ,
2.0000 ,11.6622 ,1.0000 ,-1.0778 ,-15.2236 ,-0.2194 ,11.6601 ,
3.0000 ,11.8293 ,0.9281 ,-3.9900 ,-14.5592 ,-0.8231 ,11.8006 ,
4.0000 ,11.9539 ,0.6562 ,-5.9073 ,-13.5465 ,-1.2303 ,11.8904 ,
0.0000 ,0.9724 ,0.0705 ,-22.4731 ,-26.1884 ,-0.3717 ,0.8986 ,
1.0000 ,11.6195 ,1.0000 ,-6.0089 ,-6.7364 ,-1.2164 ,11.5557 ,
2.0000 ,11.8149 ,0.1185 ,-10.1607 ,-5.4507 ,-2.0843 ,11.6296 ,
3.0000 ,11.9573 ,0.1128 ,-3.9458 ,-6.0922 ,-0.8228 ,11.9290 ,
4.0000 ,12.0809 ,0.0522 ,-10.4357 ,-11.2748 ,-2.1882 ,11.8811 ,
0.0000 ,11.6250 ,0.7824 ,-8.4165 ,-7.3815 ,-1.7015 ,11.4998 ,
1.0000 ,11.7012 ,1.0000 ,-6.9550 ,-6.7383 ,-1.4169 ,11.6151 ,
2.0000 ,11.8117 ,0.5807 ,-6.9994 ,-6.7383 ,-1.4394 ,11.7236 ,
3.0000 ,12.0213 ,0.3145 ,-6.4860 ,-6.7364 ,-1.3579 ,11.9443 ,
4.0000 ,12.1094 ,0.2513 ,0.0198 ,-5.4507 ,0.0042 ,12.1094 ,
0.0000 ,0.9719 ,0.0968 ,-22.4549 ,-24.7722 ,-0.3712 ,0.8982 ,
1.0000 ,2.8898 ,0.0657 ,-6.5368 ,-12.5853 ,-0.3290 ,2.8710 ,
2.0000 ,11.6398 ,1.0000 ,-9.2980 ,-10.6227 ,-1.8806 ,11.4869 ,
3.0000 ,11.8983 ,0.1757 ,-10.2715 ,-9.3246 ,-2.1216 ,11.7076 ,
4.0000 ,12.1148 ,0.1136 ,-4.3944 ,-2.2402 ,-0.9282 ,12.0792 ,
0.0000 ,0.8572 ,0.0821 ,16.0685 ,-24.7722 ,0.2373 ,0.8238 ,
1.0000 ,0.9716 ,0.1119 ,-23.2523 ,-26.9040 ,-0.3836 ,0.8927 ,
2.0000 ,11.6605 ,1.0000 ,-9.0772 ,-9.3227 ,-1.8396 ,11.5144 ,
3.0000 ,11.9355 ,0.0807 ,-18.0709 ,-9.3227 ,-3.7023 ,11.3467 ,
4.0000 ,11.9952 ,0.1717 ,-3.5252 ,-9.9721 ,-0.7376 ,11.9725 ,
0.0000 ,0.9712 ,0.2799 ,-22.3257 ,-26.1078 ,-0.3689 ,0.8984 ,
1.0000 ,11.6149 ,0.2501 ,-11.3808 ,-8.0294 ,-2.2920 ,11.3865 ,
2.0000 ,11.7019 ,1.0000 ,-7.7973 ,-9.3227 ,-1.5876 ,11.5937 ,
3.0000 ,11.9291 ,0.3893 ,-7.4144 ,3.5241 ,-1.5394 ,11.8294 ,
4.0000 ,12.3888 ,0.2425 ,3.5083 ,4.8079 ,0.7581 ,12.3656 ,
0.0000 ,0.9700 ,0.4690 ,-22.6867 ,-24.0691 ,-0.3741 ,0.8950 ,
1.0000 ,11.6518 ,0.4078 ,-7.4864 ,-8.0275 ,-1.5181 ,11.5524 ,
2.0000 ,11.7585 ,1.0000 ,-6.1290 ,-8.0275 ,-1.2554 ,11.6913 ,
3.0000 ,12.1848 ,0.5426 ,4.4595 ,-9.9721 ,0.9474 ,12.1479 ,
4.0000 ,12.4673 ,0.4163 ,3.5823 ,1.6016 ,0.7790 ,12.4429 ,
0.0000 ,0.9704 ,0.5950 ,-22.5347 ,-24.0691 ,-0.3719 ,0.8963 ,
1.0000 ,11.8073 ,1.0000 ,-6.9130 ,-6.0922 ,-1.4212 ,11.7215 ,
2.0000 ,12.1766 ,0.7143 ,2.3989 ,-6.0922 ,0.5097 ,12.1659 ,
3.0000 ,12.2804 ,0.5630 ,5.7345 ,-6.0941 ,1.2270 ,12.2190 ,
4.0000 ,12.5525 ,0.4237 ,4.9377 ,5.4488 ,1.0804 ,12.5060 ,
0.0000 ,0.9710 ,0.3961 ,-22.5642 ,-25.4772 ,-0.3726 ,0.8966 ,
1.0000 ,2.8910 ,0.2879 ,-3.7124 ,-10.6227 ,-0.1872 ,2.8850 ,
2.0000 ,11.8064 ,1.0000 ,-4.3775 ,-5.4488 ,-0.9011 ,11.7720 ,
3.0000 ,11.9032 ,0.3380 ,-6.1460 ,-5.4488 ,-1.2744 ,11.8348 ,
4.0000 ,12.2226 ,0.7181 ,2.9683 ,-0.9594 ,0.6329 ,12.2062 ,
0.0000 ,0.9704 ,0.8602 ,-22.4366 ,-26.1884 ,-0.3704 ,0.8969 ,
1.0000 ,2.8911 ,0.5958 ,-2.5774 ,-14.5592 ,-0.1300 ,2.8882 ,
2.0000 ,11.7754 ,0.6937 ,-3.3107 ,-4.1639 ,-0.6800 ,11.7558 ,
3.0000 ,11.8514 ,0.8139 ,-3.3068 ,-4.1658 ,-0.6836 ,11.8317 ,
4.0000 ,12.0559 ,1.0000 ,-1.7999 ,-2.2421 ,-0.3787 ,12.0499 ,
0.0000 ,0.8575 ,0.5468 ,15.7975 ,-24.0670 ,0.2335 ,0.8251 ,
1.0000 ,0.9707 ,0.7717 ,-22.5347 ,-25.0573 ,-0.3720 ,0.8966 ,
2.0000 ,11.9101 ,1.0000 ,-0.9455 ,-0.9612 ,-0.1965 ,11.9084 ,
3.0000 ,12.0762 ,0.9830 ,-0.3999 ,-1.6016 ,-0.0843 ,12.0759 ,
4.0000 ,12.3840 ,0.8893 ,7.0398 ,0.3210 ,1.5178 ,12.2907 ,
0.0000 ,0.8727 ,0.5953 ,-23.0534 ,-24.0670 ,-0.3417 ,0.8030 ,
1.0000 ,0.9706 ,0.8481 ,-22.5686 ,-24.7701 ,-0.3725 ,0.8963 ,
2.0000 ,2.8911 ,0.6243 ,-3.2834 ,28.3492 ,-0.1656 ,2.8863 ,
3.0000 ,11.9090 ,1.0000 ,-1.2334 ,-0.3210 ,-0.2563 ,11.9063 ,
4.0000 ,12.4629 ,0.8544 ,8.7351 ,6.0941 ,1.8927 ,12.3183 ,
0.0000 ,0.8728 ,0.4499 ,18.9074 ,-24.0691 ,0.2828 ,0.8257 ,
1.0000 ,0.9708 ,0.6366 ,-22.7667 ,-26.9040 ,-0.3757 ,0.8951 ,
2.0000 ,2.8917 ,0.4217 ,-3.1385 ,-11.2767 ,-0.1583 ,2.8873 ,
3.0000 ,11.9903 ,0.9412 ,0.0639 ,-0.3210 ,0.0134 ,11.9903 ,
4.0000 ,12.4708 ,1.0000 ,9.8261 ,8.6764 ,2.1282 ,12.2878 ,
0.0000 ,0.9711 ,0.5720 ,-22.2941 ,-26.9040 ,-0.3684 ,0.8985 ,
1.0000 ,11.9398 ,0.6248 ,1.6700 ,1.5997 ,0.3480 ,11.9348 ,
2.0000 ,12.2031 ,0.9026 ,1.7518 ,-2.2402 ,0.3731 ,12.1974 ,
3.0000 ,12.4836 ,1.0000 ,11.5027 ,-3.5222 ,2.4894 ,12.2328 ,
4.0000 ,12.5692 ,0.7215 ,12.1354 ,13.8988 ,2.6423 ,12.2883 ,

0.0000 ,0.8721 ,0.2144 ,19.0672 ,-23.3678 ,0.2849 ,0.8242 ,
1.0000 ,0.9704 ,0.2974 ,-22.3595 ,-25.4772 ,-0.3691 ,0.8974 ,
2.0000 ,11.9712 ,0.3201 ,1.5441 ,2.2421 ,0.3226 ,11.9668 ,
3.0000 ,12.2200 ,0.3460 ,1.3573 ,11.9302 ,0.2894 ,12.2165 ,
4.0000 ,12.4735 ,1.0000 ,12.4961 ,0.9612 ,2.6989 ,12.1780 ,
0.0000 ,0.9705 ,0.4747 ,-22.7189 ,-24.7722 ,-0.3748 ,0.8952 ,
1.0000 ,11.9875 ,0.4466 ,3.6811 ,2.8829 ,0.7696 ,11.9628 ,
2.0000 ,12.1106 ,0.5304 ,6.2516 ,5.4488 ,1.3188 ,12.0386 ,
3.0000 ,12.2474 ,0.5813 ,5.4646 ,13.8988 ,1.1663 ,12.1917 ,
4.0000 ,12.4563 ,1.0000 ,14.4844 ,12.5853 ,3.1155 ,12.0604 ,
0.0000 ,0.9701 ,0.6484 ,-22.2438 ,-25.4772 ,-0.3672 ,0.8979 ,
1.0000 ,12.0561 ,1.0000 ,4.8219 ,8.6745 ,1.0134 ,12.0134 ,
2.0000 ,12.2437 ,0.8156 ,4.8259 ,15.8881 ,1.0300 ,12.2003 ,
3.0000 ,12.4625 ,0.9419 ,15.5099 ,17.8934 ,3.3325 ,12.0086 ,
4.0000 ,12.8006 ,0.4944 ,18.4309 ,14.5611 ,4.0470 ,12.1440 ,
0.0000 ,0.9704 ,0.3792 ,-22.8006 ,-25.4772 ,-0.3760 ,0.8946 ,
1.0000 ,12.0592 ,1.0000 ,6.9405 ,10.6246 ,1.4572 ,11.9709 ,
2.0000 ,12.2363 ,0.2955 ,8.7497 ,14.5611 ,1.8614 ,12.0939 ,
3.0000 ,12.3160 ,0.4053 ,2.1276 ,14.5611 ,0.4572 ,12.3075 ,
4.0000 ,12.4252 ,0.3066 ,12.9847 ,17.8934 ,2.7918 ,12.1075 ,
0.0000 ,0.8570 ,0.2704 ,15.8109 ,-24.7701 ,0.2335 ,0.8246 ,
1.0000 ,0.9709 ,0.3804 ,-22.5798 ,-24.7722 ,-0.3728 ,0.8965 ,
2.0000 ,2.8928 ,0.2656 ,-3.5654 ,-17.8934 ,-0.1799 ,2.8872 ,
3.0000 ,12.0490 ,0.8220 ,8.5186 ,15.2236 ,1.7848 ,11.9161 ,
4.0000 ,12.2779 ,1.0000 ,3.0983 ,9.9740 ,0.6636 ,12.2600 ,
0.0000 ,0.8581 ,0.1374 ,15.3269 ,-23.3698 ,0.2268 ,0.8276 ,
1.0000 ,0.9710 ,0.1913 ,-22.4575 ,-26.1884 ,-0.3709 ,0.8973 ,
2.0000 ,12.0409 ,1.0000 ,11.6913 ,13.2421 ,2.4400 ,11.7911 ,
3.0000 ,12.3303 ,0.2760 ,7.8419 ,15.8881 ,1.6823 ,12.2150 ,
4.0000 ,12.5535 ,0.2287 ,21.7484 ,17.2219 ,4.6515 ,11.6600 ,
0.0000 ,0.9700 ,0.1806 ,-22.2282 ,-24.0691 ,-0.3669 ,0.8979 ,
1.0000 ,12.0343 ,1.0000 ,13.2284 ,19.2460 ,2.7539 ,11.7150 ,
2.0000 ,12.1595 ,0.2974 ,16.4531 ,19.2441 ,3.4439 ,11.6616 ,
3.0000 ,12.3274 ,0.2952 ,13.3618 ,16.5548 ,2.8489 ,11.9937 ,
4.0000 ,12.4074 ,0.1631 ,13.0860 ,14.5611 ,2.8092 ,12.0852 ,
0.0000 ,0.8574 ,0.0823 ,15.1050 ,-24.7701 ,0.2234 ,0.8278 ,
1.0000 ,0.9704 ,0.1190 ,-22.0309 ,-26.1884 ,-0.3640 ,0.8996 ,
2.0000 ,11.9069 ,1.0000 ,18.5375 ,18.5266 ,3.7855 ,11.2892 ,
3.0000 ,12.1237 ,0.2429 ,15.8892 ,18.5674 ,3.3192 ,11.6605 ,
4.0000 ,12.3548 ,0.0917 ,26.1238 ,16.5529 ,5.4399 ,11.0927 ,
0.0000 ,0.8565 ,0.3488 ,15.4749 ,-22.6742 ,0.2285 ,0.8254 ,
1.0000 ,0.9708 ,0.4917 ,-22.7962 ,-25.4772 ,-0.3761 ,0.8949 ,
2.0000 ,11.7906 ,0.5968 ,19.4273 ,6.0941 ,3.9217 ,11.1193 ,
3.0000 ,11.9605 ,1.0000 ,13.3404 ,18.5693 ,2.7597 ,11.6378 ,
4.0000 ,12.1364 ,0.5793 ,20.2083 ,21.2914 ,4.1923 ,11.3893 ,
0.0000 ,0.8568 ,0.3907 ,15.3968 ,-24.7701 ,0.2275 ,0.8260 ,
1.0000 ,0.9711 ,0.5509 ,-22.7006 ,-24.7722 ,-0.3747 ,0.8958 ,
2.0000 ,2.8925 ,0.3854 ,-3.4224 ,-9.9721 ,-0.1727 ,2.8873 ,
3.0000 ,11.9740 ,1.0000 ,25.0093 ,24.0691 ,5.0622 ,10.8513 ,
4.0000 ,12.0598 ,0.8217 ,20.3113 ,23.3698 ,4.1862 ,11.3099 ,
0.0000 ,0.8582 ,0.3561 ,15.5819 ,-23.3698 ,0.2305 ,0.8267 ,
1.0000 ,0.9716 ,0.5204 ,-22.3959 ,-26.1884 ,-0.3702 ,0.8983 ,
2.0000 ,2.8925 ,0.3294 ,-4.2110 ,-9.9740 ,-0.2124 ,2.8847 ,
3.0000 ,11.7432 ,1.0000 ,24.9147 ,19.2441 ,4.9470 ,10.6503 ,
4.0000 ,11.9633 ,0.7452 ,12.1395 ,21.2935 ,2.5158 ,11.6958 ,
0.0000 ,0.9707 ,0.6958 ,-22.4913 ,-25.6599 ,-0.3713 ,0.8968 ,
1.0000 ,2.8907 ,0.5088 ,-1.6909 ,-10.6246 ,-0.0853 ,2.8895 ,
2.0000 ,11.2990 ,1.0000 ,24.6277 ,25.4772 ,4.7085 ,10.2712 ,
3.0000 ,11.4460 ,0.5691 ,23.8983 ,26.9062 ,4.6369 ,10.4647 ,
4.0000 ,11.5589 ,0.8940 ,25.5106 ,27.6264 ,4.9782 ,10.4320 ,
0.0000 ,0.8561 ,0.5416 ,15.8258 ,-23.3698 ,0.2335 ,0.8236 ,
1.0000 ,0.9701 ,0.7705 ,-22.7049 ,-26.1884 ,-0.3744 ,0.8949 ,
2.0000 ,11.0791 ,1.0000 ,25.8696 ,29.0813 ,4.8341 ,9.9689 ,
3.0000 ,11.4831 ,0.5302 ,25.4316 ,31.3012 ,4.9312 ,10.3704 ,
4.0000 ,11.8618 ,0.7201 ,13.1419 ,17.8934 ,2.6969 ,11.5511 ,
0.0000 ,0.8578 ,0.4800 ,16.0268 ,-24.0670 ,0.2368 ,0.8245 ,
1.0000 ,0.9705 ,0.6547 ,-23.1563 ,-24.0670 ,-0.3817 ,0.8924 ,
2.0000 ,2.8914 ,0.4567 ,-2.7788 ,-9.9740 ,-0.1402 ,2.8880 ,
3.0000 ,11.7576 ,0.4536 ,16.6873 ,18.4148 ,3.3762 ,11.2625 ,
4.0000 ,11.8588 ,1.0000 ,14.4496 ,17.2239 ,2.9591 ,11.4836 ,
0.0000 ,0.8576 ,0.7202 ,15.0378 ,-25.4772 ,0.2225 ,0.8283 ,
1.0000 ,0.9707 ,0.9970 ,-22.8006 ,-26.9040 ,-0.3762 ,0.8949 ,
2.0000 ,1.1284 ,0.6250 ,2.0795 ,-25.4772 ,0.0409 ,1.1276 ,
3.0000 ,2.8912 ,0.6815 ,-2.9137 ,28.3492 ,-0.1470 ,2.8874 ,
4.0000 ,10.9153 ,1.0000 ,27.2942 ,35.1278 ,5.0053 ,9.7000 ,
0.0000 ,0.8733 ,0.7067 ,19.0562 ,-24.7701 ,0.2851 ,0.8254 ,
1.0000 ,0.9696 ,1.0000 ,-22.6415 ,-26.1884 ,-0.3733 ,0.8949 ,
2.0000 ,10.4251 ,0.6964 ,29.4170 ,32.8119 ,5.1204 ,9.0810 ,
3.0000 ,11.5533 ,0.6842 ,18.1528 ,19.2441 ,3.5995 ,10.9783 ,
4.0000 ,11.6983 ,0.6835 ,15.9742 ,16.5548 ,3.2194 ,11.2466 ,
0.0000 ,0.8577 ,0.6202 ,15.6951 ,-24.7701 ,0.2320 ,0.8257 ,
1.0000 ,0.9706 ,0.8638 ,-22.0127 ,-25.2414 ,-0.3638 ,0.8999 ,
2.0000 ,1.1277 ,0.5368 ,1.1283 ,-25.4772 ,0.0222 ,1.1275 ,
3.0000 ,2.8924 ,0.6161 ,-3.6577 ,-12.5853 ,-0.1845 ,2.8865 ,
4.0000 ,10.3287 ,1.0000 ,30.3732 ,31.3012 ,5.2225 ,8.9111 ,
0.0000 ,0.8578 ,0.7415 ,16.0226 ,-25.4772 ,0.2368 ,0.8245 ,
1.0000 ,0.9709 ,1.0000 ,-22.8624 ,-25.4792 ,-0.3772 ,0.8946 ,
2.0000 ,1.1278 ,0.6240 ,1.7558 ,-26.1884 ,0.0346 ,1.1273 ,
3.0000 ,2.8909 ,0.7000 ,-2.4872 ,-9.9740 ,-0.1255 ,2.8882 ,
4.0000 ,11.4568 ,0.6470 ,18.9875 ,20.6060 ,3.7276 ,10.8335 ,
0.0000 ,0.8567 ,0.6918 ,15.5710 ,-26.1884 ,0.2300 ,0.8252 ,
1.0000 ,0.9705 ,1.0000 ,-22.3326 ,-28.3492 ,-0.3688 ,0.8977 ,
2.0000 ,9.6876 ,0.6751 ,29.9897 ,36.7089 ,4.8423 ,8.3906 ,
3.0000 ,9.9330 ,0.7142 ,30.2710 ,35.1301 ,5.0071 ,8.5787 ,
4.0000 ,11.3963 ,0.7590 ,18.2764 ,16.5548 ,3.5739 ,10.8214 ,
0.0000 ,0.8724 ,0.6845 ,18.8718 ,-23.3698 ,0.2822 ,0.8255 ,
1.0000 ,0.9707 ,1.0000 ,-22.8850 ,-24.7722 ,-0.3775 ,0.8943 ,
2.0000 ,1.1275 ,0.6248 ,1.0168 ,-26.1884 ,0.0200 ,1.1273 ,
3.0000 ,2.8914 ,0.6759 ,-2.3002 ,-12.5834 ,-0.1160 ,2.8891 ,
4.0000 ,9.6895 ,0.6959 ,29.6607 ,29.8165 ,4.7950 ,8.4199 ,
0.0000 ,0.8577 ,0.7089 ,15.8325 ,-24.0670 ,0.2340 ,0.8251 ,
1.0000 ,0.9708 ,1.0000 ,-23.0147 ,-24.0691 ,-0.3796 ,0.8936 ,
2.0000 ,2.8946 ,0.6713 ,-4.6046 ,-30.5571 ,-0.2324 ,2.8852 ,
3.0000 ,9.3746 ,0.8254 ,33.4247 ,37.5116 ,5.1639 ,7.8241 ,
4.0000 ,9.5916 ,0.6982 ,30.5537 ,35.9167 ,4.8759 ,8.2599 ,
0.0000 ,0.9707 ,0.7336 ,-22.5798 ,-26.1884 ,-0.3727 ,0.8963 ,
1.0000 ,1.1287 ,0.4617 ,1.8232 ,-26.1884 ,0.0359 ,1.1281 ,
2.0000 ,2.8906 ,0.4890 ,-2.7982 ,-9.3246 ,-0.1411 ,2.8872 ,
3.0000 ,9.1248 ,1.0000 ,32.7058 ,29.8165 ,4.9304 ,7.6781 ,
4.0000 ,9.4180 ,0.5146 ,29.3903 ,29.0813 ,4.6219 ,8.2058 ,
0.0000 ,0.8571 ,0.6739 ,15.4492 ,-22.6742 ,0.2283 ,0.8261 ,
1.0000 ,0.9704 ,1.0000 ,-22.4436 ,-24.0691 ,-0.3705 ,0.8969 ,
2.0000 ,1.1276 ,0.6035 ,1.7999 ,-25.4772 ,0.0354 ,1.1270 ,
3.0000 ,2.8928 ,0.6630 ,-2.3419 ,-7.3834 ,-0.1182 ,2.8904 ,
4.0000 ,9.1778 ,0.7688 ,31.1499 ,32.0534 ,4.7475 ,7.8545 ,
0.0000 ,0.8572 ,0.7207 ,15.2355 ,-22.6742 ,0.2253 ,0.8271 ,
1.0000 ,0.9701 ,1.0000 ,-23.0103 ,-25.4772 ,-0.3792 ,0.8929 ,
2.0000 ,2.8927 ,0.7071 ,-1.7751 ,-9.9721 ,-0.0896 ,2.8914 ,
3.0000 ,8.8767 ,0.6053 ,30.4076 ,32.0557 ,4.4929 ,7.6556 ,
4.0000 ,10.5007 ,0.6860 ,25.9649 ,26.9040 ,4.5974 ,9.4408 ,
0.0000 ,0.8726 ,0.6982 ,18.8430 ,-23.3698 ,0.2818 ,0.8258 ,
1.0000 ,0.9710 ,1.0000 ,-22.5686 ,-26.1884 ,-0.3727 ,0.8967 ,
2.0000 ,1.1294 ,0.6399 ,1.0128 ,-25.4772 ,0.0200 ,1.1293 ,
3.0000 ,2.8938 ,0.6586 ,-3.2224 ,-9.3227 ,-0.1627 ,2.8892 ,
4.0000 ,8.1627 ,0.6983 ,31.5113 ,35.9144 ,4.2664 ,6.9590 ,

0.0000 ,0.9700 ,1.0000 ,-22.3439 ,-26.9040 ,-0.3687 ,0.8971 ,
1.0000 ,7.8165 ,0.7452 ,33.7924 ,33.5792 ,4.3474 ,6.4960 ,
2.0000 ,7.8887 ,0.9405 ,33.2664 ,32.8142 ,4.3272 ,6.5960 ,
3.0000 ,8.5691 ,0.7883 ,28.9193 ,32.8119 ,4.1438 ,7.5006 ,
4.0000 ,10.0791 ,0.7642 ,22.5981 ,25.4792 ,3.8730 ,9.3052 ,
0.0000 ,0.8731 ,0.6358 ,19.0342 ,-23.3678 ,0.2847 ,0.8254 ,
1.0000 ,0.9707 ,0.9111 ,-22.8006 ,-24.7701 ,-0.3762 ,0.8948 ,
2.0000 ,7.4013 ,1.0000 ,31.4201 ,32.0534 ,3.8584 ,6.3160 ,
3.0000 ,7.5514 ,0.8319 ,35.4811 ,32.0557 ,4.3831 ,6.1492 ,
4.0000 ,9.8704 ,0.7113 ,24.0474 ,21.9802 ,4.0221 ,9.0137 ,
0.0000 ,0.9708 ,0.8631 ,-23.0147 ,-24.7701 ,-0.3796 ,0.8936 ,
1.0000 ,7.3031 ,0.9527 ,31.2727 ,32.8142 ,3.7911 ,6.2420 ,
2.0000 ,7.3860 ,0.7379 ,30.2980 ,42.5289 ,3.7262 ,6.3771 ,
3.0000 ,7.5415 ,0.8727 ,33.4218 ,39.1438 ,4.1538 ,6.2944 ,
4.0000 ,7.6995 ,1.0000 ,32.8307 ,44.2940 ,4.1744 ,6.4697 ,
0.0000 ,0.9708 ,0.7569 ,-22.2143 ,-24.7722 ,-0.3670 ,0.8988 ,
1.0000 ,7.1610 ,1.0000 ,33.1710 ,35.9144 ,3.9181 ,5.9941 ,
2.0000 ,7.2629 ,0.7836 ,32.2453 ,38.3255 ,3.8751 ,6.1428 ,
3.0000 ,7.4001 ,0.8260 ,33.0131 ,32.0557 ,4.0318 ,6.2053 ,
4.0000 ,7.8693 ,0.5220 ,27.4286 ,36.7089 ,3.6249 ,6.9847 ,
0.0000 ,0.9710 ,0.3672 ,-22.5095 ,-26.9040 ,-0.3717 ,0.8971 ,
1.0000 ,6.5944 ,1.0000 ,31.4032 ,35.1301 ,3.4361 ,5.6284 ,
2.0000 ,6.7268 ,0.3812 ,29.9314 ,27.6264 ,3.3564 ,5.8296 ,
3.0000 ,6.9785 ,0.3626 ,34.1623 ,32.0557 ,3.9187 ,5.7743 ,
4.0000 ,7.1339 ,0.3775 ,32.3051 ,35.9144 ,3.8125 ,6.0297 ,
0.0000 ,0.9712 ,0.5233 ,-22.4098 ,-24.0691 ,-0.3702 ,0.8978 ,
1.0000 ,6.3046 ,0.6282 ,31.2727 ,35.9144 ,3.2728 ,5.3886 ,
2.0000 ,6.4396 ,0.7980 ,29.0944 ,38.3231 ,3.1313 ,5.6271 ,
3.0000 ,6.5360 ,0.9427 ,28.1742 ,32.0557 ,3.0860 ,5.7616 ,
4.0000 ,6.6560 ,1.0000 ,31.8000 ,29.0813 ,3.5074 ,5.6569 ,
0.0000 ,0.9706 ,0.2762 ,-22.6120 ,-25.4772 ,-0.3732 ,0.8960 ,
1.0000 ,6.0531 ,1.0000 ,30.4708 ,35.1301 ,3.0696 ,5.2171 ,
2.0000 ,6.2673 ,0.4174 ,30.9983 ,38.3231 ,3.2277 ,5.3722 ,
3.0000 ,6.3888 ,0.3184 ,35.4142 ,36.7089 ,3.7022 ,5.2068 ,
4.0000 ,6.4926 ,0.4932 ,32.1932 ,28.3492 ,3.4591 ,5.4944 ,
0.0000 ,5.7223 ,0.5660 ,31.0984 ,26.1884 ,2.9556 ,4.8999 ,
1.0000 ,5.9274 ,1.0000 ,21.4617 ,26.1884 ,2.1687 ,5.5164 ,
2.0000 ,6.0256 ,0.5768 ,29.4892 ,24.7701 ,2.9662 ,5.2450 ,
3.0000 ,6.1916 ,0.4145 ,25.7507 ,23.3698 ,2.6900 ,5.5768 ,
4.0000 ,7.5018 ,0.3809 ,27.4241 ,24.7701 ,3.4551 ,6.6587 ,
0.0000 ,0.9713 ,0.1012 ,-22.3846 ,-23.3698 ,-0.3699 ,0.8981 ,
1.0000 ,5.4143 ,0.4205 ,28.6107 ,32.8119 ,2.5926 ,4.7531 ,
2.0000 ,5.7283 ,1.0000 ,31.1331 ,33.5769 ,2.9617 ,4.9032 ,
3.0000 ,6.1408 ,0.1524 ,26.1381 ,29.8143 ,2.7052 ,5.5128 ,
4.0000 ,7.2678 ,0.0947 ,31.5433 ,36.7089 ,3.8021 ,6.1940 ,
0.0000 ,5.1862 ,0.4783 ,27.6421 ,25.4772 ,2.4061 ,4.5942 ,
1.0000 ,5.3883 ,0.5913 ,25.7205 ,29.8165 ,2.3384 ,4.8544 ,
2.0000 ,5.4861 ,1.0000 ,24.6418 ,29.0813 ,2.2874 ,4.9865 ,
3.0000 ,5.6149 ,0.9147 ,21.8658 ,29.0813 ,2.0912 ,5.2109 ,
4.0000 ,5.7138 ,0.4063 ,23.2409 ,31.3012 ,2.2547 ,5.2502 ,
0.0000 ,0.9710 ,0.2222 ,-22.3257 ,-24.9062 ,-0.3689 ,0.8982 ,
1.0000 ,4.9641 ,1.0000 ,26.8884 ,29.8165 ,2.2450 ,4.4274 ,
2.0000 ,5.2065 ,0.9224 ,27.0252 ,29.8143 ,2.3657 ,4.6379 ,
3.0000 ,5.3345 ,0.4024 ,20.4567 ,26.1905 ,1.8644 ,4.9981 ,
4.0000 ,7.7629 ,0.3299 ,33.6661 ,32.8119 ,4.3034 ,6.4610 ,
0.0000 ,0.9702 ,0.3842 ,-22.9807 ,-25.4772 ,-0.3788 ,0.8932 ,
1.0000 ,4.8622 ,0.8616 ,24.4523 ,30.4805 ,2.0126 ,4.4261 ,
2.0000 ,4.9637 ,1.0000 ,21.3893 ,27.6264 ,1.8103 ,4.6218 ,
3.0000 ,5.2822 ,0.5679 ,16.5693 ,19.9255 ,1.5063 ,5.0628 ,
4.0000 ,5.5107 ,0.3623 ,16.5668 ,21.9822 ,1.5713 ,5.2820 ,
0.0000 ,4.7364 ,0.5306 ,21.2791 ,18.5674 ,1.7189 ,4.4135 ,
1.0000 ,4.8200 ,0.4173 ,20.4413 ,17.8934 ,1.6834 ,4.5165 ,
2.0000 ,4.9253 ,0.6722 ,19.4273 ,23.3678 ,1.6382 ,4.6449 ,
3.0000 ,5.0037 ,1.0000 ,19.6949 ,26.9040 ,1.6863 ,4.7110 ,
4.0000 ,5.1186 ,0.4709 ,17.5063 ,28.3492 ,1.5397 ,4.8815 ,
0.0000 ,4.4725 ,0.7558 ,18.5553 ,18.5674 ,1.4232 ,4.2400 ,
1.0000 ,4.5745 ,0.8776 ,16.8870 ,16.5548 ,1.3288 ,4.3773 ,
2.0000 ,4.6883 ,1.0000 ,16.9507 ,17.2219 ,1.3669 ,4.4846 ,
3.0000 ,4.7667 ,0.9969 ,16.7157 ,17.8953 ,1.3710 ,4.5653 ,
4.0000 ,5.4020 ,0.6865 ,15.4774 ,20.6080 ,1.4416 ,5.2061 ,
0.0000 ,4.3003 ,0.4188 ,13.0300 ,11.2748 ,0.9695 ,4.1896 ,
1.0000 ,4.4053 ,0.5176 ,13.9860 ,16.5548 ,1.0647 ,4.2747 ,
2.0000 ,4.6002 ,0.9026 ,15.7800 ,17.2219 ,1.2510 ,4.4269 ,
3.0000 ,4.7146 ,1.0000 ,15.4492 ,15.2236 ,1.2559 ,4.5442 ,
4.0000 ,5.0037 ,0.4977 ,17.8678 ,17.8953 ,1.5353 ,4.7624 ,
0.0000 ,4.2419 ,0.3789 ,10.8950 ,1.5997 ,0.8018 ,4.1654 ,
1.0000 ,4.3382 ,0.3988 ,11.1772 ,12.5834 ,0.8409 ,4.2559 ,
2.0000 ,4.5504 ,1.0000 ,14.0059 ,11.2748 ,1.1013 ,4.4151 ,
3.0000 ,4.7463 ,0.2982 ,6.7967 ,12.5834 ,0.5617 ,4.7129 ,
4.0000 ,5.5517 ,0.2778 ,7.1242 ,-3.5222 ,0.6885 ,5.5089 ,
0.0000 ,4.2507 ,0.2140 ,6.0742 ,12.5834 ,0.4498 ,4.2269 ,
1.0000 ,4.4673 ,1.0000 ,9.1048 ,12.5834 ,0.7069 ,4.4111 ,
2.0000 ,4.6495 ,0.1713 ,2.2937 ,11.9302 ,0.1861 ,4.6458 ,
3.0000 ,4.7749 ,0.1870 ,14.2287 ,13.2402 ,1.1736 ,4.6284 ,
4.0000 ,4.8598 ,0.1196 ,8.3528 ,13.2421 ,0.7060 ,4.8082 ,
0.0000 ,4.3165 ,0.3606 ,1.9848 ,9.9740 ,0.1495 ,4.3139 ,
1.0000 ,4.4182 ,0.5050 ,3.7461 ,5.4488 ,0.2887 ,4.4087 ,
2.0000 ,4.5655 ,1.0000 ,3.2289 ,8.0275 ,0.2571 ,4.5583 ,
3.0000 ,4.7047 ,0.3139 ,4.7921 ,10.6227 ,0.3930 ,4.6882 ,
4.0000 ,5.9093 ,0.2398 ,24.6947 ,23.3678 ,2.4688 ,5.3688 ,
0.0000 ,0.9711 ,0.2056 ,-22.5642 ,-24.0691 ,-0.3726 ,0.8967 ,
1.0000 ,4.4168 ,0.6696 ,-1.6195 ,-2.2421 ,-0.1248 ,4.4150 ,
2.0000 ,4.5361 ,0.3896 ,0.1625 ,-4.1658 ,0.0129 ,4.5361 ,
3.0000 ,4.6568 ,1.0000 ,-3.3678 ,-6.0922 ,-0.2736 ,4.6488 ,
4.0000 ,5.0809 ,0.2609 ,16.3461 ,15.2216 ,1.4300 ,4.8755 ,
0.0000 ,4.5062 ,1.0000 ,-1.5585 ,-3.5241 ,-0.1226 ,4.5045 ,
1.0000 ,4.7082 ,0.5524 ,0.4881 ,0.1050 ,0.0401 ,4.7081 ,
2.0000 ,4.8582 ,0.7237 ,-8.6905 ,2.2421 ,-0.7341 ,4.8024 ,
3.0000 ,5.0610 ,0.2681 ,-5.3487 ,-8.6764 ,-0.4718 ,5.0390 ,
4.0000 ,5.4894 ,0.3066 ,19.8218 ,18.5693 ,1.8614 ,5.1642 ,
0.0000 ,4.6221 ,0.5854 ,-6.2516 ,-5.4488 ,-0.5033 ,4.5946 ,
1.0000 ,4.6989 ,0.3334 ,-7.4629 ,-9.9721 ,-0.6103 ,4.6591 ,
2.0000 ,4.8933 ,1.0000 ,-9.8578 ,-8.6764 ,-0.8377 ,4.8210 ,
3.0000 ,5.2264 ,0.1734 ,16.6262 ,-12.5834 ,1.4954 ,5.0079 ,
4.0000 ,5.3364 ,0.3474 ,2.3989 ,-13.2402 ,0.2234 ,5.3317 ,
0.0000 ,4.7598 ,1.0000 ,-3.2224 ,-8.0294 ,-0.2676 ,4.7522 ,
1.0000 ,5.1098 ,0.7313 ,-15.8851 ,-9.9740 ,-1.3986 ,4.9147 ,
2.0000 ,5.2030 ,0.6560 ,11.8969 ,-11.2748 ,1.0726 ,5.0913 ,
3.0000 ,5.3192 ,0.5828 ,23.0970 ,16.5529 ,2.0867 ,4.8928 ,
4.0000 ,6.1383 ,0.4977 ,0.0743 ,0.9612 ,0.0080 ,6.1383 ,
0.0000 ,0.9717 ,0.0554 ,-21.8909 ,-24.7722 ,-0.3623 ,0.9016 ,
1.0000 ,4.8245 ,1.0000 ,-2.3250 ,-4.8060 ,-0.1957 ,4.8205 ,
2.0000 ,5.0662 ,0.1107 ,-10.8844 ,-2.8829 ,-0.9566 ,4.9751 ,
3.0000 ,5.2341 ,0.1191 ,2.0121 ,5.4507 ,0.1838 ,5.2309 ,
4.0000 ,5.3740 ,0.0739 ,10.8289 ,6.0922 ,1.0097 ,5.2783 ,
0.0000 ,4.8891 ,1.0000 ,-2.1004 ,-2.8811 ,-0.1792 ,4.8858 ,
1.0000 ,5.0684 ,0.8227 ,-1.2061 ,-3.5222 ,-0.1067 ,5.0673 ,
2.0000 ,5.2872 ,0.2988 ,-4.7816 ,-6.7383 ,-0.4407 ,5.2688 ,
3.0000 ,5.6886 ,0.1234 ,-12.3352 ,-0.3210 ,-1.2153 ,5.5573 ,
4.0000 ,6.1929 ,0.2171 ,-5.6523 ,0.3192 ,-0.6099 ,6.1628 ,
0.0000 ,4.9297 ,1.0000 ,0.3493 ,-0.3192 ,0.0301 ,4.9296 ,
1.0000 ,5.1104 ,0.4058 ,0.1249 ,0.3192 ,0.0111 ,5.1104 ,
2.0000 ,5.3171 ,0.2324 ,-0.5361 ,-12.5853 ,-0.0498 ,5.3169 ,
3.0000 ,5.5770 ,0.0973 ,-8.2467 ,-21.9802 ,-0.7999 ,5.5194 ,
4.0000 ,5.9506 ,0.1699 ,-1.1491 ,0.9612 ,-0.1193 ,5.9494 ,

0.0000 ,0.9706 ,0.1481 ,-22.9076 ,-25.4772 ,-0.3778 ,0.8940 ,
1.0000 ,4.9799 ,1.0000 ,3.8936 ,4.1639 ,0.3382 ,4.9685 ,
2.0000 ,5.1543 ,0.7847 ,2.0835 ,4.8060 ,0.1874 ,5.1509 ,
3.0000 ,5.4493 ,0.2310 ,-14.2808 ,-18.5693 ,-1.3442 ,5.2809 ,
4.0000 ,6.2361 ,0.1161 ,1.4455 ,-12.5834 ,0.1573 ,6.2341 ,
0.0000 ,4.9926 ,0.8405 ,0.0367 ,-0.3210 ,0.0032 ,4.9926 ,
1.0000 ,5.1612 ,0.6802 ,0.4752 ,-2.2402 ,0.0428 ,5.1611 ,
2.0000 ,5.7204 ,0.3441 ,-20.7436 ,-22.6722 ,-2.0261 ,5.3496 ,
3.0000 ,14.4025 ,1.0000 ,-16.9683 ,-15.2236 ,-4.2033 ,13.7755 ,
4.0000 ,14.4916 ,0.3835 ,-17.1897 ,-15.2236 ,-4.2828 ,13.8443 ,
0.0000 ,4.9587 ,1.0000 ,-1.6155 ,-0.9612 ,-0.1398 ,4.9567 ,
1.0000 ,5.1295 ,0.5913 ,-5.0472 ,-2.8811 ,-0.4513 ,5.1096 ,
2.0000 ,5.2507 ,0.4710 ,-1.7999 ,-2.2421 ,-0.1649 ,5.2481 ,
3.0000 ,5.9192 ,0.4622 ,-21.8882 ,-23.3698 ,-2.2067 ,5.4925 ,
4.0000 ,14.0922 ,0.5807 ,-17.5022 ,-16.5529 ,-4.2381 ,13.4398 ,
0.0000 ,5.0378 ,0.3709 ,-4.6762 ,-9.3227 ,-0.4107 ,5.0210 ,
1.0000 ,5.1795 ,0.9455 ,-8.9794 ,-4.1639 ,-0.8084 ,5.1160 ,
2.0000 ,5.3549 ,0.6646 ,-11.8240 ,-2.8829 ,-1.0973 ,5.2413 ,
3.0000 ,14.1502 ,1.0000 ,-15.0553 ,-15.2216 ,-3.6755 ,13.6645 ,
4.0000 ,14.5222 ,0.6684 ,-11.0873 ,-9.9740 ,-2.7927 ,14.2511 ,
0.0000 ,5.1069 ,1.0000 ,-8.2362 ,-9.9721 ,-0.7316 ,5.0543 ,
1.0000 ,5.3528 ,0.7421 ,-8.5462 ,-14.5592 ,-0.7955 ,5.2933 ,
2.0000 ,5.4755 ,0.6607 ,-13.6599 ,-15.2216 ,-1.2931 ,5.3207 ,
3.0000 ,5.7207 ,0.5338 ,-14.5755 ,-17.2219 ,-1.4396 ,5.5366 ,
4.0000 ,6.5092 ,0.5881 ,-2.6111 ,-26.1905 ,-0.2965 ,6.5025 ,
0.0000 ,5.3752 ,0.8638 ,-12.7286 ,-6.0941 ,-1.1843 ,5.2431 ,
1.0000 ,5.4978 ,0.8694 ,-14.1852 ,-8.0275 ,-1.3473 ,5.3301 ,
2.0000 ,5.6260 ,0.8425 ,-14.1050 ,-10.6227 ,-1.3710 ,5.4563 ,
3.0000 ,5.8592 ,0.7373 ,-16.6764 ,-20.6080 ,-1.6814 ,5.6128 ,
4.0000 ,6.4280 ,1.0000 ,-21.5970 ,-9.9740 ,-2.3660 ,5.9768 ,
0.0000 ,0.8713 ,0.4749 ,18.3406 ,-24.7701 ,0.2742 ,0.8270 ,
1.0000 ,0.9713 ,0.6638 ,-22.3846 ,-24.7722 ,-0.3699 ,0.8981 ,
2.0000 ,5.3899 ,1.0000 ,-15.3618 ,-17.3583 ,-1.4279 ,5.1973 ,
3.0000 ,5.5953 ,0.9876 ,-18.5197 ,-15.8861 ,-1.7773 ,5.3056 ,
4.0000 ,6.2214 ,0.6010 ,-18.8100 ,-24.0691 ,-2.0060 ,5.8891 ,
0.0000 ,0.9711 ,0.7104 ,-22.3595 ,-25.4772 ,-0.3694 ,0.8981 ,
1.0000 ,5.6559 ,0.6759 ,-19.1606 ,-2.8811 ,-1.8564 ,5.3426 ,
2.0000 ,5.7867 ,1.0000 ,-17.4056 ,-15.8861 ,-1.7310 ,5.5217 ,
3.0000 ,6.8998 ,0.9240 ,-27.3176 ,-34.3488 ,-3.1665 ,6.1303 ,
4.0000 ,7.0411 ,0.6667 ,-36.0012 ,-35.9144 ,-4.1388 ,5.6963 ,
0.0000 ,0.9712 ,0.8366 ,-22.6893 ,-25.4772 ,-0.3746 ,0.8960 ,
1.0000 ,5.7395 ,0.8180 ,-21.0470 ,-19.2460 ,-2.0612 ,5.3566 ,
2.0000 ,5.8684 ,0.7813 ,-20.8671 ,-6.7383 ,-2.0903 ,5.4834 ,
3.0000 ,6.5331 ,0.8746 ,-25.7249 ,-18.5693 ,-2.8357 ,5.8856 ,
4.0000 ,7.0156 ,1.0000 ,-17.6035 ,-9.9740 ,-2.1217 ,6.6871 ,
0.0000 ,0.8572 ,0.4719 ,16.0335 ,-23.3698 ,0.2368 ,0.8238 ,
1.0000 ,0.9712 ,0.6762 ,-22.7710 ,-24.7722 ,-0.3759 ,0.8955 ,
2.0000 ,6.0779 ,1.0000 ,-24.1185 ,-24.0670 ,-2.4836 ,5.5473 ,
3.0000 ,6.4552 ,0.4662 ,-18.9875 ,-26.9040 ,-2.1003 ,6.1039 ,
4.0000 ,7.1540 ,0.9493 ,-19.5855 ,-24.7722 ,-2.3981 ,6.7401 ,
0.0000 ,0.9720 ,0.7462 ,-22.6893 ,-26.1884 ,-0.3749 ,0.8967 ,
1.0000 ,6.0849 ,0.8036 ,-25.9186 ,-29.8165 ,-2.6597 ,5.4728 ,
2.0000 ,6.1597 ,0.7506 ,-25.9043 ,-29.0813 ,-2.6910 ,5.5408 ,
3.0000 ,6.4642 ,0.5936 ,-28.2715 ,-41.6686 ,-3.0618 ,5.6931 ,
4.0000 ,7.3490 ,1.0000 ,-17.4315 ,-24.0670 ,-2.2015 ,7.0115 ,
0.0000 ,0.9706 ,0.7739 ,-22.4436 ,-24.6165 ,-0.3706 ,0.8971 ,
1.0000 ,6.2826 ,0.6199 ,-26.9334 ,-31.3012 ,-2.8457 ,5.6012 ,
2.0000 ,6.4030 ,0.6703 ,-30.2423 ,-29.0813 ,-3.2249 ,5.5315 ,
3.0000 ,7.4673 ,0.5958 ,-22.6641 ,-26.9040 ,-2.8774 ,6.8907 ,
4.0000 ,7.5360 ,1.0000 ,-22.1667 ,-23.3678 ,-2.8433 ,6.9790 ,
0.0000 ,0.9707 ,0.8614 ,-22.6389 ,-26.1884 ,-0.3736 ,0.8959 ,
1.0000 ,6.4803 ,0.6875 ,-30.5732 ,-30.5549 ,-3.2961 ,5.5794 ,
2.0000 ,6.6294 ,0.8560 ,-28.3863 ,-29.0813 ,-3.1517 ,5.8323 ,
3.0000 ,6.7345 ,0.7537 ,-31.3365 ,-26.1905 ,-3.5023 ,5.7521 ,
4.0000 ,7.7288 ,1.0000 ,-24.1484 ,-25.4792 ,-3.1619 ,7.0525 ,
0.0000 ,0.9711 ,0.8902 ,-22.7527 ,-24.0691 ,-0.3756 ,0.8955 ,
1.0000 ,6.7774 ,0.9736 ,-31.0498 ,-32.0557 ,-3.4956 ,5.8063 ,
2.0000 ,6.8893 ,0.8853 ,-31.1846 ,-31.3034 ,-3.5673 ,5.8938 ,
3.0000 ,6.9962 ,1.0000 ,-31.9085 ,-31.3034 ,-3.6979 ,5.9390 ,
4.0000 ,7.9118 ,0.7993 ,-25.2090 ,-36.7112 ,-3.3698 ,7.1583 ,
0.0000 ,0.8596 ,0.5616 ,16.0201 ,-24.0670 ,0.2372 ,0.8262 ,
1.0000 ,0.9704 ,0.8099 ,-22.8075 ,-23.3698 ,-0.3762 ,0.8945 ,
2.0000 ,7.1184 ,0.5649 ,-33.3921 ,-32.0557 ,-3.9177 ,5.9433 ,
3.0000 ,7.2064 ,1.0000 ,-33.2184 ,-32.0557 ,-3.9479 ,6.0288 ,
4.0000 ,8.1507 ,0.5537 ,-27.1287 ,-38.3231 ,-3.7166 ,7.2540 ,
0.0000 ,0.8578 ,0.4985 ,15.9350 ,-24.7701 ,0.2355 ,0.8249 ,
1.0000 ,0.9704 ,0.7122 ,-22.4983 ,-25.4772 ,-0.3713 ,0.8966 ,
2.0000 ,7.2992 ,1.0000 ,-35.2551 ,-39.9741 ,-4.2132 ,5.9605 ,
3.0000 ,7.3902 ,0.7993 ,-35.5615 ,-36.7112 ,-4.2980 ,6.0119 ,
4.0000 ,8.3090 ,0.7061 ,-28.8333 ,-26.9062 ,-4.0071 ,7.2789 ,
0.0000 ,0.8591 ,0.7112 ,15.5381 ,-22.6742 ,0.2301 ,0.8277 ,
1.0000 ,0.9713 ,1.0000 ,-22.4843 ,-24.0691 ,-0.3714 ,0.8974 ,
2.0000 ,2.8921 ,0.6820 ,-2.8671 ,-8.6764 ,-0.1447 ,2.8884 ,
3.0000 ,7.6024 ,0.8393 ,-37.8070 ,-35.9167 ,-4.6603 ,6.0065 ,
4.0000 ,8.1971 ,0.6639 ,-35.8507 ,-40.8147 ,-4.8009 ,6.6442 ,
0.0000 ,0.8726 ,0.6309 ,18.9383 ,-24.0670 ,0.2832 ,0.8254 ,
1.0000 ,0.9707 ,0.9104 ,-22.7302 ,-25.4772 ,-0.3751 ,0.8953 ,
2.0000 ,1.1283 ,0.5826 ,1.4832 ,-26.1884 ,0.0292 ,1.1279 ,
3.0000 ,7.8647 ,1.0000 ,-37.6184 ,-40.8147 ,-4.8006 ,6.2296 ,
4.0000 ,8.6591 ,0.5830 ,-32.2453 ,-34.3488 ,-4.6200 ,7.3236 ,
0.0000 ,0.8728 ,0.6403 ,19.2939 ,-24.0670 ,0.2884 ,0.8238 ,
1.0000 ,0.9703 ,0.9256 ,-22.3664 ,-23.3698 ,-0.3692 ,0.8973 ,
2.0000 ,2.8903 ,0.5890 ,-2.0394 ,-8.6764 ,-0.1029 ,2.8885 ,
3.0000 ,7.9982 ,1.0000 ,-39.8630 ,-39.9766 ,-5.1265 ,6.1393 ,
4.0000 ,8.1231 ,0.7073 ,-41.3392 ,-38.3255 ,-5.3654 ,6.0989 ,
0.0000 ,0.8585 ,0.6869 ,15.8609 ,-24.0670 ,0.2346 ,0.8258 ,
1.0000 ,0.9705 ,1.0000 ,-22.7823 ,-24.7722 ,-0.3758 ,0.8948 ,
2.0000 ,2.8907 ,0.6693 ,-2.8230 ,-11.9283 ,-0.1424 ,2.8872 ,
3.0000 ,8.2695 ,0.9608 ,-40.0931 ,-47.0426 ,-5.3258 ,6.3261 ,
4.0000 ,8.4141 ,0.7364 ,-42.2885 ,-39.9766 ,-5.6615 ,6.2245 ,
0.0000 ,0.8571 ,0.7033 ,15.7367 ,-22.6742 ,0.2325 ,0.8250 ,
1.0000 ,0.9709 ,1.0000 ,-22.5503 ,-24.0691 ,-0.3723 ,0.8966 ,
2.0000 ,2.8928 ,0.7148 ,-2.8800 ,28.3492 ,-0.1453 ,2.8892 ,
3.0000 ,8.5737 ,0.8351 ,-41.8613 ,-40.8172 ,-5.7215 ,6.3854 ,
4.0000 ,8.6656 ,0.8273 ,-42.2149 ,-39.9766 ,-5.8225 ,6.4180 ,
0.0000 ,0.8718 ,0.7128 ,18.5088 ,-22.6742 ,0.2768 ,0.8267 ,
1.0000 ,0.9713 ,1.0000 ,-22.7371 ,-24.0691 ,-0.3754 ,0.8958 ,
2.0000 ,1.1285 ,0.6075 ,2.1172 ,-26.1884 ,0.0417 ,1.1278 ,
3.0000 ,2.8924 ,0.6189 ,-3.1425 ,28.3492 ,-0.1586 ,2.8880 ,
4.0000 ,8.9273 ,0.6141 ,-43.5990 ,-41.6661 ,-6.1563 ,6.4650 ,
0.0000 ,0.8575 ,0.2822 ,15.6909 ,-24.7701 ,0.2319 ,0.8256 ,
1.0000 ,0.9707 ,0.4256 ,-22.5503 ,-26.1884 ,-0.3723 ,0.8965 ,
2.0000 ,2.8933 ,0.2860 ,-2.9137 ,-8.0275 ,-0.1471 ,2.8895 ,
3.0000 ,9.1022 ,1.0000 ,-42.9071 ,-41.6686 ,-6.1969 ,6.6670 ,
4.0000 ,9.4336 ,0.3436 ,-38.1533 ,-43.4063 ,-5.8277 ,7.4182 ,
0.0000 ,0.8582 ,0.5536 ,16.0943 ,-21.9822 ,0.2379 ,0.8245 ,
1.0000 ,0.9701 ,0.8289 ,-22.7302 ,-23.3698 ,-0.3748 ,0.8948 ,
2.0000 ,1.1279 ,0.5339 ,1.9744 ,-23.3698 ,0.0389 ,1.1272 ,
3.0000 ,2.8898 ,0.5090 ,-3.1971 ,-10.6227 ,-0.1612 ,2.8853 ,
4.0000 ,9.4162 ,1.0000 ,-44.9709 ,-45.1927 ,-6.6549 ,6.6616 ,
0.0000 ,0.8576 ,0.2247 ,15.5232 ,-23.3698 ,0.2295 ,0.8264 ,
1.0000 ,0.9704 ,0.3260 ,-22.5095 ,-26.1884 ,-0.3715 ,0.8965 ,
2.0000 ,2.8947 ,0.2014 ,-3.6031 ,26.9062 ,-0.1819 ,2.8890 ,
3.0000 ,9.7000 ,1.0000 ,-43.5614 ,-44.2940 ,-6.6846 ,7.0290 ,
4.0000 ,9.8247 ,0.3934 ,-44.4952 ,-44.2940 ,-6.8856 ,7.0080 ,

0.0000 ,0.8578 ,0.2542 ,16.2367 ,-24.0670 ,0.2398 ,0.8236 ,
1.0000 ,0.9701 ,0.3718 ,-22.6276 ,-24.0691 ,-0.3732 ,0.8954 ,
2.0000 ,9.9697 ,1.0000 ,-42.2203 ,-43.4037 ,-6.6994 ,7.3832 ,
3.0000 ,10.1423 ,0.4797 ,-40.4920 ,-43.4037 ,-6.5858 ,7.7132 ,
4.0000 ,10.2686 ,0.4260 ,-44.0295 ,-39.9766 ,-7.1370 ,7.3829 ,
0.0000 ,0.8569 ,0.2020 ,15.2072 ,-23.3678 ,0.2248 ,0.8269 ,
1.0000 ,0.9705 ,0.2902 ,-22.5347 ,-25.4772 ,-0.3719 ,0.8964 ,
2.0000 ,10.1419 ,0.4758 ,-41.6282 ,-42.5314 ,-6.7372 ,7.5808 ,
3.0000 ,10.2256 ,1.0000 ,-42.4166 ,-42.5314 ,-6.8973 ,7.5491 ,
4.0000 ,10.5980 ,0.5522 ,-42.0305 ,-43.4037 ,-7.0957 ,7.8721 ,
0.0000 ,0.8579 ,0.4771 ,15.3510 ,-23.3698 ,0.2271 ,0.8273 ,
1.0000 ,0.9706 ,0.6958 ,-22.6867 ,-25.4792 ,-0.3744 ,0.8955 ,
2.0000 ,10.3979 ,1.0000 ,-40.9851 ,-34.3511 ,-6.8196 ,7.8492 ,
3.0000 ,10.5946 ,0.7960 ,-40.4594 ,-38.3231 ,-6.8749 ,8.0611 ,
4.0000 ,10.7516 ,0.7295 ,-38.5653 ,-47.0398 ,-6.7027 ,8.4067 ,
0.0000 ,0.8579 ,0.3781 ,15.3120 ,-25.4772 ,0.2265 ,0.8274 ,
1.0000 ,0.9708 ,0.5309 ,-22.4211 ,-26.1884 ,-0.3703 ,0.8974 ,
2.0000 ,2.8906 ,0.3582 ,-3.3068 ,-8.6745 ,-0.1667 ,2.8858 ,
3.0000 ,10.6714 ,1.0000 ,-41.1053 ,-38.3255 ,-7.0159 ,8.0409 ,
4.0000 ,11.0060 ,0.4098 ,-42.9247 ,-42.5289 ,-7.4955 ,8.0591 ,
0.0000 ,0.8581 ,0.2131 ,15.4991 ,-22.6742 ,0.2293 ,0.8269 ,
1.0000 ,0.9706 ,0.2948 ,-22.5347 ,-24.7722 ,-0.3720 ,0.8965 ,
2.0000 ,2.8913 ,0.2110 ,-3.9313 ,28.3492 ,-0.1982 ,2.8845 ,
3.0000 ,10.8633 ,1.0000 ,-39.1424 ,-42.5289 ,-6.8575 ,8.4254 ,
4.0000 ,11.1507 ,0.2179 ,-40.8716 ,-41.6661 ,-7.2966 ,8.4319 ,
0.0000 ,0.8585 ,0.3773 ,15.6734 ,-24.0691 ,0.2319 ,0.8265 ,
1.0000 ,0.9707 ,0.5093 ,-22.5616 ,-25.4792 ,-0.3724 ,0.8964 ,
2.0000 ,1.1267 ,0.3278 ,1.3276 ,-26.9040 ,0.0261 ,1.1264 ,
3.0000 ,2.8913 ,0.3566 ,-2.2392 ,-8.6764 ,-0.1130 ,2.8891 ,
4.0000 ,11.0788 ,1.0000 ,-39.1827 ,-39.1462 ,-6.9995 ,8.5875 ,
0.0000 ,0.8596 ,0.5520 ,16.1712 ,-22.6742 ,0.2394 ,0.8256 ,
1.0000 ,0.9705 ,0.7890 ,-22.4575 ,-24.7701 ,-0.3707 ,0.8969 ,
2.0000 ,2.8919 ,0.4993 ,-3.1931 ,-7.1267 ,-0.1611 ,2.8874 ,
3.0000 ,11.2206 ,1.0000 ,-37.9589 ,-37.5140 ,-6.9017 ,8.8469 ,
4.0000 ,11.5469 ,0.4958 ,-42.3710 ,-45.1927 ,-7.7818 ,8.5308 ,
0.0000 ,0.8729 ,0.6973 ,18.4842 ,-22.6742 ,0.2767 ,0.8278 ,
1.0000 ,0.9702 ,1.0000 ,-22.5573 ,-26.1884 ,-0.3722 ,0.8960 ,
2.0000 ,1.1302 ,0.6161 ,1.6532 ,-25.9534 ,0.0326 ,1.1297 ,
3.0000 ,2.8941 ,0.7167 ,-1.3236 ,-8.6745 ,-0.0668 ,2.8933 ,
4.0000 ,11.4862 ,0.8316 ,-37.1514 ,-36.7089 ,-6.9368 ,9.1550 ,
0.0000 ,0.8578 ,0.7088 ,16.2517 ,-22.6742 ,0.2401 ,0.8235 ,
1.0000 ,0.9715 ,1.0000 ,-22.3803 ,-23.3698 ,-0.3699 ,0.8983 ,
2.0000 ,1.0617 ,0.6201 ,13.2564 ,-24.7722 ,0.2434 ,1.0334 ,
3.0000 ,2.8921 ,0.7080 ,-1.5689 ,-10.6246 ,-0.0792 ,2.8910 ,
4.0000 ,3.2258 ,0.5416 ,-17.2493 ,-8.6764 ,-0.9565 ,3.0807 ,
0.0000 ,0.9710 ,1.0000 ,-22.5573 ,-24.7701 ,-0.3725 ,0.8967 ,
1.0000 ,1.1292 ,0.6040 ,0.3662 ,-23.3698 ,0.0072 ,1.1292 ,
2.0000 ,2.8917 ,0.7434 ,-2.8632 ,-13.8988 ,-0.1444 ,2.8880 ,
3.0000 ,11.7562 ,0.8870 ,-38.5387 ,-37.5140 ,-7.3246 ,9.1955 ,
4.0000 ,11.8763 ,0.5614 ,-37.3356 ,-36.7112 ,-7.2028 ,9.4428 ,
0.0000 ,0.9700 ,1.0000 ,-22.9877 ,-25.4772 ,-0.3788 ,0.8930 ,
1.0000 ,1.1284 ,0.6275 ,1.1620 ,-24.0691 ,0.0229 ,1.1282 ,
2.0000 ,2.2913 ,0.5206 ,21.0608 ,24.7701 ,0.8234 ,2.1382 ,
3.0000 ,2.8909 ,0.6546 ,-2.5249 ,-11.2748 ,-0.1274 ,2.8881 ,
4.0000 ,12.1203 ,0.5998 ,-37.2802 ,-39.9741 ,-7.3414 ,9.6439 ,
0.0000 ,0.8584 ,0.7041 ,15.3120 ,-23.3698 ,0.2267 ,0.8279 ,
1.0000 ,0.9714 ,1.0000 ,-23.0216 ,-26.1884 ,-0.3799 ,0.8940 ,
2.0000 ,1.1292 ,0.5948 ,1.0569 ,-24.7722 ,0.0208 ,1.1290 ,
3.0000 ,2.8920 ,0.6596 ,-3.3380 ,-11.2748 ,-0.1684 ,2.8871 ,
4.0000 ,12.1050 ,0.6248 ,-36.2374 ,-35.9144 ,-7.1556 ,9.7636 ,
0.0000 ,0.8584 ,0.7146 ,15.9809 ,-25.4772 ,0.2363 ,0.8252 ,
1.0000 ,0.9703 ,1.0000 ,-23.0900 ,-26.9040 ,-0.3805 ,0.8925 ,
2.0000 ,1.1274 ,0.6344 ,0.8052 ,-26.9040 ,0.0158 ,1.1272 ,
3.0000 ,2.8927 ,0.6827 ,-3.4199 ,-15.2216 ,-0.1726 ,2.8875 ,
4.0000 ,3.3003 ,0.5608 ,-0.0872 ,-6.7383 ,-0.0050 ,3.3003 ,
0.0000 ,0.9707 ,1.0000 ,-22.1036 ,-25.4792 ,-0.3653 ,0.8994 ,
1.0000 ,1.1285 ,0.6483 ,1.7414 ,-25.4772 ,0.0343 ,1.1280 ,
2.0000 ,2.1669 ,0.5235 ,25.6946 ,21.2914 ,0.9395 ,1.9526 ,
3.0000 ,2.2910 ,0.5114 ,21.4074 ,22.6722 ,0.8362 ,2.1330 ,
4.0000 ,2.8935 ,0.6312 ,-3.7084 ,24.7701 ,-0.1871 ,2.8875 ,
0.0000 ,0.8724 ,0.6868 ,18.1966 ,-25.4772 ,0.2724 ,0.8288 ,
1.0000 ,0.9706 ,1.0000 ,-22.4549 ,-26.9040 ,-0.3707 ,0.8970 ,
2.0000 ,1.1272 ,0.6213 ,-0.2339 ,-26.9040 ,-0.0046 ,1.1272 ,
3.0000 ,2.8935 ,0.6259 ,-4.0342 ,-9.9721 ,-0.2036 ,2.8864 ,
4.0000 ,12.7733 ,0.5950 ,-36.1024 ,-29.0813 ,-7.5264 ,10.3204 ,
0.0000 ,0.8594 ,0.7134 ,15.8959 ,-24.0670 ,0.2354 ,0.8265 ,
1.0000 ,0.9709 ,1.0000 ,-22.8963 ,-24.0691 ,-0.3777 ,0.8944 ,
2.0000 ,1.1301 ,0.6072 ,1.8713 ,-24.0691 ,0.0369 ,1.1295 ,
3.0000 ,2.8921 ,0.6813 ,-2.3924 ,-10.6227 ,-0.1207 ,2.8895 ,
4.0000 ,13.9843 ,0.5904 ,-34.9444 ,-32.0534 ,-8.0100 ,11.4631 ,
0.0000 ,0.8577 ,0.7070 ,15.6842 ,-24.7701 ,0.2319 ,0.8258 ,
1.0000 ,0.9714 ,1.0000 ,-22.6415 ,-25.4772 ,-0.3739 ,0.8965 ,
2.0000 ,1.1299 ,0.5882 ,1.0465 ,-24.0691 ,0.0206 ,1.1297 ,
3.0000 ,2.8900 ,0.6941 ,-2.4470 ,-10.6246 ,-0.1234 ,2.8874 ,
4.0000 ,13.1175 ,0.7204 ,-32.7305 ,-30.5549 ,-7.0925 ,11.0348 ,
0.0000 ,0.8726 ,0.7065 ,19.0808 ,-23.3698 ,0.2852 ,0.8246 ,
1.0000 ,0.9712 ,1.0000 ,-22.7371 ,-25.4772 ,-0.3754 ,0.8957 ,
2.0000 ,1.1284 ,0.5980 ,1.4014 ,-23.3698 ,0.0276 ,1.1281 ,
3.0000 ,2.8923 ,0.6713 ,-1.4936 ,-11.9283 ,-0.0754 ,2.8913 ,
4.0000 ,15.4206 ,0.5970 ,-23.5152 ,-22.1143 ,-6.1527 ,14.1400 ,
0.0000 ,0.8578 ,0.6585 ,15.2878 ,-23.3698 ,0.2262 ,0.8275 ,
1.0000 ,0.9699 ,1.0000 ,-23.0421 ,-25.4772 ,-0.3796 ,0.8925 ,
2.0000 ,2.8914 ,0.6392 ,-2.8086 ,-9.9721 ,-0.1417 ,2.8879 ,
3.0000 ,14.9220 ,0.7039 ,-82.1485 ,-21.9822 ,-14.7821 ,2.0384 ,
4.0000 ,15.4350 ,0.7777 ,-22.6050 ,-22.6742 ,-5.9329 ,14.2492 ,
0.0000 ,0.8576 ,0.7045 ,15.7542 ,-24.0670 ,0.2329 ,0.8254 ,
1.0000 ,0.9696 ,1.0000 ,-22.6233 ,-25.4772 ,-0.3730 ,0.8950 ,
2.0000 ,2.8916 ,0.6695 ,-2.2159 ,-10.6227 ,-0.1118 ,2.8894 ,
3.0000 ,14.6496 ,0.6419 ,-33.5430 ,-25.4772 ,-8.0948 ,12.2101 ,
4.0000 ,14.9090 ,0.9506 ,-23.0787 ,-21.9822 ,-5.8443 ,13.7158 ,
0.0000 ,0.8566 ,0.6870 ,16.0551 ,-24.7701 ,0.2369 ,0.8232 ,
1.0000 ,0.9713 ,1.0000 ,-22.8301 ,-24.0691 ,-0.3769 ,0.8952 ,
2.0000 ,1.1280 ,0.6374 ,1.2205 ,-24.0691 ,0.0240 ,1.1278 ,
3.0000 ,2.8908 ,0.6652 ,-2.0627 ,-11.2767 ,-0.1040 ,2.8889 ,
4.0000 ,14.8589 ,0.9414 ,-21.1845 ,-23.3698 ,-5.3696 ,13.8548 ,
0.0000 ,0.8601 ,0.7206 ,16.1294 ,-22.6742 ,0.2389 ,0.8262 ,
1.0000 ,0.9709 ,1.0000 ,-22.9737 ,-25.4772 ,-0.3790 ,0.8939 ,
2.0000 ,1.1289 ,0.6289 ,1.8192 ,-24.0691 ,0.0358 ,1.1283 ,
3.0000 ,2.8922 ,0.6695 ,-1.3845 ,-6.7383 ,-0.0699 ,2.8914 ,
4.0000 ,14.9136 ,0.6781 ,-23.5335 ,-21.2935 ,-5.9548 ,13.6732 ,
0.0000 ,0.8570 ,0.6888 ,15.3094 ,-24.0670 ,0.2263 ,0.8266 ,
1.0000 ,0.9703 ,1.0000 ,-22.3621 ,-24.9244 ,-0.3692 ,0.8974 ,
2.0000 ,1.1297 ,0.6133 ,2.2705 ,-26.1884 ,0.0448 ,1.1289 ,
3.0000 ,2.8903 ,0.6422 ,-2.4197 ,-9.9721 ,-0.1220 ,2.8877 ,
4.0000 ,14.0784 ,0.5659 ,-25.4689 ,-25.4792 ,-6.0540 ,12.7103 ,
0.0000 ,0.8595 ,0.7232 ,15.9201 ,-23.3698 ,0.2358 ,0.8265 ,
1.0000 ,0.9707 ,1.0000 ,-23.1197 ,-24.7722 ,-0.3811 ,0.8927 ,
2.0000 ,1.1290 ,0.6356 ,2.2263 ,-25.4772 ,0.0439 ,1.1281 ,
3.0000 ,2.8935 ,0.6885 ,-2.1004 ,-11.2748 ,-0.1060 ,2.8916 ,
4.0000 ,14.7561 ,0.7130 ,-20.6228 ,-20.6080 ,-5.1973 ,13.8106 ,
0.0000 ,0.8578 ,0.7200 ,15.5057 ,-24.0670 ,0.2293 ,0.8265 ,
1.0000 ,0.9701 ,1.0000 ,-22.3257 ,-25.4772 ,-0.3685 ,0.8973 ,
2.0000 ,1.1285 ,0.6345 ,0.6412 ,-24.0691 ,0.0126 ,1.1284 ,
3.0000 ,2.8914 ,0.6613 ,-1.6195 ,-12.9729 ,-0.0817 ,2.8903 ,
4.0000 ,14.1756 ,0.5879 ,-25.3295 ,-22.6742 ,-6.0647 ,12.8128 ,

0.0000 ,0.8724 ,0.7166 ,18.7964 ,-21.9822 ,0.2811 ,0.8259 ,
1.0000 ,0.9706 ,1.0000 ,-22.8006 ,-24.7701 ,-0.3761 ,0.8948 ,
2.0000 ,1.1277 ,0.6381 ,1.2963 ,-25.4772 ,0.0255 ,1.1274 ,
3.0000 ,2.8932 ,0.7015 ,-3.6786 ,-8.6764 ,-0.1856 ,2.8872 ,
4.0000 ,3.0451 ,0.5609 ,-9.8749 ,-10.6227 ,-0.5222 ,3.0000 ,
0.0000 ,0.8569 ,0.6999 ,15.7651 ,-23.3698 ,0.2328 ,0.8247 ,
1.0000 ,0.9705 ,1.0000 ,-22.8301 ,-26.1884 ,-0.3765 ,0.8944 ,
2.0000 ,2.8941 ,0.6723 ,-3.2666 ,-14.5592 ,-0.1649 ,2.8894 ,
3.0000 ,13.9737 ,0.6725 ,-24.6462 ,-25.4772 ,-5.8272 ,12.7007 ,
4.0000 ,14.6025 ,0.6951 ,-17.4954 ,-17.2239 ,-4.3899 ,13.9270 ,
0.0000 ,0.8580 ,0.6787 ,15.4533 ,-26.1884 ,0.2286 ,0.8270 ,
1.0000 ,0.9714 ,1.0000 ,-22.7823 ,-25.4792 ,-0.3762 ,0.8956 ,
2.0000 ,1.1285 ,0.5870 ,1.4430 ,-26.9040 ,0.0284 ,1.1282 ,
3.0000 ,2.8908 ,0.6383 ,-3.7670 ,-10.6227 ,-0.1899 ,2.8845 ,
4.0000 ,14.1033 ,0.7139 ,-24.1028 ,-21.9822 ,-5.7594 ,12.8737 ,
0.0000 ,0.8579 ,0.7104 ,16.3678 ,-24.0670 ,0.2418 ,0.8232 ,
1.0000 ,0.9717 ,1.0000 ,-22.4141 ,-25.4772 ,-0.3705 ,0.8983 ,
2.0000 ,2.8929 ,0.7101 ,-3.4328 ,20.6080 ,-0.1732 ,2.8877 ,
3.0000 ,14.0844 ,0.9681 ,-22.8145 ,-26.1905 ,-5.4612 ,12.9825 ,
4.0000 ,14.5026 ,0.8622 ,-16.4030 ,-16.5548 ,-4.0954 ,13.9124 ,
0.0000 ,0.9706 ,0.9808 ,-22.6093 ,-24.0691 ,-0.3731 ,0.8960 ,
1.0000 ,2.8920 ,0.6479 ,-4.7647 ,-9.9740 ,-0.2402 ,2.8820 ,
2.0000 ,14.1527 ,1.0000 ,-21.8140 ,-23.3678 ,-5.2591 ,13.1393 ,
3.0000 ,14.3297 ,0.9044 ,-24.7362 ,-6.7383 ,-5.9961 ,13.0148 ,
4.0000 ,14.4650 ,0.9097 ,-12.0731 ,-6.7383 ,-3.0255 ,14.1450 ,
0.0000 ,0.8578 ,0.6619 ,16.4205 ,-25.4772 ,0.2425 ,0.8228 ,
1.0000 ,0.9711 ,0.9306 ,-22.8919 ,-26.1884 ,-0.3778 ,0.8946 ,
2.0000 ,14.0580 ,0.7065 ,-21.0762 ,-19.2441 ,-5.0554 ,13.1176 ,
3.0000 ,14.1543 ,0.9198 ,-19.3406 ,-12.5853 ,-4.6877 ,13.3555 ,
4.0000 ,14.4764 ,1.0000 ,-13.1353 ,-15.2236 ,-3.2898 ,14.0976 ,
0.0000 ,0.8564 ,0.1647 ,14.2502 ,-24.7701 ,0.2108 ,0.8301 ,
1.0000 ,0.9710 ,0.2357 ,-21.8952 ,-25.4772 ,-0.3621 ,0.9010 ,
2.0000 ,2.8923 ,0.1576 ,-2.5983 ,-13.9007 ,-0.1311 ,2.8894 ,
3.0000 ,14.0875 ,1.0000 ,-19.4094 ,-19.2441 ,-4.6815 ,13.2869 ,
4.0000 ,14.3484 ,0.3049 ,-14.8076 ,-15.8881 ,-3.6671 ,13.8718 ,
0.0000 ,0.8726 ,0.2540 ,19.1029 ,-24.0670 ,0.2856 ,0.8246 ,
1.0000 ,0.9712 ,0.3545 ,-22.4800 ,-24.0691 ,-0.3714 ,0.8974 ,
2.0000 ,2.8924 ,0.2570 ,-2.9554 ,-15.2236 ,-0.1491 ,2.8885 ,
3.0000 ,14.1325 ,1.0000 ,-17.0932 ,-17.8934 ,-4.1539 ,13.5082 ,
4.0000 ,14.3513 ,0.6480 ,-16.1428 ,-18.5674 ,-3.9901 ,13.7855 ,
0.0000 ,0.9715 ,0.2958 ,-22.7710 ,-25.4772 ,-0.3760 ,0.8958 ,
1.0000 ,2.8933 ,0.2137 ,-3.3653 ,-9.9740 ,-0.1698 ,2.8884 ,
2.0000 ,14.1362 ,1.0000 ,-15.3726 ,-6.7364 ,-3.7474 ,13.6304 ,
3.0000 ,14.3247 ,0.6206 ,-8.5292 ,-4.8079 ,-2.1245 ,14.1662 ,
4.0000 ,14.6469 ,0.4164 ,-8.0159 ,-9.3246 ,-2.0425 ,14.5038 ,
0.0000 ,0.8574 ,0.1436 ,16.1645 ,-24.7701 ,0.2387 ,0.8235 ,
1.0000 ,0.9706 ,0.2106 ,-22.4393 ,-25.4772 ,-0.3705 ,0.8971 ,
2.0000 ,14.1370 ,1.0000 ,-13.6640 ,-10.9025 ,-3.3396 ,13.7369 ,
3.0000 ,14.3081 ,0.2430 ,-5.8356 ,-11.2767 ,-1.4548 ,14.2340 ,
4.0000 ,14.5838 ,0.1473 ,-4.2826 ,0.3210 ,-1.0891 ,14.5431 ,
0.0000 ,0.9712 ,0.3615 ,-22.8258 ,-24.0691 ,-0.3767 ,0.8951 ,
1.0000 ,14.0897 ,1.0000 ,-12.3220 ,-5.4488 ,-3.0068 ,13.7652 ,
2.0000 ,14.1969 ,0.4068 ,-11.1388 ,-11.9283 ,-2.7427 ,13.9295 ,
3.0000 ,14.2771 ,0.6411 ,-8.3213 ,-11.9283 ,-2.0662 ,14.1268 ,
4.0000 ,14.6220 ,0.3027 ,-3.9080 ,-6.0922 ,-0.9966 ,14.5880 ,
0.0000 ,0.8579 ,0.2318 ,15.6318 ,-24.0670 ,0.2312 ,0.8261 ,
1.0000 ,0.9707 ,0.3252 ,-22.1217 ,-23.3698 ,-0.3655 ,0.8992 ,
2.0000 ,14.1540 ,0.5315 ,-10.8330 ,-10.6246 ,-2.6602 ,13.9017 ,
3.0000 ,14.3042 ,1.0000 ,-11.3849 ,-11.2767 ,-2.8236 ,14.0227 ,
4.0000 ,14.6416 ,0.3269 ,-3.2730 ,-2.8829 ,-0.8359 ,14.6177 ,
0.0000 ,0.8574 ,0.1317 ,16.1010 ,-24.7701 ,0.2378 ,0.8238 ,
1.0000 ,0.9701 ,0.1923 ,-23.1014 ,-26.1884 ,-0.3806 ,0.8923 ,
2.0000 ,14.0867 ,1.0000 ,-11.7470 ,-11.2748 ,-2.8679 ,13.7917 ,
3.0000 ,14.2079 ,0.1598 ,-11.9313 ,-11.9283 ,-2.9373 ,13.9009 ,
4.0000 ,14.3506 ,0.3516 ,-8.4846 ,-10.6246 ,-2.1173 ,14.1936 ,
0.0000 ,0.8730 ,0.4614 ,19.3516 ,-23.3698 ,0.2893 ,0.8236 ,
1.0000 ,0.9700 ,0.6387 ,-23.0491 ,-24.7722 ,-0.3798 ,0.8925 ,
2.0000 ,2.8935 ,0.4195 ,-1.7751 ,24.7722 ,-0.0896 ,2.8921 ,
3.0000 ,14.1281 ,1.0000 ,-9.8473 ,-10.6246 ,-2.4162 ,13.9199 ,
4.0000 ,14.3762 ,0.6811 ,-10.5083 ,-0.3210 ,-2.6219 ,14.1351 ,
0.0000 ,0.8576 ,0.4022 ,16.2367 ,-24.7701 ,0.2398 ,0.8234 ,
1.0000 ,0.9709 ,0.5660 ,-22.7527 ,-25.4772 ,-0.3755 ,0.8953 ,
2.0000 ,1.1301 ,0.3294 ,0.9246 ,-25.4772 ,0.0182 ,1.1299 ,
3.0000 ,2.8938 ,0.3499 ,-4.1901 ,-10.6246 ,-0.2114 ,2.8861 ,
4.0000 ,14.1409 ,1.0000 ,-9.8644 ,-8.6764 ,-2.4226 ,13.9318 ,
0.0000 ,0.9704 ,0.9613 ,-22.5026 ,-26.1884 ,-0.3714 ,0.8965 ,
1.0000 ,14.1390 ,1.0000 ,-9.3086 ,-10.6246 ,-2.2870 ,13.9528 ,
2.0000 ,14.3007 ,0.6979 ,-7.3699 ,-9.3246 ,-1.8344 ,14.1826 ,
3.0000 ,14.4045 ,0.8412 ,-8.1876 ,-9.9721 ,-2.0514 ,14.2577 ,
4.0000 ,14.4939 ,0.6861 ,1.7687 ,-9.9740 ,0.4473 ,14.4870 ,
0.0000 ,0.9707 ,1.0000 ,-22.8737 ,-24.7722 ,-0.3773 ,0.8944 ,
1.0000 ,14.2573 ,0.7702 ,-7.2066 ,-9.9740 ,-1.7885 ,14.1446 ,
2.0000 ,14.4105 ,0.9536 ,-8.2597 ,3.5222 ,-2.0702 ,14.2610 ,
3.0000 ,14.5873 ,0.9355 ,1.2205 ,-12.5853 ,0.3107 ,14.5840 ,
4.0000 ,14.9941 ,0.8018 ,3.4810 ,8.6745 ,0.9104 ,14.9665 ,
0.0000 ,0.8567 ,0.3267 ,15.4492 ,-23.3698 ,0.2282 ,0.8258 ,
1.0000 ,0.9700 ,0.4604 ,-22.7232 ,-24.7722 ,-0.3747 ,0.8947 ,
2.0000 ,14.2298 ,0.4432 ,-6.8831 ,-5.4507 ,-1.7053 ,14.1272 ,
3.0000 ,14.4432 ,1.0000 ,-5.6459 ,-4.8079 ,-1.4209 ,14.3731 ,
4.0000 ,15.0913 ,0.3506 ,2.6087 ,2.8811 ,0.6869 ,15.0756 ,
0.0000 ,0.8578 ,0.6459 ,15.0901 ,-22.6742 ,0.2233 ,0.8282 ,
1.0000 ,0.9701 ,0.9226 ,-22.8484 ,-25.4772 ,-0.3767 ,0.8939 ,
2.0000 ,14.2882 ,0.7371 ,-5.5951 ,-4.1658 ,-1.3931 ,14.2201 ,
3.0000 ,14.4805 ,1.0000 ,-2.7515 ,-4.8060 ,-0.6951 ,14.4639 ,
4.0000 ,15.2007 ,0.9254 ,3.9924 ,2.8811 ,1.0583 ,15.1638 ,
0.0000 ,0.8590 ,0.6331 ,15.9768 ,-22.6742 ,0.2364 ,0.8258 ,
1.0000 ,0.9706 ,0.9180 ,-22.9990 ,-25.4772 ,-0.3792 ,0.8935 ,
2.0000 ,2.8941 ,0.5958 ,-3.4770 ,-9.9740 ,-0.1755 ,2.8888 ,
3.0000 ,14.2925 ,1.0000 ,-3.5108 ,-5.4488 ,-0.8752 ,14.2656 ,
4.0000 ,14.3979 ,0.5945 ,-4.8090 ,-3.5241 ,-1.2070 ,14.3472 ,
0.0000 ,0.8592 ,0.5469 ,16.5668 ,-23.3698 ,0.2450 ,0.8235 ,
1.0000 ,0.9705 ,0.7832 ,-22.9215 ,-24.0691 ,-0.3780 ,0.8939 ,
2.0000 ,2.8917 ,0.5381 ,-3.1529 ,-8.0275 ,-0.1590 ,2.8873 ,
3.0000 ,14.3921 ,0.8622 ,-2.0081 ,-8.6745 ,-0.5043 ,14.3833 ,
4.0000 ,14.6073 ,1.0000 ,-0.2948 ,-0.9612 ,-0.0752 ,14.6071 ,
0.0000 ,0.8577 ,0.6687 ,15.3793 ,-24.7701 ,0.2275 ,0.8270 ,
1.0000 ,0.9711 ,1.0000 ,-22.8919 ,-24.7722 ,-0.3778 ,0.8947 ,
2.0000 ,1.1289 ,0.6128 ,2.5313 ,-24.7722 ,0.0499 ,1.1278 ,
3.0000 ,2.8941 ,0.6273 ,-2.7074 ,-11.2748 ,-0.1367 ,2.8909 ,
4.0000 ,14.4967 ,0.7048 ,-0.5361 ,-0.3210 ,-0.1356 ,14.4961 ,
0.0000 ,0.8583 ,0.6043 ,15.9350 ,-24.0691 ,0.2356 ,0.8253 ,
1.0000 ,0.9708 ,0.8347 ,-23.1083 ,-24.0691 ,-0.3810 ,0.8929 ,
2.0000 ,14.4760 ,0.6456 ,0.1417 ,-1.5997 ,0.0358 ,14.4760 ,
3.0000 ,14.6492 ,0.5684 ,0.0158 ,0.3192 ,0.0041 ,14.6492 ,
4.0000 ,14.7987 ,1.0000 ,1.5040 ,0.3132 ,0.3884 ,14.7936 ,
0.0000 ,0.8576 ,0.3167 ,15.4641 ,-24.7701 ,0.2287 ,0.8265 ,
1.0000 ,0.9702 ,0.4677 ,-23.2776 ,-26.1884 ,-0.3834 ,0.8913 ,
2.0000 ,2.8939 ,0.3165 ,-3.4666 ,22.6742 ,-0.1750 ,2.8886 ,
3.0000 ,14.5471 ,0.3088 ,-0.5867 ,2.2402 ,-0.1490 ,14.5464 ,
4.0000 ,14.9052 ,1.0000 ,2.2769 ,3.5222 ,0.5922 ,14.8934 ,
0.0000 ,0.8720 ,0.4581 ,19.1317 ,-23.3698 ,0.2858 ,0.8239 ,
1.0000 ,0.9706 ,0.6472 ,-22.6528 ,-24.0691 ,-0.3738 ,0.8957 ,
2.0000 ,2.8919 ,0.4361 ,-2.3716 ,-11.2767 ,-0.1197 ,2.8894 ,
3.0000 ,14.6420 ,0.4244 ,2.3652 ,4.1639 ,0.6042 ,14.6296 ,
4.0000 ,15.0296 ,1.0000 ,2.4807 ,2.2421 ,0.6505 ,15.0155 ,

0.0000 ,0.9704 ,1.0000 ,-22.7345 ,-25.4772 ,-0.3750 ,0.8950 ,
1.0000 ,1.1285 ,0.6394 ,1.2542 ,-24.0691 ,0.0247 ,1.1282 ,
2.0000 ,2.8922 ,0.6695 ,-3.2834 ,-12.0516 ,-0.1657 ,2.8874 ,
3.0000 ,14.8509 ,0.6120 ,1.9511 ,0.3210 ,0.5056 ,14.8423 ,
4.0000 ,15.1432 ,0.5771 ,6.1564 ,1.6016 ,1.6240 ,15.0559 ,
0.0000 ,0.8574 ,0.7477 ,15.8542 ,-24.7701 ,0.2342 ,0.8248 ,
1.0000 ,0.9705 ,1.0000 ,-22.8145 ,-24.0691 ,-0.3763 ,0.8946 ,
2.0000 ,1.1279 ,0.6386 ,0.9013 ,-24.0691 ,0.0177 ,1.1278 ,
3.0000 ,2.8915 ,0.6445 ,-3.4706 ,-6.7364 ,-0.1750 ,2.8862 ,
4.0000 ,3.0310 ,0.5769 ,-7.6788 ,-6.7364 ,-0.4050 ,3.0038 ,
0.0000 ,0.8589 ,0.7095 ,15.2247 ,-22.6742 ,0.2255 ,0.8287 ,
1.0000 ,0.9705 ,1.0000 ,-22.5460 ,-25.4772 ,-0.3721 ,0.8964 ,
2.0000 ,1.1281 ,0.6111 ,1.0674 ,-26.1884 ,0.0210 ,1.1279 ,
3.0000 ,2.8915 ,0.6662 ,-2.3691 ,-11.2767 ,-0.1195 ,2.8891 ,
4.0000 ,16.2810 ,0.8093 ,4.1355 ,6.0941 ,1.1741 ,16.2386 ,
0.0000 ,0.8581 ,0.7365 ,16.0226 ,-23.3698 ,0.2369 ,0.8248 ,
1.0000 ,0.9704 ,1.0000 ,-23.2706 ,-26.1884 ,-0.3834 ,0.8914 ,
2.0000 ,1.1295 ,0.6147 ,1.7727 ,-26.1884 ,0.0349 ,1.1289 ,
3.0000 ,2.8914 ,0.6724 ,-2.8503 ,-9.3246 ,-0.1438 ,2.8879 ,
4.0000 ,15.1545 ,0.6714 ,4.6787 ,6.0922 ,1.2361 ,15.1040 ,
0.0000 ,0.8578 ,0.7013 ,15.0486 ,-23.3678 ,0.2227 ,0.8284 ,
1.0000 ,0.9706 ,1.0000 ,-22.9511 ,-24.7701 ,-0.3785 ,0.8937 ,
2.0000 ,1.1285 ,0.6122 ,1.8505 ,-25.4772 ,0.0364 ,1.1279 ,
3.0000 ,2.8910 ,0.7011 ,-2.5814 ,-6.0941 ,-0.1302 ,2.8880 ,
4.0000 ,3.0452 ,0.5238 ,-9.9881 ,-11.2767 ,-0.5282 ,2.9991 ,
0.0000 ,0.8582 ,0.7274 ,15.5099 ,-24.7701 ,0.2295 ,0.8269 ,
1.0000 ,0.9709 ,1.0000 ,-22.9990 ,-26.1884 ,-0.3793 ,0.8937 ,
2.0000 ,1.1286 ,0.6013 ,0.8156 ,-24.0691 ,0.0161 ,1.1285 ,
3.0000 ,2.2915 ,0.5506 ,21.8140 ,19.2460 ,0.8515 ,2.1275 ,
4.0000 ,2.8915 ,0.6530 ,-3.3718 ,-12.5853 ,-0.1701 ,2.8865 ,
0.0000 ,0.8554 ,0.7197 ,15.1158 ,-24.0670 ,0.2231 ,0.8258 ,
1.0000 ,0.9703 ,1.0000 ,-22.6571 ,-24.0691 ,-0.3738 ,0.8955 ,
2.0000 ,1.1289 ,0.6269 ,0.3325 ,-24.0691 ,0.0066 ,1.1289 ,
3.0000 ,2.8931 ,0.6740 ,-2.9619 ,-9.9740 ,-0.1495 ,2.8892 ,
4.0000 ,3.2438 ,0.5220 ,-16.6873 ,-11.1090 ,-0.9315 ,3.1072 ,
0.0000 ,0.8724 ,0.6679 ,18.6703 ,-21.9822 ,0.2793 ,0.8265 ,
1.0000 ,0.9705 ,1.0000 ,-23.0265 ,-24.7701 ,-0.3796 ,0.8932 ,
2.0000 ,1.1280 ,0.6348 ,0.7611 ,-24.0691 ,0.0150 ,1.1279 ,
3.0000 ,2.8941 ,0.6385 ,-3.8136 ,-7.3834 ,-0.1925 ,2.8877 ,
4.0000 ,3.0434 ,0.5358 ,-10.4977 ,-8.6764 ,-0.5545 ,2.9925 ,
0.0000 ,0.8729 ,0.6815 ,19.6191 ,-24.0670 ,0.2931 ,0.8223 ,
1.0000 ,0.9703 ,1.0000 ,-21.9945 ,-24.7701 ,-0.3634 ,0.8997 ,
2.0000 ,1.1278 ,0.5996 ,1.8738 ,-24.7701 ,0.0369 ,1.1272 ,
3.0000 ,2.1619 ,0.5340 ,23.5519 ,21.2935 ,0.8639 ,1.9818 ,
4.0000 ,2.8944 ,0.6008 ,-2.5814 ,-8.6745 ,-0.1304 ,2.8915 ,
0.0000 ,0.8571 ,0.6924 ,16.0794 ,-24.0670 ,0.2374 ,0.8236 ,
1.0000 ,0.9707 ,1.0000 ,-22.6571 ,-24.0691 ,-0.3739 ,0.8958 ,
2.0000 ,1.1271 ,0.6184 ,1.1452 ,-25.4772 ,0.0225 ,1.1268 ,
3.0000 ,2.1597 ,0.5113 ,22.9145 ,21.0280 ,0.8409 ,1.9893 ,
4.0000 ,2.8905 ,0.6196 ,-2.9410 ,-8.6764 ,-0.1483 ,2.8867 ,
0.0000 ,0.8571 ,0.6873 ,15.1184 ,-23.3698 ,0.2235 ,0.8274 ,
1.0000 ,0.9700 ,1.0000 ,-22.9076 ,-24.7722 ,-0.3776 ,0.8935 ,
2.0000 ,1.1281 ,0.6201 ,0.9078 ,-24.0691 ,0.0179 ,1.1279 ,
3.0000 ,2.8914 ,0.7016 ,-1.4599 ,-8.0294 ,-0.0737 ,2.8905 ,
4.0000 ,3.0437 ,0.5592 ,-7.9964 ,-7.3815 ,-0.4234 ,3.0141 ,
0.0000 ,0.9711 ,1.0000 ,-22.6458 ,-26.1905 ,-0.3739 ,0.8962 ,
1.0000 ,1.1285 ,0.6184 ,1.5754 ,-26.1884 ,0.0310 ,1.1281 ,
2.0000 ,2.1652 ,0.5139 ,24.9147 ,21.2914 ,0.9121 ,1.9637 ,
3.0000 ,2.2873 ,0.5141 ,20.2442 ,21.9802 ,0.7914 ,2.1460 ,
4.0000 ,2.8925 ,0.6541 ,-2.9113 ,-9.9721 ,-0.1469 ,2.8888 ,
0.0000 ,0.8567 ,0.6832 ,15.4425 ,-22.6742 ,0.2281 ,0.8258 ,
1.0000 ,0.9704 ,1.0000 ,-22.2464 ,-24.0691 ,-0.3674 ,0.8982 ,
2.0000 ,1.1276 ,0.6452 ,0.8572 ,-26.1884 ,0.0169 ,1.1275 ,
3.0000 ,2.8912 ,0.6431 ,-3.3236 ,24.0691 ,-0.1676 ,2.8863 ,
4.0000 ,17.0139 ,0.7766 ,12.0625 ,11.9283 ,3.5555 ,16.6382 ,
0.0000 ,0.8579 ,0.6764 ,15.1790 ,-24.0670 ,0.2246 ,0.8280 ,
1.0000 ,0.9706 ,1.0000 ,-22.4870 ,-25.4772 ,-0.3712 ,0.8968 ,
2.0000 ,1.1285 ,0.6136 ,1.8128 ,-25.4772 ,0.0357 ,1.1280 ,
3.0000 ,2.8925 ,0.6618 ,-2.4847 ,-9.3246 ,-0.1254 ,2.8898 ,
4.0000 ,17.2718 ,0.9193 ,11.3187 ,14.5592 ,3.3899 ,16.9359 ,
0.0000 ,0.8573 ,0.7089 ,15.6343 ,-25.4772 ,0.2310 ,0.8256 ,
1.0000 ,0.9701 ,1.0000 ,-22.4913 ,-26.9040 ,-0.3711 ,0.8963 ,
2.0000 ,1.1288 ,0.6065 ,1.4014 ,-24.7722 ,0.0276 ,1.1285 ,
3.0000 ,2.8923 ,0.6579 ,-1.9809 ,-11.2748 ,-0.1000 ,2.8906 ,
4.0000 ,17.3925 ,0.9886 ,13.1033 ,12.5853 ,3.9430 ,16.9397 ,
0.0000 ,0.8727 ,0.5706 ,19.2540 ,-24.0670 ,0.2878 ,0.8239 ,
1.0000 ,0.9704 ,0.8044 ,-22.8554 ,-25.4772 ,-0.3769 ,0.8942 ,
2.0000 ,2.8907 ,0.5433 ,-2.1822 ,-9.3246 ,-0.1101 ,2.8886 ,
3.0000 ,17.6468 ,0.8870 ,11.6954 ,13.2402 ,3.5772 ,17.2804 ,
4.0000 ,17.7892 ,1.0000 ,9.8880 ,10.6246 ,3.0548 ,17.5249 ,
0.0000 ,0.8723 ,0.3501 ,18.7059 ,-22.6742 ,0.2798 ,0.8262 ,
1.0000 ,0.9707 ,0.5220 ,-23.1337 ,-23.3698 ,-0.3814 ,0.8926 ,
2.0000 ,2.8917 ,0.3724 ,-2.9996 ,-10.6246 ,-0.1513 ,2.8878 ,
3.0000 ,17.9465 ,1.0000 ,12.1182 ,13.8988 ,3.7675 ,17.5466 ,
4.0000 ,18.0832 ,0.6649 ,13.3618 ,11.9302 ,4.1790 ,17.5937 ,
0.0000 ,0.8576 ,0.5547 ,15.6801 ,-21.9822 ,0.2318 ,0.8257 ,
1.0000 ,0.9701 ,0.7884 ,-22.9511 ,-24.7701 ,-0.3783 ,0.8933 ,
2.0000 ,1.1296 ,0.4717 ,1.8569 ,-24.7701 ,0.0366 ,1.1290 ,
3.0000 ,2.8928 ,0.5190 ,-3.0671 ,26.9040 ,-0.1548 ,2.8887 ,
4.0000 ,18.1912 ,1.0000 ,10.0475 ,11.2767 ,3.1737 ,17.9122 ,
0.0000 ,0.8581 ,0.4598 ,15.9943 ,-23.3698 ,0.2365 ,0.8249 ,
1.0000 ,0.9701 ,0.6763 ,-22.7076 ,-26.1884 ,-0.3745 ,0.8949 ,
2.0000 ,18.3370 ,0.6929 ,11.9617 ,11.2767 ,3.8005 ,17.9389 ,
3.0000 ,18.5481 ,1.0000 ,9.7854 ,13.2402 ,3.1524 ,18.2782 ,
4.0000 ,18.7948 ,0.5503 ,13.2539 ,11.9302 ,4.3090 ,18.2942 ,
0.0000 ,0.8723 ,0.3240 ,18.4309 ,-22.6742 ,0.2758 ,0.8275 ,
1.0000 ,0.9706 ,0.4552 ,-22.3846 ,-24.0691 ,-0.3696 ,0.8974 ,
2.0000 ,18.5829 ,0.6877 ,10.5768 ,11.2748 ,3.4110 ,18.2672 ,
3.0000 ,18.7647 ,0.3179 ,11.9419 ,11.2767 ,3.8828 ,18.3586 ,
4.0000 ,18.9883 ,1.0000 ,10.7049 ,12.5853 ,3.5271 ,18.6578 ,
0.0000 ,0.8724 ,0.7087 ,18.9409 ,-22.6742 ,0.2832 ,0.8252 ,
1.0000 ,0.9700 ,1.0000 ,-22.3235 ,-25.4772 ,-0.3685 ,0.8973 ,
2.0000 ,1.1286 ,0.6555 ,1.9680 ,-25.4772 ,0.0388 ,1.1279 ,
3.0000 ,2.8958 ,0.6321 ,-3.3951 ,-12.5853 ,-0.1715 ,2.8908 ,
4.0000 ,18.8721 ,0.9641 ,10.9934 ,12.5834 ,3.5988 ,18.5257 ,
0.0000 ,0.8576 ,0.6127 ,15.4749 ,-23.3678 ,0.2288 ,0.8265 ,
1.0000 ,0.9707 ,0.8600 ,-22.8919 ,-24.7701 ,-0.3776 ,0.8943 ,
2.0000 ,1.1288 ,0.5280 ,0.9246 ,-25.4772 ,0.0182 ,1.1286 ,
3.0000 ,2.8908 ,0.5549 ,-4.2448 ,26.9040 ,-0.2140 ,2.8829 ,
4.0000 ,19.0822 ,1.0000 ,10.9657 ,12.5853 ,3.6298 ,18.7338 ,
0.0000 ,0.8579 ,0.5283 ,15.6060 ,-23.3698 ,0.2308 ,0.8263 ,
1.0000 ,0.9706 ,0.7560 ,-23.2156 ,-24.6158 ,-0.3826 ,0.8920 ,
2.0000 ,1.1300 ,0.4593 ,0.8765 ,-26.1884 ,0.0173 ,1.1299 ,
3.0000 ,2.8935 ,0.4928 ,-2.2119 ,26.9062 ,-0.1117 ,2.8914 ,
4.0000 ,19.2643 ,1.0000 ,10.3460 ,11.2767 ,3.4597 ,18.9511 ,
0.0000 ,0.8578 ,0.6823 ,15.1507 ,-23.3698 ,0.2242 ,0.8280 ,
1.0000 ,0.9712 ,1.0000 ,-22.2031 ,-24.0691 ,-0.3670 ,0.8992 ,
2.0000 ,1.1297 ,0.6002 ,2.1509 ,-25.4772 ,0.0424 ,1.1289 ,
3.0000 ,2.1662 ,0.5428 ,23.9579 ,23.3678 ,0.8796 ,1.9796 ,
4.0000 ,2.8925 ,0.6627 ,-2.5457 ,26.9040 ,-0.1285 ,2.8896 ,
0.0000 ,0.8588 ,0.6937 ,16.0201 ,-21.9822 ,0.2370 ,0.8254 ,
1.0000 ,0.9710 ,1.0000 ,-22.9920 ,-24.7701 ,-0.3793 ,0.8939 ,
2.0000 ,1.1269 ,0.6337 ,2.0860 ,-24.0691 ,0.0410 ,1.1262 ,
3.0000 ,2.8929 ,0.6928 ,-2.6216 ,-8.6745 ,-0.1323 ,2.8899 ,
4.0000 ,19.6290 ,0.6399 ,9.5874 ,12.0789 ,3.2692 ,19.3549 ,

0.0000 ,0.8724 ,0.6837 ,-23.1493 ,-23.3698 ,-0.3430 ,0.8022 ,
1.0000 ,0.9698 ,1.0000 ,-23.1197 ,-26.1884 ,-0.3808 ,0.8919 ,
2.0000 ,1.1278 ,0.6165 ,0.9078 ,-25.4772 ,0.0179 ,1.1277 ,
3.0000 ,2.1585 ,0.5210 ,23.8983 ,22.4467 ,0.8744 ,1.9734 ,
4.0000 ,2.8918 ,0.6278 ,-2.2496 ,-6.7383 ,-0.1135 ,2.8895 ,
0.0000 ,0.8583 ,0.6950 ,14.9357 ,-24.7701 ,0.2212 ,0.8293 ,
1.0000 ,0.9711 ,1.0000 ,-22.7302 ,-25.4772 ,-0.3752 ,0.8957 ,
2.0000 ,1.1276 ,0.6168 ,1.5714 ,-24.0691 ,0.0309 ,1.1272 ,
3.0000 ,2.1625 ,0.5068 ,23.6114 ,21.9822 ,0.8661 ,1.9815 ,
4.0000 ,2.8927 ,0.6064 ,-4.3541 ,-11.9302 ,-0.2196 ,2.8843 ,
0.0000 ,0.8588 ,0.7075 ,15.5710 ,-22.6742 ,0.2305 ,0.8273 ,
1.0000 ,0.9711 ,1.0000 ,-22.6867 ,-25.4772 ,-0.3745 ,0.8960 ,
2.0000 ,1.1284 ,0.6237 ,1.1788 ,-24.0691 ,0.0232 ,1.1281 ,
3.0000 ,2.8921 ,0.6851 ,-2.4262 ,-13.2402 ,-0.1224 ,2.8895 ,
4.0000 ,3.2968 ,0.6183 ,1.4767 ,-7.3834 ,0.0850 ,3.2957 ,
0.0000 ,0.8582 ,0.6995 ,16.1686 ,-24.7701 ,0.2390 ,0.8242 ,
1.0000 ,0.9712 ,1.0000 ,-22.8597 ,-24.0691 ,-0.3773 ,0.8949 ,
2.0000 ,1.1288 ,0.5852 ,2.1782 ,-25.4772 ,0.0429 ,1.1280 ,
3.0000 ,2.8921 ,0.6393 ,-4.4530 ,31.3012 ,-0.2245 ,2.8834 ,
4.0000 ,3.0295 ,0.5623 ,-6.7523 ,-9.9721 ,-0.3562 ,3.0084 ,
0.0000 ,0.8590 ,0.7206 ,16.2584 ,-22.6722 ,0.2405 ,0.8246 ,
1.0000 ,0.9703 ,1.0000 ,-21.8589 ,-22.6742 ,-0.3613 ,0.9005 ,
2.0000 ,1.1299 ,0.6267 ,0.7210 ,-24.7701 ,0.0142 ,1.1299 ,
3.0000 ,2.8908 ,0.6687 ,-2.3587 ,-11.2748 ,-0.1190 ,2.8884 ,
4.0000 ,3.2397 ,0.5186 ,-15.8567 ,-7.3834 ,-0.8852 ,3.1164 ,
0.0000 ,0.8589 ,0.6933 ,15.6493 ,-25.4772 ,0.2317 ,0.8270 ,
1.0000 ,0.9709 ,1.0000 ,-22.4254 ,-26.1884 ,-0.3704 ,0.8975 ,
2.0000 ,1.1279 ,0.5962 ,1.0024 ,-26.1884 ,0.0197 ,1.1277 ,
3.0000 ,2.7258 ,0.5366 ,-13.7961 ,-20.6060 ,-0.6500 ,2.6471 ,
4.0000 ,2.8915 ,0.6534 ,-2.9683 ,-12.5834 ,-0.1497 ,2.8876 ,
0.0000 ,0.8580 ,0.7100 ,15.5752 ,-25.4772 ,0.2304 ,0.8265 ,
1.0000 ,0.9703 ,1.0000 ,-22.6233 ,-26.1884 ,-0.3732 ,0.8956 ,
2.0000 ,1.1278 ,0.6068 ,2.6216 ,-24.0691 ,0.0516 ,1.1266 ,
3.0000 ,2.2880 ,0.5506 ,19.8397 ,22.6742 ,0.7765 ,2.1522 ,
4.0000 ,2.8941 ,0.6567 ,-4.1901 ,32.0534 ,-0.2115 ,2.8863 ,
0.0000 ,0.8728 ,0.6997 ,19.0740 ,-24.0670 ,0.2852 ,0.8248 ,
1.0000 ,0.9704 ,1.0000 ,-22.5208 ,-24.0691 ,-0.3717 ,0.8964 ,
2.0000 ,1.1283 ,0.6236 ,1.6324 ,-25.4772 ,0.0321 ,1.1279 ,
3.0000 ,2.7265 ,0.5345 ,-15.3053 ,-19.2441 ,-0.7197 ,2.6298 ,
4.0000 ,2.8939 ,0.6663 ,-3.4810 ,29.0791 ,-0.1757 ,2.8886 ,
0.0000 ,0.8718 ,0.7084 ,18.8100 ,-22.6742 ,0.2811 ,0.8252 ,
1.0000 ,0.9705 ,1.0000 ,-23.1816 ,-25.4772 ,-0.3821 ,0.8922 ,
2.0000 ,1.1280 ,0.5967 ,0.6308 ,-25.4772 ,0.0124 ,1.1280 ,
3.0000 ,2.2903 ,0.5552 ,20.3293 ,24.0670 ,0.7957 ,2.1476 ,
4.0000 ,2.8910 ,0.7048 ,-3.4666 ,27.6264 ,-0.1748 ,2.8857 ,
0.0000 ,0.8578 ,0.7082 ,15.7517 ,-23.3698 ,0.2329 ,0.8256 ,
1.0000 ,0.9703 ,1.0000 ,-21.9609 ,-26.9040 ,-0.3629 ,0.8999 ,
2.0000 ,1.1300 ,0.5920 ,1.5273 ,-26.1884 ,0.0301 ,1.1296 ,
3.0000 ,2.8932 ,0.6895 ,-3.3341 ,-11.2748 ,-0.1683 ,2.8883 ,
4.0000 ,3.2290 ,0.5153 ,-16.6722 ,-9.9721 ,-0.9264 ,3.0933 ,
0.0000 ,0.9702 ,1.0000 ,-22.5052 ,-24.0691 ,-0.3714 ,0.8964 ,
1.0000 ,1.1259 ,0.6427 ,1.2205 ,-24.0691 ,0.0240 ,1.1256 ,
2.0000 ,2.1640 ,0.5275 ,25.2063 ,22.6742 ,0.9216 ,1.9580 ,
3.0000 ,2.8921 ,0.6805 ,-1.6131 ,24.0691 ,-0.0814 ,2.8910 ,
4.0000 ,22.8080 ,0.6439 ,4.6489 ,4.1639 ,1.8486 ,22.7329 ,
0.0000 ,0.8733 ,0.7280 ,19.5208 ,-22.6742 ,0.2918 ,0.8231 ,
1.0000 ,0.9713 ,1.0000 ,-22.7527 ,-23.3698 ,-0.3757 ,0.8957 ,
2.0000 ,1.1279 ,0.6484 ,0.5931 ,-24.7701 ,0.0117 ,1.1278 ,
3.0000 ,2.8916 ,0.6998 ,-2.7267 ,-7.3834 ,-0.1376 ,2.8883 ,
4.0000 ,3.0435 ,0.5469 ,-9.1876 ,-8.6745 ,-0.4859 ,3.0044 ,
0.0000 ,0.8568 ,0.7157 ,15.2812 ,-23.3678 ,0.2258 ,0.8266 ,
1.0000 ,0.9700 ,1.0000 ,-22.5390 ,-24.7701 ,-0.3718 ,0.8959 ,
2.0000 ,1.1287 ,0.6037 ,1.2750 ,-23.3698 ,0.0251 ,1.1285 ,
3.0000 ,2.8931 ,0.6564 ,-3.5381 ,-9.9740 ,-0.1785 ,2.8876 ,
4.0000 ,3.0443 ,0.5145 ,-10.7326 ,-7.3834 ,-0.5669 ,2.9910 ,
0.0000 ,0.8581 ,0.7178 ,15.6776 ,-24.0670 ,0.2319 ,0.8262 ,
1.0000 ,0.9715 ,1.0000 ,-22.6754 ,-24.0691 ,-0.3745 ,0.8964 ,
2.0000 ,1.1295 ,0.6086 ,0.8468 ,-25.4772 ,0.0167 ,1.1293 ,
3.0000 ,2.2929 ,0.5181 ,24.0702 ,23.3678 ,0.9352 ,2.0935 ,
4.0000 ,2.8915 ,0.6864 ,-2.8671 ,-8.0275 ,-0.1446 ,2.8879 ,
0.0000 ,0.8579 ,0.7197 ,15.9484 ,-25.4772 ,0.2357 ,0.8249 ,
1.0000 ,0.9706 ,1.0000 ,-22.9215 ,-26.1884 ,-0.3780 ,0.8940 ,
2.0000 ,1.1278 ,0.6016 ,1.5417 ,-26.1884 ,0.0303 ,1.1274 ,
3.0000 ,2.8904 ,0.7119 ,-3.6513 ,-11.2767 ,-0.1841 ,2.8845 ,
4.0000 ,3.0434 ,0.5630 ,-9.6150 ,-10.6227 ,-0.5083 ,3.0006 ,
0.0000 ,0.8592 ,0.7555 ,16.6304 ,-23.3678 ,0.2459 ,0.8232 ,
1.0000 ,0.9712 ,1.0000 ,-22.7049 ,-24.7701 ,-0.3749 ,0.8959 ,
2.0000 ,1.1283 ,0.6385 ,1.8778 ,-24.0691 ,0.0370 ,1.1277 ,
3.0000 ,2.1597 ,0.5320 ,23.7169 ,24.0670 ,0.8687 ,1.9773 ,
4.0000 ,2.8945 ,0.7034 ,-3.3043 ,23.3698 ,-0.1668 ,2.8897 ,
0.0000 ,0.8577 ,0.6964 ,16.0660 ,-25.4772 ,0.2374 ,0.8242 ,
1.0000 ,0.9712 ,1.0000 ,-22.7667 ,-24.7722 ,-0.3758 ,0.8955 ,
2.0000 ,1.1293 ,0.6092 ,1.7454 ,-26.1884 ,0.0344 ,1.1288 ,
3.0000 ,2.8939 ,0.7114 ,-3.7084 ,-7.3834 ,-0.1872 ,2.8878 ,
4.0000 ,3.0446 ,0.6013 ,-9.8196 ,-6.7383 ,-0.5192 ,3.0000 ,
0.0000 ,0.8591 ,0.6677 ,15.9484 ,-23.3698 ,0.2361 ,0.8261 ,
1.0000 ,0.9710 ,1.0000 ,-22.3096 ,-26.1884 ,-0.3686 ,0.8983 ,
2.0000 ,1.1284 ,0.5822 ,1.6195 ,-26.1884 ,0.0319 ,1.1279 ,
3.0000 ,2.8935 ,0.6237 ,-2.8359 ,-7.3834 ,-0.1432 ,2.8900 ,
4.0000 ,22.2165 ,0.7145 ,-5.2263 ,-3.5222 ,-2.0237 ,22.1242 ,
0.0000 ,0.8732 ,0.1486 ,18.8498 ,-21.9822 ,0.2821 ,0.8263 ,
1.0000 ,0.9706 ,0.2119 ,-22.2802 ,-22.6742 ,-0.3680 ,0.8982 ,
2.0000 ,2.8912 ,0.1435 ,-3.2055 ,-4.8079 ,-0.1617 ,2.8867 ,
3.0000 ,22.0549 ,1.0000 ,0.4777 ,0.9594 ,0.1839 ,22.0541 ,
4.0000 ,22.2152 ,0.1865 ,0.7041 ,-0.3192 ,0.2730 ,22.2135 ,
0.0000 ,0.8725 ,0.2276 ,18.9273 ,-24.0691 ,0.2830 ,0.8254 ,
1.0000 ,0.9705 ,0.3308 ,-22.9372 ,-25.4792 ,-0.3782 ,0.8938 ,
2.0000 ,1.1285 ,0.2075 ,0.3766 ,-26.9040 ,0.0074 ,1.1285 ,
3.0000 ,2.8958 ,0.2174 ,-4.8219 ,25.4772 ,-0.2434 ,2.8856 ,
4.0000 ,22.0233 ,1.0000 ,-4.1772 ,-2.2402 ,-1.6042 ,21.9648 ,
0.0000 ,0.8725 ,0.2906 ,18.7676 ,-24.7701 ,0.2807 ,0.8261 ,
1.0000 ,0.9702 ,0.4148 ,-22.8667 ,-24.0691 ,-0.3770 ,0.8940 ,
2.0000 ,1.1304 ,0.2526 ,2.0419 ,-25.4772 ,0.0403 ,1.1297 ,
3.0000 ,2.8955 ,0.2630 ,-2.4470 ,-8.6764 ,-0.1236 ,2.8929 ,
4.0000 ,21.9328 ,1.0000 ,-3.8703 ,-4.1658 ,-1.4804 ,21.8828 ,
0.0000 ,0.8582 ,0.6953 ,15.8001 ,-24.0670 ,0.2337 ,0.8257 ,
1.0000 ,0.9697 ,1.0000 ,-22.8301 ,-24.0691 ,-0.3762 ,0.8937 ,
2.0000 ,1.1269 ,0.6355 ,0.6729 ,-25.4772 ,0.0132 ,1.1268 ,
3.0000 ,2.8920 ,0.6597 ,-2.8126 ,-10.6227 ,-0.1419 ,2.8885 ,
4.0000 ,21.9040 ,0.9198 ,-5.9203 ,-5.4507 ,-2.2593 ,21.7871 ,
0.0000 ,0.8579 ,0.7096 ,15.2421 ,-24.0670 ,0.2255 ,0.8277 ,
1.0000 ,0.9709 ,1.0000 ,-22.2941 ,-24.7701 ,-0.3683 ,0.8983 ,
2.0000 ,1.1293 ,0.6099 ,3.4497 ,-23.3698 ,0.0680 ,1.1273 ,
3.0000 ,2.8934 ,0.6434 ,-2.7957 ,-12.5834 ,-0.1411 ,2.8899 ,
4.0000 ,21.9877 ,0.8790 ,-8.4440 ,-8.0275 ,-3.2287 ,21.7494 ,
0.0000 ,0.8723 ,0.6938 ,18.9918 ,-22.6742 ,0.2839 ,0.8248 ,
1.0000 ,0.9707 ,1.0000 ,-22.8118 ,-25.4772 ,-0.3763 ,0.8948 ,
2.0000 ,1.1282 ,0.6103 ,2.3379 ,-23.3698 ,0.0460 ,1.1273 ,
3.0000 ,2.8914 ,0.7010 ,-2.4599 ,27.6242 ,-0.1241 ,2.8887 ,
4.0000 ,3.2822 ,0.5311 ,-5.1482 ,-9.9740 ,-0.2945 ,3.2690 ,
0.0000 ,0.8579 ,0.6907 ,16.3854 ,-23.3698 ,0.2420 ,0.8230 ,
1.0000 ,0.9707 ,1.0000 ,-22.9441 ,-24.0691 ,-0.3784 ,0.8939 ,
2.0000 ,1.1294 ,0.6103 ,0.5426 ,-25.4772 ,0.0107 ,1.1294 ,
3.0000 ,2.8943 ,0.6067 ,-4.2488 ,-10.6246 ,-0.2144 ,2.8864 ,
4.0000 ,3.2403 ,0.5006 ,-16.3895 ,-8.3627 ,-0.9143 ,3.1087 ,

0.0000 ,0.8727 ,0.6816 ,18.7456 ,-23.3698 ,0.2805 ,0.8264 ,
1.0000 ,0.9702 ,1.0000 ,-23.1153 ,-24.0691 ,-0.3809 ,0.8923 ,
2.0000 ,1.1285 ,0.6412 ,1.0064 ,-25.4772 ,0.0198 ,1.1283 ,
3.0000 ,2.8936 ,0.6875 ,-1.4326 ,-11.2767 ,-0.0723 ,2.8927 ,
4.0000 ,21.8296 ,0.5521 ,-11.8133 ,-6.0941 ,-4.4690 ,21.3673 ,
0.0000 ,0.8719 ,0.6749 ,18.5062 ,-24.7701 ,0.2768 ,0.8269 ,
1.0000 ,0.9704 ,1.0000 ,-22.7232 ,-24.0691 ,-0.3748 ,0.8951 ,
2.0000 ,1.1289 ,0.5847 ,0.9182 ,-25.2647 ,0.0181 ,1.1288 ,
3.0000 ,2.2907 ,0.5131 ,22.0378 ,23.3678 ,0.8595 ,2.1234 ,
4.0000 ,2.8896 ,0.6745 ,-3.5525 ,-11.2767 ,-0.1790 ,2.8841 ,
0.0000 ,0.9706 ,1.0000 ,-22.6415 ,-24.0691 ,-0.3737 ,0.8958 ,
1.0000 ,1.1288 ,0.6150 ,2.4430 ,-24.0691 ,0.0481 ,1.1278 ,
2.0000 ,2.8916 ,0.6775 ,-3.3782 ,-8.6764 ,-0.1704 ,2.8866 ,
3.0000 ,3.2238 ,0.5274 ,-16.6019 ,-10.6246 ,-0.9211 ,3.0894 ,
4.0000 ,21.3298 ,0.5641 ,-10.7432 ,-8.6764 ,-3.9760 ,20.9560 ,
0.0000 ,0.8585 ,0.7188 ,15.1615 ,-24.0670 ,0.2245 ,0.8287 ,
1.0000 ,0.9709 ,1.0000 ,-22.7006 ,-25.4772 ,-0.3747 ,0.8957 ,
2.0000 ,1.1292 ,0.6320 ,0.7442 ,-24.0691 ,0.0147 ,1.1291 ,
3.0000 ,2.8927 ,0.6848 ,-3.7694 ,-4.8079 ,-0.1902 ,2.8865 ,
4.0000 ,21.0392 ,0.8235 ,-11.8305 ,-14.5592 ,-4.3134 ,20.5923 ,
0.0000 ,0.9712 ,1.0000 ,-22.2464 ,-24.3419 ,-0.3677 ,0.8989 ,
1.0000 ,1.1286 ,0.6210 ,1.3821 ,-25.4772 ,0.0272 ,1.1283 ,
2.0000 ,2.1661 ,0.5055 ,25.0235 ,21.9802 ,0.9162 ,1.9628 ,
3.0000 ,2.2908 ,0.4975 ,21.3419 ,23.3678 ,0.8337 ,2.1337 ,
4.0000 ,2.8936 ,0.6605 ,-4.3984 ,30.5571 ,-0.2219 ,2.8851 ,
0.0000 ,0.8725 ,0.7267 ,19.3227 ,-24.0670 ,0.2887 ,0.8233 ,
1.0000 ,0.9714 ,1.0000 ,-22.5981 ,-25.4772 ,-0.3733 ,0.8968 ,
2.0000 ,1.1278 ,0.6229 ,-0.7106 ,-24.0691 ,-0.0140 ,1.1277 ,
3.0000 ,2.1652 ,0.5500 ,24.2891 ,21.2935 ,0.8907 ,1.9736 ,
4.0000 ,2.8928 ,0.6881 ,-3.3276 ,29.8143 ,-0.1679 ,2.8879 ,
0.0000 ,0.8576 ,0.7030 ,15.9593 ,-23.3678 ,0.2358 ,0.8245 ,
1.0000 ,0.9710 ,1.0000 ,-21.6193 ,-23.3698 ,-0.3577 ,0.9027 ,
2.0000 ,1.1286 ,0.6503 ,1.9472 ,-24.7701 ,0.0383 ,1.1279 ,
3.0000 ,2.8924 ,0.6897 ,-2.1509 ,27.6242 ,-0.1086 ,2.8903 ,
4.0000 ,20.6129 ,0.7032 ,-12.1182 ,-12.5853 ,-4.3273 ,20.1536 ,
0.0000 ,0.8569 ,0.6922 ,15.3901 ,-23.3698 ,0.2274 ,0.8261 ,
1.0000 ,0.9701 ,1.0000 ,-22.8145 ,-26.1884 ,-0.3762 ,0.8942 ,
2.0000 ,1.1281 ,0.6288 ,2.2705 ,-24.7722 ,0.0447 ,1.1272 ,
3.0000 ,2.8932 ,0.7139 ,-1.9640 ,-6.0941 ,-0.0992 ,2.8915 ,
4.0000 ,3.0472 ,0.5383 ,-10.6217 ,-6.0922 ,-0.5617 ,2.9950 ,
0.0000 ,0.8719 ,0.7126 ,18.6567 ,-23.3698 ,0.2789 ,0.8261 ,
1.0000 ,0.9704 ,1.0000 ,-22.6163 ,-24.0691 ,-0.3732 ,0.8957 ,
2.0000 ,1.1296 ,0.6063 ,0.9727 ,-24.0691 ,0.0192 ,1.1295 ,
3.0000 ,2.8907 ,0.6399 ,-3.4601 ,-11.9302 ,-0.1745 ,2.8855 ,
4.0000 ,3.0435 ,0.5214 ,-11.3187 ,-9.3246 ,-0.5973 ,2.9843 ,
0.0000 ,0.8719 ,0.7228 ,19.3296 ,-23.3698 ,0.2886 ,0.8227 ,
1.0000 ,0.9701 ,1.0000 ,-22.8006 ,-25.4772 ,-0.3760 ,0.8943 ,
2.0000 ,1.1276 ,0.6422 ,1.6026 ,-25.4772 ,0.0315 ,1.1272 ,
3.0000 ,2.1659 ,0.5177 ,25.5177 ,24.7722 ,0.9331 ,1.9547 ,
4.0000 ,2.8924 ,0.6714 ,-2.7034 ,-10.6227 ,-0.1364 ,2.8892 ,
0.0000 ,0.8733 ,0.7109 ,18.5595 ,-21.9822 ,0.2780 ,0.8279 ,
1.0000 ,0.9713 ,1.0000 ,-22.5825 ,-23.3698 ,-0.3730 ,0.8968 ,
2.0000 ,1.1295 ,0.6495 ,0.4504 ,-22.6742 ,0.0089 ,1.1295 ,
3.0000 ,2.2915 ,0.5302 ,20.4678 ,23.3678 ,0.8013 ,2.1468 ,
4.0000 ,2.8917 ,0.6643 ,-3.8429 ,-13.2402 ,-0.1938 ,2.8852 ,
0.0000 ,0.8587 ,0.7009 ,15.4492 ,-22.6742 ,0.2287 ,0.8277 ,
1.0000 ,0.9705 ,1.0000 ,-22.4211 ,-24.0691 ,-0.3701 ,0.8971 ,
2.0000 ,1.1287 ,0.6512 ,1.3548 ,-25.4772 ,0.0267 ,1.1284 ,
3.0000 ,2.8921 ,0.6540 ,-2.7034 ,-11.2767 ,-0.1364 ,2.8889 ,
4.0000 ,3.0444 ,0.5306 ,-9.7366 ,-10.6227 ,-0.5149 ,3.0006 ,
0.0000 ,0.8592 ,0.6815 ,15.9459 ,-22.6742 ,0.2360 ,0.8261 ,
1.0000 ,0.9703 ,1.0000 ,-22.6571 ,-25.4772 ,-0.3738 ,0.8954 ,
2.0000 ,1.1288 ,0.5835 ,0.7988 ,-25.4772 ,0.0157 ,1.1287 ,
3.0000 ,2.1664 ,0.5604 ,24.9262 ,22.0623 ,0.9130 ,1.9646 ,
4.0000 ,2.8933 ,0.6517 ,-1.2205 ,-4.8060 ,-0.0616 ,2.8927 ,
0.0000 ,0.8585 ,0.7022 ,15.3402 ,-23.3698 ,0.2271 ,0.8279 ,
1.0000 ,0.9706 ,1.0000 ,-22.8441 ,-24.7722 ,-0.3768 ,0.8944 ,
2.0000 ,1.1284 ,0.6135 ,1.5922 ,-26.1884 ,0.0314 ,1.1280 ,
3.0000 ,2.8932 ,0.6914 ,-3.9080 ,26.1884 ,-0.1972 ,2.8865 ,
4.0000 ,3.0437 ,0.5168 ,-10.7840 ,-9.9740 ,-0.5695 ,2.9899 ,
0.0000 ,0.8569 ,0.7111 ,15.9026 ,-23.3698 ,0.2348 ,0.8241 ,
1.0000 ,0.9708 ,1.0000 ,-22.4211 ,-26.1884 ,-0.3703 ,0.8974 ,
2.0000 ,1.1276 ,0.6271 ,1.5818 ,-26.1884 ,0.0311 ,1.1272 ,
3.0000 ,2.8913 ,0.6963 ,-1.7727 ,-10.6227 ,-0.0894 ,2.8899 ,
4.0000 ,3.0320 ,0.5435 ,-8.3784 ,-6.0941 ,-0.4418 ,2.9997 ,
0.0000 ,0.8573 ,0.7170 ,15.7826 ,-23.3698 ,0.2332 ,0.8250 ,
1.0000 ,0.9709 ,1.0000 ,-22.7850 ,-26.1884 ,-0.3760 ,0.8951 ,
2.0000 ,1.1294 ,0.6053 ,0.9583 ,-25.4772 ,0.0189 ,1.1293 ,
3.0000 ,2.8932 ,0.6682 ,-2.5814 ,-15.2236 ,-0.1303 ,2.8903 ,
4.0000 ,3.2875 ,0.5540 ,-5.7240 ,-9.3227 ,-0.3279 ,3.2711 ,
0.0000 ,0.9704 ,1.0000 ,-22.4549 ,-26.1884 ,-0.3706 ,0.8968 ,
1.0000 ,1.1285 ,0.6046 ,0.9623 ,-24.7722 ,0.0190 ,1.1283 ,
2.0000 ,2.1620 ,0.5217 ,22.5503 ,22.6722 ,0.8291 ,1.9967 ,
3.0000 ,2.8928 ,0.6039 ,-3.2497 ,-8.6764 ,-0.1640 ,2.8881 ,
4.0000 ,3.2190 ,0.5490 ,-15.2812 ,-11.2767 ,-0.8484 ,3.1052 ,
0.0000 ,0.8591 ,0.7020 ,15.5057 ,-22.6742 ,0.2297 ,0.8278 ,
1.0000 ,0.9701 ,1.0000 ,-22.5165 ,-25.4772 ,-0.3715 ,0.8961 ,
2.0000 ,1.1296 ,0.5856 ,0.3934 ,-24.0691 ,0.0078 ,1.1296 ,
3.0000 ,2.8911 ,0.6944 ,-3.5589 ,27.6264 ,-0.1795 ,2.8855 ,
4.0000 ,3.2077 ,0.5005 ,-16.3678 ,-8.0294 ,-0.9039 ,3.0777 ,
0.0000 ,0.8578 ,0.6685 ,15.8542 ,-23.3698 ,0.2343 ,0.8251 ,
1.0000 ,0.9707 ,1.0000 ,-22.3777 ,-24.0691 ,-0.3696 ,0.8976 ,
2.0000 ,1.1288 ,0.6068 ,1.8738 ,-26.1884 ,0.0369 ,1.1282 ,
3.0000 ,2.8935 ,0.6416 ,-2.6255 ,-11.2767 ,-0.1325 ,2.8904 ,
4.0000 ,3.3035 ,0.5422 ,-1.6259 ,-8.0275 ,-0.0937 ,3.3022 ,
0.0000 ,0.8580 ,0.6809 ,15.7517 ,-22.6742 ,0.2329 ,0.8258 ,
1.0000 ,0.9705 ,1.0000 ,-22.5026 ,-26.1884 ,-0.3714 ,0.8966 ,
2.0000 ,1.1282 ,0.6191 ,1.4976 ,-24.7722 ,0.0295 ,1.1278 ,
3.0000 ,2.8932 ,0.6448 ,-1.9199 ,-11.2767 ,-0.0969 ,2.8916 ,
4.0000 ,3.0301 ,0.5292 ,-7.6788 ,-10.6227 ,-0.4049 ,3.0030 ,
0.0000 ,0.9708 ,1.0000 ,-22.1512 ,-23.3698 ,-0.3660 ,0.8992 ,
1.0000 ,1.1272 ,0.6333 ,1.1764 ,-23.3698 ,0.0231 ,1.1270 ,
2.0000 ,2.1693 ,0.5334 ,27.5308 ,23.3698 ,1.0027 ,1.9237 ,
3.0000 ,2.7393 ,0.5297 ,-17.5484 ,-17.2239 ,-0.8259 ,2.6118 ,
4.0000 ,2.8932 ,0.6722 ,-4.0342 ,-10.6227 ,-0.2035 ,2.8861 ,
0.0000 ,0.8587 ,0.7198 ,15.8433 ,-24.0691 ,0.2344 ,0.8260 ,
1.0000 ,0.9699 ,1.0000 ,-22.9145 ,-24.7722 ,-0.3776 ,0.8933 ,
2.0000 ,1.1280 ,0.6208 ,2.0523 ,-26.1884 ,0.0404 ,1.1273 ,
3.0000 ,2.1652 ,0.5324 ,24.0333 ,23.4602 ,0.8818 ,1.9775 ,
4.0000 ,2.8930 ,0.6922 ,-4.1499 ,26.9040 ,-0.2094 ,2.8854 ,
0.0000 ,0.8580 ,0.6823 ,15.4533 ,-23.3698 ,0.2286 ,0.8270 ,
1.0000 ,0.9703 ,1.0000 ,-22.7823 ,-26.1884 ,-0.3757 ,0.8946 ,
2.0000 ,1.1273 ,0.6265 ,2.4599 ,-23.3698 ,0.0484 ,1.1263 ,
3.0000 ,2.8904 ,0.6840 ,-3.0542 ,-6.7383 ,-0.1540 ,2.8863 ,
4.0000 ,3.2970 ,0.5265 ,-12.3804 ,-11.9302 ,-0.7069 ,3.2203 ,
0.0000 ,0.8729 ,0.6742 ,18.9875 ,-22.6742 ,0.2840 ,0.8254 ,
1.0000 ,0.9701 ,1.0000 ,-22.7850 ,-24.0691 ,-0.3757 ,0.8944 ,
2.0000 ,1.1284 ,0.6360 ,1.3444 ,-24.0691 ,0.0265 ,1.1281 ,
3.0000 ,2.8917 ,0.6954 ,-2.3419 ,29.0791 ,-0.1182 ,2.8893 ,
4.0000 ,3.0293 ,0.5331 ,-6.5069 ,-6.7364 ,-0.3433 ,3.0098 ,
0.0000 ,0.8570 ,0.7026 ,15.7867 ,-24.7722 ,0.2332 ,0.8247 ,
1.0000 ,0.9704 ,1.0000 ,-22.8301 ,-26.9040 ,-0.3765 ,0.8944 ,
2.0000 ,1.1293 ,0.5936 ,0.1794 ,-26.1884 ,0.0035 ,1.1293 ,
3.0000 ,2.8901 ,0.6584 ,-4.2279 ,28.3492 ,-0.2131 ,2.8822 ,
4.0000 ,3.3011 ,0.5430 ,-3.7670 ,-7.3834 ,-0.2169 ,3.2940 ,

0.0000 ,0.8593 ,0.6900 ,15.7934 ,-24.0670 ,0.2339 ,0.8268 ,
1.0000 ,0.9705 ,1.0000 ,-22.7640 ,-24.0691 ,-0.3755 ,0.8949 ,
2.0000 ,1.1288 ,0.6109 ,2.9410 ,-24.0691 ,0.0579 ,1.1273 ,
3.0000 ,2.8887 ,0.7129 ,-3.0398 ,-9.9721 ,-0.1532 ,2.8846 ,
4.0000 ,3.3008 ,0.5686 ,0.8974 ,-7.3815 ,0.0517 ,3.3004 ,
0.0000 ,0.9706 ,1.0000 ,-23.0033 ,-24.7722 ,-0.3793 ,0.8934 ,
1.0000 ,1.1282 ,0.6139 ,1.1764 ,-26.1884 ,0.0232 ,1.1280 ,
2.0000 ,2.1655 ,0.5206 ,25.0279 ,26.1884 ,0.9161 ,1.9622 ,
3.0000 ,2.8922 ,0.6925 ,-2.6528 ,-12.5853 ,-0.1339 ,2.8891 ,
4.0000 ,3.2987 ,0.5272 ,-0.9752 ,-7.3815 ,-0.0561 ,3.2982 ,
0.0000 ,0.8578 ,0.7241 ,14.9988 ,-24.7701 ,0.2220 ,0.8285 ,
1.0000 ,0.9714 ,1.0000 ,-22.4436 ,-25.4792 ,-0.3709 ,0.8978 ,
2.0000 ,1.1274 ,0.6290 ,1.1788 ,-26.9040 ,0.0232 ,1.1272 ,
3.0000 ,2.1672 ,0.5413 ,25.4316 ,21.9802 ,0.9307 ,1.9572 ,
4.0000 ,2.8908 ,0.6327 ,-4.6658 ,-12.5853 ,-0.2351 ,2.8812 ,
0.0000 ,0.9708 ,1.0000 ,-22.1737 ,-23.3698 ,-0.3664 ,0.8990 ,
1.0000 ,1.1262 ,0.6212 ,1.5818 ,-25.4772 ,0.0311 ,1.1258 ,
2.0000 ,2.8920 ,0.6674 ,-1.3573 ,-13.2402 ,-0.0685 ,2.8912 ,
3.0000 ,3.0450 ,0.5260 ,-10.7432 ,-9.3227 ,-0.5676 ,2.9917 ,
4.0000 ,3.2858 ,0.5492 ,2.0186 ,-8.6745 ,0.1157 ,3.2837 ,
0.0000 ,0.8594 ,0.7028 ,15.5710 ,-23.3698 ,0.2307 ,0.8279 ,
1.0000 ,0.9705 ,1.0000 ,-22.9737 ,-25.4772 ,-0.3788 ,0.8935 ,
2.0000 ,1.1288 ,0.6416 ,0.1962 ,-25.4772 ,0.0039 ,1.1288 ,
3.0000 ,2.8921 ,0.7119 ,-2.4093 ,-6.0941 ,-0.1216 ,2.8895 ,
4.0000 ,17.1366 ,0.6131 ,-26.8085 ,-26.1905 ,-7.7288 ,15.2948 ,
0.0000 ,0.8573 ,0.7162 ,15.9201 ,-21.9822 ,0.2352 ,0.8245 ,
1.0000 ,0.9711 ,1.0000 ,-22.7049 ,-24.7701 ,-0.3748 ,0.8959 ,
2.0000 ,1.1287 ,0.6107 ,-0.0912 ,-23.3698 ,-0.0018 ,1.1287 ,
3.0000 ,2.8940 ,0.6863 ,-2.8021 ,-8.6764 ,-0.1415 ,2.8906 ,
4.0000 ,3.2456 ,0.5447 ,-13.1485 ,-10.0793 ,-0.7383 ,3.1605 ,
0.0000 ,0.8593 ,0.7303 ,15.9459 ,-24.0670 ,0.2361 ,0.8262 ,
1.0000 ,0.9716 ,1.0000 ,-22.7076 ,-24.0691 ,-0.3750 ,0.8962 ,
2.0000 ,1.1285 ,0.6150 ,0.8300 ,-24.7722 ,0.0163 ,1.1283 ,
3.0000 ,2.8929 ,0.6311 ,-2.5670 ,-6.0941 ,-0.1296 ,2.8900 ,
4.0000 ,3.0469 ,0.5259 ,-9.5728 ,-9.3227 ,-0.5067 ,3.0045 ,
0.0000 ,0.8593 ,0.7164 ,15.9134 ,-22.6742 ,0.2356 ,0.8264 ,
1.0000 ,0.9706 ,1.0000 ,-22.4870 ,-25.4772 ,-0.3712 ,0.8968 ,
2.0000 ,1.1297 ,0.6197 ,0.4945 ,-25.4772 ,0.0098 ,1.1297 ,
3.0000 ,2.8950 ,0.6702 ,-2.6826 ,25.4792 ,-0.1355 ,2.8918 ,
4.0000 ,3.0451 ,0.5383 ,-11.0040 ,-9.3517 ,-0.5812 ,2.9891 ,
0.0000 ,0.8576 ,0.7150 ,15.3294 ,-24.0670 ,0.2267 ,0.8271 ,
1.0000 ,0.9706 ,1.0000 ,-22.4549 ,-25.4772 ,-0.3707 ,0.8971 ,
2.0000 ,1.1273 ,0.6266 ,0.6729 ,-24.7722 ,0.0132 ,1.1272 ,
3.0000 ,2.1673 ,0.5322 ,24.9792 ,24.0670 ,0.9152 ,1.9646 ,
4.0000 ,2.8928 ,0.6810 ,-3.7799 ,-8.6745 ,-0.1907 ,2.8865 ,
0.0000 ,0.8575 ,0.6768 ,15.9175 ,-24.0670 ,0.2352 ,0.8246 ,
1.0000 ,0.9700 ,1.0000 ,-22.6571 ,-24.7701 ,-0.3737 ,0.8951 ,
2.0000 ,1.1275 ,0.6034 ,0.7482 ,-24.0691 ,0.0147 ,1.1274 ,
3.0000 ,2.2907 ,0.5199 ,22.9877 ,26.9040 ,0.8946 ,2.1088 ,
4.0000 ,2.8902 ,0.6077 ,-3.2289 ,-8.0294 ,-0.1628 ,2.8856 ,
0.0000 ,0.8575 ,0.7105 ,15.4492 ,-24.0691 ,0.2284 ,0.8265 ,
1.0000 ,0.9708 ,1.0000 ,-22.6598 ,-25.4792 ,-0.3740 ,0.8959 ,
2.0000 ,1.1282 ,0.6243 ,1.5481 ,-24.7722 ,0.0305 ,1.1278 ,
3.0000 ,2.2921 ,0.5271 ,22.0447 ,23.3678 ,0.8603 ,2.1245 ,
4.0000 ,2.8908 ,0.6974 ,-2.2729 ,-9.9740 ,-0.1146 ,2.8885 ,
0.0000 ,0.8589 ,0.6945 ,15.4034 ,-24.0670 ,0.2281 ,0.8280 ,
1.0000 ,0.9707 ,1.0000 ,-22.5642 ,-24.0691 ,-0.3725 ,0.8964 ,
2.0000 ,1.1262 ,0.6329 ,2.3419 ,-25.4772 ,0.0460 ,1.1253 ,
3.0000 ,2.7375 ,0.5359 ,-18.0642 ,-19.2460 ,-0.8489 ,2.6026 ,
4.0000 ,2.8916 ,0.6475 ,-3.1658 ,-8.6764 ,-0.1597 ,2.8872 ,
0.0000 ,0.8571 ,0.6847 ,15.7800 ,-23.3698 ,0.2331 ,0.8248 ,
1.0000 ,0.9703 ,1.0000 ,-22.4688 ,-25.4772 ,-0.3708 ,0.8966 ,
2.0000 ,1.1279 ,0.5791 ,0.7859 ,-25.4772 ,0.0155 ,1.1278 ,
3.0000 ,2.8900 ,0.6824 ,-2.3820 ,-15.2216 ,-0.1201 ,2.8876 ,
4.0000 ,3.2464 ,0.5140 ,-16.6019 ,-12.5834 ,-0.9276 ,3.1110 ,
0.0000 ,0.8568 ,0.6931 ,15.6909 ,-22.6742 ,0.2317 ,0.8249 ,
1.0000 ,0.9710 ,1.0000 ,-22.4575 ,-25.4772 ,-0.3709 ,0.8973 ,
2.0000 ,2.8925 ,0.7111 ,-3.6096 ,-9.9740 ,-0.1821 ,2.8867 ,
3.0000 ,14.0369 ,0.7382 ,-28.4145 ,-30.5571 ,-6.6794 ,12.3459 ,
4.0000 ,14.1839 ,0.7475 ,-28.2360 ,-32.0534 ,-6.7105 ,12.4961 ,
0.0000 ,0.9706 ,1.0000 ,-22.3096 ,-26.1884 ,-0.3684 ,0.8979 ,
1.0000 ,1.1271 ,0.6377 ,2.0419 ,-26.1884 ,0.0402 ,1.1264 ,
2.0000 ,2.8924 ,0.6916 ,-3.2834 ,-11.9283 ,-0.1657 ,2.8876 ,
3.0000 ,3.2800 ,0.5307 ,-4.1524 ,-5.4507 ,-0.2375 ,3.2714 ,
4.0000 ,14.0500 ,0.8151 ,-28.6536 ,-29.0813 ,-6.7372 ,12.3294 ,
0.0000 ,0.8593 ,0.7127 ,15.7259 ,-21.2935 ,0.2329 ,0.8272 ,
1.0000 ,0.9709 ,1.0000 ,-22.6233 ,-22.6742 ,-0.3735 ,0.8962 ,
2.0000 ,2.8918 ,0.6908 ,-2.9827 ,-7.3815 ,-0.1505 ,2.8879 ,
3.0000 ,13.4824 ,0.8927 ,-27.0630 ,-24.7722 ,-6.1341 ,12.0061 ,
4.0000 ,13.6950 ,0.6982 ,-28.1169 ,-27.6242 ,-6.4541 ,12.0789 ,
0.0000 ,0.8572 ,0.6930 ,15.4142 ,-24.7701 ,0.2278 ,0.8263 ,
1.0000 ,0.9711 ,0.9715 ,-22.5026 ,-25.4772 ,-0.3717 ,0.8972 ,
2.0000 ,2.8918 ,0.6592 ,-2.6360 ,-10.6246 ,-0.1330 ,2.8888 ,
3.0000 ,13.2056 ,0.8610 ,-26.6298 ,-26.1905 ,-5.9191 ,11.8048 ,
4.0000 ,13.3849 ,1.0000 ,-28.0669 ,-26.1884 ,-6.2976 ,11.8108 ,
0.0000 ,0.8561 ,0.3566 ,15.7409 ,-22.6742 ,0.2322 ,0.8239 ,
1.0000 ,0.9711 ,0.4974 ,-22.5208 ,-25.4772 ,-0.3719 ,0.8970 ,
2.0000 ,12.9107 ,0.7705 ,-27.1008 ,-27.6264 ,-5.8816 ,11.4932 ,
3.0000 ,13.0940 ,0.6978 ,-26.8112 ,-29.0813 ,-5.9061 ,11.6864 ,
4.0000 ,13.2444 ,1.0000 ,-28.1523 ,-24.7722 ,-6.2489 ,11.6775 ,
0.0000 ,0.8729 ,0.7002 ,19.7128 ,-23.3678 ,0.2944 ,0.8218 ,
1.0000 ,0.9710 ,1.0000 ,-22.1849 ,-22.6742 ,-0.3666 ,0.8991 ,
2.0000 ,2.8914 ,0.6557 ,-1.5858 ,-10.5559 ,-0.0800 ,2.8903 ,
3.0000 ,12.7777 ,0.7560 ,-25.9231 ,-27.6242 ,-5.5860 ,11.4921 ,
4.0000 ,12.8564 ,0.7552 ,-28.0051 ,-27.6242 ,-6.0367 ,11.3510 ,
0.0000 ,0.9705 ,0.7448 ,-23.0216 ,-26.1884 ,-0.3795 ,0.8932 ,
1.0000 ,12.4210 ,1.0000 ,-26.4637 ,-26.1884 ,-5.5352 ,11.1195 ,
2.0000 ,12.5458 ,0.6099 ,-26.0024 ,-26.9040 ,-5.5002 ,11.2759 ,
3.0000 ,12.7293 ,0.5262 ,-22.7484 ,-29.0813 ,-4.9222 ,11.7391 ,
4.0000 ,12.8230 ,0.5673 ,-23.4330 ,-30.5549 ,-5.0994 ,11.7654 ,
0.0000 ,0.8730 ,0.6778 ,-22.4323 ,-25.4772 ,-0.3331 ,0.8070 ,
1.0000 ,0.9710 ,1.0000 ,-22.8188 ,-24.7722 ,-0.3766 ,0.8950 ,
2.0000 ,12.1830 ,0.7262 ,-26.2712 ,-27.6242 ,-5.3925 ,10.9246 ,
3.0000 ,12.4431 ,0.9408 ,-25.7970 ,-24.0691 ,-5.4150 ,11.2030 ,
4.0000 ,12.6596 ,0.6918 ,-23.1563 ,-24.7722 ,-4.9783 ,11.6397 ,
0.0000 ,0.8718 ,0.6778 ,19.3831 ,-24.7701 ,0.2893 ,0.8224 ,
1.0000 ,0.9707 ,1.0000 ,-23.0604 ,-26.1884 ,-0.3802 ,0.8931 ,
2.0000 ,1.1287 ,0.6177 ,0.8909 ,-26.1884 ,0.0176 ,1.1286 ,
3.0000 ,2.8919 ,0.6226 ,-2.2328 ,-10.6227 ,-0.1127 ,2.8898 ,
4.0000 ,11.9448 ,0.8448 ,-25.5968 ,-23.3678 ,-5.1606 ,10.7725 ,
0.0000 ,0.8728 ,0.6849 ,-22.3053 ,-22.6742 ,-0.3313 ,0.8075 ,
1.0000 ,0.9706 ,1.0000 ,-23.0421 ,-24.0691 ,-0.3799 ,0.8931 ,
2.0000 ,1.1286 ,0.6282 ,2.4262 ,-25.4772 ,0.0478 ,1.1276 ,
3.0000 ,2.8951 ,0.6581 ,-2.6320 ,25.4772 ,-0.1329 ,2.8921 ,
4.0000 ,11.8623 ,0.5820 ,-24.9606 ,-25.4772 ,-5.0058 ,10.7543 ,
0.0000 ,0.8572 ,0.6981 ,16.5451 ,-24.0691 ,0.2441 ,0.8218 ,
1.0000 ,0.9698 ,1.0000 ,-22.8258 ,-26.1884 ,-0.3762 ,0.8939 ,
2.0000 ,1.1272 ,0.5983 ,0.1481 ,-24.0691 ,0.0029 ,1.1272 ,
3.0000 ,2.8927 ,0.6470 ,-3.7734 ,-12.5834 ,-0.1904 ,2.8864 ,
4.0000 ,11.7129 ,0.8547 ,-21.0358 ,-19.9235 ,-4.2044 ,10.9323 ,
0.0000 ,0.8730 ,0.6994 ,19.0919 ,-25.4772 ,0.2855 ,0.8250 ,
1.0000 ,0.9706 ,0.9948 ,-22.5208 ,-24.7722 ,-0.3717 ,0.8966 ,
2.0000 ,2.8918 ,0.6787 ,-2.6528 ,-10.6246 ,-0.1338 ,2.8887 ,
3.0000 ,11.7045 ,0.8334 ,-20.8740 ,-16.5548 ,-4.1705 ,10.9363 ,
4.0000 ,11.8330 ,1.0000 ,-21.7009 ,-17.8953 ,-4.3754 ,10.9944 ,

0.0000 ,0.8572 ,0.7003 ,15.3269 ,-22.6742 ,0.2266 ,0.8268 ,
1.0000 ,0.9710 ,1.0000 ,-22.4688 ,-24.8243 ,-0.3711 ,0.8972 ,
2.0000 ,1.1299 ,0.5794 ,0.5361 ,-24.0691 ,0.0106 ,1.1298 ,
3.0000 ,2.8907 ,0.6870 ,-2.0419 ,-12.5853 ,-0.1030 ,2.8889 ,
4.0000 ,11.4010 ,0.6301 ,-21.6897 ,-20.6060 ,-4.2136 ,10.5938 ,
0.0000 ,0.8579 ,0.6840 ,15.6210 ,-24.0670 ,0.2310 ,0.8263 ,
1.0000 ,0.9701 ,1.0000 ,-22.4688 ,-25.4772 ,-0.3707 ,0.8964 ,
2.0000 ,1.1282 ,0.6336 ,1.6026 ,-23.3698 ,0.0316 ,1.1277 ,
3.0000 ,2.8914 ,0.6963 ,-3.0711 ,-11.9283 ,-0.1549 ,2.8872 ,
4.0000 ,11.5020 ,0.7009 ,-17.5089 ,-17.8934 ,-3.4604 ,10.9691 ,
0.0000 ,0.8582 ,0.6984 ,15.9175 ,-21.9822 ,0.2354 ,0.8253 ,
1.0000 ,0.9704 ,1.0000 ,-22.4141 ,-25.4772 ,-0.3700 ,0.8971 ,
2.0000 ,2.8930 ,0.6710 ,-3.2035 ,-13.2402 ,-0.1617 ,2.8885 ,
3.0000 ,11.4966 ,0.6227 ,-17.8459 ,-16.5529 ,-3.5232 ,10.9434 ,
4.0000 ,12.4760 ,0.6345 ,-11.1176 ,-21.2914 ,-2.4057 ,12.2419 ,
0.0000 ,0.9701 ,1.0000 ,-22.4505 ,-22.6742 ,-0.3705 ,0.8966 ,
1.0000 ,2.8928 ,0.7040 ,-2.2833 ,-14.5592 ,-0.1153 ,2.8905 ,
2.0000 ,11.1527 ,0.9049 ,-14.4496 ,-12.5853 ,-2.7829 ,10.7999 ,
3.0000 ,11.3531 ,0.7790 ,-11.4683 ,-11.9302 ,-2.2573 ,11.1265 ,
4.0000 ,12.5076 ,0.7126 ,-13.7053 ,-17.8953 ,-2.9634 ,12.1515 ,
0.0000 ,0.8591 ,0.7017 ,16.2651 ,-21.9822 ,0.2406 ,0.8247 ,
1.0000 ,0.9698 ,1.0000 ,-22.3777 ,-23.3698 ,-0.3692 ,0.8968 ,
2.0000 ,2.8914 ,0.7026 ,-2.3691 ,-10.6227 ,-0.1195 ,2.8890 ,
3.0000 ,11.2897 ,0.9754 ,-12.5199 ,-13.2402 ,-2.4474 ,11.0212 ,
4.0000 ,11.3924 ,0.9157 ,-12.0280 ,-11.9302 ,-2.3741 ,11.1423 ,
0.0000 ,0.8721 ,0.5136 ,19.1427 ,-23.3698 ,0.2860 ,0.8239 ,
1.0000 ,0.9704 ,0.6987 ,-22.6276 ,-24.7701 ,-0.3734 ,0.8957 ,
2.0000 ,1.1275 ,0.4481 ,0.6937 ,-25.4772 ,0.0137 ,1.1274 ,
3.0000 ,2.8914 ,0.4862 ,-3.3276 ,-22.6722 ,-0.1678 ,2.8866 ,
4.0000 ,11.2904 ,1.0000 ,-13.5218 ,-11.9283 ,-2.6399 ,10.9774 ,
0.0000 ,0.8724 ,0.6372 ,19.0164 ,-23.3698 ,0.2843 ,0.8248 ,
1.0000 ,0.9701 ,0.9244 ,-22.8780 ,-26.1884 ,-0.3772 ,0.8938 ,
2.0000 ,2.8934 ,0.6215 ,-3.0060 ,-9.3246 ,-0.1517 ,2.8894 ,
3.0000 ,11.3304 ,1.0000 ,-10.2201 ,-11.2748 ,-2.0104 ,11.1507 ,
4.0000 ,11.4378 ,0.8009 ,-8.2597 ,-10.6246 ,-1.6432 ,11.3192 ,
0.0000 ,0.9698 ,0.4533 ,-22.8737 ,-24.7722 ,-0.3770 ,0.8936 ,
1.0000 ,2.8912 ,0.3152 ,-3.2899 ,30.5571 ,-0.1659 ,2.8865 ,
2.0000 ,11.3641 ,0.3280 ,-11.0596 ,-8.0294 ,-2.1800 ,11.1531 ,
3.0000 ,11.5020 ,1.0000 ,-7.5454 ,-12.5834 ,-1.5103 ,11.4024 ,
4.0000 ,11.8097 ,0.3067 ,-6.3404 ,-8.6764 ,-1.3042 ,11.7375 ,
0.0000 ,0.8578 ,0.5803 ,15.0096 ,-24.7701 ,0.2222 ,0.8286 ,
1.0000 ,0.9703 ,0.8263 ,-22.4688 ,-26.1884 ,-0.3708 ,0.8966 ,
2.0000 ,11.2717 ,0.5727 ,-6.2073 ,-6.7383 ,-1.2188 ,11.2056 ,
3.0000 ,11.3872 ,1.0000 ,-6.0573 ,-8.6745 ,-1.2016 ,11.3236 ,
4.0000 ,11.5658 ,0.5810 ,-7.8929 ,-8.6764 ,-1.5882 ,11.4563 ,
0.0000 ,0.8570 ,0.4681 ,14.9922 ,-22.6742 ,0.2217 ,0.8279 ,
1.0000 ,0.9714 ,0.6560 ,-22.3235 ,-24.0691 ,-0.3690 ,0.8986 ,
2.0000 ,11.3865 ,0.6461 ,-5.3044 ,-6.7364 ,-1.0526 ,11.3377 ,
3.0000 ,11.4940 ,1.0000 ,-7.0903 ,-8.0294 ,-1.4187 ,11.4061 ,
4.0000 ,11.6477 ,0.7528 ,-6.5368 ,-8.6745 ,-1.3260 ,11.5720 ,
0.0000 ,0.9707 ,0.6014 ,-22.8624 ,-24.7722 ,-0.3771 ,0.8945 ,
1.0000 ,11.4149 ,0.6349 ,-5.3318 ,-7.3834 ,-1.0607 ,11.3655 ,
2.0000 ,11.5421 ,0.4602 ,-8.7773 ,-8.0294 ,-1.7612 ,11.4069 ,
3.0000 ,11.6800 ,0.4130 ,-6.4650 ,-8.0275 ,-1.3151 ,11.6058 ,
4.0000 ,11.7644 ,1.0000 ,-3.8007 ,-6.7383 ,-0.7798 ,11.7385 ,
0.0000 ,0.9711 ,0.5584 ,-22.6458 ,-24.0691 ,-0.3739 ,0.8962 ,
1.0000 ,2.8914 ,0.3946 ,-2.4534 ,-8.0294 ,-0.1238 ,2.8888 ,
2.0000 ,11.5051 ,1.0000 ,-3.9482 ,-8.6745 ,-0.7922 ,11.4778 ,
3.0000 ,11.7256 ,0.8332 ,-5.4960 ,-6.0922 ,-1.1230 ,11.6717 ,
4.0000 ,11.8906 ,0.8754 ,-3.0398 ,-4.8060 ,-0.6305 ,11.8739 ,
0.0000 ,0.9714 ,0.1142 ,-22.8145 ,-24.0691 ,-0.3767 ,0.8954 ,
1.0000 ,11.5504 ,1.0000 ,-6.9849 ,-7.3834 ,-1.4046 ,11.4647 ,
2.0000 ,11.7761 ,0.1248 ,-11.6807 ,-8.6745 ,-2.3842 ,11.5322 ,
3.0000 ,11.9029 ,0.1684 ,-1.1347 ,-3.5222 ,-0.2357 ,11.9006 ,
4.0000 ,12.0190 ,0.0981 ,-4.0237 ,-2.8811 ,-0.8434 ,11.9894 ,
0.0000 ,0.9709 ,0.2085 ,-22.6641 ,-26.1884 ,-0.3741 ,0.8959 ,
1.0000 ,11.5685 ,1.0000 ,-5.5782 ,-6.7383 ,-1.1245 ,11.5138 ,
2.0000 ,11.7356 ,0.7995 ,-5.7514 ,-8.6745 ,-1.1761 ,11.6766 ,
3.0000 ,11.8507 ,0.5328 ,-8.5056 ,-8.6764 ,-1.7528 ,11.7203 ,
4.0000 ,12.0378 ,0.1676 ,-1.1154 ,-8.0275 ,-0.2343 ,12.0355 ,
0.0000 ,0.8719 ,0.1262 ,18.7922 ,-25.4772 ,0.2809 ,0.8254 ,
1.0000 ,0.9719 ,0.1873 ,-23.1310 ,-24.7722 ,-0.3818 ,0.8937 ,
2.0000 ,2.8904 ,0.1349 ,-3.3276 ,-42.5289 ,-0.1678 ,2.8856 ,
3.0000 ,11.5816 ,1.0000 ,-8.8073 ,-8.0294 ,-1.7733 ,11.4451 ,
4.0000 ,11.8229 ,0.2754 ,-10.4871 ,-9.3227 ,-2.1519 ,11.6254 ,
0.0000 ,0.8578 ,0.1529 ,15.5536 ,-23.3698 ,0.2300 ,0.8264 ,
1.0000 ,0.9716 ,0.2145 ,-22.1485 ,-24.7722 ,-0.3663 ,0.8999 ,
2.0000 ,11.6059 ,1.0000 ,-7.7698 ,-7.3834 ,-1.5690 ,11.4994 ,
3.0000 ,11.8094 ,0.1965 ,-12.1740 ,-6.7364 ,-2.4904 ,11.5438 ,
4.0000 ,11.9214 ,0.2124 ,0.9182 ,-4.1658 ,0.1910 ,11.9198 ,
0.0000 ,0.8586 ,0.2013 ,15.7517 ,-24.0670 ,0.2331 ,0.8263 ,
1.0000 ,0.9703 ,0.2755 ,-22.6120 ,-25.3588 ,-0.3731 ,0.8958 ,
2.0000 ,11.6210 ,1.0000 ,-7.4734 ,-8.0275 ,-1.5115 ,11.5223 ,
3.0000 ,11.8957 ,0.6001 ,-4.9039 ,-5.4507 ,-1.0169 ,11.8521 ,
4.0000 ,12.3179 ,0.2257 ,4.2488 ,6.0941 ,0.9126 ,12.2841 ,
0.0000 ,0.9701 ,0.5143 ,-22.9076 ,-25.4772 ,-0.3776 ,0.8936 ,
1.0000 ,11.5932 ,1.0000 ,-7.1751 ,-6.7383 ,-1.4480 ,11.5024 ,
2.0000 ,11.7049 ,0.6385 ,-4.8532 ,-6.7383 ,-0.9903 ,11.6629 ,
3.0000 ,12.0404 ,0.6976 ,2.0691 ,-6.0941 ,0.4347 ,12.0326 ,
4.0000 ,12.3941 ,0.4859 ,6.6780 ,6.7383 ,1.4413 ,12.3101 ,
0.0000 ,0.8580 ,0.3344 ,15.5381 ,-22.6742 ,0.2299 ,0.8267 ,
1.0000 ,0.9710 ,0.4974 ,-23.1676 ,-24.7701 ,-0.3820 ,0.8927 ,
2.0000 ,11.6247 ,0.5002 ,-4.9104 ,-6.0922 ,-0.9950 ,11.5820 ,
3.0000 ,11.7471 ,0.7601 ,-5.6692 ,-4.8060 ,-1.1604 ,11.6897 ,
4.0000 ,11.8966 ,1.0000 ,-4.8766 ,-2.8829 ,-1.0113 ,11.8536 ,
0.0000 ,0.9704 ,0.8451 ,-22.4366 ,-24.0691 ,-0.3704 ,0.8970 ,
1.0000 ,11.6841 ,1.0000 ,-4.5161 ,2.8811 ,-0.9200 ,11.6478 ,
2.0000 ,11.7952 ,0.8108 ,-5.1989 ,-0.9594 ,-1.0688 ,11.7467 ,
3.0000 ,12.1125 ,0.9617 ,5.8082 ,6.0922 ,1.2258 ,12.0503 ,
4.0000 ,12.2045 ,0.8196 ,4.2721 ,11.9283 ,0.9092 ,12.1706 ,
0.0000 ,0.8581 ,0.6817 ,15.1158 ,-25.4772 ,0.2238 ,0.8284 ,
1.0000 ,0.9709 ,1.0000 ,-23.0033 ,-25.4792 ,-0.3794 ,0.8937 ,
2.0000 ,2.8957 ,0.6470 ,-3.1217 ,-11.9302 ,-0.1577 ,2.8914 ,
3.0000 ,11.6612 ,0.6903 ,-1.5987 ,2.8811 ,-0.3253 ,11.6567 ,
4.0000 ,11.8180 ,0.8557 ,-4.3059 ,3.5241 ,-0.8873 ,11.7846 ,
0.0000 ,0.9704 ,0.4388 ,-22.2170 ,-24.7722 ,-0.3669 ,0.8984 ,
1.0000 ,11.7536 ,1.0000 ,-0.3558 ,-0.3210 ,-0.0730 ,11.7534 ,
2.0000 ,11.9757 ,0.6107 ,0.1040 ,0.3192 ,0.0217 ,11.9757 ,
3.0000 ,12.1327 ,0.3214 ,5.1884 ,-1.6016 ,1.0972 ,12.0830 ,
4.0000 ,12.2263 ,0.3495 ,8.5292 ,-0.3210 ,1.8133 ,12.0911 ,
0.0000 ,0.9700 ,0.6303 ,-22.5686 ,-24.0691 ,-0.3723 ,0.8957 ,
1.0000 ,11.7722 ,0.6459 ,1.1219 ,4.1658 ,0.2305 ,11.7700 ,
2.0000 ,11.8422 ,0.7320 ,-1.3404 ,1.5997 ,-0.2770 ,11.8390 ,
3.0000 ,12.1551 ,1.0000 ,8.7943 ,12.5834 ,1.8584 ,12.0122 ,
4.0000 ,12.2632 ,0.9396 ,10.1924 ,11.2767 ,2.1700 ,12.0697 ,
0.0000 ,0.9709 ,0.9114 ,-23.2889 ,-26.1884 ,-0.3839 ,0.8918 ,
1.0000 ,11.8129 ,1.0000 ,0.8741 ,-0.3948 ,0.1802 ,11.8115 ,
2.0000 ,11.9526 ,0.8483 ,2.8632 ,-2.8811 ,0.5970 ,11.9377 ,
3.0000 ,12.0441 ,0.8442 ,4.6215 ,12.5834 ,0.9704 ,12.0049 ,
4.0000 ,12.3312 ,0.9645 ,12.7393 ,11.9302 ,2.7192 ,12.0277 ,
0.0000 ,0.9709 ,0.9058 ,-23.1859 ,-24.7722 ,-0.3823 ,0.8925 ,
1.0000 ,11.8052 ,0.8447 ,2.2432 ,2.8829 ,0.4621 ,11.7961 ,
2.0000 ,11.9446 ,1.0000 ,3.0373 ,12.5834 ,0.6329 ,11.9278 ,
3.0000 ,12.2183 ,0.9304 ,11.7683 ,15.2216 ,2.4920 ,11.9614 ,
4.0000 ,12.3629 ,0.6765 ,13.2564 ,12.5853 ,2.8349 ,12.0334 ,

0.0000 ,0.9704 ,0.4569 ,-23.0378 ,-26.1884 ,-0.3797 ,0.8930 ,
1.0000 ,2.8910 ,0.3072 ,-2.2328 ,-11.2767 ,-0.1126 ,2.8888 ,
2.0000 ,11.8475 ,1.0000 ,4.4321 ,3.5241 ,0.9156 ,11.8120 ,
3.0000 ,12.0989 ,0.4510 ,3.3926 ,14.5611 ,0.7160 ,12.0777 ,
4.0000 ,12.2851 ,0.7363 ,16.0727 ,18.5674 ,3.4012 ,11.8049 ,
0.0000 ,0.8583 ,0.4528 ,16.0201 ,-23.3698 ,0.2369 ,0.8250 ,
1.0000 ,0.9709 ,0.6616 ,-23.1859 ,-24.8478 ,-0.3823 ,0.8925 ,
2.0000 ,11.8847 ,0.9469 ,7.1622 ,5.4507 ,1.4818 ,11.7920 ,
3.0000 ,12.3126 ,1.0000 ,13.7053 ,15.2236 ,2.9172 ,11.9620 ,
4.0000 ,12.6260 ,0.4599 ,15.7692 ,14.5611 ,3.4313 ,12.1508 ,
0.0000 ,0.9704 ,0.5317 ,-22.9441 ,-26.1884 ,-0.3783 ,0.8936 ,
1.0000 ,11.8200 ,0.6756 ,6.6570 ,5.4507 ,1.3702 ,11.7403 ,
2.0000 ,11.8925 ,0.8340 ,7.5413 ,17.8934 ,1.5608 ,11.7897 ,
3.0000 ,12.0728 ,0.8053 ,8.3528 ,14.5611 ,1.7538 ,11.9447 ,
4.0000 ,12.1751 ,1.0000 ,7.9414 ,15.8881 ,1.6821 ,12.0583 ,
0.0000 ,0.8725 ,0.1095 ,19.6812 ,-24.7701 ,0.2938 ,0.8215 ,
1.0000 ,0.9720 ,0.1562 ,-22.8258 ,-25.4772 ,-0.3770 ,0.8958 ,
2.0000 ,2.8912 ,0.1117 ,-2.4703 ,-8.6764 ,-0.1246 ,2.8886 ,
3.0000 ,11.8490 ,1.0000 ,9.6919 ,10.6246 ,1.9948 ,11.6799 ,
4.0000 ,12.1100 ,0.3766 ,9.1665 ,11.9283 ,1.9292 ,11.9554 ,
0.0000 ,0.9702 ,0.1496 ,-22.4843 ,-24.0691 ,-0.3710 ,0.8964 ,
1.0000 ,11.8511 ,1.0000 ,10.3803 ,12.5834 ,2.1353 ,11.6571 ,
2.0000 ,11.9925 ,0.5519 ,12.6595 ,11.9302 ,2.6283 ,11.7010 ,
3.0000 ,12.4216 ,0.2722 ,18.0423 ,17.2239 ,3.8472 ,11.8108 ,
4.0000 ,13.1787 ,0.4142 ,11.4511 ,12.5853 ,2.6164 ,12.9164 ,
0.0000 ,0.9704 ,0.1129 ,-21.9721 ,-23.3698 ,-0.3631 ,0.8999 ,
1.0000 ,11.7956 ,1.0000 ,16.1820 ,18.5674 ,3.2873 ,11.3283 ,
2.0000 ,12.1425 ,0.1331 ,12.1527 ,17.2239 ,2.5562 ,11.8704 ,
3.0000 ,12.3092 ,0.0919 ,20.7728 ,17.8953 ,4.3656 ,11.5090 ,
4.0000 ,13.0622 ,0.1401 ,15.1333 ,15.2216 ,3.4101 ,12.6092 ,
0.0000 ,0.9706 ,0.0919 ,-22.4800 ,-25.4772 ,-0.3711 ,0.8969 ,
1.0000 ,11.6975 ,1.0000 ,18.8032 ,20.6080 ,3.7703 ,11.0732 ,
2.0000 ,11.9035 ,0.1880 ,12.6834 ,20.6080 ,2.6136 ,11.6131 ,
3.0000 ,12.0090 ,0.1475 ,23.6595 ,22.6742 ,4.8192 ,10.9996 ,
4.0000 ,12.1500 ,0.0655 ,23.5633 ,18.5693 ,4.8571 ,11.1369 ,
0.0000 ,0.9718 ,0.4758 ,-22.5347 ,-25.4772 ,-0.3724 ,0.8976 ,
1.0000 ,11.5861 ,0.4285 ,20.7213 ,19.9235 ,4.0994 ,10.8366 ,
2.0000 ,11.7648 ,0.8564 ,13.9605 ,18.5693 ,2.8383 ,11.4173 ,
3.0000 ,11.8822 ,1.0000 ,0.2403 ,19.9235 ,0.0498 ,11.8821 ,
4.0000 ,11.9359 ,0.8922 ,22.6415 ,21.2914 ,4.5949 ,11.0161 ,
0.0000 ,0.9703 ,0.2818 ,-22.8258 ,-24.0691 ,-0.3764 ,0.8943 ,
1.0000 ,11.5433 ,0.3238 ,23.3666 ,20.6080 ,4.5782 ,10.5966 ,
2.0000 ,11.6604 ,1.0000 ,24.9748 ,20.6060 ,4.9233 ,10.5701 ,
3.0000 ,11.8002 ,0.3453 ,19.8977 ,20.6060 ,4.0161 ,11.0958 ,
4.0000 ,11.9065 ,0.2143 ,17.6784 ,21.2914 ,3.6157 ,11.3443 ,
0.0000 ,0.8576 ,0.3955 ,15.2247 ,-24.0691 ,0.2252 ,0.8275 ,
1.0000 ,0.9714 ,0.5657 ,-23.4374 ,-26.9040 ,-0.3864 ,0.8913 ,
2.0000 ,11.4932 ,1.0000 ,23.6639 ,21.2273 ,4.6130 ,10.5268 ,
3.0000 ,11.6608 ,0.6845 ,16.1862 ,15.8881 ,3.2506 ,11.1986 ,
4.0000 ,11.7514 ,0.3810 ,16.5668 ,18.5693 ,3.3507 ,11.2636 ,
0.0000 ,0.8583 ,0.3937 ,15.6493 ,-22.6742 ,0.2315 ,0.8265 ,
1.0000 ,0.9707 ,0.5623 ,-22.2984 ,-25.4772 ,-0.3683 ,0.8981 ,
2.0000 ,2.8930 ,0.3856 ,-3.6577 ,-11.9283 ,-0.1846 ,2.8871 ,
3.0000 ,11.3038 ,1.0000 ,26.2221 ,29.0813 ,4.9946 ,10.1405 ,
4.0000 ,11.7346 ,0.3428 ,13.4459 ,20.6080 ,2.7286 ,11.4130 ,
0.0000 ,0.8575 ,0.6160 ,15.0163 ,-24.0670 ,0.2222 ,0.8283 ,
1.0000 ,0.9709 ,0.8674 ,-23.3073 ,-24.0691 ,-0.3842 ,0.8917 ,
2.0000 ,2.8929 ,0.5819 ,-2.6930 ,-9.3246 ,-0.1359 ,2.8897 ,
3.0000 ,10.8279 ,1.0000 ,26.5456 ,28.3513 ,4.8391 ,9.6864 ,
4.0000 ,11.7024 ,0.6864 ,14.2287 ,19.9255 ,2.8764 ,11.3434 ,
0.0000 ,0.8723 ,0.5563 ,18.8854 ,-24.7701 ,0.2823 ,0.8253 ,
1.0000 ,0.9708 ,0.7745 ,-22.3777 ,-25.4772 ,-0.3696 ,0.8977 ,
2.0000 ,2.8913 ,0.4879 ,-3.2730 ,-9.9721 ,-0.1651 ,2.8866 ,
3.0000 ,10.8582 ,1.0000 ,28.1523 ,30.5571 ,5.1231 ,9.5736 ,
4.0000 ,11.5389 ,0.7344 ,14.2849 ,5.4488 ,2.8471 ,11.1821 ,
0.0000 ,0.8584 ,0.7085 ,16.2367 ,-24.0691 ,0.2400 ,0.8241 ,
1.0000 ,0.9701 ,1.0000 ,-22.7484 ,-26.9040 ,-0.3751 ,0.8946 ,
2.0000 ,2.8929 ,0.6682 ,-2.0835 ,-5.4488 ,-0.1052 ,2.8910 ,
3.0000 ,10.6699 ,0.6366 ,27.3438 ,21.9802 ,4.9010 ,9.4778 ,
4.0000 ,11.5203 ,0.7185 ,16.1536 ,17.8934 ,3.2051 ,11.0655 ,
0.0000 ,0.9700 ,1.0000 ,-22.6711 ,-24.0691 ,-0.3739 ,0.8951 ,
1.0000 ,10.1361 ,0.8746 ,29.2800 ,30.5571 ,4.9573 ,8.8411 ,
2.0000 ,10.3897 ,0.9172 ,29.0825 ,35.1278 ,5.0501 ,9.0798 ,
3.0000 ,10.6697 ,0.7285 ,30.0962 ,30.5571 ,5.3503 ,9.2312 ,
4.0000 ,11.2710 ,0.9519 ,18.0642 ,19.2441 ,3.4949 ,10.7154 ,
0.0000 ,0.8587 ,0.6908 ,15.9742 ,-23.3678 ,0.2363 ,0.8255 ,
1.0000 ,0.9708 ,1.0000 ,-22.5755 ,-24.0691 ,-0.3727 ,0.8964 ,
2.0000 ,2.8926 ,0.6663 ,-2.2095 ,-11.2767 ,-0.1115 ,2.8904 ,
3.0000 ,10.1310 ,0.8080 ,30.4875 ,34.3511 ,5.1400 ,8.7303 ,
4.0000 ,11.3677 ,0.6629 ,18.1215 ,18.5693 ,3.5357 ,10.8039 ,
0.0000 ,0.8582 ,0.6714 ,15.6210 ,-22.6742 ,0.2311 ,0.8265 ,
1.0000 ,0.9706 ,1.0000 ,-22.7414 ,-24.0691 ,-0.3752 ,0.8952 ,
2.0000 ,1.1279 ,0.5876 ,1.0064 ,-25.4772 ,0.0198 ,1.1277 ,
3.0000 ,2.8907 ,0.6682 ,-2.0900 ,-11.9283 ,-0.1054 ,2.8888 ,
4.0000 ,9.8737 ,0.7553 ,31.0544 ,32.0557 ,5.0934 ,8.4586 ,
0.0000 ,0.8589 ,0.6971 ,15.5207 ,-24.0670 ,0.2298 ,0.8276 ,
1.0000 ,0.9712 ,0.9649 ,-23.1380 ,-24.0691 ,-0.3816 ,0.8931 ,
2.0000 ,1.1276 ,0.6227 ,0.7418 ,-25.4772 ,0.0146 ,1.1275 ,
3.0000 ,2.8934 ,0.7249 ,-2.8800 ,-11.2748 ,-0.1454 ,2.8898 ,
4.0000 ,9.6250 ,1.0000 ,30.9053 ,32.0557 ,4.9436 ,8.2584 ,
0.0000 ,0.9705 ,1.0000 ,-22.7780 ,-24.7722 ,-0.3757 ,0.8948 ,
1.0000 ,2.8914 ,0.6784 ,-2.4406 ,-8.5038 ,-0.1231 ,2.8888 ,
2.0000 ,9.2096 ,0.6255 ,32.7954 ,33.5792 ,4.9883 ,7.7417 ,
3.0000 ,9.3699 ,0.6644 ,33.0131 ,34.3511 ,5.1050 ,7.8571 ,
4.0000 ,9.6179 ,0.8473 ,29.2294 ,47.0398 ,4.6965 ,8.3933 ,
0.0000 ,0.8729 ,0.7027 ,-22.8624 ,-21.9822 ,-0.3391 ,0.8043 ,
1.0000 ,0.9697 ,1.0000 ,-22.7006 ,-23.3698 ,-0.3742 ,0.8946 ,
2.0000 ,1.1273 ,0.6435 ,0.7145 ,-23.3698 ,0.0141 ,1.1272 ,
3.0000 ,2.8926 ,0.6488 ,-3.0100 ,22.6722 ,-0.1519 ,2.8886 ,
4.0000 ,9.0456 ,0.9391 ,35.7371 ,35.1301 ,5.2832 ,7.3423 ,
0.0000 ,0.8728 ,0.7163 ,19.4919 ,-23.3698 ,0.2912 ,0.8228 ,
1.0000 ,0.9709 ,1.0000 ,-23.1859 ,-24.7722 ,-0.3823 ,0.8925 ,
2.0000 ,1.1285 ,0.6346 ,2.4703 ,-26.1884 ,0.0486 ,1.1275 ,
3.0000 ,2.8927 ,0.6834 ,-3.5823 ,-11.2748 ,-0.1807 ,2.8870 ,
4.0000 ,8.7766 ,0.7010 ,33.8533 ,32.0557 ,4.8891 ,7.2886 ,
0.0000 ,0.9704 ,1.0000 ,-22.5347 ,-26.9040 ,-0.3719 ,0.8963 ,
1.0000 ,1.1302 ,0.5850 ,1.6740 ,-25.4792 ,0.0330 ,1.1297 ,
2.0000 ,2.7538 ,0.5552 ,-20.4858 ,-21.9802 ,-0.9638 ,2.5797 ,
3.0000 ,2.8925 ,0.6474 ,-2.7813 ,-11.9283 ,-0.1404 ,2.8891 ,
4.0000 ,8.8284 ,0.5437 ,28.2023 ,28.3513 ,4.1722 ,7.7803 ,
0.0000 ,0.8593 ,0.6967 ,15.6776 ,-22.6742 ,0.2322 ,0.8273 ,
1.0000 ,0.9701 ,1.0000 ,-22.2031 ,-24.0691 ,-0.3666 ,0.8982 ,
2.0000 ,1.1284 ,0.6407 ,1.8168 ,-26.1884 ,0.0358 ,1.1278 ,
3.0000 ,2.8923 ,0.6587 ,-2.0225 ,-9.3246 ,-0.1021 ,2.8905 ,
4.0000 ,8.6597 ,0.9225 ,29.0439 ,39.9741 ,4.2041 ,7.5707 ,
0.0000 ,0.8581 ,0.6054 ,15.2662 ,-22.6742 ,0.2259 ,0.8278 ,
1.0000 ,0.9711 ,0.8688 ,-22.7640 ,-24.7701 ,-0.3758 ,0.8955 ,
2.0000 ,7.6949 ,0.6414 ,33.7018 ,38.3255 ,4.2697 ,6.4017 ,
3.0000 ,7.8243 ,1.0000 ,35.0061 ,37.5140 ,4.4885 ,6.4088 ,
4.0000 ,7.9468 ,0.7668 ,32.9806 ,36.7089 ,4.3259 ,6.6662 ,
0.0000 ,0.8565 ,0.4317 ,15.3053 ,-25.4772 ,0.2261 ,0.8261 ,
1.0000 ,0.9704 ,0.6039 ,-22.9624 ,-24.7722 ,-0.3786 ,0.8935 ,
2.0000 ,7.5443 ,1.0000 ,33.9822 ,38.3231 ,4.2168 ,6.2558 ,
3.0000 ,8.2452 ,0.4576 ,32.0446 ,32.8119 ,4.3748 ,6.9890 ,
4.0000 ,9.8394 ,0.4843 ,22.0966 ,24.7701 ,3.7013 ,9.1167 ,

0.0000 ,0.9713 ,1.0000 ,-22.2438 ,-24.0691 ,-0.3677 ,0.8990 ,
1.0000 ,7.2885 ,0.7487 ,32.1885 ,35.1301 ,3.8826 ,6.1682 ,
2.0000 ,7.7096 ,0.7988 ,36.3364 ,35.9167 ,4.5681 ,6.2105 ,
3.0000 ,8.0146 ,0.8243 ,29.3857 ,33.5769 ,3.9326 ,6.9834 ,
4.0000 ,9.6657 ,0.6949 ,24.3375 ,29.0791 ,3.9833 ,8.8067 ,
0.0000 ,0.9710 ,1.0000 ,-22.7850 ,-24.7722 ,-0.3760 ,0.8952 ,
1.0000 ,6.9589 ,0.7803 ,31.5903 ,33.5792 ,3.6454 ,5.9277 ,
2.0000 ,7.0513 ,0.9400 ,34.5332 ,32.8142 ,3.9973 ,5.8088 ,
3.0000 ,7.1801 ,0.7438 ,33.9064 ,39.9741 ,4.0053 ,5.9591 ,
4.0000 ,7.3805 ,0.8692 ,35.9853 ,37.5140 ,4.3366 ,5.9721 ,
0.0000 ,0.9701 ,0.6263 ,-22.8919 ,-26.1884 ,-0.3774 ,0.8937 ,
1.0000 ,6.5801 ,1.0000 ,31.7085 ,34.3488 ,3.4585 ,5.5979 ,
2.0000 ,6.7339 ,0.7294 ,32.5763 ,28.3513 ,3.6257 ,5.6745 ,
3.0000 ,6.8385 ,0.9072 ,30.3416 ,32.8142 ,3.4545 ,5.9019 ,
4.0000 ,7.6033 ,0.9108 ,28.0214 ,27.6264 ,3.5720 ,6.7120 ,
0.0000 ,0.9708 ,0.2680 ,-22.9807 ,-24.7701 ,-0.3790 ,0.8937 ,
1.0000 ,6.3280 ,1.0000 ,31.4840 ,39.9741 ,3.3049 ,5.3964 ,
2.0000 ,6.5558 ,0.4090 ,35.5792 ,39.1438 ,3.8143 ,5.3319 ,
3.0000 ,6.6270 ,0.2625 ,35.5408 ,41.6661 ,3.8522 ,5.3924 ,
4.0000 ,6.7683 ,0.2304 ,37.4547 ,40.0379 ,4.1160 ,5.3729 ,
0.0000 ,0.9709 ,0.1552 ,-22.7527 ,-26.1884 ,-0.3755 ,0.8953 ,
1.0000 ,6.0706 ,1.0000 ,30.6878 ,39.6820 ,3.0982 ,5.2205 ,
2.0000 ,6.2245 ,0.2320 ,32.6934 ,40.8147 ,3.3621 ,5.2384 ,
3.0000 ,6.3967 ,0.1633 ,31.1574 ,36.7112 ,3.3096 ,5.4740 ,
4.0000 ,6.5800 ,0.1395 ,38.2870 ,39.1438 ,4.0770 ,5.1647 ,
0.0000 ,0.9711 ,0.2009 ,-22.2507 ,-25.4772 ,-0.3677 ,0.8987 ,
1.0000 ,5.8088 ,0.6449 ,30.4755 ,31.3012 ,2.9461 ,5.0063 ,
2.0000 ,6.0413 ,1.0000 ,28.1860 ,35.9144 ,2.8535 ,5.3249 ,
3.0000 ,6.2375 ,0.3558 ,39.6419 ,35.9144 ,3.9795 ,4.8032 ,
4.0000 ,7.0016 ,0.1537 ,25.3482 ,20.6060 ,2.9975 ,6.3275 ,
0.0000 ,5.6250 ,0.3789 ,29.5860 ,35.9167 ,2.7773 ,4.8916 ,
1.0000 ,5.7315 ,1.0000 ,27.9002 ,38.3231 ,2.6820 ,5.0653 ,
2.0000 ,5.9283 ,0.4993 ,37.3992 ,35.9167 ,3.6006 ,4.7096 ,
3.0000 ,7.3846 ,0.3451 ,27.2986 ,30.5549 ,3.3868 ,6.5622 ,
4.0000 ,7.5594 ,0.2113 ,28.2214 ,29.8165 ,3.5747 ,6.6608 ,
0.0000 ,5.2948 ,1.0000 ,30.1277 ,33.5792 ,2.6576 ,4.5795 ,
1.0000 ,5.4410 ,0.5436 ,27.8840 ,35.1278 ,2.5447 ,4.8093 ,
2.0000 ,5.5984 ,0.7274 ,30.0212 ,33.5769 ,2.8010 ,4.8473 ,
3.0000 ,6.0275 ,0.3141 ,22.2620 ,29.0791 ,2.2835 ,5.5782 ,
4.0000 ,7.1467 ,0.3267 ,31.6788 ,39.9766 ,3.7532 ,6.0819 ,
0.0000 ,5.0644 ,0.9865 ,28.6609 ,38.3231 ,2.4290 ,4.4438 ,
1.0000 ,5.2255 ,0.7472 ,32.3573 ,31.3012 ,2.7967 ,4.4141 ,
2.0000 ,5.3841 ,1.0000 ,26.1613 ,28.3513 ,2.3739 ,4.8326 ,
3.0000 ,5.4561 ,0.7725 ,23.6044 ,26.9062 ,2.1847 ,4.9996 ,
4.0000 ,5.7182 ,0.2514 ,19.7102 ,27.6242 ,1.9285 ,5.3832 ,
0.0000 ,4.8318 ,0.4565 ,27.3979 ,37.5116 ,2.2235 ,4.2899 ,
1.0000 ,4.9787 ,0.3203 ,26.9757 ,32.8142 ,2.2584 ,4.4370 ,
2.0000 ,5.0786 ,1.0000 ,26.7923 ,31.3034 ,2.2892 ,4.5334 ,
3.0000 ,5.2042 ,0.2932 ,19.9266 ,29.0791 ,1.7737 ,4.8926 ,
4.0000 ,5.3200 ,0.4538 ,18.4732 ,29.8143 ,1.6857 ,5.0458 ,
0.0000 ,4.6352 ,0.3403 ,26.3624 ,26.9062 ,2.0583 ,4.1532 ,
1.0000 ,4.7869 ,0.5457 ,26.0587 ,26.9062 ,2.1028 ,4.3003 ,
2.0000 ,4.8697 ,1.0000 ,26.3624 ,22.6742 ,2.1624 ,4.3632 ,
3.0000 ,5.0967 ,0.3094 ,16.8891 ,26.1884 ,1.4807 ,4.8768 ,
4.0000 ,7.4022 ,0.1741 ,33.5757 ,34.3488 ,4.0937 ,6.1672 ,
0.0000 ,4.4597 ,0.8520 ,23.3850 ,19.9255 ,1.7701 ,4.0934 ,
1.0000 ,4.5794 ,0.8799 ,24.7247 ,22.6722 ,1.9154 ,4.1596 ,
2.0000 ,4.7083 ,1.0000 ,23.6411 ,21.9802 ,1.8880 ,4.3131 ,
3.0000 ,4.8468 ,0.5311 ,19.0604 ,20.6080 ,1.5828 ,4.5811 ,
4.0000 ,5.0121 ,0.7962 ,14.0381 ,21.2935 ,1.2158 ,4.8624 ,
0.0000 ,4.2692 ,0.4271 ,20.8088 ,24.7701 ,1.5166 ,3.9908 ,
1.0000 ,4.3750 ,1.0000 ,20.1904 ,21.9822 ,1.5100 ,4.1061 ,
2.0000 ,4.4983 ,0.7076 ,18.7990 ,19.2441 ,1.4496 ,4.2584 ,
3.0000 ,4.7722 ,0.2896 ,18.8896 ,14.5611 ,1.5450 ,4.5152 ,
4.0000 ,4.9170 ,0.2681 ,19.6633 ,17.8953 ,1.6545 ,4.6302 ,
0.0000 ,4.1684 ,1.0000 ,16.4598 ,15.8881 ,1.1811 ,3.9976 ,
1.0000 ,4.4508 ,0.8855 ,15.7059 ,16.5548 ,1.2048 ,4.2846 ,
2.0000 ,4.5792 ,0.3431 ,13.4698 ,14.5611 ,1.0666 ,4.4532 ,
3.0000 ,4.8594 ,0.4845 ,22.3552 ,19.2460 ,1.8482 ,4.4941 ,
4.0000 ,5.0107 ,0.3037 ,20.5620 ,4.8079 ,1.7599 ,4.6915 ,
0.0000 ,4.0795 ,0.3007 ,12.4747 ,11.2767 ,0.8812 ,3.9832 ,
1.0000 ,4.3237 ,0.6225 ,12.9781 ,13.9007 ,0.9710 ,4.2133 ,
2.0000 ,4.4040 ,1.0000 ,18.9519 ,17.2239 ,1.4303 ,4.1653 ,
3.0000 ,4.7447 ,0.4956 ,13.3578 ,16.5548 ,1.0962 ,4.6163 ,
4.0000 ,5.4003 ,0.3419 ,5.6523 ,3.5241 ,0.5319 ,5.3740 ,
0.0000 ,4.0506 ,0.2480 ,5.9751 ,11.2767 ,0.4217 ,4.0286 ,
1.0000 ,4.2900 ,1.0000 ,8.8665 ,13.2402 ,0.6612 ,4.2387 ,
2.0000 ,4.4889 ,0.1510 ,5.8695 ,13.2421 ,0.4590 ,4.4654 ,
3.0000 ,4.6090 ,0.3490 ,17.8636 ,-1.6016 ,1.4138 ,4.3868 ,
4.0000 ,4.7229 ,0.2936 ,15.4708 ,2.2402 ,1.2598 ,4.5517 ,
0.0000 ,4.0830 ,0.4652 ,1.8168 ,9.9721 ,0.1294 ,4.0809 ,
1.0000 ,4.2800 ,0.8704 ,6.0952 ,8.6745 ,0.4544 ,4.2558 ,
2.0000 ,4.3474 ,1.0000 ,5.7071 ,11.9283 ,0.4323 ,4.3258 ,
3.0000 ,4.5849 ,0.7194 ,9.6643 ,11.2767 ,0.7697 ,4.5199 ,
4.0000 ,4.8296 ,0.4718 ,9.9710 ,-4.8079 ,0.8362 ,4.7567 ,
0.0000 ,0.9706 ,0.1537 ,-23.1153 ,-23.3698 ,-0.3810 ,0.8927 ,
1.0000 ,4.2733 ,0.3815 ,1.5040 ,-0.9594 ,0.1122 ,4.2718 ,
2.0000 ,4.4137 ,1.0000 ,-1.2478 ,0.9594 ,-0.0961 ,4.4126 ,
3.0000 ,4.5635 ,0.3474 ,3.6642 ,-4.8060 ,0.2916 ,4.5542 ,
4.0000 ,4.7814 ,0.2376 ,-0.0054 ,-4.1658 ,-0.0005 ,4.7814 ,
0.0000 ,4.2731 ,1.0000 ,-4.2110 ,-4.8060 ,-0.3138 ,4.2615 ,
1.0000 ,4.4169 ,0.7596 ,-4.3541 ,-4.1658 ,-0.3353 ,4.4041 ,
2.0000 ,4.5208 ,0.5860 ,-2.5710 ,-5.4488 ,-0.2028 ,4.5163 ,
3.0000 ,4.5897 ,0.4535 ,-2.3275 ,-5.4507 ,-0.1864 ,4.5859 ,
4.0000 ,4.9260 ,0.4670 ,-0.2170 ,-8.0294 ,-0.0187 ,4.9259 ,
0.0000 ,4.4534 ,0.7478 ,-7.1686 ,-7.7641 ,-0.5557 ,4.4186 ,
1.0000 ,4.5623 ,0.6876 ,-8.3043 ,-9.3227 ,-0.6589 ,4.5145 ,
2.0000 ,4.6820 ,1.0000 ,-9.7407 ,-9.3227 ,-0.7921 ,4.6145 ,
3.0000 ,5.1054 ,0.3127 ,-10.3737 ,-11.2748 ,-0.9193 ,5.0220 ,
4.0000 ,5.3288 ,0.1704 ,4.6280 ,-11.2748 ,0.4300 ,5.3114 ,
0.0000 ,4.5537 ,0.8110 ,-5.3800 ,3.5241 ,-0.4270 ,4.5337 ,
1.0000 ,4.7624 ,1.0000 ,-2.4157 ,-10.6227 ,-0.2007 ,4.7582 ,
2.0000 ,4.8916 ,0.7001 ,-6.5368 ,-8.6764 ,-0.5569 ,4.8598 ,
3.0000 ,5.0739 ,0.6426 ,19.4809 ,-11.9283 ,1.6921 ,4.7834 ,
4.0000 ,5.1781 ,0.4889 ,14.1076 ,-11.2767 ,1.2621 ,5.0219 ,
0.0000 ,4.6612 ,1.0000 ,0.1898 ,-0.9612 ,0.0154 ,4.6612 ,
1.0000 ,4.7448 ,0.3370 ,-4.5459 ,-0.3210 ,-0.3761 ,4.7299 ,
2.0000 ,4.9603 ,0.0726 ,11.6954 ,-2.2402 ,1.0055 ,4.8573 ,
3.0000 ,5.0760 ,0.1503 ,20.5149 ,-1.6016 ,1.7789 ,4.7540 ,
4.0000 ,5.3314 ,0.0743 ,-9.9816 ,-11.9283 ,-0.9241 ,5.2507 ,
0.0000 ,4.7418 ,1.0000 ,-0.1481 ,0.3192 ,-0.0123 ,4.7418 ,
1.0000 ,4.9041 ,0.4098 ,-1.5714 ,0.3192 ,-0.1345 ,4.9023 ,
2.0000 ,5.1370 ,0.1863 ,-6.0299 ,-11.9283 ,-0.5396 ,5.1085 ,
3.0000 ,5.3325 ,0.1682 ,-20.1614 ,-11.9283 ,-1.8379 ,5.0057 ,
4.0000 ,6.0493 ,0.1747 ,-0.9896 ,6.0922 ,-0.1045 ,6.0484 ,
0.0000 ,0.9698 ,0.0996 ,-22.6598 ,-24.7701 ,-0.3736 ,0.8949 ,
1.0000 ,4.8390 ,1.0000 ,2.9242 ,4.1639 ,0.2469 ,4.8327 ,
2.0000 ,5.1079 ,0.2398 ,-6.8282 ,-19.9235 ,-0.6073 ,5.0717 ,
3.0000 ,6.1882 ,0.0907 ,0.2611 ,2.2421 ,0.0282 ,6.1881 ,
4.0000 ,7.6483 ,0.0823 ,1.8297 ,1.6016 ,0.2442 ,7.6444 ,
0.0000 ,4.7840 ,0.5733 ,2.3691 ,2.8829 ,0.1978 ,4.7799 ,
1.0000 ,4.8561 ,0.7627 ,3.8241 ,5.4488 ,0.3239 ,4.8453 ,
2.0000 ,5.0191 ,1.0000 ,5.9517 ,4.8079 ,0.5204 ,4.9920 ,
3.0000 ,5.2585 ,0.1821 ,-13.2737 ,6.7364 ,-1.2074 ,5.1180 ,
4.0000 ,5.4043 ,0.1519 ,-17.6321 ,-16.5548 ,-1.6370 ,5.1504 ,

0.0000 ,4.7959 ,0.9510 ,2.8904 ,6.7364 ,0.2418 ,4.7898 ,
1.0000 ,4.9447 ,0.7144 ,6.7184 ,8.0275 ,0.5785 ,4.9107 ,
2.0000 ,5.0424 ,0.2818 ,-5.9347 ,6.0922 ,-0.5214 ,5.0154 ,
3.0000 ,13.9412 ,1.0000 ,-15.6035 ,-12.5853 ,-3.7499 ,13.4274 ,
4.0000 ,14.3096 ,0.2340 ,-13.5692 ,-15.2216 ,-3.3573 ,13.9102 ,
0.0000 ,4.8112 ,0.5587 ,-0.6833 ,0.0530 ,-0.0574 ,4.8108 ,
1.0000 ,4.9880 ,0.3705 ,-0.5867 ,-1.5997 ,-0.0511 ,4.9877 ,
2.0000 ,5.1455 ,0.4378 ,-4.0237 ,-2.2421 ,-0.3611 ,5.1329 ,
3.0000 ,14.0509 ,0.6331 ,-10.3591 ,-11.2748 ,-2.5266 ,13.8219 ,
4.0000 ,14.3992 ,1.0000 ,-9.7960 ,-10.6227 ,-2.4499 ,14.1893 ,
0.0000 ,4.8914 ,0.9878 ,-1.5144 ,-2.8811 ,-0.1293 ,4.8897 ,
1.0000 ,5.0075 ,0.8456 ,-4.7816 ,-6.7364 ,-0.4174 ,4.9901 ,
2.0000 ,5.1527 ,1.0000 ,-3.4497 ,-7.3815 ,-0.3100 ,5.1433 ,
3.0000 ,5.2748 ,0.7725 ,-6.0637 ,-15.2216 ,-0.5572 ,5.2453 ,
4.0000 ,5.5872 ,0.6850 ,-3.3887 ,-13.9007 ,-0.3303 ,5.5774 ,
0.0000 ,4.9896 ,0.4580 ,-7.2406 ,-8.0294 ,-0.6289 ,4.9498 ,
1.0000 ,5.0694 ,0.6170 ,-8.2427 ,-9.3227 ,-0.7268 ,5.0171 ,
2.0000 ,5.2120 ,0.7278 ,-9.8131 ,-9.3227 ,-0.8883 ,5.1358 ,
3.0000 ,6.3896 ,0.7479 ,-1.2036 ,-4.4864 ,-0.1342 ,6.3882 ,
4.0000 ,7.0396 ,1.0000 ,-29.9628 ,-27.6242 ,-3.5159 ,6.0988 ,
0.0000 ,5.1815 ,0.9697 ,-12.2019 ,-11.2767 ,-1.0952 ,5.0645 ,
1.0000 ,5.2642 ,0.7981 ,-9.6045 ,-13.2402 ,-0.8783 ,5.1904 ,
2.0000 ,5.5783 ,0.7153 ,-12.3007 ,-6.0922 ,-1.1884 ,5.4502 ,
3.0000 ,6.3848 ,0.6877 ,-8.7773 ,-31.3012 ,-0.9743 ,6.3100 ,
4.0000 ,6.5094 ,1.0000 ,-8.7602 ,-31.3034 ,-0.9914 ,6.4335 ,
0.0000 ,0.9707 ,0.4389 ,-22.6893 ,-25.4792 ,-0.3744 ,0.8956 ,
1.0000 ,5.4438 ,0.5940 ,-13.9258 ,3.5222 ,-1.3101 ,5.2838 ,
2.0000 ,6.1041 ,0.4415 ,-18.1679 ,-14.5611 ,-1.9033 ,5.7998 ,
3.0000 ,6.2295 ,0.4805 ,-11.9444 ,-13.2402 ,-1.2893 ,6.0946 ,
4.0000 ,6.6271 ,1.0000 ,-10.6086 ,-22.6722 ,-1.2200 ,6.5138 ,
0.0000 ,0.9710 ,0.5726 ,-22.7345 ,-24.7722 ,-0.3753 ,0.8956 ,
1.0000 ,5.5286 ,1.0000 ,-16.3110 ,-14.5611 ,-1.5527 ,5.3060 ,
2.0000 ,5.6660 ,0.4990 ,-16.8104 ,-13.9007 ,-1.6386 ,5.4239 ,
3.0000 ,5.9362 ,0.5239 ,-17.1923 ,-15.2236 ,-1.7546 ,5.6710 ,
4.0000 ,6.3308 ,0.5807 ,-15.7584 ,-17.2239 ,-1.7193 ,6.0929 ,
0.0000 ,0.9706 ,0.6659 ,-22.9624 ,-24.7722 ,-0.3787 ,0.8937 ,
1.0000 ,5.7153 ,0.8823 ,-19.6412 ,-19.9255 ,-1.9211 ,5.3827 ,
2.0000 ,5.9155 ,0.7113 ,-19.4162 ,-22.6722 ,-1.9665 ,5.5791 ,
3.0000 ,6.4671 ,0.5937 ,-19.5834 ,-21.2914 ,-2.1676 ,6.0930 ,
4.0000 ,6.9410 ,1.0000 ,-15.7084 ,-15.8881 ,-1.8792 ,6.6817 ,
0.0000 ,0.9700 ,0.8009 ,-22.9990 ,-24.7722 ,-0.3790 ,0.8929 ,
1.0000 ,5.8868 ,0.6044 ,-20.4525 ,-19.2460 ,-2.0570 ,5.5157 ,
2.0000 ,7.1246 ,1.0000 ,-16.1186 ,-17.8934 ,-1.9780 ,6.8445 ,
3.0000 ,7.2481 ,0.6169 ,-17.7137 ,-16.5548 ,-2.2053 ,6.9044 ,
4.0000 ,8.4235 ,0.7159 ,-36.0221 ,-35.9167 ,-4.9539 ,6.8129 ,
0.0000 ,0.8582 ,0.4045 ,15.5602 ,-22.6742 ,0.2302 ,0.8268 ,
1.0000 ,0.9712 ,0.5487 ,-23.0717 ,-25.4772 ,-0.3806 ,0.8935 ,
2.0000 ,6.0645 ,0.5180 ,-21.7414 ,-18.5674 ,-2.2464 ,5.6331 ,
3.0000 ,7.1848 ,0.4118 ,-21.0762 ,-7.3834 ,-2.5837 ,6.7041 ,
4.0000 ,7.3336 ,1.0000 ,-17.8922 ,-10.6227 ,-2.2531 ,6.9790 ,
0.0000 ,0.8590 ,0.3763 ,15.3901 ,-24.0691 ,0.2280 ,0.8282 ,
1.0000 ,0.9702 ,0.5427 ,-22.7962 ,-26.9040 ,-0.3759 ,0.8944 ,
2.0000 ,2.8915 ,0.3688 ,-3.2522 ,-8.6764 ,-0.1640 ,2.8869 ,
3.0000 ,6.2793 ,0.4166 ,-24.8961 ,-24.0691 ,-2.6434 ,5.6958 ,
4.0000 ,7.5099 ,1.0000 ,-20.8560 ,-26.1884 ,-2.6737 ,7.0179 ,
0.0000 ,0.8581 ,0.6972 ,15.3968 ,-21.9822 ,0.2278 ,0.8273 ,
1.0000 ,0.9708 ,1.0000 ,-22.6346 ,-23.3698 ,-0.3736 ,0.8960 ,
2.0000 ,6.6185 ,0.7889 ,-28.2023 ,-42.5289 ,-3.1278 ,5.8328 ,
3.0000 ,7.3470 ,0.6897 ,-25.5106 ,-29.0813 ,-3.1642 ,6.6307 ,
4.0000 ,7.7304 ,0.8314 ,-21.2361 ,-34.3488 ,-2.8000 ,7.2055 ,
0.0000 ,0.9710 ,0.6703 ,-22.5503 ,-25.4772 ,-0.3724 ,0.8967 ,
1.0000 ,6.7546 ,1.0000 ,-29.4579 ,-26.9062 ,-3.3218 ,5.8814 ,
2.0000 ,6.8549 ,0.7240 ,-29.7503 ,-26.9062 ,-3.4015 ,5.9514 ,
3.0000 ,6.9538 ,0.5958 ,-27.6348 ,-27.6264 ,-3.2254 ,6.1605 ,
4.0000 ,7.7381 ,0.6526 ,-25.7507 ,-27.6264 ,-3.3619 ,6.9697 ,
0.0000 ,0.8580 ,0.5769 ,15.3968 ,-22.6742 ,0.2278 ,0.8272 ,
1.0000 ,0.9706 ,0.7809 ,-22.8963 ,-24.0691 ,-0.3776 ,0.8941 ,
2.0000 ,6.9997 ,0.7669 ,-28.4838 ,-29.8165 ,-3.3382 ,6.1524 ,
3.0000 ,7.1885 ,1.0000 ,-28.7948 ,-28.3513 ,-3.4625 ,6.2997 ,
4.0000 ,8.1100 ,0.8644 ,-25.1762 ,-28.3492 ,-3.4500 ,7.3396 ,
0.0000 ,0.8729 ,0.7036 ,19.7886 ,-24.7701 ,0.2955 ,0.8214 ,
1.0000 ,0.9705 ,1.0000 ,-22.9990 ,-25.4772 ,-0.3792 ,0.8934 ,
2.0000 ,7.3422 ,0.8936 ,-34.3932 ,-32.8142 ,-4.1474 ,6.0586 ,
3.0000 ,7.8439 ,0.7132 ,-30.4318 ,-39.9741 ,-3.9731 ,6.7633 ,
4.0000 ,8.1495 ,0.8011 ,-27.2117 ,-26.9040 ,-3.7266 ,7.2475 ,
0.0000 ,0.9698 ,1.0000 ,-22.2325 ,-25.4772 ,-0.3669 ,0.8977 ,
1.0000 ,2.8934 ,0.7022 ,-3.8136 ,24.7722 ,-0.1924 ,2.8870 ,
2.0000 ,7.7390 ,0.7273 ,-36.5427 ,-35.1278 ,-4.6080 ,6.2176 ,
3.0000 ,8.3549 ,0.8538 ,-27.8504 ,-26.9062 ,-3.9031 ,7.3872 ,
4.0000 ,8.5000 ,0.7245 ,-25.9953 ,-29.0813 ,-3.7255 ,7.6401 ,
0.0000 ,0.8577 ,0.6750 ,15.1507 ,-24.0691 ,0.2242 ,0.8279 ,
1.0000 ,0.9702 ,0.9639 ,-22.9076 ,-26.9040 ,-0.3776 ,0.8937 ,
2.0000 ,7.6345 ,0.7444 ,-35.4811 ,-36.7112 ,-4.4313 ,6.2168 ,
3.0000 ,7.7045 ,0.8641 ,-36.0221 ,-38.3231 ,-4.5310 ,6.2313 ,
4.0000 ,8.6666 ,1.0000 ,-30.8707 ,-29.0813 ,-4.4468 ,7.4388 ,
0.0000 ,0.9709 ,0.8651 ,-22.7667 ,-23.3698 ,-0.3757 ,0.8953 ,
1.0000 ,7.9084 ,1.0000 ,-37.0483 ,-37.5116 ,-4.7647 ,6.3119 ,
2.0000 ,8.5074 ,0.6256 ,-34.7627 ,-24.7722 ,-4.8508 ,6.9890 ,
3.0000 ,8.7574 ,0.9369 ,-30.5192 ,-34.3511 ,-4.4473 ,7.5442 ,
4.0000 ,8.8561 ,0.9708 ,-30.6487 ,-32.0534 ,-4.5146 ,7.6190 ,
0.0000 ,0.9709 ,0.7604 ,-22.0447 ,-24.7722 ,-0.3644 ,0.8999 ,
1.0000 ,8.0149 ,0.7307 ,-38.2492 ,-38.3231 ,-4.9619 ,6.2943 ,
2.0000 ,8.7171 ,0.5518 ,-38.1237 ,-34.3511 ,-5.3816 ,6.8575 ,
3.0000 ,8.9292 ,1.0000 ,-33.3767 ,-34.3488 ,-4.9123 ,7.4565 ,
4.0000 ,9.0436 ,0.9202 ,-32.5934 ,-33.5769 ,-4.8716 ,7.6194 ,
0.0000 ,0.9717 ,0.7758 ,-22.8188 ,-24.0691 ,-0.3768 ,0.8956 ,
1.0000 ,1.1305 ,0.4685 ,0.8429 ,-25.4772 ,0.0166 ,1.1304 ,
2.0000 ,2.8965 ,0.5100 ,-2.5288 ,21.9822 ,-0.1278 ,2.8937 ,
3.0000 ,8.2528 ,1.0000 ,-39.0690 ,-38.3255 ,-5.2014 ,6.4074 ,
4.0000 ,8.5181 ,0.4510 ,-35.3219 ,-39.9741 ,-4.9249 ,6.9501 ,
0.0000 ,0.8727 ,0.7019 ,18.3516 ,-26.1884 ,0.2748 ,0.8283 ,
1.0000 ,0.9712 ,1.0000 ,-22.4254 ,-26.9040 ,-0.3705 ,0.8978 ,
2.0000 ,1.1291 ,0.6146 ,0.8701 ,-26.1884 ,0.0171 ,1.1289 ,
3.0000 ,2.8912 ,0.6945 ,-3.2353 ,-14.5592 ,-0.1632 ,2.8866 ,
4.0000 ,8.4893 ,0.8747 ,-40.6388 ,-39.1462 ,-5.5290 ,6.4419 ,
0.0000 ,0.8726 ,0.6327 ,19.0808 ,-22.6742 ,0.2853 ,0.8247 ,
1.0000 ,0.9705 ,0.9159 ,-22.8006 ,-25.4772 ,-0.3761 ,0.8947 ,
2.0000 ,1.1299 ,0.5403 ,0.9920 ,-26.1884 ,0.0196 ,1.1297 ,
3.0000 ,2.8930 ,0.5895 ,-4.3815 ,-12.6775 ,-0.2210 ,2.8846 ,
4.0000 ,8.7564 ,1.0000 ,-40.2358 ,-41.6661 ,-5.6561 ,6.6846 ,
0.0000 ,0.8725 ,0.5182 ,-22.9102 ,-24.0670 ,-0.3397 ,0.8037 ,
1.0000 ,0.9705 ,0.7474 ,-22.5825 ,-23.3698 ,-0.3727 ,0.8961 ,
2.0000 ,1.1274 ,0.4637 ,-0.0495 ,-24.7701 ,-0.0010 ,1.1274 ,
3.0000 ,2.8902 ,0.4665 ,-3.0671 ,-8.0294 ,-0.1546 ,2.8861 ,
4.0000 ,9.1110 ,1.0000 ,-42.0112 ,-40.8172 ,-6.0977 ,6.7696 ,
0.0000 ,0.8576 ,0.7456 ,15.4708 ,-23.3698 ,0.2288 ,0.8265 ,
1.0000 ,0.9713 ,0.9937 ,-22.8441 ,-25.4772 ,-0.3771 ,0.8951 ,
2.0000 ,2.8904 ,0.6950 ,-2.1276 ,-14.5592 ,-0.1073 ,2.8884 ,
3.0000 ,9.3057 ,1.0000 ,-42.0532 ,-44.2914 ,-6.2332 ,6.9097 ,
4.0000 ,9.4671 ,0.9035 ,-41.5103 ,-49.9379 ,-6.2744 ,7.0893 ,
0.0000 ,0.8576 ,0.6765 ,15.1923 ,-23.3678 ,0.2247 ,0.8276 ,
1.0000 ,0.9704 ,1.0000 ,-22.7189 ,-24.0691 ,-0.3748 ,0.8951 ,
2.0000 ,1.1265 ,0.6773 ,1.1893 ,-24.0691 ,0.0234 ,1.1262 ,
3.0000 ,2.8935 ,0.6592 ,-2.1132 ,-6.0941 ,-0.1067 ,2.8915 ,
4.0000 ,9.5663 ,0.8299 ,-43.8891 ,-42.5314 ,-6.6320 ,6.8942 ,

0.0000 ,0.8731 ,0.4910 ,19.2004 ,-22.6742 ,0.2871 ,0.8246 ,
1.0000 ,0.9710 ,0.7166 ,-22.6458 ,-25.4772 ,-0.3738 ,0.8961 ,
2.0000 ,1.1296 ,0.4400 ,1.7077 ,-24.7722 ,0.0337 ,1.1291 ,
3.0000 ,2.8936 ,0.4502 ,-1.9367 ,-7.3815 ,-0.0978 ,2.8919 ,
4.0000 ,9.8902 ,1.0000 ,-42.8010 ,-41.6686 ,-6.7199 ,7.2566 ,
0.0000 ,0.8580 ,0.3182 ,15.4425 ,-24.0691 ,0.2285 ,0.8271 ,
1.0000 ,0.9703 ,0.4375 ,-22.9511 ,-26.1884 ,-0.3784 ,0.8935 ,
2.0000 ,2.8905 ,0.3109 ,-1.9407 ,24.0670 ,-0.0979 ,2.8888 ,
3.0000 ,10.2014 ,1.0000 ,-43.1600 ,-42.5314 ,-6.9782 ,7.4414 ,
4.0000 ,10.2808 ,0.9485 ,-43.9304 ,-43.4037 ,-7.1326 ,7.4041 ,
0.0000 ,0.8567 ,0.2893 ,15.6035 ,-22.6742 ,0.2304 ,0.8251 ,
1.0000 ,0.9715 ,0.3936 ,-22.1079 ,-24.7701 ,-0.3656 ,0.9001 ,
2.0000 ,2.8934 ,0.2715 ,-3.8767 ,28.3492 ,-0.1956 ,2.8867 ,
3.0000 ,10.4103 ,0.4443 ,-43.3273 ,-45.1927 ,-7.1432 ,7.5729 ,
4.0000 ,10.5312 ,1.0000 ,-43.7785 ,-46.1085 ,-7.2862 ,7.6037 ,
0.0000 ,0.8718 ,0.3099 ,18.6128 ,-26.9040 ,0.2782 ,0.8262 ,
1.0000 ,0.9696 ,0.4613 ,-22.5938 ,-27.6242 ,-0.3725 ,0.8952 ,
2.0000 ,10.8024 ,0.9088 ,-40.7466 ,77.8735 ,-7.0509 ,8.1839 ,
3.0000 ,10.9334 ,0.3637 ,-41.3029 ,-42.5314 ,-7.2165 ,8.2135 ,
4.0000 ,11.1021 ,1.0000 ,-43.4917 ,-44.2914 ,-7.6410 ,8.0543 ,
0.0000 ,0.9713 ,0.2162 ,-22.2620 ,-23.3698 ,-0.3680 ,0.8989 ,
1.0000 ,10.9678 ,0.2173 ,-42.2798 ,-41.6686 ,-7.3786 ,8.1147 ,
2.0000 ,11.1056 ,1.0000 ,-41.8247 ,-41.6686 ,-7.4058 ,8.2757 ,
3.0000 ,11.3891 ,0.3165 ,-40.7603 ,-41.6661 ,-7.4359 ,8.6267 ,
4.0000 ,11.9555 ,0.1519 ,-42.0705 ,-38.3255 ,-8.0107 ,8.8748 ,
0.0000 ,0.8574 ,0.2818 ,15.7542 ,-22.6742 ,0.2328 ,0.8252 ,
1.0000 ,0.9704 ,0.4157 ,-22.9807 ,-24.7722 ,-0.3789 ,0.8934 ,
2.0000 ,11.2938 ,1.0000 ,-39.6638 ,-40.8147 ,-7.2086 ,8.6940 ,
3.0000 ,11.5056 ,0.3226 ,-42.1607 ,-40.8172 ,-7.7227 ,8.5287 ,
4.0000 ,11.6500 ,0.2836 ,-38.1023 ,-39.9741 ,-7.1889 ,9.1675 ,
0.0000 ,0.9708 ,0.2544 ,-22.3803 ,-25.0636 ,-0.3697 ,0.8977 ,
1.0000 ,11.5058 ,1.0000 ,-39.8410 ,-39.9741 ,-7.3713 ,8.8344 ,
2.0000 ,11.5906 ,0.3332 ,-41.6474 ,-40.8147 ,-7.7025 ,8.6611 ,
3.0000 ,11.7102 ,0.1854 ,-43.4023 ,-39.1462 ,-8.0463 ,8.5080 ,
4.0000 ,11.7859 ,0.1803 ,-40.8631 ,-41.6661 ,-7.7110 ,8.9134 ,
0.0000 ,0.8718 ,0.5866 ,18.6745 ,-21.9822 ,0.2791 ,0.8259 ,
1.0000 ,0.9703 ,0.8339 ,-22.1330 ,-24.7701 ,-0.3656 ,0.8988 ,
2.0000 ,2.8922 ,0.5895 ,-3.5525 ,-21.9822 ,-0.1792 ,2.8867 ,
3.0000 ,11.6166 ,0.9360 ,-39.6638 ,-41.6686 ,-7.4146 ,8.9425 ,
4.0000 ,11.7392 ,1.0000 ,-39.7565 ,-42.5314 ,-7.5075 ,9.0247 ,
0.0000 ,0.8725 ,0.6099 ,18.5992 ,-23.3698 ,0.2783 ,0.8270 ,
1.0000 ,0.9708 ,0.8435 ,-21.8407 ,-26.1884 ,-0.3612 ,0.9011 ,
2.0000 ,2.8943 ,0.5571 ,-1.5417 ,-9.3227 ,-0.0779 ,2.8932 ,
3.0000 ,11.9436 ,1.0000 ,-37.4385 ,-39.3456 ,-7.2606 ,9.4833 ,
4.0000 ,12.0414 ,0.8026 ,-37.6428 ,-37.4635 ,-7.3541 ,9.5348 ,
0.0000 ,0.8580 ,0.6712 ,15.4924 ,-25.4772 ,0.2292 ,0.8268 ,
1.0000 ,0.9701 ,1.0000 ,-23.1267 ,-26.1884 ,-0.3810 ,0.8921 ,
2.0000 ,1.1292 ,0.5868 ,0.7041 ,-24.7722 ,0.0139 ,1.1291 ,
3.0000 ,2.8925 ,0.5995 ,-3.5212 ,-9.9721 ,-0.1777 ,2.8871 ,
4.0000 ,12.2286 ,0.8361 ,-38.8320 ,-35.9167 ,-7.6678 ,9.5259 ,
0.0000 ,0.8573 ,0.6921 ,15.7259 ,-24.7701 ,0.2324 ,0.8252 ,
1.0000 ,0.9700 ,1.0000 ,-23.2269 ,-25.4772 ,-0.3826 ,0.8914 ,
2.0000 ,1.1285 ,0.5968 ,1.4455 ,-25.4772 ,0.0285 ,1.1282 ,
3.0000 ,2.8922 ,0.6485 ,-2.7476 ,27.6264 ,-0.1386 ,2.8889 ,
4.0000 ,3.0445 ,0.5118 ,-10.0752 ,-10.6227 ,-0.5326 ,2.9975 ,
0.0000 ,0.8715 ,0.6948 ,18.3693 ,-24.0691 ,0.2746 ,0.8271 ,
1.0000 ,0.9699 ,1.0000 ,-22.4071 ,-26.1884 ,-0.3697 ,0.8966 ,
2.0000 ,1.1280 ,0.5937 ,0.7611 ,-25.9792 ,0.0150 ,1.1279 ,
3.0000 ,2.2908 ,0.5065 ,21.1553 ,23.3678 ,0.8268 ,2.1365 ,
4.0000 ,2.8910 ,0.6736 ,-2.4430 ,24.7701 ,-0.1232 ,2.8884 ,
0.0000 ,0.8722 ,0.6835 ,18.8854 ,-24.0691 ,0.2823 ,0.8252 ,
1.0000 ,0.9699 ,1.0000 ,-23.1520 ,-24.7722 ,-0.3813 ,0.8918 ,
2.0000 ,1.1285 ,0.5639 ,0.9583 ,-24.7722 ,0.0189 ,1.1283 ,
3.0000 ,2.8939 ,0.6298 ,-3.8007 ,-6.7364 ,-0.1918 ,2.8876 ,
4.0000 ,12.6719 ,0.5066 ,-37.2378 ,-36.7112 ,-7.6681 ,10.0885 ,
0.0000 ,0.8718 ,0.6945 ,18.8540 ,-22.6742 ,0.2817 ,0.8250 ,
1.0000 ,0.9707 ,1.0000 ,-22.4254 ,-24.0691 ,-0.3703 ,0.8973 ,
2.0000 ,1.1282 ,0.6242 ,0.4777 ,-24.0691 ,0.0094 ,1.1282 ,
3.0000 ,2.2916 ,0.5192 ,21.1776 ,22.6742 ,0.8279 ,2.1368 ,
4.0000 ,2.8921 ,0.6419 ,-2.8567 ,26.9040 ,-0.1441 ,2.8885 ,
0.0000 ,0.8720 ,0.7168 ,19.2471 ,-23.3678 ,0.2875 ,0.8233 ,
1.0000 ,0.9705 ,1.0000 ,-22.4913 ,-23.3698 ,-0.3713 ,0.8967 ,
2.0000 ,1.1296 ,0.6076 ,1.0168 ,-24.0691 ,0.0200 ,1.1295 ,
3.0000 ,2.1652 ,0.5948 ,25.7854 ,22.6742 ,0.9419 ,1.9496 ,
4.0000 ,2.8929 ,0.6818 ,-2.7307 ,-4.8060 ,-0.1378 ,2.8896 ,
0.0000 ,0.8577 ,0.6984 ,15.3551 ,-24.7722 ,0.2271 ,0.8271 ,
1.0000 ,0.9708 ,1.0000 ,-22.6754 ,-26.9040 ,-0.3743 ,0.8958 ,
2.0000 ,1.1292 ,0.5870 ,1.5987 ,-26.9040 ,0.0315 ,1.1288 ,
3.0000 ,2.8941 ,0.6102 ,-3.1490 ,-9.3246 ,-0.1590 ,2.8897 ,
4.0000 ,13.2884 ,0.5950 ,-36.2245 ,-38.3231 ,-7.8528 ,10.7198 ,
0.0000 ,0.8720 ,0.6790 ,18.8718 ,-24.0691 ,0.2821 ,0.8252 ,
1.0000 ,0.9707 ,1.0000 ,-22.0897 ,-24.7722 ,-0.3650 ,0.8995 ,
2.0000 ,1.1278 ,0.6024 ,0.6075 ,-24.7722 ,0.0120 ,1.1277 ,
3.0000 ,2.7360 ,0.5318 ,-17.7710 ,-24.7701 ,-0.8351 ,2.6054 ,
4.0000 ,2.8932 ,0.5905 ,-4.3815 ,-2.2421 ,-0.2210 ,2.8847 ,
0.0000 ,0.8578 ,0.6864 ,15.1225 ,-25.4772 ,0.2238 ,0.8281 ,
1.0000 ,0.9711 ,1.0000 ,-22.7667 ,-26.1884 ,-0.3758 ,0.8955 ,
2.0000 ,1.1283 ,0.6151 ,1.3340 ,-24.7722 ,0.0263 ,1.1280 ,
3.0000 ,2.8914 ,0.6021 ,-2.1276 ,-8.0294 ,-0.1073 ,2.8894 ,
4.0000 ,3.3060 ,0.5066 ,-2.4911 ,-8.6764 ,-0.1437 ,3.3029 ,
0.0000 ,0.8585 ,0.6963 ,15.9067 ,-23.3698 ,0.2353 ,0.8257 ,
1.0000 ,0.9712 ,1.0000 ,-21.9721 ,-24.7722 ,-0.3634 ,0.9007 ,
2.0000 ,1.1282 ,0.6182 ,0.4752 ,-26.1884 ,0.0094 ,1.1281 ,
3.0000 ,2.8925 ,0.6922 ,-2.9619 ,-8.6764 ,-0.1495 ,2.8886 ,
4.0000 ,14.8839 ,0.6517 ,-35.7548 ,-35.9167 ,-8.6969 ,12.0787 ,
0.0000 ,0.8584 ,0.7333 ,15.6035 ,-23.3698 ,0.2309 ,0.8268 ,
1.0000 ,0.9696 ,1.0000 ,-22.8737 ,-26.1884 ,-0.3769 ,0.8933 ,
2.0000 ,1.1289 ,0.6116 ,0.9013 ,-25.4772 ,0.0178 ,1.1287 ,
3.0000 ,2.8925 ,0.6517 ,-3.0839 ,-9.3246 ,-0.1556 ,2.8884 ,
4.0000 ,16.1076 ,0.7683 ,-25.1209 ,-26.9040 ,-6.8382 ,14.5841 ,
0.0000 ,0.8582 ,0.6807 ,15.0378 ,-24.7701 ,0.2227 ,0.8289 ,
1.0000 ,0.9700 ,1.0000 ,-22.8075 ,-26.1884 ,-0.3760 ,0.8942 ,
2.0000 ,1.1302 ,0.5884 ,0.2507 ,-26.1884 ,0.0049 ,1.1302 ,
3.0000 ,2.8923 ,0.6359 ,-2.9788 ,-8.6745 ,-0.1503 ,2.8884 ,
4.0000 ,16.0967 ,0.5723 ,-25.6760 ,-26.1884 ,-6.9744 ,14.5073 ,
0.0000 ,0.8585 ,0.6718 ,15.6060 ,-23.3698 ,0.2310 ,0.8269 ,
1.0000 ,0.9709 ,1.0000 ,-22.3166 ,-26.1884 ,-0.3687 ,0.8981 ,
2.0000 ,1.1298 ,0.5754 ,1.1997 ,-24.7722 ,0.0237 ,1.1295 ,
3.0000 ,2.8937 ,0.6533 ,-5.1715 ,-8.6764 ,-0.2608 ,2.8819 ,
4.0000 ,15.5712 ,0.6584 ,-25.7926 ,-29.0791 ,-6.7752 ,14.0199 ,
0.0000 ,0.8577 ,0.6966 ,15.4142 ,-21.9822 ,0.2280 ,0.8269 ,
1.0000 ,0.9710 ,1.0000 ,-22.5868 ,-23.3698 ,-0.3730 ,0.8965 ,
2.0000 ,2.8921 ,0.6717 ,-3.0671 ,-16.5529 ,-0.1547 ,2.8880 ,
3.0000 ,14.2539 ,0.6294 ,-30.7829 ,-29.8165 ,-7.2950 ,12.2457 ,
4.0000 ,15.5909 ,0.8607 ,-24.3533 ,-23.3678 ,-6.4291 ,14.2036 ,
0.0000 ,0.8579 ,0.7106 ,15.8109 ,-23.3678 ,0.2337 ,0.8255 ,
1.0000 ,0.9707 ,1.0000 ,-23.1267 ,-24.7701 ,-0.3813 ,0.8927 ,
2.0000 ,1.1283 ,0.6361 ,0.3077 ,-24.7701 ,0.0061 ,1.1283 ,
3.0000 ,2.1656 ,0.5150 ,23.8360 ,22.6722 ,0.8752 ,1.9809 ,
4.0000 ,2.8902 ,0.6980 ,-3.8385 ,-11.9302 ,-0.1935 ,2.8837 ,
0.0000 ,0.8577 ,0.7112 ,15.7975 ,-23.3698 ,0.2335 ,0.8253 ,
1.0000 ,0.9712 ,1.0000 ,-22.0923 ,-25.4772 ,-0.3653 ,0.8999 ,
2.0000 ,1.1275 ,0.6434 ,0.8533 ,-24.0691 ,0.0168 ,1.1274 ,
3.0000 ,2.8915 ,0.6341 ,-2.9827 ,-10.6246 ,-0.1505 ,2.8876 ,
4.0000 ,15.4767 ,0.5616 ,-20.6853 ,-22.6742 ,-5.4669 ,14.4790 ,

0.0000 ,0.8574 ,0.5766 ,14.8465 ,-23.3678 ,0.2197 ,0.8288 ,
1.0000 ,0.9700 ,0.8403 ,-22.3595 ,-24.0691 ,-0.3690 ,0.8970 ,
2.0000 ,2.8912 ,0.5473 ,-3.9522 ,-5.0952 ,-0.1993 ,2.8844 ,
3.0000 ,14.8128 ,1.0000 ,-27.8722 ,-26.9062 ,-6.9250 ,13.0944 ,
4.0000 ,15.4204 ,0.6195 ,-18.2764 ,-15.8881 ,-4.8358 ,14.6425 ,
0.0000 ,0.8586 ,0.6817 ,16.4882 ,-22.6742 ,0.2437 ,0.8233 ,
1.0000 ,0.9707 ,1.0000 ,-22.3621 ,-24.0691 ,-0.3693 ,0.8977 ,
2.0000 ,1.1279 ,0.6233 ,1.5273 ,-25.4772 ,0.0301 ,1.1275 ,
3.0000 ,2.1680 ,0.5516 ,24.9978 ,21.2914 ,0.9162 ,1.9649 ,
4.0000 ,2.8930 ,0.7167 ,-4.0615 ,-7.3815 ,-0.2049 ,2.8858 ,
0.0000 ,0.8585 ,0.7486 ,15.4466 ,-23.3698 ,0.2287 ,0.8275 ,
1.0000 ,0.9715 ,1.0000 ,-22.5642 ,-26.1884 ,-0.3728 ,0.8971 ,
2.0000 ,1.1292 ,0.6382 ,0.6560 ,-26.1884 ,0.0129 ,1.1292 ,
3.0000 ,2.8929 ,0.7612 ,-2.5670 ,-11.9283 ,-0.1296 ,2.8900 ,
4.0000 ,15.6516 ,0.5404 ,-18.1528 ,-17.2239 ,-4.8763 ,14.8726 ,
0.0000 ,0.8576 ,0.7025 ,15.4492 ,-23.3698 ,0.2284 ,0.8266 ,
1.0000 ,0.9705 ,1.0000 ,-22.2689 ,-26.1884 ,-0.3678 ,0.8982 ,
2.0000 ,1.1278 ,0.6309 ,1.0465 ,-24.0691 ,0.0206 ,1.1277 ,
3.0000 ,2.8923 ,0.6680 ,-2.9410 ,-17.2219 ,-0.1484 ,2.8885 ,
4.0000 ,14.6733 ,0.6281 ,-25.4458 ,-27.6242 ,-6.3045 ,13.2499 ,
0.0000 ,0.8577 ,0.7011 ,15.8609 ,-22.6742 ,0.2344 ,0.8250 ,
1.0000 ,0.9714 ,1.0000 ,-22.0015 ,-23.3698 ,-0.3639 ,0.9007 ,
2.0000 ,2.8916 ,0.7074 ,-2.3379 ,26.1905 ,-0.1180 ,2.8892 ,
3.0000 ,14.6993 ,0.9159 ,-25.2577 ,-25.4772 ,-6.2720 ,13.2940 ,
4.0000 ,14.9151 ,0.8234 ,-22.8075 ,-15.8861 ,-5.7817 ,13.7489 ,
0.0000 ,0.8574 ,0.2060 ,15.6668 ,-22.6742 ,0.2315 ,0.8256 ,
1.0000 ,0.9712 ,0.2811 ,-22.9076 ,-24.0691 ,-0.3780 ,0.8946 ,
2.0000 ,14.6833 ,1.0000 ,-24.3973 ,-21.9802 ,-6.0651 ,13.3722 ,
3.0000 ,14.8131 ,0.3583 ,-21.8140 ,-19.9255 ,-5.5045 ,13.7524 ,
4.0000 ,14.9603 ,0.2352 ,-25.1762 ,-19.2441 ,-6.3642 ,13.5391 ,
0.0000 ,0.9718 ,0.2216 ,-23.0674 ,-25.4792 ,-0.3808 ,0.8941 ,
1.0000 ,2.8921 ,0.1555 ,-3.4055 ,-12.5834 ,-0.1718 ,2.8870 ,
2.0000 ,14.6613 ,1.0000 ,-22.3369 ,-13.2402 ,-5.5721 ,13.5612 ,
3.0000 ,14.7820 ,0.5560 ,-18.6813 ,-12.5853 ,-4.7347 ,14.0032 ,
4.0000 ,14.8976 ,0.2578 ,-23.6044 ,-14.5592 ,-5.9653 ,13.6512 ,
0.0000 ,0.8588 ,0.2504 ,15.6776 ,-23.3698 ,0.2321 ,0.8269 ,
1.0000 ,0.9697 ,0.3496 ,-22.7302 ,-26.1884 ,-0.3747 ,0.8944 ,
2.0000 ,2.8936 ,0.2372 ,-3.3887 ,24.0691 ,-0.1710 ,2.8885 ,
3.0000 ,14.6132 ,1.0000 ,-18.9273 ,-15.8861 ,-4.7401 ,13.8231 ,
4.0000 ,14.9156 ,0.3078 ,-22.6754 ,-11.9302 ,-5.7501 ,13.7627 ,
0.0000 ,0.8594 ,0.0671 ,16.3152 ,-23.3678 ,0.2414 ,0.8248 ,
1.0000 ,0.9705 ,0.0937 ,-22.6867 ,-23.3698 ,-0.3743 ,0.8954 ,
2.0000 ,14.5628 ,1.0000 ,-15.7651 ,-14.5611 ,-3.9566 ,14.0150 ,
3.0000 ,14.7399 ,0.1449 ,-14.4563 ,-14.5611 ,-3.6797 ,14.2732 ,
4.0000 ,14.8875 ,0.0824 ,-13.6747 ,-13.9007 ,-3.5196 ,14.4655 ,
0.0000 ,0.8585 ,0.1598 ,16.3503 ,-22.6742 ,0.2417 ,0.8238 ,
1.0000 ,0.9706 ,0.2282 ,-22.8258 ,-25.4772 ,-0.3765 ,0.8946 ,
2.0000 ,1.1279 ,0.1442 ,1.5313 ,-25.4772 ,0.0301 ,1.1275 ,
3.0000 ,14.4964 ,1.0000 ,-14.7338 ,-13.9007 ,-3.6868 ,14.0197 ,
4.0000 ,14.7943 ,0.3347 ,-12.5027 ,-12.5853 ,-3.2027 ,14.4435 ,
0.0000 ,0.8567 ,0.2898 ,15.1225 ,-23.3698 ,0.2235 ,0.8270 ,
1.0000 ,0.9714 ,0.4085 ,-23.4304 ,-25.4772 ,-0.3862 ,0.8913 ,
2.0000 ,2.8935 ,0.2900 ,-3.2834 ,-13.2421 ,-0.1657 ,2.8887 ,
3.0000 ,14.4155 ,1.0000 ,-13.3618 ,-13.2421 ,-3.3314 ,14.0253 ,
4.0000 ,14.7734 ,0.2586 ,5.6080 ,-4.1658 ,1.4437 ,14.7026 ,
0.0000 ,0.9714 ,0.4405 ,-22.1988 ,-23.3698 ,-0.3670 ,0.8994 ,
1.0000 ,14.3354 ,1.0000 ,-11.4961 ,-11.9302 ,-2.8571 ,14.0478 ,
2.0000 ,14.4647 ,0.4410 ,-10.5808 ,-13.2402 ,-2.6561 ,14.2188 ,
3.0000 ,14.6397 ,0.5400 ,-10.9056 ,-13.2421 ,-2.7697 ,14.3753 ,
4.0000 ,14.7407 ,0.3660 ,-10.3697 ,-9.3227 ,-2.6533 ,14.5000 ,
0.0000 ,0.9708 ,0.3170 ,-22.1555 ,-25.4772 ,-0.3661 ,0.8991 ,
1.0000 ,14.2831 ,1.0000 ,-10.1501 ,-11.2767 ,-2.5171 ,14.0596 ,
2.0000 ,14.4106 ,0.2573 ,-15.3577 ,-11.2767 ,-3.8165 ,13.8960 ,
3.0000 ,14.4948 ,0.2889 ,-14.3519 ,-12.5834 ,-3.5929 ,14.0424 ,
4.0000 ,14.6698 ,0.2705 ,-7.4839 ,-13.8988 ,-1.9107 ,14.5448 ,
0.0000 ,0.8578 ,0.4562 ,15.6734 ,-24.0670 ,0.2317 ,0.8259 ,
1.0000 ,0.9718 ,0.6540 ,-22.4913 ,-24.7701 ,-0.3717 ,0.8979 ,
2.0000 ,2.8931 ,0.4616 ,-3.5083 ,-9.3227 ,-0.1770 ,2.8877 ,
3.0000 ,14.2344 ,1.0000 ,-8.8219 ,-1.6016 ,-2.1830 ,14.0660 ,
4.0000 ,14.5126 ,0.8648 ,-8.9688 ,-8.6764 ,-2.2625 ,14.3352 ,
0.0000 ,0.9712 ,0.7137 ,-22.5642 ,-25.2931 ,-0.3727 ,0.8969 ,
1.0000 ,14.2043 ,1.0000 ,-6.9380 ,-8.0275 ,-1.7158 ,14.1003 ,
2.0000 ,14.3604 ,0.6226 ,-11.1005 ,-0.9612 ,-2.7648 ,14.0917 ,
3.0000 ,14.5105 ,0.6367 ,-1.8609 ,-0.9612 ,-0.4712 ,14.5028 ,
4.0000 ,14.5904 ,0.9940 ,-5.5782 ,0.1272 ,-1.4182 ,14.5213 ,
0.0000 ,0.8569 ,0.4573 ,14.7404 ,-24.0691 ,0.2180 ,0.8287 ,
1.0000 ,0.9714 ,0.6569 ,-23.2453 ,-26.9040 ,-0.3834 ,0.8926 ,
2.0000 ,14.1981 ,1.0000 ,-3.2899 ,-10.1277 ,-0.8148 ,14.1747 ,
3.0000 ,14.3405 ,0.8522 ,-8.6775 ,-11.2767 ,-2.1636 ,14.1764 ,
4.0000 ,14.6000 ,0.4401 ,-4.0511 ,-11.9302 ,-1.0314 ,14.5635 ,
0.0000 ,0.8579 ,0.0957 ,15.2770 ,-24.0691 ,0.2260 ,0.8276 ,
1.0000 ,0.9703 ,0.1438 ,-23.0421 ,-25.4792 ,-0.3798 ,0.8929 ,
2.0000 ,2.8894 ,0.0980 ,-3.7461 ,-8.2518 ,-0.1888 ,2.8833 ,
3.0000 ,14.1612 ,1.0000 ,-5.5846 ,-6.0941 ,-1.3781 ,14.0940 ,
4.0000 ,14.5389 ,0.1309 ,-5.3357 ,-6.7364 ,-1.3520 ,14.4759 ,
0.0000 ,0.8592 ,0.2959 ,16.1144 ,-23.3698 ,0.2385 ,0.8254 ,
1.0000 ,0.9714 ,0.4221 ,-22.5616 ,-26.1884 ,-0.3727 ,0.8971 ,
2.0000 ,14.1561 ,1.0000 ,-0.6873 ,-4.1658 ,-0.1698 ,14.1551 ,
3.0000 ,14.3530 ,0.3661 ,-9.3362 ,-0.3210 ,-2.3284 ,14.1629 ,
4.0000 ,14.4916 ,0.4169 ,-0.4752 ,-6.7383 ,-0.1202 ,14.4911 ,
0.0000 ,0.8598 ,0.1359 ,16.2037 ,-22.6742 ,0.2399 ,0.8256 ,
1.0000 ,0.9711 ,0.1871 ,-22.4843 ,-24.5871 ,-0.3714 ,0.8973 ,
2.0000 ,2.8898 ,0.1241 ,-2.0731 ,27.6242 ,-0.1045 ,2.8879 ,
3.0000 ,14.1939 ,1.0000 ,-5.6498 ,-6.0941 ,-1.3974 ,14.1249 ,
4.0000 ,14.5328 ,0.2459 ,-5.9960 ,-11.2748 ,-1.5181 ,14.4533 ,
0.0000 ,0.9715 ,0.1831 ,-23.1450 ,-24.0691 ,-0.3819 ,0.8933 ,
1.0000 ,14.2055 ,1.0000 ,-4.6320 ,-7.3815 ,-1.1472 ,14.1591 ,
2.0000 ,14.3351 ,0.2933 ,-5.0029 ,-7.3815 ,-1.2501 ,14.2805 ,
3.0000 ,14.4436 ,0.1956 ,-5.9307 ,-6.0941 ,-1.4924 ,14.3663 ,
4.0000 ,14.5712 ,0.1909 ,-0.4336 ,-7.3815 ,-0.1103 ,14.5708 ,
0.0000 ,0.8578 ,0.2801 ,15.4991 ,-24.0691 ,0.2292 ,0.8266 ,
1.0000 ,0.9707 ,0.4013 ,-22.3369 ,-26.1884 ,-0.3689 ,0.8979 ,
2.0000 ,2.8915 ,0.2638 ,-4.4113 ,-14.5611 ,-0.2224 ,2.8829 ,
3.0000 ,14.1884 ,1.0000 ,-6.9550 ,-6.0922 ,-1.7181 ,14.0840 ,
4.0000 ,14.3016 ,0.8490 ,-2.9892 ,-4.1658 ,-0.7458 ,14.2821 ,
0.0000 ,0.8582 ,0.2071 ,15.4291 ,-24.0691 ,0.2283 ,0.8272 ,
1.0000 ,0.9708 ,0.3002 ,-23.0103 ,-25.4792 ,-0.3795 ,0.8935 ,
2.0000 ,14.1443 ,0.9447 ,-4.7881 ,-6.0922 ,-1.1806 ,14.0950 ,
3.0000 ,14.2644 ,0.4070 ,-7.6748 ,-5.4507 ,-1.9050 ,14.1366 ,
4.0000 ,14.3880 ,1.0000 ,-4.8766 ,-6.7364 ,-1.2231 ,14.3359 ,
0.0000 ,0.9714 ,0.3266 ,-22.3664 ,-25.4772 ,-0.3696 ,0.8983 ,
1.0000 ,14.1703 ,1.0000 ,-5.7385 ,-4.8079 ,-1.4169 ,14.0993 ,
2.0000 ,14.2951 ,0.2471 ,-1.4599 ,-6.0922 ,-0.3642 ,14.2904 ,
3.0000 ,14.3953 ,0.2727 ,-4.3646 ,-6.0922 ,-1.0955 ,14.3536 ,
4.0000 ,14.7998 ,0.2575 ,5.7873 ,4.8079 ,1.4923 ,14.7244 ,
0.0000 ,0.8722 ,0.5543 ,18.5772 ,-24.0670 ,0.2779 ,0.8267 ,
1.0000 ,0.9704 ,0.7986 ,-22.6598 ,-23.3698 ,-0.3738 ,0.8955 ,
2.0000 ,2.8937 ,0.5299 ,-2.5080 ,-6.7383 ,-0.1266 ,2.8909 ,
3.0000 ,14.1855 ,0.5954 ,-4.1733 ,-6.7364 ,-1.0323 ,14.1479 ,
4.0000 ,14.2559 ,1.0000 ,-4.6384 ,-5.4507 ,-1.1528 ,14.2092 ,
0.0000 ,0.8574 ,0.3668 ,15.5489 ,-24.0691 ,0.2298 ,0.8261 ,
1.0000 ,0.9713 ,0.5184 ,-22.4843 ,-25.4792 ,-0.3715 ,0.8975 ,
2.0000 ,14.2201 ,1.0000 ,-3.6071 ,-4.8079 ,-0.8946 ,14.1919 ,
3.0000 ,14.4274 ,0.3726 ,0.1650 ,-8.0294 ,0.0415 ,14.4273 ,
4.0000 ,14.5434 ,0.4067 ,2.1132 ,-3.5222 ,0.5363 ,14.5335 ,

0.0000 ,0.8566 ,0.6646 ,15.2247 ,-23.3698 ,0.2249 ,0.8265 ,
1.0000 ,0.9706 ,0.9550 ,-22.6893 ,-26.1884 ,-0.3744 ,0.8954 ,
2.0000 ,14.2909 ,0.7097 ,-0.7883 ,-0.9612 ,-0.1966 ,14.2896 ,
3.0000 ,14.4899 ,0.6247 ,-0.9687 ,-0.9612 ,-0.2450 ,14.4879 ,
4.0000 ,15.1017 ,1.0000 ,7.2236 ,9.3227 ,1.8989 ,14.9818 ,
0.0000 ,0.8583 ,0.6802 ,15.6626 ,-22.6742 ,0.2317 ,0.8264 ,
1.0000 ,0.9705 ,1.0000 ,-22.5026 ,-24.7701 ,-0.3714 ,0.8966 ,
2.0000 ,1.1275 ,0.6038 ,0.9415 ,-24.0691 ,0.0185 ,1.1274 ,
3.0000 ,2.8922 ,0.6967 ,-2.8254 ,-11.9302 ,-0.1426 ,2.8887 ,
4.0000 ,14.3992 ,0.7835 ,-1.2859 ,-1.5997 ,-0.3231 ,14.3956 ,
0.0000 ,0.8584 ,0.7056 ,15.9984 ,-23.3698 ,0.2366 ,0.8252 ,
1.0000 ,0.9704 ,1.0000 ,-22.6754 ,-25.3590 ,-0.3741 ,0.8954 ,
2.0000 ,2.8930 ,0.6376 ,-2.6047 ,25.4772 ,-0.1315 ,2.8900 ,
3.0000 ,14.3930 ,0.6330 ,-1.0738 ,-2.8811 ,-0.2697 ,14.3905 ,
4.0000 ,14.5816 ,0.8683 ,0.4608 ,-2.8829 ,0.1173 ,14.5812 ,
0.0000 ,0.8584 ,0.6915 ,15.5752 ,-24.7701 ,0.2305 ,0.8269 ,
1.0000 ,0.9705 ,1.0000 ,-22.7640 ,-24.7722 ,-0.3755 ,0.8949 ,
2.0000 ,1.1289 ,0.6223 ,0.9791 ,-25.4772 ,0.0193 ,1.1287 ,
3.0000 ,2.8902 ,0.6962 ,-1.7013 ,-13.9007 ,-0.0858 ,2.8889 ,
4.0000 ,14.6953 ,0.7253 ,1.8064 ,-0.9612 ,0.4632 ,14.6880 ,
0.0000 ,0.8575 ,0.4939 ,15.3094 ,-23.3678 ,0.2264 ,0.8271 ,
1.0000 ,0.9707 ,0.7005 ,-23.0147 ,-24.7701 ,-0.3795 ,0.8934 ,
2.0000 ,14.4317 ,0.5503 ,1.9744 ,3.5222 ,0.4972 ,14.4232 ,
3.0000 ,14.6032 ,0.5475 ,3.3380 ,1.6016 ,0.8503 ,14.5784 ,
4.0000 ,14.7689 ,1.0000 ,3.6955 ,3.5222 ,0.9519 ,14.7382 ,
0.0000 ,0.8572 ,0.3649 ,15.2380 ,-23.3698 ,0.2253 ,0.8270 ,
1.0000 ,0.9706 ,0.5390 ,-23.0033 ,-26.1884 ,-0.3793 ,0.8934 ,
2.0000 ,2.8923 ,0.3369 ,-3.5421 ,-11.2767 ,-0.1787 ,2.8867 ,
3.0000 ,14.5346 ,0.4168 ,3.0125 ,0.9612 ,0.7638 ,14.5145 ,
4.0000 ,14.9053 ,1.0000 ,4.5395 ,5.4488 ,1.1797 ,14.8586 ,
0.0000 ,0.8567 ,0.6861 ,14.2957 ,-24.0691 ,0.2116 ,0.8302 ,
1.0000 ,0.9710 ,1.0000 ,-22.8919 ,-26.9040 ,-0.3777 ,0.8945 ,
2.0000 ,1.1290 ,0.6018 ,3.3887 ,-25.6226 ,0.0667 ,1.1271 ,
3.0000 ,2.8903 ,0.6264 ,-3.1931 ,-9.3246 ,-0.1610 ,2.8858 ,
4.0000 ,15.0285 ,0.5606 ,4.6384 ,6.0941 ,1.2153 ,14.9793 ,
0.0000 ,0.8577 ,0.7221 ,15.7651 ,-25.4772 ,0.2330 ,0.8255 ,
1.0000 ,0.9721 ,1.0000 ,-22.6598 ,-25.4772 ,-0.3745 ,0.8970 ,
2.0000 ,1.1283 ,0.6158 ,1.4014 ,-24.0691 ,0.0276 ,1.1279 ,
3.0000 ,2.8933 ,0.6809 ,-2.5983 ,-11.2767 ,-0.1312 ,2.8903 ,
4.0000 ,16.0669 ,0.5877 ,5.2029 ,6.0941 ,1.4570 ,16.0007 ,
0.0000 ,0.8587 ,0.7069 ,16.0201 ,-25.4772 ,0.2370 ,0.8253 ,
1.0000 ,0.9709 ,1.0000 ,-22.3777 ,-24.7722 ,-0.3696 ,0.8977 ,
2.0000 ,2.8933 ,0.6449 ,-4.3944 ,-9.3246 ,-0.2217 ,2.8848 ,
3.0000 ,3.3018 ,0.5981 ,1.2061 ,-4.8079 ,0.0695 ,3.3010 ,
4.0000 ,16.1486 ,0.7104 ,4.0913 ,9.3227 ,1.1521 ,16.1074 ,
0.0000 ,0.8724 ,0.7040 ,18.3380 ,-23.3698 ,0.2745 ,0.8281 ,
1.0000 ,0.9705 ,1.0000 ,-23.2453 ,-26.1884 ,-0.3830 ,0.8917 ,
2.0000 ,1.1283 ,0.6046 ,1.7855 ,-24.7722 ,0.0352 ,1.1277 ,
3.0000 ,2.8925 ,0.6856 ,-3.3445 ,-11.9302 ,-0.1687 ,2.8875 ,
4.0000 ,14.9880 ,0.5010 ,6.7967 ,7.3815 ,1.7738 ,14.8827 ,
0.0000 ,0.8582 ,0.6492 ,15.5710 ,-24.0691 ,0.2304 ,0.8267 ,
1.0000 ,0.9707 ,1.0000 ,-23.1267 ,-26.1905 ,-0.3813 ,0.8927 ,
2.0000 ,1.1275 ,0.5883 ,1.8738 ,-26.1884 ,0.0369 ,1.1269 ,
3.0000 ,2.2936 ,0.5239 ,22.3664 ,22.6722 ,0.8728 ,2.1211 ,
4.0000 ,2.8913 ,0.6943 ,-3.6642 ,-9.9721 ,-0.1848 ,2.8854 ,
0.0000 ,0.8726 ,0.6670 ,18.7566 ,-26.1905 ,0.2806 ,0.8263 ,
1.0000 ,0.9702 ,1.0000 ,-23.2156 ,-28.3492 ,-0.3824 ,0.8916 ,
2.0000 ,1.1284 ,0.5932 ,2.2055 ,-27.6242 ,0.0434 ,1.1276 ,
3.0000 ,2.8933 ,0.6588 ,-2.6528 ,-11.2767 ,-0.1339 ,2.8902 ,
4.0000 ,3.0451 ,0.5037 ,-10.8501 ,-10.6227 ,-0.5732 ,2.9907 ,
0.0000 ,0.8726 ,0.6715 ,18.4445 ,-24.0691 ,0.2761 ,0.8277 ,
1.0000 ,0.9710 ,1.0000 ,-23.1633 ,-26.1884 ,-0.3820 ,0.8927 ,
2.0000 ,1.1282 ,0.5962 ,0.8805 ,-24.7722 ,0.0173 ,1.1281 ,
3.0000 ,2.1671 ,0.5326 ,23.0378 ,21.9802 ,0.8481 ,1.9943 ,
4.0000 ,2.8900 ,0.6231 ,-3.2457 ,-11.2767 ,-0.1636 ,2.8854 ,
0.0000 ,0.8584 ,0.6748 ,15.5602 ,-25.4792 ,0.2303 ,0.8270 ,
1.0000 ,0.9710 ,1.0000 ,-23.4601 ,-27.6242 ,-0.3865 ,0.8907 ,
2.0000 ,1.1281 ,0.5913 ,1.0569 ,-26.9040 ,0.0208 ,1.1279 ,
3.0000 ,2.1677 ,0.5427 ,24.9306 ,24.0670 ,0.9137 ,1.9657 ,
4.0000 ,2.8899 ,0.6391 ,-3.1152 ,-11.9283 ,-0.1570 ,2.8856 ,
0.0000 ,0.8583 ,0.6835 ,15.7759 ,-23.3698 ,0.2334 ,0.8260 ,
1.0000 ,0.9718 ,1.0000 ,-23.0744 ,-26.1884 ,-0.3809 ,0.8941 ,
2.0000 ,1.1287 ,0.6129 ,0.9856 ,-26.1884 ,0.0194 ,1.1285 ,
3.0000 ,2.8917 ,0.6540 ,-4.1668 ,-10.6246 ,-0.2101 ,2.8840 ,
4.0000 ,3.0457 ,0.5264 ,-8.5397 ,-10.6227 ,-0.4523 ,3.0119 ,
0.0000 ,0.9711 ,1.0000 ,-22.9554 ,-26.1884 ,-0.3788 ,0.8942 ,
1.0000 ,1.1278 ,0.6506 ,1.7310 ,-26.1884 ,0.0341 ,1.1273 ,
2.0000 ,2.1672 ,0.5079 ,23.6481 ,21.9802 ,0.8693 ,1.9852 ,
3.0000 ,2.8931 ,0.6601 ,-3.9482 ,-9.3246 ,-0.1992 ,2.8862 ,
4.0000 ,16.2703 ,0.6515 ,11.0146 ,9.3227 ,3.1086 ,15.9706 ,
0.0000 ,0.8575 ,0.6781 ,15.8258 ,-24.0691 ,0.2339 ,0.8250 ,
1.0000 ,0.9711 ,1.0000 ,-23.4444 ,-25.4792 ,-0.3864 ,0.8909 ,
2.0000 ,1.1295 ,0.6109 ,1.9050 ,-26.1884 ,0.0375 ,1.1289 ,
3.0000 ,2.8923 ,0.6854 ,-1.6909 ,28.3492 ,-0.0853 ,2.8910 ,
4.0000 ,3.3011 ,0.5308 ,-8.6459 ,-12.5834 ,-0.4963 ,3.2636 ,
0.0000 ,0.8728 ,0.6966 ,18.4842 ,-23.3698 ,0.2767 ,0.8278 ,
1.0000 ,0.9705 ,1.0000 ,-23.0308 ,-26.1884 ,-0.3797 ,0.8932 ,
2.0000 ,1.1293 ,0.6278 ,0.6456 ,-25.4772 ,0.0127 ,1.1292 ,
3.0000 ,2.8932 ,0.6656 ,-3.9924 ,-8.6745 ,-0.2014 ,2.8862 ,
4.0000 ,16.7237 ,0.6729 ,13.4938 ,14.5592 ,3.9023 ,16.2621 ,
0.0000 ,0.8578 ,0.6941 ,14.9681 ,-24.7701 ,0.2216 ,0.8287 ,
1.0000 ,0.9717 ,1.0000 ,-22.8188 ,-26.9040 ,-0.3769 ,0.8957 ,
2.0000 ,1.1291 ,0.5899 ,0.4544 ,-26.1884 ,0.0090 ,1.1291 ,
3.0000 ,2.8911 ,0.6437 ,-2.5918 ,26.1905 ,-0.1307 ,2.8882 ,
4.0000 ,16.9460 ,0.5450 ,12.5823 ,14.5592 ,3.6916 ,16.5390 ,
0.0000 ,0.8593 ,0.7206 ,15.2986 ,-22.6742 ,0.2267 ,0.8288 ,
1.0000 ,0.9708 ,1.0000 ,-22.6893 ,-25.4772 ,-0.3745 ,0.8957 ,
2.0000 ,1.1271 ,0.6285 ,0.8260 ,-24.7722 ,0.0162 ,1.1270 ,
3.0000 ,2.8927 ,0.6332 ,-2.0900 ,-8.6745 ,-0.1055 ,2.8908 ,
4.0000 ,17.1876 ,0.7434 ,11.2909 ,13.8988 ,3.3652 ,16.8550 ,
0.0000 ,0.8586 ,0.6153 ,15.1923 ,-25.4772 ,0.2250 ,0.8286 ,
1.0000 ,0.9701 ,0.8656 ,-22.5755 ,-25.4567 ,-0.3724 ,0.8958 ,
2.0000 ,1.1295 ,0.5120 ,1.5441 ,-26.1884 ,0.0304 ,1.1291 ,
3.0000 ,2.8933 ,0.5802 ,-3.1008 ,-9.9721 ,-0.1565 ,2.8891 ,
4.0000 ,17.4046 ,1.0000 ,12.9329 ,16.5529 ,3.8953 ,16.9631 ,
0.0000 ,0.8724 ,0.5779 ,19.0494 ,-22.6742 ,0.2847 ,0.8246 ,
1.0000 ,0.9699 ,0.8188 ,-21.9539 ,-24.0691 ,-0.3626 ,0.8995 ,
2.0000 ,1.1274 ,0.5350 ,1.4767 ,-25.4772 ,0.0291 ,1.1270 ,
3.0000 ,2.8925 ,0.5793 ,-3.1529 ,-13.8988 ,-0.1591 ,2.8881 ,
4.0000 ,17.7238 ,1.0000 ,13.1831 ,13.2421 ,4.0422 ,17.2568 ,
0.0000 ,0.8567 ,0.6700 ,15.1184 ,-24.7722 ,0.2234 ,0.8270 ,
1.0000 ,0.9705 ,0.9362 ,-22.6093 ,-26.9040 ,-0.3731 ,0.8959 ,
2.0000 ,1.1290 ,0.5573 ,0.6729 ,-25.4792 ,0.0133 ,1.1289 ,
3.0000 ,2.8912 ,0.6331 ,-3.0438 ,26.1905 ,-0.1535 ,2.8871 ,
4.0000 ,17.9530 ,1.0000 ,12.2257 ,17.2219 ,3.8018 ,17.5458 ,
0.0000 ,0.8578 ,0.3965 ,16.1253 ,-24.0691 ,0.2382 ,0.8240 ,
1.0000 ,0.9702 ,0.5838 ,-22.5938 ,-26.1884 ,-0.3727 ,0.8957 ,
2.0000 ,1.1279 ,0.3466 ,0.8805 ,-25.4772 ,0.0173 ,1.1278 ,
3.0000 ,2.8916 ,0.3707 ,-3.1281 ,26.1884 ,-0.1578 ,2.8873 ,
4.0000 ,18.1840 ,1.0000 ,12.8190 ,13.2421 ,4.0345 ,17.7307 ,
0.0000 ,0.8572 ,0.1844 ,15.3120 ,-25.4772 ,0.2264 ,0.8268 ,
1.0000 ,0.9708 ,0.2648 ,-22.7345 ,-26.9040 ,-0.3752 ,0.8954 ,
2.0000 ,1.1278 ,0.1621 ,2.5417 ,-24.7722 ,0.0500 ,1.1266 ,
3.0000 ,2.8938 ,0.1741 ,-3.3926 ,-11.9302 ,-0.1713 ,2.8888 ,
4.0000 ,18.3789 ,1.0000 ,13.0860 ,14.5611 ,4.1612 ,17.9016 ,

0.0000 ,0.8719 ,0.3966 ,17.9959 ,-26.9040 ,0.2694 ,0.8293 ,
1.0000 ,0.9707 ,0.5607 ,-23.2889 ,-27.6242 ,-0.3838 ,0.8916 ,
2.0000 ,1.1289 ,0.3375 ,1.2036 ,-25.4792 ,0.0237 ,1.1287 ,
3.0000 ,2.8931 ,0.3674 ,-3.7630 ,-9.9740 ,-0.1899 ,2.8869 ,
4.0000 ,18.5988 ,1.0000 ,12.9913 ,15.2236 ,4.1811 ,18.1228 ,
0.0000 ,0.8721 ,0.5251 ,19.0808 ,-24.0670 ,0.2851 ,0.8242 ,
1.0000 ,0.9721 ,0.7152 ,-22.3916 ,-24.7701 ,-0.3703 ,0.8988 ,
2.0000 ,18.8173 ,0.9365 ,12.4296 ,11.9283 ,4.0502 ,18.3763 ,
3.0000 ,18.9041 ,1.0000 ,12.0108 ,10.6227 ,3.9339 ,18.4902 ,
4.0000 ,19.2298 ,0.6321 ,11.0000 ,13.2421 ,3.6692 ,18.8765 ,
0.0000 ,0.8579 ,0.7208 ,15.8609 ,-22.6742 ,0.2345 ,0.8253 ,
1.0000 ,0.9708 ,1.0000 ,-22.0266 ,-24.0691 ,-0.3641 ,0.9000 ,
2.0000 ,1.1286 ,0.6211 ,1.6740 ,-25.4772 ,0.0330 ,1.1281 ,
3.0000 ,2.8913 ,0.7090 ,-2.8944 ,-14.5592 ,-0.1460 ,2.8876 ,
4.0000 ,19.0501 ,0.8533 ,10.7432 ,13.9007 ,3.5511 ,18.7162 ,
0.0000 ,0.8567 ,0.2506 ,14.9116 ,-26.1884 ,0.2204 ,0.8278 ,
1.0000 ,0.9700 ,0.3564 ,-23.0378 ,-26.9040 ,-0.3796 ,0.8927 ,
2.0000 ,1.1280 ,0.2230 ,1.3845 ,-26.9040 ,0.0273 ,1.1277 ,
3.0000 ,2.8924 ,0.2391 ,-2.0354 ,-10.6227 ,-0.1027 ,2.8906 ,
4.0000 ,19.1690 ,1.0000 ,12.1076 ,13.9007 ,4.0207 ,18.7426 ,
0.0000 ,0.8572 ,0.2437 ,15.2986 ,-24.7701 ,0.2262 ,0.8269 ,
1.0000 ,0.9708 ,0.3538 ,-22.4254 ,-25.4792 ,-0.3703 ,0.8974 ,
2.0000 ,1.1278 ,0.2227 ,2.1108 ,-26.1884 ,0.0415 ,1.1270 ,
3.0000 ,2.8920 ,0.2330 ,-1.8441 ,-8.6764 ,-0.0931 ,2.8905 ,
4.0000 ,19.3435 ,1.0000 ,10.9828 ,11.2767 ,3.6852 ,18.9892 ,
0.0000 ,0.8583 ,0.4334 ,16.1294 ,-24.0691 ,0.2384 ,0.8245 ,
1.0000 ,0.9699 ,0.6318 ,-22.6389 ,-26.9040 ,-0.3733 ,0.8952 ,
2.0000 ,1.1276 ,0.3916 ,0.1145 ,-24.7722 ,0.0023 ,1.1276 ,
3.0000 ,2.8935 ,0.4359 ,-2.3989 ,-13.2402 ,-0.1211 ,2.8910 ,
4.0000 ,19.5484 ,1.0000 ,9.1153 ,11.9302 ,3.0969 ,19.3016 ,
0.0000 ,0.8595 ,0.7053 ,15.6909 ,-24.0670 ,0.2324 ,0.8274 ,
1.0000 ,0.9705 ,1.0000 ,-22.8006 ,-24.7701 ,-0.3761 ,0.8946 ,
2.0000 ,1.1279 ,0.6207 ,0.5049 ,-25.4772 ,0.0099 ,1.1278 ,
3.0000 ,2.8914 ,0.6583 ,-1.7623 ,-11.9302 ,-0.0889 ,2.8900 ,
4.0000 ,19.7093 ,0.5401 ,14.8855 ,11.9855 ,5.0631 ,19.0479 ,
0.0000 ,0.8572 ,0.6817 ,15.5381 ,-24.0691 ,0.2296 ,0.8259 ,
1.0000 ,0.9719 ,1.0000 ,-22.5026 ,-26.1905 ,-0.3720 ,0.8979 ,
2.0000 ,1.1292 ,0.6207 ,1.9977 ,-26.9040 ,0.0394 ,1.1285 ,
3.0000 ,2.8932 ,0.6497 ,-2.4847 ,28.3492 ,-0.1254 ,2.8905 ,
4.0000 ,19.8583 ,0.5806 ,11.1560 ,13.2421 ,3.8422 ,19.4830 ,
0.0000 ,0.8722 ,0.7118 ,19.2115 ,-24.7701 ,0.2870 ,0.8236 ,
1.0000 ,0.9712 ,1.0000 ,-23.1337 ,-26.1884 ,-0.3816 ,0.8931 ,
2.0000 ,1.1289 ,0.5913 ,2.0419 ,-26.1884 ,0.0402 ,1.1282 ,
3.0000 ,2.8920 ,0.6594 ,-3.2626 ,-13.2421 ,-0.1646 ,2.8873 ,
4.0000 ,19.9330 ,0.6818 ,11.9272 ,12.5853 ,4.1195 ,19.5026 ,
0.0000 ,0.8582 ,0.7121 ,15.4749 ,-22.6742 ,0.2290 ,0.8271 ,
1.0000 ,0.9708 ,1.0000 ,-22.2941 ,-26.1884 ,-0.3683 ,0.8982 ,
2.0000 ,1.1287 ,0.6425 ,1.3132 ,-24.0691 ,0.0259 ,1.1284 ,
3.0000 ,2.8921 ,0.6539 ,-3.0502 ,-11.2767 ,-0.1539 ,2.8880 ,
4.0000 ,20.1558 ,0.5939 ,10.1753 ,11.9283 ,3.5608 ,19.8388 ,
0.0000 ,0.8584 ,0.6899 ,15.6035 ,-23.3698 ,0.2309 ,0.8267 ,
1.0000 ,0.9702 ,1.0000 ,-22.5825 ,-25.4772 ,-0.3726 ,0.8958 ,
2.0000 ,1.1300 ,0.5482 ,1.9640 ,-26.1884 ,0.0387 ,1.1294 ,
3.0000 ,2.1672 ,0.5272 ,26.1685 ,25.4772 ,0.9558 ,1.9451 ,
4.0000 ,2.8941 ,0.6438 ,-2.7853 ,-7.3834 ,-0.1406 ,2.8906 ,
0.0000 ,0.8590 ,0.6829 ,16.0376 ,-25.4772 ,0.2373 ,0.8255 ,
1.0000 ,0.9712 ,1.0000 ,-22.6050 ,-26.9040 ,-0.3733 ,0.8966 ,
2.0000 ,1.1299 ,0.5948 ,1.4703 ,-24.7722 ,0.0290 ,1.1295 ,
3.0000 ,2.1631 ,0.5533 ,23.5081 ,24.7701 ,0.8628 ,1.9836 ,
4.0000 ,2.8944 ,0.6523 ,-3.3236 ,-9.3227 ,-0.1678 ,2.8895 ,
0.0000 ,0.8573 ,0.7169 ,16.0201 ,-22.6742 ,0.2366 ,0.8240 ,
1.0000 ,0.9709 ,1.0000 ,-22.3257 ,-24.7701 ,-0.3688 ,0.8981 ,
2.0000 ,1.1281 ,0.6173 ,2.5288 ,-23.3698 ,0.0498 ,1.1270 ,
3.0000 ,2.1676 ,0.5300 ,25.6084 ,23.3678 ,0.9369 ,1.9547 ,
4.0000 ,2.8930 ,0.7062 ,-3.8241 ,-10.6227 ,-0.1929 ,2.8866 ,
0.0000 ,0.8573 ,0.7008 ,15.1009 ,-23.3678 ,0.2234 ,0.8277 ,
1.0000 ,0.9713 ,1.0000 ,-22.6754 ,-24.0691 ,-0.3745 ,0.8963 ,
2.0000 ,1.1302 ,0.5736 ,2.6047 ,-24.0691 ,0.0514 ,1.1290 ,
3.0000 ,2.2919 ,0.5260 ,23.1380 ,21.2935 ,0.9006 ,2.1075 ,
4.0000 ,2.8897 ,0.6871 ,-2.3314 ,26.1905 ,-0.1176 ,2.8873 ,
0.0000 ,0.8590 ,0.6884 ,15.8284 ,-24.7701 ,0.2343 ,0.8264 ,
1.0000 ,0.9714 ,1.0000 ,-22.5278 ,-24.7722 ,-0.3722 ,0.8973 ,
2.0000 ,1.1283 ,0.5806 ,2.1822 ,-26.1884 ,0.0430 ,1.1275 ,
3.0000 ,2.1683 ,0.5390 ,25.2879 ,25.4772 ,0.9262 ,1.9605 ,
4.0000 ,2.8926 ,0.6971 ,-3.7968 ,-31.3034 ,-0.1915 ,2.8863 ,
0.0000 ,0.8592 ,0.7198 ,16.3260 ,-22.6742 ,0.2415 ,0.8246 ,
1.0000 ,0.9711 ,1.0000 ,-22.0897 ,-23.3698 ,-0.3652 ,0.8998 ,
2.0000 ,1.1302 ,0.6066 ,1.9536 ,-23.3698 ,0.0385 ,1.1296 ,
3.0000 ,2.1679 ,0.5348 ,25.7249 ,24.0670 ,0.9410 ,1.9530 ,
4.0000 ,2.8918 ,0.6529 ,-4.2657 ,-13.8988 ,-0.2151 ,2.8838 ,
0.0000 ,0.8587 ,0.6774 ,15.8392 ,-24.7701 ,0.2344 ,0.8261 ,
1.0000 ,0.9703 ,1.0000 ,-22.8301 ,-24.0691 ,-0.3765 ,0.8942 ,
2.0000 ,1.1275 ,0.6217 ,0.7274 ,-24.0691 ,0.0143 ,1.1274 ,
3.0000 ,2.1626 ,0.5322 ,25.2134 ,23.3698 ,0.9212 ,1.9565 ,
4.0000 ,2.8932 ,0.6436 ,-2.4197 ,-10.6246 ,-0.1221 ,2.8906 ,
0.0000 ,0.8573 ,0.6710 ,15.2031 ,-23.3698 ,0.2248 ,0.8273 ,
1.0000 ,0.9710 ,1.0000 ,-22.5321 ,-26.1884 ,-0.3721 ,0.8969 ,
2.0000 ,1.1304 ,0.6031 ,2.0900 ,-24.0691 ,0.0412 ,1.1296 ,
3.0000 ,2.1595 ,0.5230 ,24.2706 ,21.9822 ,0.8877 ,1.9687 ,
4.0000 ,2.8913 ,0.6949 ,-2.6384 ,-6.7383 ,-0.1331 ,2.8883 ,
0.0000 ,0.8573 ,0.6929 ,14.9855 ,-23.3698 ,0.2217 ,0.8281 ,
1.0000 ,0.9708 ,1.0000 ,-22.8919 ,-24.7722 ,-0.3776 ,0.8943 ,
2.0000 ,1.1288 ,0.6222 ,1.3300 ,-26.1884 ,0.0262 ,1.1285 ,
3.0000 ,2.1685 ,0.5483 ,25.5364 ,20.6080 ,0.9348 ,1.9566 ,
4.0000 ,2.8915 ,0.6624 ,-4.0744 ,-9.9721 ,-0.2054 ,2.8842 ,
0.0000 ,0.8586 ,0.7090 ,15.8851 ,-25.4772 ,0.2350 ,0.8258 ,
1.0000 ,0.9704 ,1.0000 ,-22.7667 ,-26.9040 ,-0.3755 ,0.8948 ,
2.0000 ,1.1297 ,0.6201 ,0.5089 ,-26.1884 ,0.0100 ,1.1297 ,
3.0000 ,2.8927 ,0.6633 ,-1.6740 ,24.7701 ,-0.0845 ,2.8915 ,
4.0000 ,3.3002 ,0.5257 ,-4.3501 ,-8.0294 ,-0.2503 ,3.2907 ,
0.0000 ,0.8573 ,0.6998 ,15.6626 ,-24.7701 ,0.2314 ,0.8254 ,
1.0000 ,0.9706 ,1.0000 ,-22.9372 ,-24.7722 ,-0.3783 ,0.8939 ,
2.0000 ,1.1293 ,0.6159 ,1.8168 ,-26.1884 ,0.0358 ,1.1287 ,
3.0000 ,2.8949 ,0.6928 ,-2.6593 ,27.6264 ,-0.1343 ,2.8918 ,
4.0000 ,3.0293 ,0.5017 ,-6.6805 ,-9.9721 ,-0.3524 ,3.0087 ,
0.0000 ,0.8584 ,0.6681 ,15.6493 ,-23.3698 ,0.2315 ,0.8266 ,
1.0000 ,0.9700 ,1.0000 ,-22.6598 ,-26.1884 ,-0.3737 ,0.8951 ,
2.0000 ,1.1306 ,0.5590 ,1.9407 ,-24.0691 ,0.0383 ,1.1300 ,
3.0000 ,2.1651 ,0.5510 ,23.7120 ,24.0670 ,0.8707 ,1.9823 ,
4.0000 ,2.8931 ,0.6375 ,-2.2328 ,-11.9302 ,-0.1127 ,2.8909 ,
0.0000 ,0.8588 ,0.6797 ,16.1536 ,-24.0670 ,0.2389 ,0.8249 ,
1.0000 ,0.9711 ,1.0000 ,-22.6824 ,-25.4772 ,-0.3745 ,0.8960 ,
2.0000 ,1.1288 ,0.5936 ,1.2542 ,-24.0691 ,0.0247 ,1.1285 ,
3.0000 ,2.2893 ,0.5206 ,22.8554 ,22.6722 ,0.8892 ,2.1096 ,
4.0000 ,2.8915 ,0.6520 ,-3.9900 ,-8.6745 ,-0.2012 ,2.8844 ,
0.0000 ,0.8726 ,0.7152 ,18.5239 ,-24.0691 ,0.2772 ,0.8274 ,
1.0000 ,0.9710 ,1.0000 ,-22.9076 ,-24.7722 ,-0.3780 ,0.8944 ,
2.0000 ,1.1298 ,0.6050 ,2.3587 ,-26.1884 ,0.0465 ,1.1289 ,
3.0000 ,2.8925 ,0.6042 ,-3.7421 ,-10.6227 ,-0.1888 ,2.8863 ,
4.0000 ,3.0443 ,0.5042 ,-11.5861 ,-13.2421 ,-0.6114 ,2.9823 ,
0.0000 ,0.8726 ,0.7167 ,18.8278 ,-22.6742 ,0.2816 ,0.8259 ,
1.0000 ,0.9711 ,1.0000 ,-22.4141 ,-24.7701 ,-0.3703 ,0.8977 ,
2.0000 ,1.1289 ,0.5959 ,2.4197 ,-25.4772 ,0.0477 ,1.1279 ,
3.0000 ,2.8937 ,0.6500 ,-5.0303 ,24.0670 ,-0.2537 ,2.8826 ,
4.0000 ,3.0300 ,0.5433 ,-7.5139 ,-7.3834 ,-0.3962 ,3.0040 ,

0.0000 ,0.8578 ,0.6935 ,16.0443 ,-25.4772 ,0.2371 ,0.8244 ,
1.0000 ,0.9700 ,1.0000 ,-23.5405 ,-26.9040 ,-0.3874 ,0.8893 ,
2.0000 ,1.1286 ,0.6008 ,1.4663 ,-26.1884 ,0.0289 ,1.1282 ,
3.0000 ,2.2922 ,0.5359 ,22.7371 ,24.0670 ,0.8859 ,2.1141 ,
4.0000 ,2.8913 ,0.7137 ,-2.3652 ,-10.6246 ,-0.1193 ,2.8888 ,
0.0000 ,0.8590 ,0.7127 ,15.7017 ,-24.7701 ,0.2325 ,0.8270 ,
1.0000 ,0.9711 ,1.0000 ,-22.6754 ,-26.1884 ,-0.3744 ,0.8961 ,
2.0000 ,1.1310 ,0.6070 ,2.2432 ,-25.4772 ,0.0443 ,1.1301 ,
3.0000 ,2.1655 ,0.5333 ,25.5364 ,23.3678 ,0.9335 ,1.9540 ,
4.0000 ,2.8929 ,0.6682 ,-2.7074 ,-11.2767 ,-0.1366 ,2.8897 ,
0.0000 ,0.8585 ,0.7479 ,15.5752 ,-24.0670 ,0.2305 ,0.8270 ,
1.0000 ,0.9708 ,1.0000 ,-22.6867 ,-24.0691 ,-0.3744 ,0.8957 ,
2.0000 ,1.1295 ,0.6451 ,2.2095 ,-25.4772 ,0.0435 ,1.1287 ,
3.0000 ,2.8904 ,0.7164 ,-2.7580 ,29.0791 ,-0.1391 ,2.8871 ,
4.0000 ,3.2282 ,0.5493 ,-17.0580 ,-7.3815 ,-0.9470 ,3.0862 ,
0.0000 ,0.8575 ,0.6792 ,15.8959 ,-26.1884 ,0.2349 ,0.8247 ,
1.0000 ,0.9705 ,1.0000 ,-22.2914 ,-26.9040 ,-0.3681 ,0.8980 ,
2.0000 ,1.1298 ,0.5883 ,0.7715 ,-26.1884 ,0.0152 ,1.1297 ,
3.0000 ,2.8927 ,0.6527 ,-2.6593 ,-18.5674 ,-0.1342 ,2.8896 ,
4.0000 ,22.5084 ,0.5595 ,1.7960 ,3.5222 ,0.7054 ,22.4974 ,
0.0000 ,0.8576 ,0.4617 ,15.5885 ,-21.9822 ,0.2305 ,0.8261 ,
1.0000 ,0.9714 ,0.6507 ,-22.1694 ,-24.7701 ,-0.3666 ,0.8996 ,
2.0000 ,2.8929 ,0.4384 ,-3.3212 ,27.6242 ,-0.1676 ,2.8881 ,
3.0000 ,22.3896 ,0.4639 ,-2.0627 ,-2.8811 ,-0.8059 ,22.3751 ,
4.0000 ,22.3960 ,1.0000 ,-2.0860 ,-5.4507 ,-0.8152 ,22.3812 ,
0.0000 ,0.8579 ,0.1057 ,15.8325 ,-24.7701 ,0.2341 ,0.8254 ,
1.0000 ,0.9717 ,0.1437 ,-23.1014 ,-24.0691 ,-0.3812 ,0.8938 ,
2.0000 ,1.1291 ,0.0888 ,1.4286 ,-26.1884 ,0.0282 ,1.1287 ,
3.0000 ,2.8940 ,0.0954 ,-1.9953 ,-11.2748 ,-0.1008 ,2.8923 ,
4.0000 ,22.2882 ,1.0000 ,0.9013 ,0.3210 ,0.3506 ,22.2854 ,
0.0000 ,0.9704 ,0.5136 ,-22.5321 ,-24.0691 ,-0.3718 ,0.8963 ,
1.0000 ,1.1295 ,0.3113 ,0.7001 ,-24.0691 ,0.0138 ,1.1294 ,
2.0000 ,2.2912 ,0.2776 ,22.8441 ,22.6742 ,0.8895 ,2.1115 ,
3.0000 ,2.8913 ,0.3365 ,-3.3212 ,-9.3246 ,-0.1675 ,2.8864 ,
4.0000 ,22.2374 ,1.0000 ,-1.7181 ,-2.8811 ,-0.6667 ,22.2274 ,
0.0000 ,0.8575 ,0.6009 ,15.5032 ,-22.6742 ,0.2292 ,0.8263 ,
1.0000 ,0.9708 ,0.8546 ,-22.0421 ,-25.4772 ,-0.3643 ,0.8999 ,
2.0000 ,2.8908 ,0.5558 ,-2.8840 ,-15.2216 ,-0.1454 ,2.8871 ,
3.0000 ,22.1393 ,1.0000 ,-2.0121 ,-2.8829 ,-0.7773 ,22.1256 ,
4.0000 ,22.4343 ,0.5872 ,-10.4039 ,-7.3815 ,-4.0513 ,22.0654 ,
0.0000 ,0.8585 ,0.6681 ,15.7517 ,-23.3698 ,0.2330 ,0.8262 ,
1.0000 ,0.9698 ,1.0000 ,-22.5460 ,-26.1884 ,-0.3719 ,0.8957 ,
2.0000 ,1.1285 ,0.6144 ,1.1323 ,-26.1884 ,0.0223 ,1.1283 ,
3.0000 ,2.1659 ,0.5213 ,24.0702 ,21.9822 ,0.8834 ,1.9775 ,
4.0000 ,2.8920 ,0.6736 ,-3.5758 ,-11.2748 ,-0.1804 ,2.8864 ,
0.0000 ,0.8580 ,0.7270 ,15.2770 ,-23.3698 ,0.2261 ,0.8277 ,
1.0000 ,0.9704 ,1.0000 ,-22.2031 ,-24.7722 ,-0.3667 ,0.8985 ,
2.0000 ,1.1290 ,0.6273 ,1.4430 ,-24.7722 ,0.0284 ,1.1287 ,
3.0000 ,2.8919 ,0.7234 ,-2.8696 ,-4.1658 ,-0.1448 ,2.8883 ,
4.0000 ,3.2380 ,0.6005 ,-15.8284 ,-8.0275 ,-0.8832 ,3.1152 ,
0.0000 ,0.9707 ,1.0000 ,-22.7667 ,-24.7701 ,-0.3756 ,0.8951 ,
1.0000 ,1.1290 ,0.6246 ,1.4118 ,-26.1884 ,0.0278 ,1.1286 ,
2.0000 ,2.2932 ,0.5300 ,22.0603 ,24.0670 ,0.8613 ,2.1253 ,
3.0000 ,2.8940 ,0.7048 ,-2.5670 ,-18.5693 ,-0.1296 ,2.8911 ,
4.0000 ,3.2474 ,0.5294 ,-14.7968 ,-8.6764 ,-0.8294 ,3.1397 ,
0.0000 ,0.8724 ,0.6750 ,19.0028 ,-24.7701 ,0.2841 ,0.8248 ,
1.0000 ,0.9703 ,1.0000 ,-22.6093 ,-24.7722 ,-0.3730 ,0.8957 ,
2.0000 ,1.1284 ,0.6354 ,1.1283 ,-26.1884 ,0.0222 ,1.1282 ,
3.0000 ,2.1593 ,0.5226 ,23.2409 ,23.3678 ,0.8521 ,1.9841 ,
4.0000 ,2.8936 ,0.6343 ,-1.4014 ,-11.2767 ,-0.0708 ,2.8927 ,
0.0000 ,0.8579 ,0.6734 ,15.1009 ,-23.3698 ,0.2235 ,0.8283 ,
1.0000 ,0.9702 ,1.0000 ,-22.8301 ,-26.9040 ,-0.3764 ,0.8942 ,
2.0000 ,1.1269 ,0.6498 ,1.0778 ,-26.1884 ,0.0212 ,1.1267 ,
3.0000 ,2.7292 ,0.5199 ,-15.0727 ,-21.9802 ,-0.7097 ,2.6353 ,
4.0000 ,2.8922 ,0.6949 ,-3.3887 ,-13.2421 ,-0.1710 ,2.8871 ,
0.0000 ,0.8573 ,0.7082 ,15.7192 ,-24.7701 ,0.2323 ,0.8252 ,
1.0000 ,0.9707 ,1.0000 ,-22.9076 ,-24.7722 ,-0.3779 ,0.8942 ,
2.0000 ,1.1274 ,0.6454 ,0.8870 ,-26.1884 ,0.0175 ,1.1273 ,
3.0000 ,2.8925 ,0.6853 ,-1.8441 ,-11.2748 ,-0.0931 ,2.8910 ,
4.0000 ,21.2488 ,0.5745 ,-9.6427 ,-11.2748 ,-3.5592 ,20.9485 ,
0.0000 ,0.8578 ,0.6890 ,15.9593 ,-25.4772 ,0.2359 ,0.8247 ,
1.0000 ,0.9705 ,1.0000 ,-22.8441 ,-26.1884 ,-0.3768 ,0.8943 ,
2.0000 ,1.1282 ,0.6365 ,1.3132 ,-24.7722 ,0.0259 ,1.1279 ,
3.0000 ,2.8925 ,0.6771 ,-3.7839 ,-12.5834 ,-0.1909 ,2.8862 ,
4.0000 ,3.3001 ,0.5347 ,-0.4103 ,-8.0294 ,-0.0236 ,3.3001 ,
0.0000 ,0.8579 ,0.6897 ,14.7553 ,-25.4772 ,0.2185 ,0.8296 ,
1.0000 ,0.9711 ,1.0000 ,-22.7049 ,-26.1884 ,-0.3748 ,0.8959 ,
2.0000 ,1.1284 ,0.5969 ,1.2542 ,-26.1884 ,0.0247 ,1.1282 ,
3.0000 ,2.1681 ,0.5402 ,25.4804 ,21.6564 ,0.9327 ,1.9572 ,
4.0000 ,2.8944 ,0.5956 ,-3.3951 ,-9.3227 ,-0.1714 ,2.8893 ,
0.0000 ,0.8583 ,0.6933 ,15.5885 ,-25.4772 ,0.2306 ,0.8267 ,
1.0000 ,0.9698 ,1.0000 ,-22.1667 ,-26.9040 ,-0.3659 ,0.8982 ,
2.0000 ,1.1274 ,0.6262 ,0.9078 ,-24.7722 ,0.0179 ,1.1272 ,
3.0000 ,2.8916 ,0.6596 ,-4.0913 ,-11.9283 ,-0.2063 ,2.8843 ,
4.0000 ,3.1994 ,0.4962 ,-13.3792 ,-44.2914 ,-0.7403 ,3.1125 ,
0.0000 ,0.8572 ,0.7019 ,16.0794 ,-22.6742 ,0.2374 ,0.8237 ,
1.0000 ,0.9710 ,1.0000 ,-22.2620 ,-25.4772 ,-0.3679 ,0.8986 ,
2.0000 ,1.1275 ,0.6112 ,1.5144 ,-26.1884 ,0.0298 ,1.1271 ,
3.0000 ,2.8929 ,0.6235 ,-3.7734 ,-11.2748 ,-0.1904 ,2.8866 ,
4.0000 ,3.0440 ,0.4999 ,-9.0918 ,-9.3227 ,-0.4810 ,3.0058 ,
0.0000 ,0.8714 ,0.6809 ,18.8744 ,-24.0691 ,0.2819 ,0.8245 ,
1.0000 ,0.9698 ,1.0000 ,-22.8075 ,-24.7722 ,-0.3759 ,0.8940 ,
2.0000 ,1.1293 ,0.5877 ,1.3067 ,-26.1884 ,0.0258 ,1.1290 ,
3.0000 ,2.8941 ,0.6399 ,-2.8463 ,-14.0425 ,-0.1437 ,2.8906 ,
4.0000 ,3.0455 ,0.5222 ,-9.5979 ,-11.9283 ,-0.5078 ,3.0028 ,
0.0000 ,0.8587 ,0.7028 ,15.9943 ,-23.3698 ,0.2366 ,0.8255 ,
1.0000 ,0.9706 ,1.0000 ,-22.9032 ,-24.7722 ,-0.3777 ,0.8940 ,
2.0000 ,1.1286 ,0.6251 ,2.1108 ,-26.1884 ,0.0416 ,1.1278 ,
3.0000 ,2.2943 ,0.5131 ,23.9807 ,24.7701 ,0.9325 ,2.0963 ,
4.0000 ,2.8901 ,0.6448 ,-3.3887 ,-11.2767 ,-0.1708 ,2.8850 ,
0.0000 ,0.8600 ,0.7003 ,16.4464 ,-23.3698 ,0.2435 ,0.8248 ,
1.0000 ,0.9710 ,1.0000 ,-23.0147 ,-26.1884 ,-0.3796 ,0.8937 ,
2.0000 ,1.1288 ,0.5761 ,1.4455 ,-24.7722 ,0.0285 ,1.1284 ,
3.0000 ,2.8936 ,0.6161 ,-2.4807 ,-14.5592 ,-0.1252 ,2.8909 ,
4.0000 ,3.3001 ,0.5741 ,-0.0198 ,-6.7383 ,-0.0011 ,3.3001 ,
0.0000 ,0.8576 ,0.7331 ,15.7476 ,-25.4772 ,0.2328 ,0.8255 ,
1.0000 ,0.9708 ,1.0000 ,-22.6598 ,-26.1884 ,-0.3740 ,0.8958 ,
2.0000 ,1.1281 ,0.6209 ,1.4832 ,-26.1884 ,0.0292 ,1.1278 ,
3.0000 ,2.1636 ,0.5206 ,23.7721 ,25.4772 ,0.8722 ,1.9801 ,
4.0000 ,2.8932 ,0.6691 ,-2.8671 ,-8.6764 ,-0.1447 ,2.8896 ,
0.0000 ,0.8596 ,0.7244 ,16.7752 ,-23.3698 ,0.2481 ,0.8230 ,
1.0000 ,0.9708 ,1.0000 ,-22.5825 ,-26.1884 ,-0.3728 ,0.8964 ,
2.0000 ,1.1270 ,0.6109 ,1.0738 ,-25.4772 ,0.0211 ,1.1268 ,
3.0000 ,2.1663 ,0.5387 ,24.9306 ,21.2935 ,0.9131 ,1.9644 ,
4.0000 ,2.8923 ,0.6256 ,-2.9956 ,-9.3246 ,-0.1512 ,2.8883 ,
0.0000 ,0.9715 ,1.0000 ,-22.1961 ,-24.7722 ,-0.3670 ,0.8995 ,
1.0000 ,1.1291 ,0.6388 ,1.5882 ,-24.7722 ,0.0313 ,1.1287 ,
2.0000 ,2.8922 ,0.6380 ,-4.2826 ,-10.6246 ,-0.2160 ,2.8842 ,
3.0000 ,3.0448 ,0.5189 ,-9.3111 ,-10.6246 ,-0.4926 ,3.0047 ,
4.0000 ,3.2051 ,0.5491 ,-14.7205 ,-9.9721 ,-0.8144 ,3.0999 ,
0.0000 ,0.8576 ,0.7063 ,16.1428 ,-22.6742 ,0.2384 ,0.8238 ,
1.0000 ,0.9713 ,1.0000 ,-22.2464 ,-24.0691 ,-0.3677 ,0.8990 ,
2.0000 ,1.1284 ,0.6233 ,1.0465 ,-24.0691 ,0.0206 ,1.1282 ,
3.0000 ,2.8923 ,0.6795 ,-2.3002 ,-8.0294 ,-0.1161 ,2.8900 ,
4.0000 ,3.0459 ,0.5262 ,-11.0252 ,-7.3834 ,-0.5825 ,2.9896 ,

0.0000 ,0.8574 ,0.7061 ,15.9000 ,-23.3698 ,0.2349 ,0.8246 ,
1.0000 ,0.9707 ,1.0000 ,-22.2213 ,-25.4772 ,-0.3671 ,0.8986 ,
2.0000 ,1.1299 ,0.6016 ,2.4911 ,-24.0691 ,0.0491 ,1.1289 ,
3.0000 ,2.1615 ,0.5226 ,24.3076 ,21.9802 ,0.8898 ,1.9699 ,
4.0000 ,2.8927 ,0.7034 ,-1.5882 ,-8.0275 ,-0.0802 ,2.8916 ,
0.0000 ,0.8570 ,0.6699 ,15.5860 ,-24.0670 ,0.2303 ,0.8255 ,
1.0000 ,0.9700 ,1.0000 ,-22.7049 ,-25.4772 ,-0.3744 ,0.8948 ,
2.0000 ,1.1272 ,0.6127 ,2.4470 ,-26.1884 ,0.0481 ,1.1262 ,
3.0000 ,2.8913 ,0.7017 ,-2.2328 ,-12.0384 ,-0.1126 ,2.8891 ,
4.0000 ,3.0308 ,0.5266 ,-7.7593 ,-7.3834 ,-0.4092 ,3.0030 ,
0.0000 ,0.8580 ,0.7032 ,14.9224 ,-23.3698 ,0.2209 ,0.8290 ,
1.0000 ,0.9704 ,1.0000 ,-22.2620 ,-24.0691 ,-0.3676 ,0.8980 ,
2.0000 ,1.1274 ,0.6061 ,1.1323 ,-25.4772 ,0.0223 ,1.1272 ,
3.0000 ,2.8924 ,0.6940 ,-3.9755 ,-10.6246 ,-0.2005 ,2.8854 ,
4.0000 ,19.1770 ,0.5573 ,-18.1215 ,-15.8881 ,-5.9647 ,18.2258 ,
0.0000 ,0.9706 ,1.0000 ,-22.3803 ,-26.1884 ,-0.3695 ,0.8975 ,
1.0000 ,1.1287 ,0.6093 ,0.7482 ,-26.1884 ,0.0147 ,1.1286 ,
2.0000 ,2.1668 ,0.5299 ,23.9552 ,21.2935 ,0.8798 ,1.9802 ,
3.0000 ,2.2922 ,0.5099 ,23.1197 ,22.6742 ,0.9001 ,2.1081 ,
4.0000 ,2.8907 ,0.6946 ,-3.3003 ,-12.5834 ,-0.1664 ,2.8859 ,
0.0000 ,0.8729 ,0.7135 ,18.9918 ,-24.0670 ,0.2841 ,0.8254 ,
1.0000 ,0.9721 ,1.0000 ,-22.2170 ,-24.7722 ,-0.3676 ,0.8999 ,
2.0000 ,1.1296 ,0.6102 ,1.1347 ,-26.1884 ,0.0224 ,1.1294 ,
3.0000 ,2.8944 ,0.6430 ,-3.2522 ,-8.0275 ,-0.1642 ,2.8897 ,
4.0000 ,3.0324 ,0.5307 ,-5.7385 ,-8.6764 ,-0.3032 ,3.0172 ,
0.0000 ,0.8587 ,0.6926 ,16.0618 ,-24.0691 ,0.2376 ,0.8252 ,
1.0000 ,0.9713 ,1.0000 ,-23.1197 ,-26.9040 ,-0.3814 ,0.8933 ,
2.0000 ,1.1293 ,0.6077 ,1.6869 ,-26.9040 ,0.0332 ,1.1288 ,
3.0000 ,2.8933 ,0.6096 ,-2.8632 ,-7.3834 ,-0.1445 ,2.8897 ,
4.0000 ,3.0309 ,0.5262 ,-8.1706 ,-9.3246 ,-0.4308 ,3.0001 ,
0.0000 ,0.8592 ,0.7206 ,15.7017 ,-22.6742 ,0.2325 ,0.8271 ,
1.0000 ,0.9706 ,1.0000 ,-22.3916 ,-24.0691 ,-0.3698 ,0.8975 ,
2.0000 ,1.1281 ,0.5961 ,1.2795 ,-23.3698 ,0.0252 ,1.1278 ,
3.0000 ,2.1659 ,0.5261 ,25.1417 ,20.6080 ,0.9202 ,1.9607 ,
4.0000 ,2.8941 ,0.6545 ,-4.0471 ,25.4772 ,-0.2043 ,2.8869 ,
0.0000 ,0.8585 ,0.6984 ,17.0186 ,-24.7701 ,0.2513 ,0.8209 ,
1.0000 ,0.9710 ,1.0000 ,-23.2156 ,-23.3698 ,-0.3828 ,0.8924 ,
2.0000 ,1.1296 ,0.5758 ,1.8232 ,-25.4772 ,0.0359 ,1.1290 ,
3.0000 ,2.2935 ,0.5062 ,23.2113 ,23.3698 ,0.9039 ,2.1079 ,
4.0000 ,2.8942 ,0.6883 ,-1.7895 ,-9.9721 ,-0.0904 ,2.8928 ,
0.0000 ,0.8573 ,0.6978 ,15.3120 ,-24.0670 ,0.2264 ,0.8269 ,
1.0000 ,0.9708 ,1.0000 ,-23.0308 ,-25.4772 ,-0.3798 ,0.8934 ,
2.0000 ,1.1286 ,0.5957 ,1.0465 ,-26.1884 ,0.0206 ,1.1284 ,
3.0000 ,2.2922 ,0.5324 ,22.8624 ,24.0670 ,0.8906 ,2.1122 ,
4.0000 ,2.8941 ,0.6154 ,-2.5943 ,-11.2767 ,-0.1310 ,2.8912 ,
0.0000 ,0.8581 ,0.7000 ,15.6276 ,-22.6742 ,0.2312 ,0.8264 ,
1.0000 ,0.9709 ,1.0000 ,-22.1036 ,-25.4772 ,-0.3653 ,0.8996 ,
2.0000 ,1.1284 ,0.5941 ,0.7418 ,-24.0691 ,0.0146 ,1.1283 ,
3.0000 ,2.8914 ,0.6506 ,-3.0100 ,-6.7383 ,-0.1518 ,2.8875 ,
4.0000 ,3.0463 ,0.5279 ,-10.5254 ,-8.6764 ,-0.5565 ,2.9950 ,
0.0000 ,0.8579 ,0.6956 ,16.3436 ,-23.3698 ,0.2414 ,0.8232 ,
1.0000 ,0.9706 ,1.0000 ,-22.6458 ,-26.1884 ,-0.3737 ,0.8958 ,
2.0000 ,1.1284 ,0.5843 ,1.2438 ,-26.1884 ,0.0245 ,1.1281 ,
3.0000 ,2.2905 ,0.5323 ,22.9328 ,22.6742 ,0.8925 ,2.1095 ,
4.0000 ,2.8921 ,0.6970 ,-3.3212 ,-9.9740 ,-0.1675 ,2.8873 ,
0.0000 ,0.8596 ,0.6994 ,16.0794 ,-22.6742 ,0.2381 ,0.8260 ,
1.0000 ,0.9711 ,1.0000 ,-22.7962 ,-24.0691 ,-0.3763 ,0.8953 ,
2.0000 ,1.1288 ,0.6304 ,1.3404 ,-24.0691 ,0.0264 ,1.1285 ,
3.0000 ,2.8927 ,0.6434 ,-3.2184 ,-8.0275 ,-0.1624 ,2.8882 ,
4.0000 ,3.0445 ,0.5465 ,-9.0642 ,-8.0294 ,-0.4796 ,3.0065 ,
0.0000 ,0.8728 ,0.7089 ,19.1071 ,-23.3698 ,0.2857 ,0.8247 ,
1.0000 ,0.9705 ,1.0000 ,-22.8006 ,-26.1884 ,-0.3761 ,0.8947 ,
2.0000 ,1.1293 ,0.6270 ,1.5585 ,-24.0691 ,0.0307 ,1.1288 ,
3.0000 ,2.1612 ,0.5642 ,23.7120 ,23.3678 ,0.8691 ,1.9787 ,
4.0000 ,2.8916 ,0.6982 ,-3.9482 ,-13.8988 ,-0.1991 ,2.8847 ,
0.0000 ,0.8574 ,0.6884 ,15.7301 ,-24.0691 ,0.2324 ,0.8253 ,
1.0000 ,0.9714 ,1.0000 ,-22.9511 ,-26.9040 ,-0.3788 ,0.8945 ,
2.0000 ,1.1275 ,0.6198 ,0.7210 ,-24.7722 ,0.0142 ,1.1274 ,
3.0000 ,2.1593 ,0.5532 ,22.6093 ,21.9822 ,0.8301 ,1.9934 ,
4.0000 ,2.8943 ,0.6314 ,-2.5670 ,-8.0294 ,-0.1296 ,2.8914 ,
0.0000 ,0.9698 ,1.0000 ,-22.6571 ,-25.4792 ,-0.3736 ,0.8950 ,
1.0000 ,1.1298 ,0.6004 ,1.0024 ,-26.1884 ,0.0198 ,1.1297 ,
2.0000 ,2.8924 ,0.6507 ,-2.3379 ,27.6264 ,-0.1180 ,2.8900 ,
3.0000 ,3.0461 ,0.5457 ,-9.8578 ,-8.0275 ,-0.5215 ,3.0011 ,
4.0000 ,3.2350 ,0.5487 ,-13.2152 ,-6.7364 ,-0.7396 ,3.1494 ,
0.0000 ,0.8578 ,0.6919 ,15.1358 ,-25.4772 ,0.2240 ,0.8280 ,
1.0000 ,0.9711 ,1.0000 ,-22.9850 ,-26.9040 ,-0.3792 ,0.8940 ,
2.0000 ,1.1292 ,0.6066 ,0.5490 ,-26.1884 ,0.0108 ,1.1292 ,
3.0000 ,2.1669 ,0.5115 ,24.6162 ,23.7798 ,0.9026 ,1.9700 ,
4.0000 ,2.8946 ,0.6460 ,-2.7957 ,24.7722 ,-0.1412 ,2.8912 ,
0.0000 ,0.8573 ,0.7033 ,15.1898 ,-24.0691 ,0.2246 ,0.8273 ,
1.0000 ,0.9709 ,1.0000 ,-22.7484 ,-25.4792 ,-0.3754 ,0.8953 ,
2.0000 ,1.1286 ,0.6228 ,1.6596 ,-26.1884 ,0.0327 ,1.1281 ,
3.0000 ,2.8946 ,0.6336 ,-2.3587 ,-11.2748 ,-0.1191 ,2.8921 ,
4.0000 ,3.0458 ,0.5463 ,-10.4765 ,-11.2748 ,-0.5538 ,2.9950 ,
0.0000 ,0.8584 ,0.7174 ,15.3726 ,-24.0691 ,0.2276 ,0.8277 ,
1.0000 ,0.9712 ,1.0000 ,-22.7484 ,-25.4792 ,-0.3756 ,0.8957 ,
2.0000 ,1.1292 ,0.6235 ,2.4301 ,-26.1884 ,0.0479 ,1.1282 ,
3.0000 ,2.8926 ,0.7030 ,-2.6087 ,-11.2748 ,-0.1317 ,2.8896 ,
4.0000 ,3.0302 ,0.5150 ,-7.5728 ,-9.3227 ,-0.3993 ,3.0038 ,
0.0000 ,0.8578 ,0.6726 ,15.0619 ,-23.3698 ,0.2229 ,0.8284 ,
1.0000 ,0.9698 ,1.0000 ,-22.3369 ,-26.1884 ,-0.3686 ,0.8970 ,
2.0000 ,1.1277 ,0.6178 ,1.5417 ,-26.1884 ,0.0303 ,1.1273 ,
3.0000 ,2.1636 ,0.4971 ,24.3533 ,21.2935 ,0.8922 ,1.9711 ,
4.0000 ,2.8931 ,0.6292 ,-2.3419 ,-9.9740 ,-0.1182 ,2.8907 ,
0.0000 ,0.8564 ,0.6789 ,15.1923 ,-24.0691 ,0.2244 ,0.8265 ,
1.0000 ,0.9701 ,1.0000 ,-22.2507 ,-25.4792 ,-0.3673 ,0.8979 ,
2.0000 ,1.1283 ,0.6376 ,0.7378 ,-26.9040 ,0.0145 ,1.1282 ,
3.0000 ,2.8942 ,0.6681 ,-3.3107 ,-8.6764 ,-0.1671 ,2.8894 ,
4.0000 ,3.0450 ,0.5430 ,-9.8367 ,-8.0275 ,-0.5202 ,3.0002 ,
0.0000 ,0.8728 ,0.6685 ,-23.5633 ,-24.0691 ,-0.3489 ,0.8000 ,
1.0000 ,0.9701 ,1.0000 ,-22.5460 ,-26.1884 ,-0.3719 ,0.8959 ,
2.0000 ,1.1278 ,0.6196 ,1.4286 ,-26.1884 ,0.0281 ,1.1274 ,
3.0000 ,2.8938 ,0.6040 ,-4.8637 ,-13.8988 ,-0.2453 ,2.8834 ,
4.0000 ,3.2814 ,0.5240 ,-4.7647 ,-8.6764 ,-0.2726 ,3.2701 ,
0.0000 ,0.8584 ,0.7335 ,15.6384 ,-24.7701 ,0.2314 ,0.8266 ,
1.0000 ,0.9709 ,1.0000 ,-22.5208 ,-24.0691 ,-0.3719 ,0.8969 ,
2.0000 ,1.1284 ,0.6141 ,1.2061 ,-26.1884 ,0.0238 ,1.1281 ,
3.0000 ,2.1692 ,0.5258 ,24.6904 ,22.6742 ,0.9061 ,1.9709 ,
4.0000 ,2.8948 ,0.6397 ,-2.3547 ,-9.9740 ,-0.1189 ,2.8924 ,
0.0000 ,0.8586 ,0.7653 ,15.8109 ,-22.6742 ,0.2339 ,0.8262 ,
1.0000 ,0.9704 ,1.0000 ,-22.9737 ,-24.0691 ,-0.3788 ,0.8935 ,
2.0000 ,1.1280 ,0.6623 ,1.6700 ,-25.9385 ,0.0329 ,1.1275 ,
3.0000 ,2.8907 ,0.7426 ,-3.2353 ,-5.4507 ,-0.1631 ,2.8861 ,
4.0000 ,3.2895 ,0.5997 ,-0.7715 ,-8.6745 ,-0.0443 ,3.2892 ,
0.0000 ,0.8580 ,0.7187 ,15.9067 ,-24.7701 ,0.2352 ,0.8252 ,
1.0000 ,0.9709 ,1.0000 ,-22.2031 ,-26.1884 ,-0.3669 ,0.8989 ,
2.0000 ,1.1293 ,0.6450 ,1.2815 ,-26.1884 ,0.0253 ,1.1290 ,
3.0000 ,2.2906 ,0.5180 ,21.9358 ,23.3808 ,0.8557 ,2.1248 ,
4.0000 ,2.8934 ,0.6903 ,-4.1355 ,-11.2748 ,-0.2087 ,2.8858 ,
0.0000 ,0.8579 ,0.7203 ,15.8959 ,-23.3698 ,0.2350 ,0.8251 ,
1.0000 ,0.9707 ,1.0000 ,-22.7527 ,-24.7722 ,-0.3754 ,0.8952 ,
2.0000 ,1.1281 ,0.6292 ,2.4430 ,-26.1884 ,0.0481 ,1.1271 ,
3.0000 ,2.2936 ,0.5338 ,22.7850 ,23.3698 ,0.8883 ,2.1146 ,
4.0000 ,2.8936 ,0.6367 ,-3.2184 ,-10.6246 ,-0.1625 ,2.8890 ,

0.0000 ,0.8723 ,0.7194 ,19.0452 ,-24.0670 ,0.2846 ,0.8246 ,
1.0000 ,0.9711 ,1.0000 ,-22.6276 ,-25.4772 ,-0.3736 ,0.8964 ,
2.0000 ,1.1276 ,0.6524 ,0.8870 ,-25.4772 ,0.0175 ,1.1275 ,
3.0000 ,2.1652 ,0.5598 ,24.2565 ,21.9822 ,0.8895 ,1.9740 ,
4.0000 ,2.8940 ,0.6881 ,-4.3228 ,-9.9740 ,-0.2181 ,2.8857 ,
0.0000 ,0.8725 ,0.7128 ,18.5527 ,-23.3698 ,0.2776 ,0.8272 ,
1.0000 ,0.9707 ,1.0000 ,-22.8145 ,-25.4772 ,-0.3764 ,0.8948 ,
2.0000 ,1.1293 ,0.5962 ,1.5481 ,-25.4772 ,0.0305 ,1.1289 ,
3.0000 ,2.8913 ,0.7091 ,-4.0848 ,-6.7383 ,-0.2060 ,2.8839 ,
4.0000 ,3.0320 ,0.5345 ,-6.8960 ,-9.9721 ,-0.3640 ,3.0100 ,
0.0000 ,0.8574 ,0.6841 ,15.4641 ,-22.6742 ,0.2286 ,0.8264 ,
1.0000 ,0.9704 ,1.0000 ,-22.1217 ,-25.4772 ,-0.3654 ,0.8989 ,
2.0000 ,1.1284 ,0.6290 ,1.9115 ,-25.4772 ,0.0376 ,1.1278 ,
3.0000 ,2.8936 ,0.6635 ,-2.6930 ,-13.8988 ,-0.1360 ,2.8904 ,
4.0000 ,3.0309 ,0.5110 ,-8.3253 ,-11.9283 ,-0.4389 ,2.9990 ,
0.0000 ,0.8727 ,0.7070 ,18.8388 ,-21.9822 ,0.2818 ,0.8260 ,
1.0000 ,0.9702 ,1.0000 ,-22.6120 ,-24.7701 ,-0.3730 ,0.8957 ,
2.0000 ,1.1281 ,0.6547 ,0.8324 ,-24.7701 ,0.0164 ,1.1280 ,
3.0000 ,2.2937 ,0.5351 ,21.6534 ,22.6722 ,0.8464 ,2.1319 ,
4.0000 ,2.8929 ,0.6637 ,-3.0839 ,-7.3834 ,-0.1556 ,2.8887 ,
0.0000 ,0.8584 ,0.7160 ,15.8284 ,-21.9822 ,0.2341 ,0.8259 ,
1.0000 ,0.9709 ,1.0000 ,-22.0603 ,-24.7701 ,-0.3647 ,0.8998 ,
2.0000 ,1.1293 ,0.6262 ,1.6596 ,-25.4772 ,0.0327 ,1.1288 ,
3.0000 ,2.8935 ,0.6414 ,-3.8534 ,-6.7383 ,-0.1945 ,2.8870 ,
4.0000 ,15.1826 ,0.5641 ,-30.0841 ,-28.3513 ,-7.6106 ,13.1373 ,
0.0000 ,0.8577 ,0.7130 ,15.4183 ,-23.3698 ,0.2280 ,0.8269 ,
1.0000 ,0.9704 ,1.0000 ,-22.4983 ,-24.0691 ,-0.3713 ,0.8965 ,
2.0000 ,1.1292 ,0.6106 ,1.3300 ,-24.7722 ,0.0262 ,1.1289 ,
3.0000 ,2.1678 ,0.5448 ,25.1302 ,23.3678 ,0.9206 ,1.9626 ,
4.0000 ,2.8925 ,0.6785 ,-2.9659 ,27.6242 ,-0.1497 ,2.8887 ,
0.0000 ,0.8721 ,0.7001 ,18.7279 ,-22.6742 ,0.2800 ,0.8259 ,
1.0000 ,0.9703 ,1.0000 ,-22.7232 ,-25.4772 ,-0.3748 ,0.8950 ,
2.0000 ,1.1283 ,0.6346 ,0.9896 ,-24.0691 ,0.0195 ,1.1282 ,
3.0000 ,2.2929 ,0.5425 ,23.5703 ,23.3678 ,0.9169 ,2.1016 ,
4.0000 ,2.8894 ,0.6923 ,-3.7799 ,-16.5548 ,-0.1905 ,2.8831 ,
0.0000 ,0.8574 ,0.7068 ,15.4533 ,-21.9822 ,0.2285 ,0.8264 ,
1.0000 ,0.9707 ,1.0000 ,-22.8145 ,-24.0691 ,-0.3764 ,0.8947 ,
2.0000 ,1.1300 ,0.5821 ,2.1509 ,-25.4772 ,0.0424 ,1.1292 ,
3.0000 ,2.8915 ,0.6649 ,-3.3276 ,-8.6764 ,-0.1678 ,2.8866 ,
4.0000 ,3.0453 ,0.5447 ,-9.3151 ,-8.6764 ,-0.4929 ,3.0051 ,
0.0000 ,0.9714 ,1.0000 ,-22.5347 ,-26.1884 ,-0.3723 ,0.8972 ,
1.0000 ,1.1291 ,0.6317 ,1.3717 ,-26.1884 ,0.0270 ,1.1287 ,
2.0000 ,2.7905 ,0.5304 ,-11.9617 ,-17.2239 ,-0.5784 ,2.7300 ,
3.0000 ,2.8917 ,0.6310 ,-1.8192 ,26.9062 ,-0.0918 ,2.8902 ,
4.0000 ,3.2255 ,0.5463 ,-17.3064 ,-9.9740 ,-0.9595 ,3.0795 ,
0.0000 ,0.8585 ,0.6554 ,15.9593 ,-24.0670 ,0.2360 ,0.8254 ,
1.0000 ,0.9700 ,1.0000 ,-22.0897 ,-25.4772 ,-0.3648 ,0.8988 ,
2.0000 ,1.1285 ,0.6337 ,0.9727 ,-24.0691 ,0.0192 ,1.1284 ,
3.0000 ,2.8922 ,0.5997 ,-2.2159 ,-7.3834 ,-0.1118 ,2.8901 ,
4.0000 ,13.7950 ,0.5768 ,-29.6368 ,-31.3012 ,-6.8216 ,11.9903 ,
0.0000 ,0.8583 ,0.6156 ,16.0376 ,-24.0670 ,0.2371 ,0.8249 ,
1.0000 ,0.9705 ,0.9039 ,-23.1197 ,-23.3698 ,-0.3811 ,0.8925 ,
2.0000 ,2.8928 ,0.5787 ,-2.2561 ,-13.2421 ,-0.1139 ,2.8906 ,
3.0000 ,13.5604 ,1.0000 ,-29.1137 ,-33.5792 ,-6.5977 ,11.8471 ,
4.0000 ,13.7847 ,0.6067 ,-29.4699 ,-31.3012 ,-6.7816 ,12.0012 ,
0.0000 ,0.8576 ,0.7085 ,15.3860 ,-22.6742 ,0.2275 ,0.8269 ,
1.0000 ,0.9705 ,1.0000 ,-22.4211 ,-25.4772 ,-0.3702 ,0.8972 ,
2.0000 ,2.8915 ,0.6925 ,-1.7350 ,-9.9721 ,-0.0875 ,2.8902 ,
3.0000 ,13.5011 ,0.7561 ,-30.3026 ,-32.0534 ,-6.8122 ,11.6565 ,
4.0000 ,13.5871 ,0.6708 ,-32.5164 ,-32.0839 ,-7.3036 ,11.4571 ,
0.0000 ,0.8574 ,0.4495 ,15.0876 ,-23.3678 ,0.2232 ,0.8278 ,
1.0000 ,0.9705 ,0.6091 ,-22.4254 ,-24.0691 ,-0.3702 ,0.8971 ,
2.0000 ,13.1122 ,0.5857 ,-29.5519 ,-29.0813 ,-6.4671 ,11.4064 ,
3.0000 ,13.2282 ,1.0000 ,-29.6653 ,-26.9062 ,-6.5470 ,11.4944 ,
4.0000 ,13.3049 ,0.6142 ,-30.1472 ,-25.4772 ,-6.6820 ,11.5052 ,
0.0000 ,0.9705 ,0.6717 ,-22.8737 ,-26.1884 ,-0.3773 ,0.8942 ,
1.0000 ,12.7067 ,0.6693 ,-29.8057 ,-29.0813 ,-6.3160 ,11.0258 ,
2.0000 ,12.9136 ,1.0000 ,-30.5732 ,-31.3012 ,-6.5684 ,11.1183 ,
3.0000 ,13.0670 ,0.7533 ,-27.7462 ,-31.3012 ,-6.0834 ,11.5645 ,
4.0000 ,14.6116 ,0.4851 ,-22.0923 ,-29.0813 ,-5.4954 ,13.5388 ,
0.0000 ,0.8591 ,0.5916 ,16.5668 ,-23.3698 ,0.2450 ,0.8235 ,
1.0000 ,0.9699 ,0.8539 ,-22.9667 ,-24.7722 ,-0.3784 ,0.8930 ,
2.0000 ,2.8908 ,0.5680 ,-3.8072 ,-12.5834 ,-0.1919 ,2.8844 ,
3.0000 ,12.5162 ,1.0000 ,-27.5615 ,-26.9062 ,-5.7913 ,11.0958 ,
4.0000 ,12.6882 ,0.7096 ,-27.9647 ,-25.4772 ,-5.9498 ,11.2067 ,
0.0000 ,0.9706 ,0.8468 ,-22.8737 ,-24.7801 ,-0.3773 ,0.8943 ,
1.0000 ,2.8931 ,0.5579 ,-2.2288 ,-9.3227 ,-0.1125 ,2.8909 ,
2.0000 ,12.2834 ,0.8266 ,-28.1214 ,-31.3012 ,-5.7897 ,10.8334 ,
3.0000 ,12.5577 ,0.7591 ,-28.3525 ,-27.6242 ,-5.9636 ,11.0513 ,
4.0000 ,12.7055 ,1.0000 ,-25.0235 ,-29.0791 ,-5.3743 ,11.5129 ,
0.0000 ,0.8575 ,0.6896 ,15.1682 ,-22.6742 ,0.2244 ,0.8276 ,
1.0000 ,0.9702 ,1.0000 ,-22.5321 ,-23.3698 ,-0.3718 ,0.8961 ,
2.0000 ,2.8915 ,0.6838 ,-3.5356 ,-11.9302 ,-0.1783 ,2.8860 ,
3.0000 ,12.0873 ,0.8671 ,-27.3365 ,-29.0813 ,-5.5507 ,10.7375 ,
4.0000 ,12.5804 ,0.7441 ,-24.9120 ,-24.0670 ,-5.2992 ,11.4099 ,
0.0000 ,0.8579 ,0.7243 ,15.2945 ,-23.3678 ,0.2263 ,0.8275 ,
1.0000 ,0.9715 ,0.9990 ,-22.4575 ,-24.7701 ,-0.3711 ,0.8978 ,
2.0000 ,2.8931 ,0.6478 ,-4.3646 ,-7.3834 ,-0.2202 ,2.8847 ,
3.0000 ,11.9078 ,1.0000 ,-27.3745 ,-25.4772 ,-5.4752 ,10.5743 ,
4.0000 ,12.3584 ,0.8449 ,-24.2891 ,-23.3698 ,-5.0835 ,11.2645 ,
0.0000 ,0.8583 ,0.6839 ,15.3294 ,-24.0670 ,0.2269 ,0.8278 ,
1.0000 ,0.9708 ,1.0000 ,-22.5755 ,-25.4772 ,-0.3727 ,0.8964 ,
2.0000 ,1.1291 ,0.5937 ,1.9407 ,-25.4772 ,0.0382 ,1.1284 ,
3.0000 ,2.1637 ,0.5212 ,24.1001 ,24.7701 ,0.8835 ,1.9751 ,
4.0000 ,2.8926 ,0.6152 ,-2.2536 ,-9.9740 ,-0.1137 ,2.8903 ,
0.0000 ,0.8580 ,0.7079 ,15.2986 ,-24.0670 ,0.2264 ,0.8276 ,
1.0000 ,0.9711 ,1.0000 ,-22.3777 ,-24.7701 ,-0.3697 ,0.8980 ,
2.0000 ,1.1291 ,0.5876 ,1.0232 ,-24.7701 ,0.0202 ,1.1290 ,
3.0000 ,2.8939 ,0.6566 ,-2.9386 ,-9.9740 ,-0.1484 ,2.8901 ,
4.0000 ,11.6064 ,0.6261 ,-23.3073 ,-24.0670 ,-4.5922 ,10.6592 ,
0.0000 ,0.8577 ,0.6998 ,16.0268 ,-24.0691 ,0.2368 ,0.8244 ,
1.0000 ,0.9709 ,1.0000 ,-22.4393 ,-24.7722 ,-0.3706 ,0.8974 ,
2.0000 ,2.8919 ,0.6526 ,-2.7074 ,26.1884 ,-0.1366 ,2.8887 ,
3.0000 ,11.7627 ,0.6376 ,-21.0135 ,-20.6080 ,-4.2180 ,10.9804 ,
4.0000 ,11.8731 ,0.6351 ,-22.7371 ,-22.6722 ,-4.5890 ,10.9504 ,
0.0000 ,0.8573 ,0.6962 ,15.1333 ,-23.3698 ,0.2238 ,0.8276 ,
1.0000 ,0.9701 ,1.0000 ,-22.5165 ,-26.1884 ,-0.3715 ,0.8961 ,
2.0000 ,1.1286 ,0.6375 ,1.3003 ,-26.9040 ,0.0256 ,1.1283 ,
3.0000 ,2.8928 ,0.6558 ,-3.8703 ,-8.6764 ,-0.1953 ,2.8862 ,
4.0000 ,11.6214 ,0.6591 ,-22.2395 ,-13.8988 ,-4.3984 ,10.7568 ,
0.0000 ,0.8576 ,0.7296 ,15.3618 ,-22.6742 ,0.2272 ,0.8269 ,
1.0000 ,0.9707 ,1.0000 ,-22.2395 ,-25.4772 ,-0.3674 ,0.8985 ,
2.0000 ,1.1277 ,0.6125 ,1.9219 ,-25.4772 ,0.0378 ,1.1270 ,
3.0000 ,2.1577 ,0.5120 ,22.8963 ,24.7701 ,0.8395 ,1.9877 ,
4.0000 ,2.8938 ,0.6552 ,-2.3716 ,-12.5853 ,-0.1197 ,2.8913 ,
0.0000 ,0.8725 ,0.7012 ,18.9561 ,-23.3698 ,0.2834 ,0.8251 ,
1.0000 ,0.9704 ,1.0000 ,-22.8006 ,-24.0691 ,-0.3761 ,0.8946 ,
2.0000 ,2.8953 ,0.6353 ,-2.3002 ,-13.8988 ,-0.1162 ,2.8930 ,
3.0000 ,11.4153 ,0.6629 ,-13.6640 ,-17.2219 ,-2.6966 ,11.0922 ,
4.0000 ,11.5068 ,0.6409 ,-18.7059 ,-16.5548 ,-3.6903 ,10.8990 ,
0.0000 ,0.8566 ,0.4436 ,15.4882 ,-22.6742 ,0.2287 ,0.8255 ,
1.0000 ,0.9709 ,0.6210 ,-22.3439 ,-24.0691 ,-0.3691 ,0.8980 ,
2.0000 ,1.1283 ,0.3648 ,0.2611 ,-24.0691 ,0.0051 ,1.1283 ,
3.0000 ,2.8919 ,0.3977 ,-0.5906 ,-11.2748 ,-0.0298 ,2.8918 ,
4.0000 ,11.3981 ,1.0000 ,-16.5626 ,-17.8934 ,-3.2492 ,10.9252 ,

0.0000 ,0.8579 ,0.6230 ,16.0335 ,-22.6742 ,0.2370 ,0.8245 ,
1.0000 ,0.9702 ,0.8837 ,-22.3096 ,-25.4772 ,-0.3683 ,0.8976 ,
2.0000 ,11.1436 ,1.0000 ,-14.2742 ,-13.2421 ,-2.7476 ,10.7995 ,
3.0000 ,11.2926 ,0.8198 ,-14.9357 ,-13.9007 ,-2.9105 ,10.9111 ,
4.0000 ,11.4039 ,0.7512 ,-15.6035 ,-13.9007 ,-3.0674 ,10.9836 ,
0.0000 ,0.8584 ,0.6157 ,15.4924 ,-24.0691 ,0.2293 ,0.8272 ,
1.0000 ,0.9705 ,0.8498 ,-22.5755 ,-24.7722 ,-0.3726 ,0.8961 ,
2.0000 ,11.2682 ,0.9640 ,-14.1224 ,-10.6246 ,-2.7494 ,10.9276 ,
3.0000 ,11.3612 ,1.0000 ,-12.3499 ,-11.9283 ,-2.4299 ,11.0983 ,
4.0000 ,11.6672 ,0.6835 ,-11.0979 ,-9.9721 ,-2.2458 ,11.4490 ,
0.0000 ,0.8574 ,0.4326 ,16.3286 ,-24.0670 ,0.2410 ,0.8228 ,
1.0000 ,0.9700 ,0.5993 ,-22.3664 ,-24.0691 ,-0.3691 ,0.8970 ,
2.0000 ,11.2993 ,1.0000 ,-11.6033 ,-11.9302 ,-2.2727 ,11.0684 ,
3.0000 ,12.2664 ,0.4418 ,-21.8882 ,-20.6080 ,-4.5729 ,11.3821 ,
4.0000 ,12.4090 ,0.4944 ,-23.2043 ,-23.3678 ,-4.8893 ,11.4052 ,
0.0000 ,0.8586 ,0.4308 ,16.0376 ,-24.0670 ,0.2372 ,0.8252 ,
1.0000 ,0.9700 ,0.6217 ,-22.8301 ,-23.3698 ,-0.3764 ,0.8940 ,
2.0000 ,11.1616 ,0.4818 ,-10.3737 ,-11.9283 ,-2.0099 ,10.9792 ,
3.0000 ,11.3599 ,0.5941 ,-10.5213 ,-10.6227 ,-2.0743 ,11.1689 ,
4.0000 ,11.4586 ,1.0000 ,-10.6559 ,-10.6246 ,-2.1188 ,11.2610 ,
0.0000 ,0.8576 ,0.3320 ,14.9357 ,-24.0670 ,0.2210 ,0.8286 ,
1.0000 ,0.9712 ,0.4573 ,-22.1988 ,-24.7722 ,-0.3669 ,0.8992 ,
2.0000 ,2.8924 ,0.3226 ,-2.7813 ,-17.2239 ,-0.1404 ,2.8890 ,
3.0000 ,11.2383 ,0.3294 ,-8.5016 ,-6.0941 ,-1.6614 ,11.1148 ,
4.0000 ,11.4903 ,1.0000 ,-7.7213 ,-7.3834 ,-1.5438 ,11.3861 ,
0.0000 ,0.8582 ,0.4841 ,16.1536 ,-24.0691 ,0.2388 ,0.8244 ,
1.0000 ,0.9704 ,0.7173 ,-23.1083 ,-26.1884 ,-0.3809 ,0.8926 ,
2.0000 ,2.8932 ,0.4631 ,-3.8007 ,-10.6246 ,-0.1918 ,2.8869 ,
3.0000 ,11.3009 ,0.9367 ,-8.1471 ,-8.6764 ,-1.6015 ,11.1868 ,
4.0000 ,11.5602 ,1.0000 ,-6.4625 ,-8.0294 ,-1.3011 ,11.4867 ,
0.0000 ,0.9703 ,0.3848 ,-22.3595 ,-24.0691 ,-0.3691 ,0.8974 ,
1.0000 ,1.1288 ,0.2421 ,0.8701 ,-25.4772 ,0.0171 ,1.1286 ,
2.0000 ,2.8922 ,0.2617 ,-3.5212 ,-11.9302 ,-0.1776 ,2.8867 ,
3.0000 ,11.3923 ,0.3673 ,-6.0637 ,-6.0922 ,-1.2034 ,11.3286 ,
4.0000 ,11.6096 ,1.0000 ,-4.5877 ,-7.3834 ,-0.9286 ,11.5724 ,
0.0000 ,0.8587 ,0.4186 ,15.6776 ,-22.6742 ,0.2320 ,0.8268 ,
1.0000 ,0.9716 ,0.5980 ,-22.4870 ,-25.4772 ,-0.3716 ,0.8977 ,
2.0000 ,2.8918 ,0.3945 ,-3.0060 ,-11.9302 ,-0.1517 ,2.8878 ,
3.0000 ,11.4974 ,1.0000 ,-5.8590 ,-5.4488 ,-1.1737 ,11.4373 ,
4.0000 ,11.8164 ,0.6516 ,-8.1811 ,-5.4488 ,-1.6815 ,11.6961 ,
0.0000 ,0.9701 ,0.1024 ,-22.6641 ,-24.7722 ,-0.3738 ,0.8952 ,
1.0000 ,11.4668 ,1.0000 ,-5.6902 ,-5.4507 ,-1.1369 ,11.4103 ,
2.0000 ,11.6629 ,0.2123 ,-11.1005 ,-6.7364 ,-2.2455 ,11.4447 ,
3.0000 ,11.7408 ,0.0726 ,-11.2631 ,-9.9740 ,-2.2931 ,11.5147 ,
4.0000 ,11.8526 ,0.0962 ,-8.9899 ,-13.9007 ,-1.8521 ,11.7070 ,
0.0000 ,0.9705 ,0.1532 ,-23.0421 ,-26.1905 ,-0.3799 ,0.8931 ,
1.0000 ,11.5075 ,1.0000 ,-7.7553 ,-8.6764 ,-1.5528 ,11.4022 ,
2.0000 ,11.6892 ,0.2498 ,0.4648 ,-9.3246 ,0.0948 ,11.6888 ,
3.0000 ,11.8483 ,0.1986 ,-9.0812 ,-11.9283 ,-1.8701 ,11.6998 ,
4.0000 ,11.9763 ,0.2705 ,-0.3662 ,-7.3834 ,-0.0765 ,11.9761 ,
0.0000 ,0.8569 ,0.1171 ,15.8542 ,-24.7722 ,0.2341 ,0.8243 ,
1.0000 ,0.9718 ,0.1732 ,-22.6415 ,-25.4792 ,-0.3741 ,0.8969 ,
2.0000 ,11.5011 ,1.0000 ,-10.3143 ,-11.2748 ,-2.0593 ,11.3153 ,
3.0000 ,11.7692 ,0.4942 ,-8.8349 ,-10.6246 ,-1.8076 ,11.6295 ,
4.0000 ,12.0987 ,0.1119 ,-4.1355 ,-3.5241 ,-0.8725 ,12.0672 ,
0.0000 ,0.8733 ,0.1866 ,-22.2395 ,-22.6742 ,-0.3305 ,0.8083 ,
1.0000 ,0.9710 ,0.2651 ,-22.5278 ,-24.0691 ,-0.3720 ,0.8969 ,
2.0000 ,11.5210 ,1.0000 ,-10.6257 ,-8.0294 ,-2.1244 ,11.3235 ,
3.0000 ,11.6974 ,0.2477 ,-7.2980 ,5.4488 ,-1.4859 ,11.6026 ,
4.0000 ,11.8188 ,0.3039 ,-9.0325 ,0.9612 ,-1.8555 ,11.6722 ,
0.0000 ,0.8588 ,0.2612 ,15.9175 ,-23.3698 ,0.2355 ,0.8259 ,
1.0000 ,0.9709 ,0.3698 ,-22.9328 ,-26.1884 ,-0.3783 ,0.8942 ,
2.0000 ,11.5974 ,1.0000 ,-8.5161 ,-8.6745 ,-1.7174 ,11.4695 ,
3.0000 ,11.9077 ,0.3509 ,-0.8196 ,-4.8079 ,-0.1703 ,11.9065 ,
4.0000 ,12.3232 ,0.3381 ,3.5589 ,2.8811 ,0.7650 ,12.2995 ,
0.0000 ,0.9704 ,0.6958 ,-22.7484 ,-26.9040 ,-0.3752 ,0.8949 ,
1.0000 ,11.5658 ,1.0000 ,-7.1477 ,-8.6745 ,-1.4391 ,11.4760 ,
2.0000 ,11.6877 ,0.7436 ,-9.5110 ,-8.6745 ,-1.9312 ,11.5270 ,
3.0000 ,11.9681 ,0.8779 ,3.6304 ,-1.5997 ,0.7578 ,11.9441 ,
4.0000 ,12.0449 ,0.6737 ,0.3895 ,0.3210 ,0.0819 ,12.0446 ,
0.0000 ,0.8587 ,0.5688 ,15.4774 ,-25.4772 ,0.2292 ,0.8276 ,
1.0000 ,0.9707 ,0.8128 ,-22.3369 ,-25.4792 ,-0.3689 ,0.8979 ,
2.0000 ,11.6578 ,0.9867 ,-6.3783 ,-6.7364 ,-1.2951 ,11.5857 ,
3.0000 ,11.7586 ,1.0000 ,-6.7014 ,-6.7364 ,-1.3722 ,11.6782 ,
4.0000 ,12.2555 ,0.7151 ,5.6459 ,4.4850 ,1.2057 ,12.1961 ,
0.0000 ,0.8577 ,0.5495 ,15.5602 ,-24.7722 ,0.2301 ,0.8263 ,
1.0000 ,0.9707 ,0.8010 ,-23.1310 ,-25.4792 ,-0.3813 ,0.8927 ,
2.0000 ,11.6975 ,1.0000 ,-5.3318 ,-6.0922 ,-1.0870 ,11.6469 ,
3.0000 ,11.8714 ,0.9535 ,-4.4555 ,-6.0922 ,-0.9222 ,11.8355 ,
4.0000 ,12.2247 ,0.5466 ,3.7565 ,5.4488 ,0.8009 ,12.1985 ,
0.0000 ,0.8574 ,0.4610 ,15.1358 ,-25.4792 ,0.2239 ,0.8277 ,
1.0000 ,0.9700 ,0.6914 ,-23.0561 ,-28.3492 ,-0.3799 ,0.8926 ,
2.0000 ,1.1276 ,0.4247 ,1.5441 ,-26.9040 ,0.0304 ,1.1272 ,
3.0000 ,11.8058 ,1.0000 ,-2.3547 ,-3.5241 ,-0.4851 ,11.7959 ,
4.0000 ,12.3962 ,0.4523 ,5.2536 ,-1.6016 ,1.1351 ,12.3441 ,
0.0000 ,0.8588 ,0.5741 ,16.3854 ,-23.3698 ,0.2423 ,0.8239 ,
1.0000 ,0.9703 ,0.8122 ,-22.4366 ,-26.1884 ,-0.3703 ,0.8968 ,
2.0000 ,11.7266 ,0.5564 ,-2.6801 ,-3.5222 ,-0.5483 ,11.7138 ,
3.0000 ,11.8150 ,1.0000 ,-0.7001 ,-3.5241 ,-0.1444 ,11.8142 ,
4.0000 ,11.8900 ,0.8353 ,-1.3781 ,-2.8829 ,-0.2860 ,11.8865 ,
0.0000 ,0.8585 ,0.5160 ,15.7867 ,-24.0670 ,0.2336 ,0.8261 ,
1.0000 ,0.9717 ,0.6961 ,-22.6276 ,-23.3698 ,-0.3739 ,0.8969 ,
2.0000 ,11.8084 ,1.0000 ,-0.2908 ,0.3192 ,-0.0599 ,11.8083 ,
3.0000 ,11.9346 ,0.6564 ,0.3790 ,0.3192 ,0.0790 ,11.9344 ,
4.0000 ,13.0275 ,0.7739 ,11.0939 ,8.0294 ,2.5067 ,12.7841 ,
0.0000 ,0.8725 ,0.7135 ,18.7033 ,-24.7701 ,0.2798 ,0.8264 ,
1.0000 ,0.9715 ,1.0000 ,-22.7527 ,-26.1884 ,-0.3757 ,0.8959 ,
2.0000 ,2.8930 ,0.6548 ,-4.5122 ,-11.2767 ,-0.2276 ,2.8840 ,
3.0000 ,12.7426 ,0.8885 ,11.0833 ,11.9302 ,2.4496 ,12.5050 ,
4.0000 ,13.1441 ,0.6415 ,13.9605 ,16.3890 ,3.1710 ,12.7558 ,
0.0000 ,0.8720 ,0.7537 ,18.7211 ,-24.0670 ,0.2799 ,0.8258 ,
1.0000 ,0.9709 ,0.9755 ,-22.7597 ,-24.0691 ,-0.3756 ,0.8953 ,
2.0000 ,12.0212 ,0.8406 ,2.5184 ,3.5222 ,0.5282 ,12.0096 ,
3.0000 ,12.7863 ,1.0000 ,10.8607 ,13.2402 ,2.4092 ,12.5572 ,
4.0000 ,12.9129 ,0.8415 ,12.4057 ,13.9007 ,2.7741 ,12.6114 ,
0.0000 ,0.8720 ,0.7440 ,18.9074 ,-22.6742 ,0.2826 ,0.8250 ,
1.0000 ,0.9710 ,1.0000 ,-22.5165 ,-24.7701 ,-0.3718 ,0.8970 ,
2.0000 ,12.3127 ,0.7586 ,5.8461 ,11.9283 ,1.2541 ,12.2486 ,
3.0000 ,12.8845 ,0.8475 ,14.4563 ,12.6102 ,3.2165 ,12.4766 ,
4.0000 ,13.3024 ,0.9520 ,10.0882 ,15.8881 ,2.3301 ,13.0967 ,
0.0000 ,0.9708 ,1.0000 ,-22.6050 ,-24.7722 ,-0.3732 ,0.8963 ,
1.0000 ,12.1788 ,0.8828 ,4.7229 ,4.1658 ,1.0028 ,12.1375 ,
2.0000 ,12.2595 ,0.8752 ,3.6200 ,4.1658 ,0.7741 ,12.2351 ,
3.0000 ,12.3633 ,0.8595 ,4.5161 ,4.1658 ,0.9735 ,12.3249 ,
4.0000 ,12.9188 ,0.8219 ,11.9272 ,14.5592 ,2.6699 ,12.6399 ,
0.0000 ,0.9718 ,0.5468 ,-22.6163 ,-26.1884 ,-0.3737 ,0.8970 ,
1.0000 ,12.2121 ,0.4290 ,5.3148 ,4.8079 ,1.1312 ,12.1596 ,
2.0000 ,12.3070 ,0.3955 ,5.0641 ,6.7364 ,1.0863 ,12.2590 ,
3.0000 ,12.4561 ,0.4299 ,7.7253 ,7.3815 ,1.6744 ,12.3430 ,
4.0000 ,12.9863 ,1.0000 ,14.8291 ,16.5529 ,3.3237 ,12.5538 ,
0.0000 ,0.8577 ,0.4156 ,15.4034 ,-24.7722 ,0.2278 ,0.8269 ,
1.0000 ,0.9710 ,0.6044 ,-23.0900 ,-26.9062 ,-0.3808 ,0.8932 ,
2.0000 ,12.1980 ,1.0000 ,6.6506 ,8.0275 ,1.4127 ,12.1159 ,
3.0000 ,12.3410 ,0.4288 ,6.7054 ,6.7383 ,1.4410 ,12.2566 ,
4.0000 ,13.0264 ,0.4674 ,14.5167 ,14.5592 ,3.2652 ,12.6105 ,

0.0000 ,0.8578 ,0.6309 ,15.7975 ,-23.3698 ,0.2335 ,0.8254 ,
1.0000 ,0.9707 ,0.8828 ,-22.8780 ,-24.0691 ,-0.3774 ,0.8943 ,
2.0000 ,12.2579 ,1.0000 ,7.7828 ,8.6745 ,1.6599 ,12.1450 ,
3.0000 ,12.5779 ,0.6713 ,10.1924 ,10.6246 ,2.2257 ,12.3794 ,
4.0000 ,12.9258 ,0.9317 ,18.4335 ,18.5693 ,4.0872 ,12.2626 ,
0.0000 ,0.9708 ,1.0000 ,-22.1988 ,-25.4772 ,-0.3668 ,0.8989 ,
1.0000 ,12.2764 ,0.7918 ,9.1640 ,9.3227 ,1.9552 ,12.1197 ,
2.0000 ,12.3492 ,0.7457 ,9.6854 ,9.3246 ,2.0776 ,12.1732 ,
3.0000 ,12.9304 ,0.9744 ,18.5197 ,11.9283 ,4.1071 ,12.2607 ,
4.0000 ,13.2258 ,0.9005 ,20.0026 ,6.0941 ,4.5240 ,12.4280 ,
0.0000 ,0.8577 ,0.4312 ,15.7126 ,-22.6742 ,0.2323 ,0.8256 ,
1.0000 ,0.9695 ,0.6608 ,-22.9694 ,-25.4772 ,-0.3783 ,0.8926 ,
2.0000 ,12.4060 ,0.6318 ,9.6854 ,10.6246 ,2.0872 ,12.2291 ,
3.0000 ,12.5933 ,1.0000 ,10.4765 ,13.2421 ,2.2899 ,12.3833 ,
4.0000 ,13.1790 ,0.8759 ,20.7574 ,21.2914 ,4.6708 ,12.3235 ,
0.0000 ,0.8722 ,0.3227 ,18.6923 ,-24.7701 ,0.2795 ,0.8262 ,
1.0000 ,0.9705 ,0.4546 ,-22.5642 ,-26.1884 ,-0.3724 ,0.8962 ,
2.0000 ,2.8942 ,0.2942 ,-2.2769 ,32.0534 ,-0.1150 ,2.8919 ,
3.0000 ,12.4647 ,1.0000 ,12.2297 ,14.5592 ,2.6404 ,12.1818 ,
4.0000 ,12.6072 ,0.9657 ,10.4659 ,13.9007 ,2.2901 ,12.3975 ,
0.0000 ,0.8586 ,0.1912 ,15.5207 ,-25.4772 ,0.2298 ,0.8273 ,
1.0000 ,0.9704 ,0.2630 ,-22.6754 ,-25.4792 ,-0.3741 ,0.8954 ,
2.0000 ,12.3842 ,1.0000 ,12.6275 ,14.5611 ,2.7073 ,12.0847 ,
3.0000 ,12.6451 ,0.6160 ,12.1912 ,22.6722 ,2.6703 ,12.3599 ,
4.0000 ,12.9711 ,0.2080 ,22.2802 ,17.2239 ,4.9178 ,12.0027 ,
0.0000 ,0.8721 ,0.1768 ,19.0961 ,-23.3698 ,0.2853 ,0.8241 ,
1.0000 ,0.9700 ,0.2475 ,-22.7345 ,-25.4772 ,-0.3749 ,0.8946 ,
2.0000 ,12.3668 ,1.0000 ,16.0943 ,15.8881 ,3.4283 ,11.8821 ,
3.0000 ,12.5437 ,0.2670 ,17.2888 ,17.2219 ,3.7278 ,11.9770 ,
4.0000 ,12.6768 ,0.1841 ,15.7259 ,17.8953 ,3.4359 ,12.2023 ,
0.0000 ,0.9704 ,0.0735 ,-21.9315 ,-23.3698 ,-0.3624 ,0.9001 ,
1.0000 ,12.3494 ,1.0000 ,17.7314 ,17.8953 ,3.7611 ,11.7627 ,
2.0000 ,12.4795 ,0.1104 ,17.9251 ,19.2441 ,3.8409 ,11.8738 ,
3.0000 ,12.5733 ,0.1061 ,15.2945 ,17.8953 ,3.3166 ,12.1280 ,
4.0000 ,12.7116 ,0.1277 ,16.8078 ,15.8881 ,3.6757 ,12.1685 ,
0.0000 ,0.9706 ,0.2122 ,-22.2464 ,-24.7722 ,-0.3675 ,0.8983 ,
1.0000 ,2.8936 ,0.1305 ,-3.0269 ,-6.7364 ,-0.1528 ,2.8895 ,
2.0000 ,12.2272 ,1.0000 ,21.1234 ,23.9629 ,4.4064 ,11.4056 ,
3.0000 ,12.3009 ,0.9624 ,22.3916 ,24.0670 ,4.6858 ,11.3734 ,
4.0000 ,12.5685 ,0.3271 ,25.9980 ,22.6722 ,5.5093 ,11.2967 ,
0.0000 ,0.8590 ,0.2941 ,15.9701 ,-24.0670 ,0.2364 ,0.8259 ,
1.0000 ,0.9709 ,0.4220 ,-23.1493 ,-25.4772 ,-0.3817 ,0.8927 ,
2.0000 ,1.1286 ,0.2577 ,1.0842 ,-26.1884 ,0.0214 ,1.1284 ,
3.0000 ,12.1035 ,0.4487 ,25.4689 ,23.3698 ,5.2048 ,10.9273 ,
4.0000 ,12.4243 ,1.0000 ,23.9552 ,20.6080 ,5.0445 ,11.3541 ,
0.0000 ,0.9706 ,0.7519 ,-22.5165 ,-24.7701 ,-0.3717 ,0.8966 ,
1.0000 ,12.1756 ,0.6385 ,25.5924 ,23.3698 ,5.2594 ,10.9810 ,
2.0000 ,12.2818 ,1.0000 ,23.9254 ,13.9007 ,4.9809 ,11.2265 ,
3.0000 ,12.4212 ,0.8693 ,32.6058 ,15.2216 ,6.6932 ,10.4636 ,
4.0000 ,13.1209 ,0.7486 ,28.0742 ,26.1884 ,6.1749 ,11.5771 ,
0.0000 ,0.8575 ,0.6016 ,15.0419 ,-24.0670 ,0.2225 ,0.8281 ,
1.0000 ,0.9708 ,0.8372 ,-22.1148 ,-25.4772 ,-0.3655 ,0.8994 ,
2.0000 ,12.1288 ,0.7554 ,31.1817 ,23.3678 ,6.2797 ,10.3765 ,
3.0000 ,12.2240 ,1.0000 ,16.9373 ,23.3678 ,3.5612 ,11.6938 ,
4.0000 ,12.3620 ,0.5945 ,15.0835 ,21.9822 ,3.2169 ,11.9361 ,
0.0000 ,0.8572 ,0.6947 ,16.0510 ,-24.0691 ,0.2370 ,0.8238 ,
1.0000 ,0.9706 ,1.0000 ,-22.9076 ,-25.4792 ,-0.3778 ,0.8941 ,
2.0000 ,11.9525 ,0.7037 ,27.9883 ,32.0557 ,5.6092 ,10.5546 ,
3.0000 ,12.1039 ,0.8668 ,23.6070 ,28.3513 ,4.8472 ,11.0910 ,
4.0000 ,12.3465 ,0.8391 ,18.4910 ,19.8418 ,3.9158 ,11.7091 ,
0.0000 ,0.8589 ,0.6222 ,16.1469 ,-24.7701 ,0.2389 ,0.8250 ,
1.0000 ,0.9709 ,0.9184 ,-22.6824 ,-26.1884 ,-0.3744 ,0.8958 ,
2.0000 ,2.8918 ,0.5872 ,-2.6657 ,26.1884 ,-0.1345 ,2.8887 ,
3.0000 ,11.7935 ,1.0000 ,29.9148 ,27.6264 ,5.8815 ,10.2222 ,
4.0000 ,12.1680 ,0.7371 ,19.9804 ,25.4792 ,4.1578 ,11.4356 ,
0.0000 ,0.8595 ,0.3779 ,16.8782 ,-24.0670 ,0.2495 ,0.8224 ,
1.0000 ,0.9706 ,0.5478 ,-23.4190 ,-24.0691 ,-0.3858 ,0.8907 ,
2.0000 ,2.8914 ,0.3680 ,-3.1217 ,-9.3246 ,-0.1575 ,2.8871 ,
3.0000 ,11.3487 ,0.5674 ,29.7041 ,36.7089 ,5.6235 ,9.8575 ,
4.0000 ,11.6061 ,1.0000 ,30.0481 ,35.9167 ,5.8115 ,10.0463 ,
0.0000 ,0.8586 ,0.5856 ,16.5099 ,-24.7701 ,0.2440 ,0.8232 ,
1.0000 ,0.9711 ,0.8427 ,-22.3595 ,-26.1884 ,-0.3694 ,0.8981 ,
2.0000 ,2.8937 ,0.5540 ,-2.8944 ,-9.3246 ,-0.1461 ,2.8901 ,
3.0000 ,11.4230 ,1.0000 ,30.5899 ,30.5571 ,5.8131 ,9.8333 ,
4.0000 ,12.1287 ,0.7626 ,20.4387 ,24.0670 ,4.2354 ,11.3652 ,
0.0000 ,0.8584 ,0.7041 ,15.9943 ,-23.3698 ,0.2365 ,0.8252 ,
1.0000 ,0.9711 ,1.0000 ,-22.3846 ,-24.0691 ,-0.3698 ,0.8979 ,
2.0000 ,2.8940 ,0.6257 ,-2.3691 ,28.3513 ,-0.1196 ,2.8916 ,
3.0000 ,11.2352 ,0.8251 ,33.0179 ,34.3488 ,6.1220 ,9.4207 ,
4.0000 ,11.3565 ,0.7586 ,30.4588 ,37.5116 ,5.7568 ,9.7892 ,
0.0000 ,0.8579 ,0.6852 ,15.8284 ,-24.0691 ,0.2340 ,0.8253 ,
1.0000 ,0.9703 ,1.0000 ,-22.8780 ,-25.4792 ,-0.3772 ,0.8940 ,
2.0000 ,1.1256 ,0.6383 ,1.3949 ,-25.9567 ,0.0274 ,1.1253 ,
3.0000 ,2.8928 ,0.6789 ,-3.8871 ,-10.6246 ,-0.1961 ,2.8861 ,
4.0000 ,11.1723 ,0.5868 ,28.9001 ,27.6264 ,5.3994 ,9.7809 ,
0.0000 ,0.8570 ,0.6683 ,14.9116 ,-24.7722 ,0.2205 ,0.8282 ,
1.0000 ,0.9709 ,1.0000 ,-23.3073 ,-27.6242 ,-0.3841 ,0.8916 ,
2.0000 ,1.1285 ,0.5945 ,0.4881 ,-25.4792 ,0.0096 ,1.1284 ,
3.0000 ,2.8924 ,0.6472 ,-2.8736 ,-9.3246 ,-0.1450 ,2.8888 ,
4.0000 ,10.9439 ,0.7001 ,30.3881 ,31.3034 ,5.5360 ,9.4404 ,
0.0000 ,0.8574 ,0.6913 ,15.8433 ,-24.7701 ,0.2341 ,0.8248 ,
1.0000 ,0.9705 ,1.0000 ,-22.6641 ,-26.1884 ,-0.3740 ,0.8956 ,
2.0000 ,1.1283 ,0.6315 ,0.4375 ,-24.7722 ,0.0086 ,1.1283 ,
3.0000 ,2.2931 ,0.5282 ,22.3621 ,21.2935 ,0.8724 ,2.1207 ,
4.0000 ,2.8936 ,0.6281 ,-3.6031 ,23.3698 ,-0.1818 ,2.8879 ,
0.0000 ,0.8598 ,0.6245 ,16.3962 ,-23.3698 ,0.2427 ,0.8249 ,
1.0000 ,0.9700 ,0.9172 ,-23.1859 ,-25.3804 ,-0.3819 ,0.8917 ,
2.0000 ,2.8920 ,0.5964 ,-1.8738 ,-9.3227 ,-0.0946 ,2.8905 ,
3.0000 ,10.5975 ,0.6280 ,33.5400 ,34.3511 ,5.8553 ,8.8330 ,
4.0000 ,11.5944 ,1.0000 ,23.9737 ,19.9235 ,4.7110 ,10.5942 ,
0.0000 ,0.8571 ,0.6705 ,14.9075 ,-25.4772 ,0.2205 ,0.8283 ,
1.0000 ,0.9704 ,1.0000 ,-22.5026 ,-26.9040 ,-0.3714 ,0.8965 ,
2.0000 ,1.1285 ,0.5894 ,1.1595 ,-26.1884 ,0.0228 ,1.1283 ,
3.0000 ,2.2931 ,0.5242 ,23.3343 ,21.2935 ,0.9083 ,2.1056 ,
4.0000 ,2.8903 ,0.6513 ,-3.0438 ,25.9792 ,-0.1535 ,2.8863 ,
0.0000 ,0.8734 ,0.6965 ,19.1852 ,-23.3678 ,0.2870 ,0.8249 ,
1.0000 ,0.9712 ,1.0000 ,-22.3096 ,-24.0670 ,-0.3687 ,0.8985 ,
2.0000 ,1.1295 ,0.6084 ,2.0290 ,-24.7701 ,0.0400 ,1.1288 ,
3.0000 ,2.8935 ,0.6494 ,-2.2119 ,-11.2767 ,-0.1117 ,2.8913 ,
4.0000 ,11.3655 ,0.8927 ,23.5860 ,24.0691 ,4.5476 ,10.4161 ,
0.0000 ,0.8586 ,0.7095 ,15.6909 ,-22.6742 ,0.2322 ,0.8266 ,
1.0000 ,0.9709 ,1.0000 ,-22.4913 ,-24.0691 ,-0.3714 ,0.8971 ,
2.0000 ,2.8924 ,0.6719 ,-2.3924 ,-7.3834 ,-0.1207 ,2.8899 ,
3.0000 ,9.4892 ,0.6913 ,34.3883 ,39.9741 ,5.3595 ,7.8308 ,
4.0000 ,9.6229 ,0.8355 ,38.5787 ,39.9766 ,6.0007 ,7.5227 ,
0.0000 ,0.8573 ,0.6811 ,16.0226 ,-24.7701 ,0.2366 ,0.8240 ,
1.0000 ,0.9700 ,1.0000 ,-22.7962 ,-26.1884 ,-0.3758 ,0.8942 ,
2.0000 ,1.1278 ,0.6011 ,0.7314 ,-24.0691 ,0.0144 ,1.1277 ,
3.0000 ,2.8928 ,0.6463 ,-2.1847 ,24.7701 ,-0.1103 ,2.8907 ,
4.0000 ,9.3804 ,0.7466 ,36.5557 ,41.6661 ,5.5870 ,7.5351 ,
0.0000 ,0.8569 ,0.6824 ,14.8706 ,-25.4772 ,0.2199 ,0.8282 ,
1.0000 ,0.9696 ,1.0000 ,-22.8850 ,-26.9040 ,-0.3771 ,0.8933 ,
2.0000 ,1.1282 ,0.6069 ,2.5120 ,-26.1884 ,0.0494 ,1.1271 ,
3.0000 ,2.8938 ,0.6346 ,-2.6657 ,-10.6246 ,-0.1346 ,2.8907 ,
4.0000 ,9.0244 ,0.7289 ,34.0558 ,32.8142 ,5.0536 ,7.4766 ,

0.0000 ,0.8592 ,0.6942 ,15.9943 ,-24.7701 ,0.2368 ,0.8260 ,
1.0000 ,0.9709 ,1.0000 ,-23.3073 ,-26.1884 ,-0.3842 ,0.8917 ,
2.0000 ,1.1295 ,0.6205 ,2.2432 ,-26.1884 ,0.0442 ,1.1287 ,
3.0000 ,2.8934 ,0.6390 ,-2.2432 ,-13.2402 ,-0.1132 ,2.8912 ,
4.0000 ,8.7276 ,0.7114 ,33.5602 ,35.1301 ,4.8247 ,7.2727 ,
0.0000 ,0.8572 ,0.7082 ,15.3968 ,-25.4772 ,0.2276 ,0.8264 ,
1.0000 ,0.9709 ,1.0000 ,-22.9215 ,-25.0361 ,-0.3782 ,0.8943 ,
2.0000 ,2.8939 ,0.6339 ,-2.6384 ,-8.6764 ,-0.1332 ,2.8908 ,
3.0000 ,8.3044 ,0.7118 ,36.1619 ,36.7112 ,4.9002 ,6.7046 ,
4.0000 ,8.4719 ,0.7234 ,34.1342 ,44.2914 ,4.7538 ,7.0124 ,
0.0000 ,0.8583 ,0.7175 ,15.2945 ,-24.7701 ,0.2264 ,0.8279 ,
1.0000 ,0.9710 ,1.0000 ,-22.3552 ,-26.9040 ,-0.3693 ,0.8980 ,
2.0000 ,1.1265 ,0.6178 ,2.2536 ,-24.7722 ,0.0443 ,1.1256 ,
3.0000 ,2.8919 ,0.6566 ,-3.4914 ,26.1905 ,-0.1761 ,2.8866 ,
4.0000 ,8.1391 ,0.6905 ,36.5347 ,41.6661 ,4.8453 ,6.5397 ,
0.0000 ,0.8592 ,0.6873 ,15.4291 ,-24.7701 ,0.2286 ,0.8282 ,
1.0000 ,0.9704 ,1.0000 ,-22.5938 ,-26.1884 ,-0.3728 ,0.8959 ,
2.0000 ,1.1288 ,0.5830 ,1.9199 ,-26.1884 ,0.0378 ,1.1282 ,
3.0000 ,2.7319 ,0.5310 ,-15.5993 ,-17.2239 ,-0.7346 ,2.6312 ,
4.0000 ,2.8916 ,0.6113 ,-3.7084 ,-11.9283 ,-0.1870 ,2.8855 ,
0.0000 ,0.8588 ,0.6356 ,16.0226 ,-22.6742 ,0.2370 ,0.8255 ,
1.0000 ,0.9701 ,0.9545 ,-22.5573 ,-24.0691 ,-0.3721 ,0.8959 ,
2.0000 ,2.8929 ,0.6278 ,-3.9482 ,25.4792 ,-0.1992 ,2.8861 ,
3.0000 ,7.4994 ,1.0000 ,37.3013 ,35.1301 ,4.5447 ,5.9654 ,
4.0000 ,7.5780 ,0.9817 ,35.9388 ,34.3511 ,4.4477 ,6.1355 ,
0.0000 ,0.8582 ,0.4572 ,15.9000 ,-22.6742 ,0.2351 ,0.8254 ,
1.0000 ,0.9710 ,0.6739 ,-22.7345 ,-24.7722 ,-0.3753 ,0.8956 ,
2.0000 ,1.1292 ,0.3936 ,1.3781 ,-24.0691 ,0.0272 ,1.1289 ,
3.0000 ,2.8923 ,0.4752 ,-1.9848 ,-11.9283 ,-0.1002 ,2.8906 ,
4.0000 ,7.2112 ,1.0000 ,35.0061 ,39.1462 ,4.1368 ,5.9066 ,
0.0000 ,0.8575 ,0.4782 ,15.1184 ,-22.6742 ,0.2237 ,0.8279 ,
1.0000 ,0.9710 ,0.7154 ,-22.3209 ,-25.4772 ,-0.3688 ,0.8983 ,
2.0000 ,6.8930 ,1.0000 ,35.6877 ,32.0534 ,4.0212 ,5.5986 ,
3.0000 ,7.0538 ,0.5679 ,31.4276 ,33.5792 ,3.6780 ,6.0190 ,
4.0000 ,7.1301 ,0.9267 ,35.2187 ,36.7089 ,4.1119 ,5.8250 ,
0.0000 ,0.9710 ,0.3580 ,-22.9554 ,-26.1884 ,-0.3787 ,0.8941 ,
1.0000 ,6.6591 ,1.0000 ,33.9064 ,38.3255 ,3.7147 ,5.5267 ,
2.0000 ,6.8028 ,0.4058 ,32.4888 ,39.1462 ,3.6540 ,5.7381 ,
3.0000 ,6.8843 ,0.9969 ,35.1647 ,39.1462 ,3.9649 ,5.6279 ,
4.0000 ,9.4313 ,0.3375 ,29.8445 ,28.3513 ,4.6935 ,8.1805 ,
0.0000 ,0.9707 ,0.2277 ,-23.2889 ,-25.4792 ,-0.3838 ,0.8916 ,
1.0000 ,2.8925 ,0.1616 ,-3.3509 ,-8.6764 ,-0.1691 ,2.8875 ,
2.0000 ,6.4410 ,0.3125 ,31.4032 ,53.0220 ,3.3561 ,5.4976 ,
3.0000 ,6.6165 ,1.0000 ,31.6666 ,45.1927 ,3.4735 ,5.6314 ,
4.0000 ,6.7430 ,0.2526 ,39.2748 ,45.1927 ,4.2686 ,5.2199 ,
0.0000 ,0.9708 ,0.4093 ,-23.0491 ,-28.3492 ,-0.3801 ,0.8933 ,
1.0000 ,6.1426 ,0.5069 ,31.8519 ,34.3488 ,3.2416 ,5.2176 ,
2.0000 ,6.2199 ,1.0000 ,31.0984 ,29.8143 ,3.2126 ,5.3260 ,
3.0000 ,6.3277 ,0.9582 ,29.9342 ,32.8119 ,3.1576 ,5.4836 ,
4.0000 ,6.4280 ,0.9749 ,29.4409 ,31.3034 ,3.1595 ,5.5979 ,
0.0000 ,5.8454 ,1.0000 ,32.9653 ,39.9766 ,3.1807 ,4.9043 ,
1.0000 ,6.1492 ,0.5865 ,37.4728 ,39.9766 ,3.7411 ,4.8803 ,
2.0000 ,6.2692 ,0.2194 ,35.5536 ,34.3488 ,3.6453 ,5.1005 ,
3.0000 ,6.5648 ,0.1866 ,28.2214 ,36.2888 ,3.1044 ,5.7844 ,
4.0000 ,7.6789 ,0.3267 ,34.5585 ,49.9379 ,4.3558 ,6.3239 ,
0.0000 ,0.9707 ,0.4145 ,-23.1083 ,-25.7762 ,-0.3810 ,0.8928 ,
1.0000 ,5.6412 ,0.8994 ,30.8782 ,41.6661 ,2.8952 ,4.8416 ,
2.0000 ,5.7537 ,0.8864 ,33.1184 ,28.3513 ,3.1437 ,4.8190 ,
3.0000 ,5.8927 ,1.0000 ,26.7430 ,27.6264 ,2.6516 ,5.2623 ,
4.0000 ,6.0197 ,0.7664 ,24.3859 ,27.6264 ,2.4854 ,5.4827 ,
0.0000 ,5.4676 ,0.2878 ,29.7668 ,36.7089 ,2.7145 ,4.7462 ,
1.0000 ,5.6370 ,1.0000 ,30.5732 ,37.5140 ,2.8672 ,4.8534 ,
2.0000 ,5.7780 ,0.3586 ,24.5819 ,32.8119 ,2.4036 ,5.2543 ,
3.0000 ,5.8791 ,0.4698 ,22.3096 ,28.3513 ,2.2318 ,5.4391 ,
4.0000 ,8.2024 ,0.3018 ,37.3437 ,36.7112 ,4.9756 ,6.5210 ,
0.0000 ,5.2088 ,0.6931 ,29.4096 ,32.8119 ,2.5578 ,4.5375 ,
1.0000 ,5.3058 ,0.4495 ,29.8177 ,32.0557 ,2.6382 ,4.6033 ,
2.0000 ,5.4178 ,1.0000 ,26.5528 ,27.6264 ,2.4219 ,4.8463 ,
3.0000 ,5.6391 ,0.5306 ,23.6044 ,26.9040 ,2.2580 ,5.1673 ,
4.0000 ,5.7454 ,0.3024 ,29.2413 ,28.3513 ,2.8066 ,5.0133 ,
0.0000 ,0.9707 ,0.6326 ,-22.7640 ,-24.0691 ,-0.3756 ,0.8951 ,
1.0000 ,5.0241 ,0.7388 ,26.9406 ,29.0813 ,2.2763 ,4.4789 ,
2.0000 ,5.1874 ,0.8609 ,22.0447 ,26.9062 ,1.9470 ,4.8082 ,
3.0000 ,5.3907 ,1.0000 ,22.8780 ,21.2914 ,2.0958 ,4.9667 ,
4.0000 ,5.5275 ,0.9454 ,14.2328 ,17.2239 ,1.3590 ,5.3578 ,
0.0000 ,4.9329 ,0.9333 ,25.1022 ,26.9040 ,2.0927 ,4.4670 ,
1.0000 ,5.0728 ,1.0000 ,23.5449 ,26.1905 ,2.0264 ,4.6505 ,
2.0000 ,5.2820 ,0.5248 ,16.0969 ,25.4772 ,1.4645 ,5.0749 ,
3.0000 ,5.3615 ,0.5454 ,27.0180 ,24.7701 ,2.4356 ,4.7764 ,
4.0000 ,5.5875 ,0.5061 ,25.1345 ,24.0670 ,2.3733 ,5.0585 ,
0.0000 ,4.7436 ,0.8013 ,21.3196 ,17.8934 ,1.7246 ,4.4190 ,
1.0000 ,4.8988 ,0.5800 ,17.5968 ,19.9235 ,1.4810 ,4.6696 ,
2.0000 ,4.9868 ,1.0000 ,18.8430 ,13.9007 ,1.6106 ,4.7196 ,
3.0000 ,5.1450 ,0.3692 ,28.3362 ,16.2964 ,2.4420 ,4.5285 ,
4.0000 ,5.8875 ,0.4313 ,14.4670 ,6.7383 ,1.4708 ,5.7008 ,
0.0000 ,4.6196 ,0.3227 ,16.8145 ,16.5529 ,1.3363 ,4.4221 ,
1.0000 ,4.8718 ,1.0000 ,19.6881 ,19.9235 ,1.6413 ,4.5870 ,
2.0000 ,5.0048 ,0.6193 ,19.1716 ,19.2460 ,1.6436 ,4.7272 ,
3.0000 ,5.2110 ,0.2769 ,17.2359 ,12.5853 ,1.5440 ,4.9770 ,
4.0000 ,5.4725 ,0.3595 ,12.8511 ,18.5693 ,1.2172 ,5.3354 ,
0.0000 ,4.6578 ,1.0000 ,13.8737 ,16.5548 ,1.1169 ,4.5219 ,
1.0000 ,4.7967 ,0.9961 ,12.6875 ,10.6246 ,1.0535 ,4.6795 ,
2.0000 ,4.9040 ,0.5875 ,16.7970 ,13.9007 ,1.4172 ,4.6948 ,
3.0000 ,5.0300 ,0.5695 ,9.4768 ,13.2421 ,0.8282 ,4.9613 ,
4.0000 ,5.1492 ,0.8878 ,19.4052 ,15.2236 ,1.7108 ,4.8567 ,
0.0000 ,4.5658 ,0.8971 ,8.9006 ,10.6227 ,0.7064 ,4.5108 ,
1.0000 ,4.7103 ,0.9248 ,10.5914 ,10.6246 ,0.8658 ,4.6300 ,
2.0000 ,4.8056 ,0.9016 ,6.9550 ,13.8988 ,0.5819 ,4.7703 ,
3.0000 ,5.0490 ,1.0000 ,17.3308 ,13.9007 ,1.5040 ,4.8198 ,
4.0000 ,5.3207 ,0.5600 ,13.5672 ,4.8060 ,1.2482 ,5.1723 ,
0.0000 ,4.6140 ,0.7425 ,5.7913 ,9.3246 ,0.4656 ,4.5904 ,
1.0000 ,4.7354 ,1.0000 ,7.4839 ,9.3246 ,0.6168 ,4.6950 ,
2.0000 ,4.8447 ,0.8894 ,6.0403 ,10.6227 ,0.5098 ,4.8178 ,
3.0000 ,5.1635 ,0.4151 ,2.4470 ,11.9302 ,0.2205 ,5.1587 ,
4.0000 ,5.2694 ,0.3724 ,7.9244 ,14.5611 ,0.7265 ,5.2190 ,
0.0000 ,4.6263 ,0.4658 ,1.1997 ,9.9740 ,0.0969 ,4.6253 ,
1.0000 ,4.7516 ,0.5757 ,3.2184 ,0.3192 ,0.2668 ,4.7441 ,
2.0000 ,4.8734 ,1.0000 ,1.7037 ,-0.4321 ,0.1449 ,4.8713 ,
3.0000 ,5.0083 ,0.2958 ,2.1847 ,3.5222 ,0.1909 ,5.0047 ,
4.0000 ,5.2130 ,0.2133 ,2.7138 ,2.2402 ,0.2468 ,5.2072 ,
0.0000 ,4.7626 ,0.3603 ,3.1827 ,-8.6745 ,0.2644 ,4.7553 ,
1.0000 ,4.9582 ,1.0000 ,-2.1718 ,-4.8060 ,-0.1879 ,4.9546 ,
2.0000 ,5.1358 ,0.1333 ,-0.9415 ,-2.2421 ,-0.0844 ,5.1351 ,
3.0000 ,5.3436 ,0.1102 ,-5.3318 ,-5.4507 ,-0.4965 ,5.3205 ,
4.0000 ,5.6926 ,0.0951 ,19.8039 ,20.6080 ,1.9287 ,5.3559 ,
0.0000 ,4.8259 ,0.2502 ,-5.4179 ,-5.4507 ,-0.4557 ,4.8043 ,
1.0000 ,4.9431 ,0.3641 ,-4.8935 ,-6.0922 ,-0.4217 ,4.9251 ,
2.0000 ,5.0760 ,1.0000 ,-5.1651 ,-6.0922 ,-0.4570 ,5.0553 ,
3.0000 ,5.4296 ,0.1612 ,9.6452 ,24.7701 ,0.9097 ,5.3528 ,
4.0000 ,5.5117 ,0.1698 ,0.8597 ,22.6742 ,0.0827 ,5.5111 ,
0.0000 ,4.9415 ,0.5372 ,-4.1355 ,-7.3815 ,-0.3564 ,4.9286 ,
1.0000 ,5.0191 ,1.0000 ,-4.0953 ,-8.0275 ,-0.3584 ,5.0063 ,
2.0000 ,5.2619 ,0.8892 ,-7.0863 ,-6.7383 ,-0.6491 ,5.2217 ,
3.0000 ,5.3943 ,0.4752 ,23.4147 ,-8.6745 ,2.1436 ,4.9501 ,
4.0000 ,5.4964 ,0.5011 ,22.1988 ,15.8861 ,2.0767 ,5.0890 ,

0.0000 ,4.9840 ,1.0000 ,-3.7903 ,-4.1639 ,-0.3295 ,4.9731 ,
1.0000 ,5.0546 ,0.7135 ,-1.6532 ,-2.2421 ,-0.1458 ,5.0525 ,
2.0000 ,5.1645 ,0.2911 ,-3.9209 ,-2.8811 ,-0.3531 ,5.1524 ,
3.0000 ,5.2587 ,0.1880 ,4.7712 ,-3.5222 ,0.4374 ,5.2404 ,
4.0000 ,5.5845 ,0.1158 ,-5.7554 ,-6.0941 ,-0.5600 ,5.5563 ,
0.0000 ,5.0290 ,1.0000 ,0.5906 ,-0.9594 ,0.0518 ,5.0287 ,
1.0000 ,5.1499 ,0.2753 ,-1.5818 ,-0.9594 ,-0.1422 ,5.1479 ,
2.0000 ,5.3111 ,0.1481 ,8.7798 ,-14.5592 ,0.8107 ,5.2489 ,
3.0000 ,5.4134 ,0.0904 ,0.4945 ,8.6745 ,0.0467 ,5.4132 ,
4.0000 ,5.7453 ,0.0492 ,-10.7285 ,6.7383 ,-1.0695 ,5.6448 ,
0.0000 ,5.0517 ,1.0000 ,0.7923 ,1.5997 ,0.0699 ,5.0512 ,
1.0000 ,5.2236 ,0.3376 ,0.2066 ,0.9612 ,0.0188 ,5.2236 ,
2.0000 ,5.3569 ,0.1292 ,4.9820 ,2.2421 ,0.4652 ,5.3367 ,
3.0000 ,5.4609 ,0.1514 ,-4.4868 ,-0.0858 ,-0.4272 ,5.4441 ,
4.0000 ,5.6617 ,0.1082 ,-22.1806 ,-17.2239 ,-2.1375 ,5.2428 ,
0.0000 ,5.1146 ,1.0000 ,0.3349 ,2.8829 ,0.0299 ,5.1145 ,
1.0000 ,5.4263 ,0.3176 ,-9.8578 ,-11.9302 ,-0.9290 ,5.3462 ,
2.0000 ,5.5044 ,0.1861 ,-12.4189 ,-13.2421 ,-1.1838 ,5.3756 ,
3.0000 ,5.6376 ,0.1717 ,-1.9050 ,4.1639 ,-0.1874 ,5.6345 ,
4.0000 ,6.3943 ,0.3712 ,0.0471 ,-0.3210 ,0.0053 ,6.3943 ,
0.0000 ,5.0867 ,1.0000 ,3.1594 ,8.6764 ,0.2803 ,5.0790 ,
1.0000 ,5.2745 ,0.6128 ,0.2170 ,-8.6764 ,0.0200 ,5.2744 ,
2.0000 ,5.3596 ,0.3286 ,4.9586 ,-12.5834 ,0.4633 ,5.3395 ,
3.0000 ,5.4582 ,0.1662 ,-10.1924 ,-15.2216 ,-0.9658 ,5.3720 ,
4.0000 ,5.5756 ,0.1628 ,-13.8870 ,-14.5592 ,-1.3382 ,5.4126 ,
0.0000 ,0.9705 ,0.1444 ,-22.5573 ,-25.2563 ,-0.3723 ,0.8963 ,
1.0000 ,5.0638 ,1.0000 ,3.0671 ,2.8829 ,0.2709 ,5.0565 ,
2.0000 ,5.2933 ,0.5685 ,0.8909 ,4.1639 ,0.0823 ,5.2926 ,
3.0000 ,5.4123 ,0.1776 ,2.1822 ,-19.2441 ,0.2061 ,5.4084 ,
4.0000 ,5.6679 ,0.2255 ,-16.3394 ,-19.9235 ,-1.5945 ,5.4390 ,
0.0000 ,5.1720 ,0.7992 ,-0.7378 ,-0.3192 ,-0.0666 ,5.1715 ,
1.0000 ,5.3026 ,1.0000 ,0.0327 ,1.5997 ,0.0030 ,5.3026 ,
2.0000 ,5.4285 ,0.3049 ,-2.8086 ,-0.2631 ,-0.2660 ,5.4220 ,
3.0000 ,5.7736 ,0.3957 ,-21.9651 ,-22.6722 ,-2.1596 ,5.3545 ,
4.0000 ,14.5761 ,0.5020 ,-18.4048 ,-19.9235 ,-4.6021 ,13.8306 ,
0.0000 ,5.0868 ,1.0000 ,-1.0882 ,-1.6016 ,-0.0966 ,5.0858 ,
1.0000 ,5.3776 ,0.9731 ,-4.4361 ,-7.3815 ,-0.4159 ,5.3614 ,
2.0000 ,5.9644 ,0.3623 ,-27.5660 ,-23.8622 ,-2.7602 ,5.2873 ,
3.0000 ,14.2798 ,0.9095 ,-19.7281 ,-15.8881 ,-4.8202 ,13.4416 ,
4.0000 ,14.6884 ,0.7239 ,-19.9583 ,-15.2236 ,-5.0137 ,13.8062 ,
0.0000 ,5.1329 ,1.0000 ,-4.5902 ,-7.3815 ,-0.4108 ,5.1164 ,
1.0000 ,5.2469 ,0.4944 ,-5.8042 ,-8.6764 ,-0.5306 ,5.2200 ,
2.0000 ,5.4229 ,0.8756 ,-7.5413 ,-11.9283 ,-0.7117 ,5.3760 ,
3.0000 ,5.6781 ,0.4292 ,-9.0049 ,-11.9283 ,-0.8887 ,5.6082 ,
4.0000 ,14.6592 ,0.7273 ,-16.5099 ,-16.5529 ,-4.1659 ,14.0548 ,
0.0000 ,5.1904 ,0.3320 ,-6.6530 ,-5.4507 ,-0.6013 ,5.1555 ,
1.0000 ,5.5324 ,1.0000 ,-13.2737 ,-11.9302 ,-1.2703 ,5.3846 ,
2.0000 ,5.7560 ,0.2828 ,-12.6169 ,-11.9302 ,-1.2573 ,5.6170 ,
3.0000 ,14.2911 ,0.7961 ,-16.3962 ,-15.2236 ,-4.0341 ,13.7099 ,
4.0000 ,14.6767 ,0.3985 ,-14.0902 ,-12.5853 ,-3.5730 ,14.2351 ,
0.0000 ,5.2789 ,1.0000 ,-10.0198 ,-11.9283 ,-0.9185 ,5.1984 ,
1.0000 ,5.4254 ,0.7597 ,-13.5045 ,-9.3246 ,-1.2670 ,5.2754 ,
2.0000 ,6.3313 ,0.5103 ,-25.0164 ,-27.6264 ,-2.6774 ,5.7373 ,
3.0000 ,6.5518 ,0.6291 ,-19.7528 ,-6.7383 ,-2.2143 ,6.1663 ,
4.0000 ,6.6777 ,0.4519 ,-15.7975 ,-11.9302 ,-1.8179 ,6.4255 ,
0.0000 ,5.5768 ,1.0000 ,-15.6384 ,-17.8953 ,-1.5033 ,5.3703 ,
1.0000 ,5.7188 ,0.4762 ,-13.3165 ,-17.2239 ,-1.3172 ,5.5650 ,
2.0000 ,5.9802 ,0.5484 ,-21.1261 ,-13.2421 ,-2.1554 ,5.5782 ,
3.0000 ,6.5819 ,0.4889 ,-11.3358 ,-9.9721 ,-1.2937 ,6.4535 ,
4.0000 ,7.3492 ,0.5662 ,-33.9870 ,-29.8165 ,-4.1082 ,6.0937 ,
0.0000 ,0.9705 ,0.5286 ,-22.9076 ,-26.1884 ,-0.3778 ,0.8940 ,
1.0000 ,5.5670 ,1.0000 ,-16.0201 ,-16.5529 ,-1.5364 ,5.3508 ,
2.0000 ,5.7661 ,0.5236 ,-15.2380 ,-15.2236 ,-1.5155 ,5.5634 ,
3.0000 ,6.4363 ,0.3918 ,-12.2059 ,-24.7722 ,-1.3608 ,6.2908 ,
4.0000 ,7.2288 ,0.4428 ,-31.1817 ,-38.3231 ,-3.7427 ,6.1844 ,
0.0000 ,0.9708 ,0.7023 ,-23.0033 ,-27.6242 ,-0.3794 ,0.8936 ,
1.0000 ,5.7702 ,0.7172 ,-20.6673 ,-19.9235 ,-2.0365 ,5.3989 ,
2.0000 ,5.8597 ,1.0000 ,-19.4740 ,-19.2460 ,-1.9535 ,5.5244 ,
3.0000 ,6.9489 ,0.8222 ,-10.6428 ,-29.8143 ,-1.2834 ,6.8294 ,
4.0000 ,7.1072 ,0.6846 ,-30.9272 ,-32.0534 ,-3.6527 ,6.0967 ,
0.0000 ,0.9696 ,0.8426 ,-23.2889 ,-26.1905 ,-0.3834 ,0.8906 ,
1.0000 ,5.7212 ,0.7320 ,-17.3853 ,-26.9040 ,-1.7095 ,5.4598 ,
2.0000 ,5.9922 ,0.8814 ,-21.6039 ,-22.6722 ,-2.2063 ,5.5713 ,
3.0000 ,7.0718 ,1.0000 ,-16.1119 ,-23.3678 ,-1.9625 ,6.7940 ,
4.0000 ,7.3338 ,0.6878 ,-35.0061 ,-35.9167 ,-4.2071 ,6.0071 ,
0.0000 ,0.9716 ,0.7106 ,-23.2593 ,-24.7722 ,-0.3837 ,0.8926 ,
1.0000 ,5.9618 ,1.0000 ,-21.9021 ,-19.9255 ,-2.2239 ,5.5315 ,
2.0000 ,6.0599 ,0.5841 ,-22.4393 ,-19.9255 ,-2.3131 ,5.6011 ,
3.0000 ,7.1620 ,0.8361 ,-17.3282 ,-13.9007 ,-2.1332 ,6.8370 ,
4.0000 ,7.2322 ,0.5647 ,-19.2115 ,-13.9472 ,-2.3798 ,6.8295 ,
0.0000 ,0.8581 ,0.3406 ,16.2826 ,-24.0670 ,0.2406 ,0.8237 ,
1.0000 ,0.9716 ,0.4814 ,-22.2732 ,-25.4772 ,-0.3683 ,0.8991 ,
2.0000 ,6.0309 ,0.3920 ,-25.8157 ,-25.4772 ,-2.6263 ,5.4290 ,
3.0000 ,6.3574 ,0.4300 ,-26.7097 ,-23.3698 ,-2.8575 ,5.6791 ,
4.0000 ,7.2829 ,1.0000 ,-18.4732 ,-22.6722 ,-2.3077 ,6.9076 ,
0.0000 ,0.9704 ,0.6714 ,-22.7189 ,-26.9040 ,-0.3748 ,0.8951 ,
1.0000 ,6.1949 ,0.4844 ,-26.0328 ,-26.1905 ,-2.7188 ,5.5664 ,
2.0000 ,6.3916 ,0.5007 ,-26.1194 ,-30.5549 ,-2.8139 ,5.7389 ,
3.0000 ,6.5083 ,0.6021 ,-28.1596 ,-21.2914 ,-3.0715 ,5.7380 ,
4.0000 ,7.3981 ,1.0000 ,-20.8226 ,-21.9802 ,-2.6298 ,6.9149 ,
0.0000 ,0.9697 ,0.4525 ,-22.5321 ,-26.1884 ,-0.3716 ,0.8957 ,
1.0000 ,6.2816 ,0.3973 ,-27.7081 ,-22.6722 ,-2.9208 ,5.5613 ,
2.0000 ,6.4977 ,0.3305 ,-27.3204 ,-26.9040 ,-2.9822 ,5.7729 ,
3.0000 ,6.6774 ,0.3176 ,-29.2726 ,-26.6406 ,-3.2650 ,5.8248 ,
4.0000 ,7.5335 ,1.0000 ,-21.9651 ,-23.3678 ,-2.8178 ,6.9866 ,
0.0000 ,0.8571 ,0.5683 ,15.4533 ,-23.3698 ,0.2284 ,0.8261 ,
1.0000 ,0.9704 ,0.8033 ,-22.5798 ,-26.9040 ,-0.3726 ,0.8961 ,
2.0000 ,6.4951 ,0.8502 ,-30.0962 ,-30.5571 ,-3.2570 ,5.6194 ,
3.0000 ,6.7392 ,0.6889 ,-27.9002 ,-29.8165 ,-3.1535 ,5.9558 ,
4.0000 ,7.6711 ,1.0000 ,-23.3596 ,-24.7722 ,-3.0416 ,7.0423 ,
0.0000 ,0.8591 ,0.4665 ,15.2529 ,-25.4772 ,0.2260 ,0.8289 ,
1.0000 ,0.9698 ,0.6737 ,-22.7302 ,-25.4792 ,-0.3747 ,0.8944 ,
2.0000 ,2.8933 ,0.4560 ,-3.3276 ,-12.5853 ,-0.1679 ,2.8885 ,
3.0000 ,6.6339 ,1.0000 ,-30.8418 ,-32.8119 ,-3.4010 ,5.6957 ,
4.0000 ,6.7750 ,0.6339 ,-31.6223 ,-29.0813 ,-3.5523 ,5.7691 ,
0.0000 ,0.8576 ,0.5789 ,15.6276 ,-24.0691 ,0.2310 ,0.8259 ,
1.0000 ,0.9702 ,0.8659 ,-22.4323 ,-25.4792 ,-0.3702 ,0.8967 ,
2.0000 ,6.9441 ,1.0000 ,-30.8026 ,-31.3034 ,-3.5559 ,5.9645 ,
3.0000 ,7.8466 ,0.5793 ,-32.2254 ,-33.5792 ,-4.1842 ,6.6379 ,
4.0000 ,7.9367 ,0.6969 ,-25.5853 ,-31.3034 ,-3.4275 ,7.1584 ,
0.0000 ,0.8573 ,0.7062 ,15.6343 ,-25.4772 ,0.2310 ,0.8256 ,
1.0000 ,0.9706 ,1.0000 ,-22.5052 ,-26.9040 ,-0.3715 ,0.8966 ,
2.0000 ,2.8936 ,0.6556 ,-2.3989 ,31.3012 ,-0.1211 ,2.8911 ,
3.0000 ,7.0170 ,0.8445 ,-32.9003 ,-34.3488 ,-3.8115 ,5.8915 ,
4.0000 ,7.2519 ,0.6588 ,-33.1959 ,-44.2914 ,-3.9705 ,6.0684 ,
0.0000 ,0.8580 ,0.6808 ,15.9417 ,-24.7701 ,0.2357 ,0.8250 ,
1.0000 ,0.9698 ,1.0000 ,-23.0717 ,-24.7722 ,-0.3800 ,0.8922 ,
2.0000 ,7.2408 ,0.7582 ,-36.7075 ,-36.7112 ,-4.3280 ,5.8049 ,
3.0000 ,7.3519 ,0.8506 ,-36.6865 ,-36.7112 ,-4.3923 ,5.8956 ,
4.0000 ,7.4886 ,0.8049 ,-34.3805 ,-35.9144 ,-4.2287 ,6.1804 ,
0.0000 ,0.9706 ,0.8823 ,-22.8301 ,-25.4792 ,-0.3766 ,0.8945 ,
1.0000 ,7.3768 ,1.0000 ,-36.9459 ,-40.8172 ,-4.4339 ,5.8956 ,
2.0000 ,7.5434 ,0.8934 ,-34.6530 ,-39.9741 ,-4.2892 ,6.2052 ,
3.0000 ,7.8726 ,0.6458 ,-33.0456 ,-33.5792 ,-4.2930 ,6.5991 ,
4.0000 ,8.4283 ,0.7808 ,-28.2861 ,-26.1884 ,-3.9939 ,7.4219 ,

0.0000 ,0.9701 ,1.0000 ,-22.8919 ,-24.7722 ,-0.3774 ,0.8937 ,
1.0000 ,2.8930 ,0.6713 ,-3.6264 ,-11.9302 ,-0.1830 ,2.8872 ,
2.0000 ,7.5926 ,0.8888 ,-37.1514 ,-33.5792 ,-4.5853 ,6.0516 ,
3.0000 ,7.7050 ,0.9483 ,-35.8092 ,-37.5116 ,-4.5081 ,6.2485 ,
4.0000 ,8.5784 ,0.8148 ,-29.0468 ,-31.3012 ,-4.1650 ,7.4994 ,
0.0000 ,0.8725 ,0.7053 ,18.7456 ,-24.7722 ,0.2804 ,0.8262 ,
1.0000 ,0.9697 ,1.0000 ,-22.7667 ,-27.6242 ,-0.3753 ,0.8941 ,
2.0000 ,2.9074 ,0.6602 ,-3.9900 ,29.0791 ,-0.2023 ,2.9004 ,
3.0000 ,7.8075 ,0.7115 ,-38.3780 ,-39.1438 ,-4.8473 ,6.1206 ,
4.0000 ,7.8982 ,0.7450 ,-37.2932 ,-38.3255 ,-4.7855 ,6.2834 ,
0.0000 ,0.8587 ,0.6874 ,15.5644 ,-25.4792 ,0.2304 ,0.8272 ,
1.0000 ,0.9708 ,1.0000 ,-22.9694 ,-26.9062 ,-0.3788 ,0.8938 ,
2.0000 ,7.9945 ,0.8581 ,-39.1693 ,-39.9766 ,-5.0494 ,6.1980 ,
3.0000 ,8.1508 ,0.9393 ,-38.6002 ,-39.1438 ,-5.0852 ,6.3700 ,
4.0000 ,8.9685 ,0.7143 ,-32.0370 ,-35.1278 ,-4.7575 ,7.6026 ,
0.0000 ,0.8569 ,0.4542 ,15.3294 ,-25.4772 ,0.2265 ,0.8265 ,
1.0000 ,0.9703 ,0.6691 ,-23.0857 ,-24.7722 ,-0.3805 ,0.8926 ,
2.0000 ,2.8915 ,0.4488 ,-2.0562 ,-9.3246 ,-0.1037 ,2.8896 ,
3.0000 ,8.2816 ,0.5796 ,-38.8288 ,-40.8172 ,-5.1926 ,6.4516 ,
4.0000 ,8.3723 ,1.0000 ,-40.1068 ,-42.5314 ,-5.3936 ,6.4035 ,
0.0000 ,0.8573 ,0.6397 ,16.0835 ,-24.0691 ,0.2375 ,0.8237 ,
1.0000 ,0.9702 ,0.9130 ,-22.8554 ,-26.9040 ,-0.3768 ,0.8941 ,
2.0000 ,2.8921 ,0.5930 ,-2.9410 ,-1.5997 ,-0.1484 ,2.8883 ,
3.0000 ,8.5644 ,1.0000 ,-40.5944 ,-38.3255 ,-5.5728 ,6.5032 ,
4.0000 ,8.6868 ,0.7406 ,-37.4759 ,-37.5140 ,-5.2853 ,6.8940 ,
0.0000 ,0.9701 ,0.7194 ,-22.6093 ,-24.7722 ,-0.3729 ,0.8955 ,
1.0000 ,2.1681 ,0.4131 ,25.9159 ,23.3678 ,0.9476 ,1.9501 ,
2.0000 ,2.8927 ,0.4580 ,-2.0394 ,-7.3815 ,-0.1029 ,2.8908 ,
3.0000 ,8.8348 ,0.4643 ,-41.5520 ,-42.5289 ,-5.8601 ,6.6116 ,
4.0000 ,8.9607 ,1.0000 ,-41.6474 ,-38.3255 ,-5.9548 ,6.6959 ,
0.0000 ,0.9699 ,0.5882 ,-22.6711 ,-24.7722 ,-0.3739 ,0.8950 ,
1.0000 ,1.1281 ,0.3676 ,1.6844 ,-24.7722 ,0.0332 ,1.1277 ,
2.0000 ,2.1672 ,0.3387 ,26.6980 ,24.7701 ,0.9737 ,1.9361 ,
3.0000 ,2.8937 ,0.3997 ,-1.6468 ,27.6264 ,-0.0832 ,2.8925 ,
4.0000 ,9.2200 ,1.0000 ,-41.7377 ,-39.9766 ,-6.1380 ,6.8800 ,
0.0000 ,0.8574 ,0.5167 ,14.9988 ,-25.4772 ,0.2219 ,0.8282 ,
1.0000 ,0.9705 ,0.7524 ,-23.2409 ,-26.9040 ,-0.3830 ,0.8918 ,
2.0000 ,1.1289 ,0.4387 ,1.6596 ,-27.6242 ,0.0327 ,1.1284 ,
3.0000 ,2.8924 ,0.5012 ,-3.4810 ,-4.8079 ,-0.1756 ,2.8871 ,
4.0000 ,9.3674 ,1.0000 ,-42.6439 ,-43.4037 ,-6.3458 ,6.8904 ,
0.0000 ,0.8724 ,0.3085 ,18.9561 ,-24.0691 ,0.2834 ,0.8251 ,
1.0000 ,0.9698 ,0.4504 ,-23.3553 ,-24.7722 ,-0.3845 ,0.8903 ,
2.0000 ,2.8934 ,0.2992 ,-5.1337 ,-5.4488 ,-0.2589 ,2.8818 ,
3.0000 ,9.7343 ,1.0000 ,-43.0480 ,-40.8172 ,-6.6448 ,7.1137 ,
4.0000 ,9.8260 ,0.3648 ,-38.8854 ,-42.5289 ,-6.1684 ,7.6486 ,
0.0000 ,0.8568 ,0.2167 ,14.8922 ,-25.4792 ,0.2202 ,0.8280 ,
1.0000 ,0.9703 ,0.3068 ,-23.1197 ,-26.1905 ,-0.3810 ,0.8923 ,
2.0000 ,2.8924 ,0.1928 ,-2.8800 ,27.6242 ,-0.1453 ,2.8887 ,
3.0000 ,10.0393 ,1.0000 ,-42.2604 ,-41.6686 ,-6.7514 ,7.4300 ,
4.0000 ,10.1223 ,0.4310 ,-44.1523 ,-41.6686 ,-7.0509 ,7.2627 ,
0.0000 ,0.8571 ,0.6730 ,16.3611 ,-25.4772 ,0.2414 ,0.8224 ,
1.0000 ,0.9695 ,0.9489 ,-22.9877 ,-26.9040 ,-0.3786 ,0.8925 ,
2.0000 ,2.8941 ,0.5900 ,-3.1281 ,-9.3227 ,-0.1579 ,2.8898 ,
3.0000 ,10.4024 ,0.8973 ,-36.6186 ,-43.4037 ,-6.2049 ,8.3492 ,
4.0000 ,10.6212 ,1.0000 ,-39.9340 ,-41.6661 ,-6.8178 ,8.1441 ,
0.0000 ,0.8581 ,0.2172 ,15.5602 ,-24.7701 ,0.2302 ,0.8267 ,
1.0000 ,0.9705 ,0.3138 ,-22.7302 ,-24.7722 ,-0.3750 ,0.8951 ,
2.0000 ,10.6098 ,1.0000 ,-41.1415 ,-40.8172 ,-6.9804 ,7.9901 ,
3.0000 ,10.7825 ,0.2873 ,-38.8021 ,-41.6686 ,-6.7567 ,8.4030 ,
4.0000 ,10.9060 ,0.2948 ,-39.5114 ,-40.8172 ,-6.9387 ,8.4140 ,
0.0000 ,0.9708 ,0.3333 ,-22.4870 ,-26.1884 ,-0.3713 ,0.8970 ,
1.0000 ,10.8587 ,1.0000 ,-40.7466 ,-41.6661 ,-7.0876 ,8.2266 ,
2.0000 ,10.9592 ,0.3447 ,-43.2898 ,-39.9766 ,-7.5146 ,7.9772 ,
3.0000 ,11.0560 ,0.3133 ,-39.7294 ,-41.6661 ,-7.0666 ,8.5029 ,
4.0000 ,11.2037 ,0.4744 ,-38.0677 ,-38.3255 ,-6.9081 ,8.8205 ,
0.0000 ,0.8711 ,0.3563 ,18.5197 ,-23.3698 ,0.2767 ,0.8260 ,
1.0000 ,0.9704 ,0.5162 ,-22.7780 ,-26.1884 ,-0.3757 ,0.8947 ,
2.0000 ,11.0097 ,0.6777 ,-38.1269 ,-38.3255 ,-6.7975 ,8.6608 ,
3.0000 ,11.0855 ,1.0000 ,-39.6232 ,-39.9741 ,-7.0696 ,8.5387 ,
4.0000 ,11.2477 ,0.4439 ,-41.5295 ,-39.1462 ,-7.4573 ,8.4202 ,
0.0000 ,0.8575 ,0.3322 ,15.7651 ,-23.3698 ,0.2330 ,0.8253 ,
1.0000 ,0.9705 ,0.4700 ,-22.4618 ,-25.4772 ,-0.3708 ,0.8969 ,
2.0000 ,11.2250 ,0.8788 ,-37.9558 ,-39.9741 ,-6.9039 ,8.8507 ,
3.0000 ,11.3509 ,1.0000 ,-38.5818 ,-39.9741 ,-7.0788 ,8.8732 ,
4.0000 ,11.5383 ,0.3869 ,-39.9017 ,-39.1462 ,-7.4015 ,8.8516 ,
0.0000 ,0.8579 ,0.2999 ,15.6210 ,-24.7701 ,0.2310 ,0.8262 ,
1.0000 ,0.9698 ,0.4199 ,-22.2759 ,-24.0691 ,-0.3676 ,0.8974 ,
2.0000 ,1.1281 ,0.2604 ,0.8468 ,-24.0691 ,0.0167 ,1.1280 ,
3.0000 ,2.8924 ,0.2820 ,-1.8401 ,-6.7383 ,-0.0929 ,2.8909 ,
4.0000 ,11.4460 ,1.0000 ,-37.7938 ,-42.5289 ,-7.0144 ,9.0449 ,
0.0000 ,0.8593 ,0.6101 ,15.5710 ,-25.4772 ,0.2307 ,0.8278 ,
1.0000 ,0.9710 ,0.8909 ,-22.8893 ,-25.4792 ,-0.3777 ,0.8945 ,
2.0000 ,1.1292 ,0.5160 ,2.3419 ,-26.1884 ,0.0461 ,1.1282 ,
3.0000 ,2.8936 ,0.5802 ,-3.1698 ,-8.6764 ,-0.1600 ,2.8891 ,
4.0000 ,11.6141 ,1.0000 ,-37.1172 ,-37.5116 ,-7.0085 ,9.2611 ,
0.0000 ,0.8574 ,0.7082 ,15.2247 ,-24.0691 ,0.2252 ,0.8274 ,
1.0000 ,0.9700 ,1.0000 ,-22.9877 ,-25.4792 ,-0.3788 ,0.8930 ,
2.0000 ,1.1279 ,0.6231 ,1.3132 ,-26.9040 ,0.0258 ,1.1276 ,
3.0000 ,2.8921 ,0.6709 ,-3.2224 ,-9.9721 ,-0.1626 ,2.8876 ,
4.0000 ,11.7276 ,0.6228 ,-36.2921 ,-37.5116 ,-6.9416 ,9.4526 ,
0.0000 ,0.8574 ,0.6912 ,15.3726 ,-26.1884 ,0.2273 ,0.8268 ,
1.0000 ,0.9705 ,1.0000 ,-22.6754 ,-26.1905 ,-0.3741 ,0.8955 ,
2.0000 ,1.1278 ,0.6018 ,2.3756 ,-26.1884 ,0.0467 ,1.1268 ,
3.0000 ,2.8938 ,0.6649 ,-3.4914 ,-19.2441 ,-0.1762 ,2.8884 ,
4.0000 ,12.0421 ,0.8557 ,-37.1091 ,-40.8147 ,-7.2654 ,9.6034 ,
0.0000 ,0.8573 ,0.6814 ,15.6909 ,-25.4772 ,0.2319 ,0.8254 ,
1.0000 ,0.9700 ,1.0000 ,-22.8371 ,-26.1884 ,-0.3765 ,0.8940 ,
2.0000 ,1.1263 ,0.6189 ,0.3895 ,-24.0691 ,0.0077 ,1.1263 ,
3.0000 ,2.8936 ,0.6429 ,-3.3341 ,-9.9740 ,-0.1683 ,2.8887 ,
4.0000 ,12.0614 ,0.6158 ,-37.6772 ,-37.5140 ,-7.3721 ,9.5462 ,
0.0000 ,0.8578 ,0.7136 ,16.4030 ,-23.3698 ,0.2422 ,0.8229 ,
1.0000 ,0.9695 ,1.0000 ,-22.6893 ,-24.7722 ,-0.3740 ,0.8945 ,
2.0000 ,1.1288 ,0.6247 ,1.0778 ,-25.4772 ,0.0212 ,1.1286 ,
3.0000 ,2.8918 ,0.6406 ,-2.6320 ,-9.3246 ,-0.1328 ,2.8887 ,
4.0000 ,12.3264 ,0.6807 ,-35.5329 ,-35.9167 ,-7.1638 ,10.0310 ,
0.0000 ,0.8564 ,0.6938 ,15.0419 ,-23.3698 ,0.2223 ,0.8271 ,
1.0000 ,0.9697 ,1.0000 ,-22.2282 ,-26.9040 ,-0.3668 ,0.8976 ,
2.0000 ,1.1283 ,0.6044 ,1.4158 ,-25.4772 ,0.0279 ,1.1280 ,
3.0000 ,2.8936 ,0.6744 ,-1.9011 ,-8.6764 ,-0.0960 ,2.8920 ,
4.0000 ,12.4989 ,0.5709 ,-36.0736 ,-34.3511 ,-7.3596 ,10.1024 ,
0.0000 ,0.8592 ,0.6980 ,16.5911 ,-24.0691 ,0.2453 ,0.8235 ,
1.0000 ,0.9708 ,1.0000 ,-22.3664 ,-26.1884 ,-0.3694 ,0.8977 ,
2.0000 ,1.1285 ,0.6174 ,-0.3117 ,-25.4772 ,-0.0061 ,1.1285 ,
3.0000 ,2.2906 ,0.5285 ,23.0378 ,24.0691 ,0.8964 ,2.1080 ,
4.0000 ,2.8933 ,0.6760 ,-4.4386 ,-9.3246 ,-0.2239 ,2.8847 ,
0.0000 ,0.8721 ,0.6972 ,18.3119 ,-25.4772 ,0.2740 ,0.8279 ,
1.0000 ,0.9701 ,1.0000 ,-22.5616 ,-26.9040 ,-0.3722 ,0.8959 ,
2.0000 ,1.1296 ,0.6135 ,0.7041 ,-26.1884 ,0.0139 ,1.1295 ,
3.0000 ,2.8928 ,0.6356 ,-2.3042 ,-9.3227 ,-0.1163 ,2.8904 ,
4.0000 ,12.7240 ,0.6924 ,-36.3493 ,-24.0691 ,-7.5416 ,10.2482 ,
0.0000 ,0.8573 ,0.7170 ,14.8250 ,-23.3698 ,0.2194 ,0.8288 ,
1.0000 ,0.9702 ,1.0000 ,-22.1988 ,-26.1884 ,-0.3665 ,0.8983 ,
2.0000 ,1.1291 ,0.6265 ,0.7274 ,-25.4772 ,0.0143 ,1.1290 ,
3.0000 ,2.8943 ,0.6566 ,-3.5356 ,26.1884 ,-0.1785 ,2.8887 ,
4.0000 ,3.0452 ,0.5326 ,-10.5491 ,-11.2767 ,-0.5575 ,2.9937 ,

0.0000 ,0.8574 ,0.7201 ,14.9075 ,-24.0670 ,0.2206 ,0.8285 ,
1.0000 ,0.9707 ,1.0000 ,-22.1806 ,-24.0691 ,-0.3665 ,0.8989 ,
2.0000 ,1.1287 ,0.6001 ,1.6324 ,-25.4772 ,0.0322 ,1.1282 ,
3.0000 ,2.2908 ,0.5476 ,23.1973 ,21.2935 ,0.9024 ,2.1056 ,
4.0000 ,2.8937 ,0.6554 ,-2.4703 ,-11.9302 ,-0.1247 ,2.8910 ,
0.0000 ,0.8722 ,0.6707 ,18.8430 ,-23.3698 ,0.2817 ,0.8255 ,
1.0000 ,0.9706 ,1.0000 ,-22.3439 ,-26.1884 ,-0.3690 ,0.8978 ,
2.0000 ,1.1291 ,0.6070 ,1.2309 ,-26.1884 ,0.0243 ,1.1289 ,
3.0000 ,2.8920 ,0.6407 ,-3.0983 ,24.7701 ,-0.1563 ,2.8877 ,
4.0000 ,15.1702 ,0.5368 ,-24.9421 ,-27.6242 ,-6.3973 ,13.7554 ,
0.0000 ,0.8575 ,0.6858 ,15.5448 ,-21.9822 ,0.2298 ,0.8261 ,
1.0000 ,0.9703 ,1.0000 ,-22.1373 ,-23.3698 ,-0.3656 ,0.8987 ,
2.0000 ,1.1291 ,0.5988 ,1.5273 ,-25.4772 ,0.0301 ,1.1287 ,
3.0000 ,2.8910 ,0.6864 ,-3.4393 ,26.1905 ,-0.1734 ,2.8858 ,
4.0000 ,15.7221 ,0.8577 ,-25.0235 ,-24.7701 ,-6.6503 ,14.2463 ,
0.0000 ,0.8583 ,0.7254 ,14.7620 ,-24.0670 ,0.2187 ,0.8299 ,
1.0000 ,0.9714 ,1.0000 ,-22.3257 ,-24.0691 ,-0.3690 ,0.8986 ,
2.0000 ,1.1275 ,0.6538 ,1.7286 ,-26.1884 ,0.0340 ,1.1270 ,
3.0000 ,2.8926 ,0.7246 ,-2.1718 ,26.1884 ,-0.1096 ,2.8905 ,
4.0000 ,15.7237 ,0.7926 ,-22.8963 ,-19.9255 ,-6.1175 ,14.4849 ,
0.0000 ,0.8578 ,0.6777 ,15.7975 ,-23.3698 ,0.2335 ,0.8254 ,
1.0000 ,0.9708 ,1.0000 ,-21.9427 ,-24.0691 ,-0.3628 ,0.9005 ,
2.0000 ,1.1278 ,0.6158 ,0.8870 ,-25.4772 ,0.0175 ,1.1277 ,
3.0000 ,2.8925 ,0.6788 ,-3.1008 ,-9.3227 ,-0.1565 ,2.8882 ,
4.0000 ,14.8998 ,0.6493 ,-34.4058 ,-29.0813 ,-8.4191 ,12.2931 ,
0.0000 ,0.8586 ,0.7021 ,15.7826 ,-24.0670 ,0.2335 ,0.8263 ,
1.0000 ,0.9700 ,1.0000 ,-22.6571 ,-25.4772 ,-0.3737 ,0.8951 ,
2.0000 ,1.1292 ,0.6132 ,1.2710 ,-24.7701 ,0.0250 ,1.1289 ,
3.0000 ,2.1653 ,0.5550 ,24.9748 ,23.3678 ,0.9142 ,1.9628 ,
4.0000 ,2.8931 ,0.6793 ,-2.8944 ,-9.3246 ,-0.1461 ,2.8894 ,
0.0000 ,0.8595 ,0.7416 ,16.4882 ,-22.6742 ,0.2439 ,0.8241 ,
1.0000 ,0.9707 ,1.0000 ,-22.3959 ,-25.4772 ,-0.3698 ,0.8975 ,
2.0000 ,1.1290 ,0.6094 ,1.0128 ,-23.3698 ,0.0200 ,1.1288 ,
3.0000 ,2.8918 ,0.6620 ,-3.8345 ,26.9040 ,-0.1934 ,2.8853 ,
4.0000 ,15.1665 ,0.7702 ,-19.3805 ,-17.8953 ,-5.0329 ,14.3071 ,
0.0000 ,0.8581 ,0.7220 ,15.7517 ,-24.0670 ,0.2329 ,0.8259 ,
1.0000 ,0.9709 ,1.0000 ,-21.7889 ,-25.4772 ,-0.3604 ,0.9015 ,
2.0000 ,1.1274 ,0.6165 ,0.2948 ,-24.0691 ,0.0058 ,1.1274 ,
3.0000 ,2.7316 ,0.4954 ,-15.1507 ,-19.2441 ,-0.7139 ,2.6366 ,
4.0000 ,2.8924 ,0.6333 ,-5.0785 ,-9.3246 ,-0.2560 ,2.8811 ,
0.0000 ,0.8572 ,0.7205 ,15.9742 ,-23.3698 ,0.2359 ,0.8241 ,
1.0000 ,0.9698 ,1.0000 ,-22.5390 ,-24.7722 ,-0.3717 ,0.8957 ,
2.0000 ,2.8938 ,0.6566 ,-3.0269 ,-3.5241 ,-0.1528 ,2.8898 ,
3.0000 ,14.4093 ,0.6508 ,-27.2306 ,-28.3492 ,-6.5933 ,12.8123 ,
4.0000 ,15.5157 ,0.6460 ,-19.6013 ,-21.2935 ,-5.2051 ,14.6166 ,
0.0000 ,0.8571 ,0.6989 ,14.9183 ,-24.7701 ,0.2206 ,0.8282 ,
1.0000 ,0.9700 ,1.0000 ,-22.5347 ,-24.7722 ,-0.3718 ,0.8960 ,
2.0000 ,1.1275 ,0.6014 ,1.1595 ,-24.0691 ,0.0228 ,1.1272 ,
3.0000 ,2.8929 ,0.6761 ,-3.4914 ,-8.0294 ,-0.1762 ,2.8875 ,
4.0000 ,15.4131 ,0.6066 ,-19.5523 ,-24.7701 ,-5.1583 ,14.5243 ,
0.0000 ,0.8588 ,0.6763 ,15.6801 ,-23.3698 ,0.2321 ,0.8268 ,
1.0000 ,0.9696 ,1.0000 ,-22.6389 ,-24.7722 ,-0.3732 ,0.8949 ,
2.0000 ,1.1273 ,0.6207 ,1.6740 ,-26.1884 ,0.0329 ,1.1269 ,
3.0000 ,2.8921 ,0.7111 ,-3.2626 ,-9.9740 ,-0.1646 ,2.8874 ,
4.0000 ,14.5027 ,0.7847 ,-24.9120 ,-22.6742 ,-6.1089 ,13.1533 ,
0.0000 ,0.8565 ,0.7154 ,14.9855 ,-22.6742 ,0.2215 ,0.8274 ,
1.0000 ,0.9702 ,1.0000 ,-21.9245 ,-24.7701 ,-0.3622 ,0.9000 ,
2.0000 ,2.8938 ,0.6861 ,-2.1172 ,-9.9740 ,-0.1069 ,2.8918 ,
3.0000 ,14.3407 ,0.8671 ,-24.0773 ,-27.6242 ,-5.8505 ,13.0930 ,
4.0000 ,14.7787 ,0.6452 ,-14.8968 ,-17.7400 ,-3.7993 ,14.2820 ,
0.0000 ,0.8729 ,0.5119 ,19.0096 ,-24.7701 ,0.2843 ,0.8253 ,
1.0000 ,0.9709 ,0.7296 ,-22.3803 ,-24.7722 ,-0.3697 ,0.8978 ,
2.0000 ,1.1290 ,0.4369 ,2.0121 ,-24.0691 ,0.0396 ,1.1283 ,
3.0000 ,2.8920 ,0.4952 ,-2.0394 ,-10.6246 ,-0.1029 ,2.8901 ,
4.0000 ,14.3912 ,1.0000 ,-24.0333 ,-19.2441 ,-5.8611 ,13.1436 ,
0.0000 ,0.8584 ,0.7045 ,15.7017 ,-22.6742 ,0.2323 ,0.8264 ,
1.0000 ,0.9712 ,1.0000 ,-22.3595 ,-25.4772 ,-0.3695 ,0.8982 ,
2.0000 ,2.8944 ,0.6467 ,-2.2263 ,31.3012 ,-0.1124 ,2.8922 ,
3.0000 ,14.2982 ,0.6796 ,-24.6789 ,-23.3678 ,-5.9700 ,12.9922 ,
4.0000 ,14.4403 ,0.8829 ,-20.4207 ,-21.2935 ,-5.0384 ,13.5328 ,
0.0000 ,0.8583 ,0.2637 ,15.7476 ,-24.7701 ,0.2329 ,0.8261 ,
1.0000 ,0.9701 ,0.3807 ,-22.4870 ,-24.7722 ,-0.3710 ,0.8963 ,
2.0000 ,14.2880 ,1.0000 ,-20.4234 ,-19.9235 ,-4.9859 ,13.3898 ,
3.0000 ,14.5865 ,0.3236 ,-17.3526 ,-15.8881 ,-4.3505 ,13.9227 ,
4.0000 ,14.7572 ,0.3010 ,-14.6186 ,-19.9235 ,-3.7245 ,14.2794 ,
0.0000 ,0.8570 ,0.1586 ,15.0096 ,-23.3678 ,0.2219 ,0.8278 ,
1.0000 ,0.9700 ,0.2253 ,-22.4688 ,-23.3698 ,-0.3707 ,0.8963 ,
2.0000 ,2.8937 ,0.1501 ,-4.0640 ,-9.9721 ,-0.2051 ,2.8864 ,
3.0000 ,14.2734 ,1.0000 ,-17.3703 ,-15.2216 ,-4.2613 ,13.6225 ,
4.0000 ,14.5363 ,0.1737 ,-20.7282 ,-12.5853 ,-5.1449 ,13.5953 ,
0.0000 ,0.8563 ,0.0585 ,15.2596 ,-22.6742 ,0.2254 ,0.8261 ,
1.0000 ,0.9714 ,0.0847 ,-22.3096 ,-24.0691 ,-0.3688 ,0.8987 ,
2.0000 ,14.2499 ,1.0000 ,-14.7860 ,-13.9007 ,-3.6367 ,13.7780 ,
3.0000 ,14.5232 ,0.0859 ,-15.8717 ,-18.5693 ,-3.9718 ,13.9695 ,
4.0000 ,14.6830 ,0.0699 ,-8.5292 ,-11.2767 ,-2.1777 ,14.5206 ,
0.0000 ,0.8580 ,0.2454 ,15.8433 ,-23.3698 ,0.2343 ,0.8254 ,
1.0000 ,0.9709 ,0.3500 ,-22.2507 ,-25.4772 ,-0.3676 ,0.8986 ,
2.0000 ,2.8929 ,0.2282 ,-4.1772 ,-8.0294 ,-0.2107 ,2.8852 ,
3.0000 ,14.2428 ,1.0000 ,-13.6492 ,-13.8988 ,-3.3610 ,13.8406 ,
4.0000 ,14.4759 ,0.5424 ,-16.1578 ,-5.4507 ,-4.0284 ,13.9041 ,
0.0000 ,0.8585 ,0.3048 ,15.6343 ,-24.0670 ,0.2314 ,0.8268 ,
1.0000 ,0.9701 ,0.4473 ,-22.1485 ,-25.4772 ,-0.3657 ,0.8985 ,
2.0000 ,14.2337 ,1.0000 ,-15.7084 ,-6.0941 ,-3.8537 ,13.7021 ,
3.0000 ,14.3432 ,0.6801 ,-13.6039 ,-11.9302 ,-3.3736 ,13.9408 ,
4.0000 ,14.4441 ,0.4989 ,-13.2951 ,-13.6843 ,-3.3217 ,14.0570 ,
0.0000 ,0.9711 ,0.1918 ,-22.0447 ,-24.7701 ,-0.3645 ,0.9001 ,
1.0000 ,14.1164 ,1.0000 ,-8.8665 ,-9.3246 ,-2.1758 ,13.9477 ,
2.0000 ,14.2844 ,0.2520 ,-6.4625 ,-10.6227 ,-1.6078 ,14.1937 ,
3.0000 ,14.4483 ,0.1865 ,-12.7327 ,-9.9721 ,-3.1844 ,14.0930 ,
4.0000 ,14.6042 ,0.1509 ,-6.9550 ,-11.6597 ,-1.7684 ,14.4968 ,
0.0000 ,0.8585 ,0.1447 ,15.1050 ,-23.3678 ,0.2237 ,0.8288 ,
1.0000 ,0.9696 ,0.2166 ,-22.3096 ,-24.7701 ,-0.3681 ,0.8971 ,
2.0000 ,2.8906 ,0.1406 ,-4.0615 ,30.5549 ,-0.2047 ,2.8834 ,
3.0000 ,14.1144 ,1.0000 ,-10.1924 ,-8.6764 ,-2.4976 ,13.8916 ,
4.0000 ,14.4266 ,0.3467 ,-5.5338 ,-6.0922 ,-1.3912 ,14.3593 ,
0.0000 ,0.9695 ,0.2940 ,-22.2732 ,-26.1884 ,-0.3675 ,0.8972 ,
1.0000 ,14.0578 ,1.0000 ,-8.2978 ,-3.5241 ,-2.0288 ,13.9106 ,
2.0000 ,14.2512 ,0.4476 ,-5.9033 ,-3.5241 ,-1.4657 ,14.1756 ,
3.0000 ,14.3520 ,0.4022 ,-10.4014 ,-3.5222 ,-2.5912 ,14.1161 ,
4.0000 ,14.4497 ,0.2490 ,-3.3485 ,-5.4507 ,-0.8440 ,14.4250 ,
0.0000 ,0.8583 ,0.1028 ,15.2421 ,-24.0670 ,0.2256 ,0.8281 ,
1.0000 ,0.9697 ,0.1445 ,-22.5052 ,-25.4772 ,-0.3712 ,0.8959 ,
2.0000 ,2.8950 ,0.0960 ,-2.9177 ,28.3513 ,-0.1474 ,2.8913 ,
3.0000 ,14.0525 ,1.0000 ,-8.3423 ,-8.0294 ,-2.0388 ,13.9038 ,
4.0000 ,14.2369 ,0.7697 ,-9.0195 ,-9.3227 ,-2.2319 ,14.0609 ,
0.0000 ,0.9705 ,0.1371 ,-22.7049 ,-24.0691 ,-0.3746 ,0.8952 ,
1.0000 ,14.0976 ,1.0000 ,-6.9824 ,-7.3834 ,-1.7138 ,13.9930 ,
2.0000 ,14.2233 ,0.6121 ,-7.4904 ,-7.3834 ,-1.8541 ,14.1020 ,
3.0000 ,14.3810 ,0.1187 ,-8.4335 ,-7.3834 ,-2.1091 ,14.2255 ,
4.0000 ,14.4446 ,0.1123 ,-4.6046 ,-8.6745 ,-1.1596 ,14.3980 ,
0.0000 ,0.9710 ,0.1400 ,-22.4071 ,-24.0691 ,-0.3701 ,0.8977 ,
1.0000 ,14.0525 ,1.0000 ,-8.0029 ,-7.3834 ,-1.9564 ,13.9156 ,
2.0000 ,14.1822 ,0.3929 ,-4.2070 ,-6.7383 ,-1.0404 ,14.1440 ,
3.0000 ,14.2969 ,0.3057 ,-7.1791 ,-8.0275 ,-1.7867 ,14.1849 ,
4.0000 ,14.5437 ,0.1555 ,-1.0465 ,-6.0922 ,-0.2656 ,14.5413 ,

0.0000 ,0.9709 ,0.2887 ,-22.6936 ,-24.0691 ,-0.3746 ,0.8957 ,
1.0000 ,14.0434 ,0.9440 ,-7.8208 ,-8.6745 ,-1.9110 ,13.9128 ,
2.0000 ,14.1419 ,0.2792 ,-9.6537 ,-8.6745 ,-2.3715 ,13.9416 ,
3.0000 ,14.2917 ,1.0000 ,-7.7828 ,-8.0294 ,-1.9354 ,14.1600 ,
4.0000 ,14.6031 ,0.2107 ,-2.0731 ,-5.4488 ,-0.5283 ,14.5936 ,
0.0000 ,0.9703 ,0.4172 ,-22.5460 ,-25.4772 ,-0.3720 ,0.8962 ,
1.0000 ,2.8942 ,0.2896 ,-2.1782 ,-9.3246 ,-0.1100 ,2.8921 ,
2.0000 ,14.0422 ,1.0000 ,-7.5349 ,-7.0792 ,-1.8413 ,13.9210 ,
3.0000 ,14.3456 ,0.5592 ,-2.4807 ,-7.3834 ,-0.6209 ,14.3321 ,
4.0000 ,14.6836 ,0.3031 ,2.1990 ,6.7364 ,0.5634 ,14.6728 ,
0.0000 ,0.8577 ,0.6074 ,14.8706 ,-24.7701 ,0.2201 ,0.8289 ,
1.0000 ,0.9702 ,0.8831 ,-21.6940 ,-26.1884 ,-0.3586 ,0.9014 ,
2.0000 ,2.8941 ,0.5869 ,-2.7982 ,-9.9721 ,-0.1413 ,2.8906 ,
3.0000 ,14.0803 ,0.8040 ,-4.2721 ,-4.8079 ,-1.0489 ,14.0412 ,
4.0000 ,14.7588 ,1.0000 ,3.7903 ,6.4069 ,0.9756 ,14.7265 ,
0.0000 ,0.8570 ,0.5604 ,16.1253 ,-24.7701 ,0.2380 ,0.8233 ,
1.0000 ,0.9709 ,0.7385 ,-22.1988 ,-26.1884 ,-0.3668 ,0.8989 ,
2.0000 ,2.8922 ,0.5002 ,-3.2626 ,-9.3246 ,-0.1646 ,2.8875 ,
3.0000 ,14.2114 ,0.8528 ,-3.9482 ,-4.1658 ,-0.9785 ,14.1776 ,
4.0000 ,14.3395 ,1.0000 ,-4.4828 ,-2.8829 ,-1.1208 ,14.2956 ,
0.0000 ,0.8575 ,0.6359 ,15.6035 ,-22.6742 ,0.2306 ,0.8259 ,
1.0000 ,0.9700 ,0.9054 ,-22.4505 ,-25.4772 ,-0.3704 ,0.8964 ,
2.0000 ,14.1443 ,1.0000 ,-3.4368 ,0.3192 ,-0.8479 ,14.1189 ,
3.0000 ,14.6988 ,0.6190 ,4.7543 ,2.2421 ,1.2183 ,14.6482 ,
4.0000 ,14.9832 ,0.6495 ,7.2366 ,3.5241 ,1.8874 ,14.8638 ,
0.0000 ,0.8726 ,0.7203 ,18.7388 ,-22.6742 ,0.2803 ,0.8264 ,
1.0000 ,0.9706 ,1.0000 ,-22.6867 ,-23.3698 ,-0.3744 ,0.8955 ,
2.0000 ,1.1284 ,0.6449 ,1.7181 ,-24.0691 ,0.0338 ,1.1279 ,
3.0000 ,2.8954 ,0.6423 ,-3.1698 ,29.0791 ,-0.1601 ,2.8909 ,
4.0000 ,14.2487 ,0.7664 ,-0.9856 ,-2.5601 ,-0.2451 ,14.2466 ,
0.0000 ,0.9712 ,0.9641 ,-22.2732 ,-26.9040 ,-0.3681 ,0.8987 ,
1.0000 ,1.1291 ,0.5927 ,2.0419 ,-26.1884 ,0.0402 ,1.1284 ,
2.0000 ,2.8916 ,0.6462 ,-3.7357 ,-10.6246 ,-0.1884 ,2.8855 ,
3.0000 ,14.2012 ,1.0000 ,-1.7310 ,-1.6016 ,-0.4290 ,14.1948 ,
4.0000 ,14.3219 ,0.5405 ,-0.6456 ,0.3192 ,-0.1614 ,14.3210 ,
0.0000 ,0.8590 ,0.7556 ,16.0969 ,-24.0670 ,0.2382 ,0.8253 ,
1.0000 ,0.9715 ,1.0000 ,-22.5981 ,-24.0691 ,-0.3733 ,0.8970 ,
2.0000 ,2.8913 ,0.6879 ,-3.0373 ,-9.9721 ,-0.1532 ,2.8872 ,
3.0000 ,14.2479 ,0.6588 ,-2.2159 ,-2.2402 ,-0.5509 ,14.2372 ,
4.0000 ,14.5798 ,0.8286 ,0.7923 ,0.9612 ,0.2016 ,14.5784 ,
0.0000 ,0.8582 ,0.3206 ,15.1009 ,-21.9822 ,0.2236 ,0.8286 ,
1.0000 ,0.9709 ,0.4526 ,-22.7076 ,-24.7701 ,-0.3748 ,0.8957 ,
2.0000 ,1.1273 ,0.2884 ,0.3325 ,-24.0691 ,0.0065 ,1.1273 ,
3.0000 ,2.8934 ,0.3168 ,-2.8086 ,-8.6764 ,-0.1418 ,2.8899 ,
4.0000 ,14.6587 ,1.0000 ,2.1678 ,0.9612 ,0.5545 ,14.6482 ,
0.0000 ,0.8579 ,0.3571 ,15.8042 ,-24.7701 ,0.2336 ,0.8255 ,
1.0000 ,0.9707 ,0.5008 ,-22.7414 ,-24.0691 ,-0.3752 ,0.8952 ,
2.0000 ,1.1278 ,0.3034 ,0.8765 ,-25.4772 ,0.0173 ,1.1277 ,
3.0000 ,2.8948 ,0.3245 ,-2.6970 ,32.0534 ,-0.1362 ,2.8916 ,
4.0000 ,14.7889 ,1.0000 ,3.2770 ,3.5241 ,0.8454 ,14.7647 ,
0.0000 ,0.8590 ,0.7068 ,15.9809 ,-23.3678 ,0.2365 ,0.8258 ,
1.0000 ,0.9709 ,1.0000 ,-22.1079 ,-23.3698 ,-0.3654 ,0.8995 ,
2.0000 ,1.1290 ,0.6225 ,-1.0024 ,-25.4772 ,-0.0198 ,1.1288 ,
3.0000 ,2.8935 ,0.6878 ,-3.3951 ,27.6264 ,-0.1714 ,2.8884 ,
4.0000 ,14.5250 ,0.7877 ,3.4328 ,2.2421 ,0.8697 ,14.4990 ,
0.0000 ,0.8722 ,0.7365 ,19.0740 ,-21.9822 ,0.2850 ,0.8243 ,
1.0000 ,0.9704 ,1.0000 ,-22.4323 ,-23.3698 ,-0.3703 ,0.8970 ,
2.0000 ,1.1280 ,0.6276 ,0.5386 ,-25.4772 ,0.0106 ,1.1279 ,
3.0000 ,2.8925 ,0.6685 ,-2.6528 ,-3.5222 ,-0.1339 ,2.8894 ,
4.0000 ,15.0607 ,0.5328 ,4.2344 ,8.0275 ,1.1120 ,15.0195 ,
0.0000 ,0.8568 ,0.7048 ,15.1574 ,-23.3678 ,0.2240 ,0.8270 ,
1.0000 ,0.9709 ,1.0000 ,-21.9972 ,-24.7701 ,-0.3637 ,0.9002 ,
2.0000 ,1.1292 ,0.6048 ,1.5273 ,-25.4772 ,0.0301 ,1.1288 ,
3.0000 ,2.8921 ,0.6574 ,-3.4199 ,-6.0941 ,-0.1725 ,2.8869 ,
4.0000 ,16.0332 ,0.7535 ,2.9386 ,5.1415 ,0.8219 ,16.0121 ,
0.0000 ,0.8593 ,0.7191 ,16.0510 ,-23.3698 ,0.2376 ,0.8258 ,
1.0000 ,0.9709 ,1.0000 ,-22.1191 ,-26.1884 ,-0.3656 ,0.8995 ,
2.0000 ,1.1289 ,0.6328 ,0.4336 ,-26.1884 ,0.0085 ,1.1289 ,
3.0000 ,2.8914 ,0.6607 ,-3.1281 ,-10.6246 ,-0.1578 ,2.8871 ,
4.0000 ,16.2042 ,0.6294 ,7.7658 ,9.3227 ,2.1896 ,16.0556 ,
0.0000 ,0.8580 ,0.7260 ,15.7542 ,-23.3698 ,0.2330 ,0.8258 ,
1.0000 ,0.9705 ,1.0000 ,-22.0854 ,-24.7722 ,-0.3649 ,0.8993 ,
2.0000 ,1.1291 ,0.6117 ,1.8882 ,-25.4772 ,0.0372 ,1.1285 ,
3.0000 ,2.8954 ,0.6895 ,-2.6111 ,-7.3834 ,-0.1319 ,2.8924 ,
4.0000 ,3.2024 ,0.5242 ,-14.8922 ,-9.9721 ,-0.8230 ,3.0948 ,
0.0000 ,0.8576 ,0.7020 ,15.5885 ,-23.3698 ,0.2304 ,0.8260 ,
1.0000 ,0.9706 ,1.0000 ,-22.6641 ,-24.0691 ,-0.3740 ,0.8957 ,
2.0000 ,1.1288 ,0.6211 ,1.7751 ,-25.4772 ,0.0350 ,1.1283 ,
3.0000 ,2.7275 ,0.5199 ,-16.0618 ,-35.1301 ,-0.7546 ,2.6210 ,
4.0000 ,2.8916 ,0.6530 ,-3.3485 ,30.5549 ,-0.1689 ,2.8867 ,
0.0000 ,0.9709 ,1.0000 ,-21.8658 ,-26.1884 ,-0.3616 ,0.9011 ,
1.0000 ,1.1299 ,0.6367 ,1.5858 ,-24.7722 ,0.0313 ,1.1294 ,
2.0000 ,2.1595 ,0.5197 ,22.1737 ,24.7701 ,0.8150 ,1.9998 ,
3.0000 ,2.8921 ,0.6649 ,-2.4872 ,-7.3834 ,-0.1255 ,2.8894 ,
4.0000 ,3.0442 ,0.5070 ,-9.7985 ,-7.3815 ,-0.5181 ,2.9998 ,
0.0000 ,0.8722 ,0.7179 ,18.6457 ,-22.6742 ,0.2789 ,0.8264 ,
1.0000 ,0.9708 ,1.0000 ,-22.4436 ,-24.0691 ,-0.3706 ,0.8972 ,
2.0000 ,1.1278 ,0.6057 ,1.6700 ,-24.7701 ,0.0329 ,1.1273 ,
3.0000 ,2.8930 ,0.6842 ,-1.7013 ,-11.9283 ,-0.0859 ,2.8917 ,
4.0000 ,16.7176 ,0.5760 ,5.1715 ,7.3815 ,1.5069 ,16.6496 ,
0.0000 ,0.8583 ,0.7280 ,15.4358 ,-22.6742 ,0.2284 ,0.8273 ,
1.0000 ,0.9708 ,1.0000 ,-22.6093 ,-24.0691 ,-0.3732 ,0.8962 ,
2.0000 ,1.1286 ,0.6312 ,1.2750 ,-25.4772 ,0.0251 ,1.1283 ,
3.0000 ,2.2903 ,0.5355 ,22.2577 ,23.3698 ,0.8675 ,2.1196 ,
4.0000 ,2.8945 ,0.6275 ,-2.9073 ,-8.6764 ,-0.1468 ,2.8907 ,
0.0000 ,0.8575 ,0.7149 ,15.8851 ,-22.6742 ,0.2347 ,0.8248 ,
1.0000 ,0.9709 ,1.0000 ,-21.7932 ,-24.0691 ,-0.3605 ,0.9015 ,
2.0000 ,1.1283 ,0.6359 ,0.9896 ,-24.0691 ,0.0195 ,1.1281 ,
3.0000 ,2.2915 ,0.5345 ,21.7009 ,22.6742 ,0.8473 ,2.1291 ,
4.0000 ,2.8942 ,0.6754 ,-2.8904 ,-6.0922 ,-0.1459 ,2.8905 ,
0.0000 ,0.8584 ,0.7347 ,15.5885 ,-22.6742 ,0.2307 ,0.8268 ,
1.0000 ,0.9703 ,1.0000 ,-22.1191 ,-25.4772 ,-0.3654 ,0.8989 ,
2.0000 ,1.1291 ,0.6136 ,1.6740 ,-25.4772 ,0.0330 ,1.1286 ,
3.0000 ,2.8922 ,0.6465 ,-2.8904 ,-15.2216 ,-0.1458 ,2.8885 ,
4.0000 ,3.0453 ,0.5614 ,-8.7838 ,-8.6764 ,-0.4650 ,3.0096 ,
0.0000 ,0.8587 ,0.7231 ,16.2259 ,-23.3698 ,0.2399 ,0.8245 ,
1.0000 ,0.9704 ,1.0000 ,-22.7850 ,-24.7722 ,-0.3758 ,0.8947 ,
2.0000 ,1.1289 ,0.6170 ,1.6596 ,-26.1884 ,0.0327 ,1.1284 ,
3.0000 ,2.1635 ,0.5794 ,23.9763 ,25.4772 ,0.8792 ,1.9768 ,
4.0000 ,2.8965 ,0.6521 ,-3.1425 ,26.9040 ,-0.1588 ,2.8922 ,
0.0000 ,0.8573 ,0.6226 ,15.4641 ,-22.6742 ,0.2286 ,0.8262 ,
1.0000 ,0.9706 ,0.9110 ,-22.1191 ,-24.0691 ,-0.3655 ,0.8992 ,
2.0000 ,2.8912 ,0.6191 ,-3.4666 ,-9.9740 ,-0.1748 ,2.8859 ,
3.0000 ,16.7302 ,0.6270 ,12.7179 ,13.8988 ,3.6832 ,16.3197 ,
4.0000 ,16.7634 ,1.0000 ,12.2232 ,13.8988 ,3.5491 ,16.3834 ,
0.0000 ,0.8584 ,0.7197 ,15.4924 ,-23.3698 ,0.2293 ,0.8272 ,
1.0000 ,0.9704 ,1.0000 ,-22.1961 ,-25.2931 ,-0.3666 ,0.8984 ,
2.0000 ,2.8920 ,0.6216 ,-2.6489 ,26.1905 ,-0.1337 ,2.8889 ,
3.0000 ,16.8926 ,0.8832 ,11.1494 ,15.2216 ,3.2665 ,16.5738 ,
4.0000 ,17.0242 ,0.9007 ,12.1912 ,15.2236 ,3.5951 ,16.6402 ,
0.0000 ,0.8567 ,0.4943 ,14.5274 ,-25.4772 ,0.2149 ,0.8293 ,
1.0000 ,0.9706 ,0.6998 ,-22.4098 ,-25.4792 ,-0.3700 ,0.8973 ,
2.0000 ,1.1286 ,0.4229 ,1.0609 ,-24.7722 ,0.0209 ,1.1284 ,
3.0000 ,2.8932 ,0.4679 ,-2.8696 ,-8.0275 ,-0.1448 ,2.8896 ,
4.0000 ,17.2810 ,1.0000 ,12.7047 ,13.8988 ,3.8005 ,16.8579 ,

0.0000 ,0.8578 ,0.4257 ,15.5207 ,-25.4772 ,0.2295 ,0.8266 ,
1.0000 ,0.9706 ,0.5856 ,-22.3326 ,-26.9040 ,-0.3688 ,0.8978 ,
2.0000 ,1.1279 ,0.3691 ,0.8974 ,-25.4792 ,0.0177 ,1.1278 ,
3.0000 ,2.8947 ,0.3571 ,-4.2344 ,-9.3246 ,-0.2137 ,2.8868 ,
4.0000 ,17.3855 ,1.0000 ,12.7220 ,14.5592 ,3.8286 ,16.9587 ,
0.0000 ,0.8596 ,0.4459 ,15.9350 ,-24.0670 ,0.2360 ,0.8266 ,
1.0000 ,0.9698 ,0.6362 ,-22.0560 ,-25.6521 ,-0.3642 ,0.8988 ,
2.0000 ,2.8912 ,0.4279 ,-2.7267 ,29.0791 ,-0.1375 ,2.8879 ,
3.0000 ,17.6480 ,1.0000 ,12.9741 ,13.2421 ,3.9622 ,17.1975 ,
4.0000 ,17.7920 ,0.9793 ,12.7286 ,13.2421 ,3.9202 ,17.3547 ,
0.0000 ,0.8589 ,0.7081 ,15.7517 ,-24.7701 ,0.2332 ,0.8267 ,
1.0000 ,0.9703 ,1.0000 ,-22.0266 ,-25.4772 ,-0.3639 ,0.8995 ,
2.0000 ,2.8916 ,0.6350 ,-3.6955 ,26.9062 ,-0.1864 ,2.8856 ,
3.0000 ,17.9595 ,0.8743 ,11.1176 ,12.5853 ,3.4630 ,17.6224 ,
4.0000 ,18.0765 ,0.8705 ,12.2901 ,13.2402 ,3.8478 ,17.6623 ,
0.0000 ,0.8576 ,0.3560 ,15.2596 ,-24.0670 ,0.2257 ,0.8273 ,
1.0000 ,0.9700 ,0.4823 ,-22.8919 ,-25.4772 ,-0.3773 ,0.8936 ,
2.0000 ,2.8934 ,0.3153 ,-3.5654 ,-11.2748 ,-0.1799 ,2.8878 ,
3.0000 ,18.1950 ,1.0000 ,11.3677 ,11.9302 ,3.5863 ,17.8381 ,
4.0000 ,18.2774 ,0.6449 ,12.3327 ,13.8988 ,3.9038 ,17.8557 ,
0.0000 ,0.8589 ,0.5247 ,15.9309 ,-24.0670 ,0.2358 ,0.8259 ,
1.0000 ,0.9706 ,0.7243 ,-21.7009 ,-24.0691 ,-0.3589 ,0.9018 ,
2.0000 ,18.4163 ,0.4969 ,10.3803 ,11.9302 ,3.3183 ,18.1149 ,
3.0000 ,18.5141 ,0.6229 ,11.2737 ,12.5834 ,3.6194 ,18.1569 ,
4.0000 ,18.8057 ,1.0000 ,10.9828 ,15.2216 ,3.5828 ,18.4613 ,
0.0000 ,0.8578 ,0.5758 ,15.5860 ,-22.6742 ,0.2305 ,0.8262 ,
1.0000 ,0.9703 ,0.7652 ,-22.5347 ,-24.7701 ,-0.3719 ,0.8962 ,
2.0000 ,18.5645 ,0.7517 ,10.3183 ,11.5386 ,3.3252 ,18.2643 ,
3.0000 ,18.6526 ,1.0000 ,11.1151 ,10.6246 ,3.5959 ,18.3027 ,
4.0000 ,18.9429 ,0.5520 ,12.7007 ,15.2216 ,4.1647 ,18.4794 ,
0.0000 ,0.8586 ,0.4478 ,16.0835 ,-24.7701 ,0.2379 ,0.8249 ,
1.0000 ,0.9702 ,0.6029 ,-22.3166 ,-25.4772 ,-0.3684 ,0.8975 ,
2.0000 ,2.8929 ,0.3975 ,-3.1425 ,29.0791 ,-0.1586 ,2.8886 ,
3.0000 ,18.7572 ,0.6467 ,11.6807 ,11.2767 ,3.7975 ,18.3688 ,
4.0000 ,18.8950 ,1.0000 ,10.5662 ,11.9283 ,3.4648 ,18.5746 ,
0.0000 ,0.8575 ,0.7041 ,15.5340 ,-26.0236 ,0.2296 ,0.8261 ,
1.0000 ,0.9698 ,1.0000 ,-22.5755 ,-26.9040 ,-0.3723 ,0.8955 ,
2.0000 ,1.1290 ,0.5766 ,1.6131 ,-24.7722 ,0.0318 ,1.1285 ,
3.0000 ,2.8923 ,0.6969 ,-4.5057 ,-10.6227 ,-0.2272 ,2.8834 ,
4.0000 ,19.0020 ,0.9316 ,10.5213 ,9.9740 ,3.4698 ,18.6825 ,
0.0000 ,0.8728 ,0.6902 ,18.6813 ,-22.6742 ,0.2796 ,0.8268 ,
1.0000 ,0.9705 ,1.0000 ,-22.5825 ,-24.8033 ,-0.3727 ,0.8961 ,
2.0000 ,1.1288 ,0.6281 ,0.9311 ,-26.1884 ,0.0183 ,1.1286 ,
3.0000 ,2.8928 ,0.6615 ,-2.9996 ,25.4772 ,-0.1514 ,2.8888 ,
4.0000 ,19.1912 ,0.6663 ,9.1494 ,10.6246 ,3.0516 ,18.9470 ,
0.0000 ,0.8568 ,0.6989 ,14.6319 ,-21.9822 ,0.2164 ,0.8290 ,
1.0000 ,0.9709 ,1.0000 ,-22.8441 ,-23.3698 ,-0.3769 ,0.8948 ,
2.0000 ,1.1286 ,0.6105 ,0.8572 ,-25.4772 ,0.0169 ,1.1285 ,
3.0000 ,2.8931 ,0.6531 ,-1.8609 ,-9.9740 ,-0.0939 ,2.8916 ,
4.0000 ,19.3665 ,0.5492 ,11.7961 ,11.2748 ,3.9591 ,18.9575 ,
0.0000 ,0.8579 ,0.7102 ,16.0093 ,-23.3678 ,0.2366 ,0.8246 ,
1.0000 ,0.9709 ,1.0000 ,-21.9202 ,-24.7701 ,-0.3625 ,0.9007 ,
2.0000 ,1.1290 ,0.6065 ,0.4103 ,-24.7701 ,0.0081 ,1.1290 ,
3.0000 ,2.8931 ,0.6612 ,-2.9450 ,-5.4507 ,-0.1486 ,2.8893 ,
4.0000 ,3.2532 ,0.5111 ,-12.2941 ,-8.6764 ,-0.6927 ,3.1786 ,
0.0000 ,0.8588 ,0.6995 ,15.3053 ,-24.0670 ,0.2267 ,0.8283 ,
1.0000 ,0.9711 ,1.0000 ,-22.3777 ,-24.7701 ,-0.3697 ,0.8980 ,
2.0000 ,1.1286 ,0.5905 ,1.8168 ,-25.4772 ,0.0358 ,1.1281 ,
3.0000 ,2.1591 ,0.5356 ,22.8963 ,23.3678 ,0.8400 ,1.9890 ,
4.0000 ,2.8922 ,0.6865 ,-3.2497 ,-13.8988 ,-0.1640 ,2.8876 ,
0.0000 ,0.8585 ,0.7000 ,15.8325 ,-25.4772 ,0.2342 ,0.8259 ,
1.0000 ,0.9694 ,1.0000 ,-22.5503 ,-27.6242 ,-0.3718 ,0.8953 ,
2.0000 ,1.1270 ,0.6409 ,0.6769 ,-26.9040 ,0.0133 ,1.1270 ,
3.0000 ,2.2915 ,0.5080 ,20.8337 ,24.7701 ,0.8150 ,2.1417 ,
4.0000 ,2.8926 ,0.6369 ,-2.3275 ,-13.8988 ,-0.1175 ,2.8902 ,
0.0000 ,0.8590 ,0.7263 ,16.2367 ,-25.4772 ,0.2402 ,0.8247 ,
1.0000 ,0.9707 ,1.0000 ,-22.9076 ,-26.1884 ,-0.3779 ,0.8942 ,
2.0000 ,1.1278 ,0.6267 ,1.2750 ,-24.0691 ,0.0251 ,1.1275 ,
3.0000 ,2.1666 ,0.5411 ,25.0093 ,23.3698 ,0.9160 ,1.9635 ,
4.0000 ,2.8924 ,0.6677 ,-3.0269 ,28.3492 ,-0.1527 ,2.8884 ,
0.0000 ,0.8597 ,0.7057 ,15.7800 ,-24.0670 ,0.2338 ,0.8273 ,
1.0000 ,0.9701 ,1.0000 ,-22.0421 ,-24.0691 ,-0.3641 ,0.8992 ,
2.0000 ,1.1276 ,0.6104 ,0.5426 ,-25.4772 ,0.0107 ,1.1276 ,
3.0000 ,2.1674 ,0.5733 ,24.2521 ,24.0691 ,0.8903 ,1.9761 ,
4.0000 ,2.8927 ,0.7152 ,-1.9511 ,-9.3227 ,-0.0985 ,2.8910 ,
0.0000 ,0.8570 ,0.6763 ,14.7056 ,-24.7701 ,0.2175 ,0.8289 ,
1.0000 ,0.9706 ,1.0000 ,-22.6598 ,-24.7722 ,-0.3739 ,0.8957 ,
2.0000 ,1.1273 ,0.5935 ,0.6075 ,-24.0691 ,0.0120 ,1.1272 ,
3.0000 ,2.8935 ,0.6853 ,-3.2393 ,-13.2402 ,-0.1635 ,2.8889 ,
4.0000 ,3.0455 ,0.5241 ,-9.5597 ,-9.3227 ,-0.5058 ,3.0032 ,
0.0000 ,0.8725 ,0.6752 ,18.3913 ,-23.3698 ,0.2753 ,0.8280 ,
1.0000 ,0.9710 ,1.0000 ,-22.5686 ,-24.7722 ,-0.3726 ,0.8966 ,
2.0000 ,1.1285 ,0.5900 ,1.6572 ,-26.1884 ,0.0326 ,1.1281 ,
3.0000 ,2.1581 ,0.5197 ,22.4549 ,19.2460 ,0.8243 ,1.9944 ,
4.0000 ,2.8919 ,0.6368 ,-3.5212 ,-9.9740 ,-0.1776 ,2.8864 ,
0.0000 ,0.8577 ,0.6859 ,15.8433 ,-24.7722 ,0.2342 ,0.8251 ,
1.0000 ,0.9703 ,1.0000 ,-23.0421 ,-26.9040 ,-0.3798 ,0.8929 ,
2.0000 ,1.1284 ,0.5893 ,1.4118 ,-26.1884 ,0.0278 ,1.1281 ,
3.0000 ,2.8923 ,0.6301 ,-3.4224 ,-5.4507 ,-0.1727 ,2.8872 ,
4.0000 ,3.0455 ,0.5098 ,-10.9440 ,-8.0275 ,-0.5782 ,2.9901 ,
0.0000 ,0.8576 ,0.6946 ,15.2421 ,-24.0670 ,0.2255 ,0.8275 ,
1.0000 ,0.9709 ,1.0000 ,-22.9624 ,-24.0691 ,-0.3788 ,0.8940 ,
2.0000 ,1.1289 ,0.5977 ,0.7170 ,-24.7722 ,0.0141 ,1.1288 ,
3.0000 ,2.2922 ,0.5222 ,23.2933 ,23.3698 ,0.9064 ,2.1054 ,
4.0000 ,2.8923 ,0.7128 ,-3.7968 ,24.7722 ,-0.1915 ,2.8859 ,
0.0000 ,0.8577 ,0.6814 ,15.7409 ,-25.4772 ,0.2327 ,0.8255 ,
1.0000 ,0.9706 ,1.0000 ,-23.1197 ,-26.9040 ,-0.3811 ,0.8926 ,
2.0000 ,1.1268 ,0.6066 ,0.1625 ,-24.7722 ,0.0032 ,1.1268 ,
3.0000 ,2.8941 ,0.6458 ,-2.1549 ,-9.3246 ,-0.1088 ,2.8920 ,
4.0000 ,3.2381 ,0.5364 ,-15.4291 ,-7.3834 ,-0.8615 ,3.1214 ,
0.0000 ,0.8721 ,0.7314 ,18.6635 ,-24.0670 ,0.2791 ,0.8262 ,
1.0000 ,0.9703 ,1.0000 ,-22.2282 ,-24.0691 ,-0.3671 ,0.8982 ,
2.0000 ,1.1285 ,0.6253 ,1.1828 ,-25.4772 ,0.0233 ,1.1282 ,
3.0000 ,2.8923 ,0.7053 ,-1.8882 ,-8.6745 ,-0.0953 ,2.8907 ,
4.0000 ,3.2413 ,0.5619 ,-17.3106 ,-11.2748 ,-0.9644 ,3.0945 ,
0.0000 ,0.8717 ,0.6976 ,18.4842 ,-24.0670 ,0.2764 ,0.8267 ,
1.0000 ,0.9697 ,1.0000 ,-22.1988 ,-24.9072 ,-0.3664 ,0.8978 ,
2.0000 ,1.1287 ,0.5882 ,2.0691 ,-25.4772 ,0.0408 ,1.1280 ,
3.0000 ,2.2919 ,0.5303 ,21.8407 ,21.9822 ,0.8527 ,2.1274 ,
4.0000 ,2.8926 ,0.6520 ,-1.9263 ,-8.0275 ,-0.0972 ,2.8909 ,
0.0000 ,0.8590 ,0.7011 ,15.6909 ,-23.3698 ,0.2323 ,0.8270 ,
1.0000 ,0.9709 ,1.0000 ,-22.6276 ,-24.7722 ,-0.3735 ,0.8961 ,
2.0000 ,1.1279 ,0.6373 ,0.9583 ,-25.4772 ,0.0189 ,1.1278 ,
3.0000 ,2.8934 ,0.6300 ,-4.0953 ,-12.5834 ,-0.2066 ,2.8860 ,
4.0000 ,3.2286 ,0.5755 ,-16.9331 ,-9.9721 ,-0.9403 ,3.0886 ,
0.0000 ,0.8565 ,0.7074 ,15.3094 ,-21.9822 ,0.2261 ,0.8261 ,
1.0000 ,0.9706 ,1.0000 ,-21.6716 ,-25.4772 ,-0.3584 ,0.9020 ,
2.0000 ,1.1277 ,0.6209 ,1.5650 ,-25.4772 ,0.0308 ,1.1273 ,
3.0000 ,2.8938 ,0.6682 ,-3.5083 ,-14.5592 ,-0.1771 ,2.8884 ,
4.0000 ,3.0460 ,0.5299 ,-8.4505 ,-10.6227 ,-0.4476 ,3.0130 ,
0.0000 ,0.8716 ,0.7315 ,18.6280 ,-22.6742 ,0.2784 ,0.8260 ,
1.0000 ,0.9712 ,1.0000 ,-22.9554 ,-23.3698 ,-0.3788 ,0.8943 ,
2.0000 ,1.1273 ,0.6434 ,0.8027 ,-24.7701 ,0.0158 ,1.1272 ,
3.0000 ,2.8927 ,0.6928 ,-3.1554 ,-7.3834 ,-0.1592 ,2.8883 ,
4.0000 ,22.9990 ,0.6821 ,4.4555 ,4.8079 ,1.7867 ,22.9295 ,

0.0000 ,0.8587 ,0.7347 ,15.4291 ,-24.0670 ,0.2284 ,0.8277 ,
1.0000 ,0.9702 ,1.0000 ,-22.8963 ,-24.0691 ,-0.3775 ,0.8937 ,
2.0000 ,1.1280 ,0.6037 ,1.2795 ,-25.4772 ,0.0252 ,1.1277 ,
3.0000 ,2.7312 ,0.5478 ,-17.3308 ,-23.3698 ,-0.8136 ,2.6072 ,
4.0000 ,2.8921 ,0.6799 ,-3.7903 ,-11.9283 ,-0.1912 ,2.8858 ,
0.0000 ,0.8597 ,0.6813 ,16.1119 ,-21.9822 ,0.2386 ,0.8259 ,
1.0000 ,0.9703 ,1.0000 ,-22.7049 ,-24.7701 ,-0.3745 ,0.8951 ,
2.0000 ,1.1282 ,0.6090 ,1.7013 ,-24.7701 ,0.0335 ,1.1277 ,
3.0000 ,2.2933 ,0.5243 ,23.5449 ,23.3698 ,0.9161 ,2.1024 ,
4.0000 ,2.8937 ,0.6028 ,-3.3068 ,-6.7364 ,-0.1669 ,2.8889 ,
0.0000 ,0.8582 ,0.6930 ,15.2945 ,-22.6742 ,0.2264 ,0.8278 ,
1.0000 ,0.9706 ,1.0000 ,-22.8414 ,-25.4772 ,-0.3768 ,0.8945 ,
2.0000 ,1.1277 ,0.6224 ,0.4336 ,-25.4772 ,0.0085 ,1.1276 ,
3.0000 ,2.1652 ,0.5761 ,24.7433 ,22.6722 ,0.9062 ,1.9664 ,
4.0000 ,2.8956 ,0.6529 ,-3.3718 ,22.6722 ,-0.1703 ,2.8906 ,
0.0000 ,0.8596 ,0.6995 ,15.6451 ,-24.7701 ,0.2318 ,0.8278 ,
1.0000 ,0.9707 ,1.0000 ,-22.8893 ,-26.9040 ,-0.3775 ,0.8942 ,
2.0000 ,1.1274 ,0.6438 ,1.4430 ,-24.7722 ,0.0284 ,1.1270 ,
3.0000 ,2.1699 ,0.5545 ,23.9438 ,24.0670 ,0.8806 ,1.9831 ,
4.0000 ,2.8928 ,0.6955 ,-1.3404 ,27.6242 ,-0.0677 ,2.8920 ,
0.0000 ,0.8574 ,0.7035 ,15.2380 ,-24.0691 ,0.2253 ,0.8272 ,
1.0000 ,0.9703 ,1.0000 ,-22.6754 ,-26.1905 ,-0.3740 ,0.8953 ,
2.0000 ,1.1291 ,0.6236 ,0.5867 ,-26.9040 ,0.0116 ,1.1291 ,
3.0000 ,2.8917 ,0.6191 ,-2.5670 ,-8.7608 ,-0.1295 ,2.8888 ,
4.0000 ,22.1045 ,0.9763 ,-2.9892 ,-4.8079 ,-1.1527 ,22.0744 ,
0.0000 ,0.8724 ,0.2426 ,18.6567 ,-24.0670 ,0.2791 ,0.8265 ,
1.0000 ,0.9714 ,0.3408 ,-22.5616 ,-24.7722 ,-0.3727 ,0.8971 ,
2.0000 ,2.8931 ,0.2268 ,-1.9407 ,-9.3022 ,-0.0980 ,2.8914 ,
3.0000 ,21.8993 ,1.0000 ,0.0158 ,-0.9594 ,0.0061 ,21.8993 ,
4.0000 ,22.1905 ,0.2335 ,0.4231 ,-4.1658 ,0.1639 ,22.1899 ,
0.0000 ,0.8578 ,0.1656 ,15.6951 ,-23.3698 ,0.2321 ,0.8258 ,
1.0000 ,0.9710 ,0.2349 ,-21.5245 ,-25.4772 ,-0.3563 ,0.9033 ,
2.0000 ,1.1297 ,0.1444 ,1.4871 ,-24.0691 ,0.0293 ,1.1293 ,
3.0000 ,21.9029 ,1.0000 ,-3.2457 ,-2.2421 ,-1.2401 ,21.8678 ,
4.0000 ,22.1452 ,0.1650 ,-5.0785 ,-3.5241 ,-1.9603 ,22.0582 ,
0.0000 ,0.8570 ,0.7129 ,15.3053 ,-23.3698 ,0.2262 ,0.8266 ,
1.0000 ,0.9705 ,1.0000 ,-22.7302 ,-24.7722 ,-0.3750 ,0.8951 ,
2.0000 ,2.8930 ,0.6358 ,-3.5252 ,-9.9740 ,-0.1779 ,2.8876 ,
3.0000 ,21.8491 ,0.9429 ,0.2740 ,-1.6016 ,0.1045 ,21.8488 ,
4.0000 ,22.0562 ,0.8704 ,-4.2955 ,-2.2421 ,-1.6520 ,21.9943 ,
0.0000 ,0.8573 ,0.6848 ,15.6343 ,-24.7701 ,0.2310 ,0.8256 ,
1.0000 ,0.9705 ,1.0000 ,-22.9554 ,-26.1884 ,-0.3785 ,0.8936 ,
2.0000 ,1.1274 ,0.6334 ,0.8765 ,-24.7722 ,0.0172 ,1.1273 ,
3.0000 ,2.8933 ,0.6996 ,-3.1529 ,-3.5222 ,-0.1591 ,2.8890 ,
4.0000 ,21.8883 ,0.9073 ,-7.4904 ,-6.7364 ,-2.8533 ,21.7015 ,
0.0000 ,0.8583 ,0.7033 ,15.7517 ,-24.0691 ,0.2330 ,0.8261 ,
1.0000 ,0.9713 ,1.0000 ,-22.4983 ,-26.9040 ,-0.3717 ,0.8974 ,
2.0000 ,1.1273 ,0.5933 ,1.9809 ,-26.1884 ,0.0390 ,1.1266 ,
3.0000 ,2.8915 ,0.7282 ,-4.3397 ,-18.5674 ,-0.2188 ,2.8832 ,
4.0000 ,21.8313 ,0.5790 ,-7.2366 ,-7.3815 ,-2.7500 ,21.6574 ,
0.0000 ,0.8592 ,0.6919 ,15.7759 ,-22.6742 ,0.2336 ,0.8268 ,
1.0000 ,0.9704 ,1.0000 ,-22.3257 ,-24.5446 ,-0.3686 ,0.8977 ,
2.0000 ,1.1282 ,0.6204 ,1.2606 ,-24.0691 ,0.0248 ,1.1279 ,
3.0000 ,2.1680 ,0.4992 ,25.6946 ,24.0670 ,0.9400 ,1.9536 ,
4.0000 ,2.8915 ,0.6816 ,-3.2770 ,-9.9721 ,-0.1653 ,2.8868 ,
0.0000 ,0.8596 ,0.7377 ,15.7017 ,-22.6742 ,0.2326 ,0.8275 ,
1.0000 ,0.9710 ,1.0000 ,-22.9990 ,-24.0691 ,-0.3794 ,0.8938 ,
2.0000 ,1.1291 ,0.6027 ,1.7454 ,-24.7722 ,0.0344 ,1.1285 ,
3.0000 ,2.1586 ,0.5370 ,22.4843 ,21.0549 ,0.8255 ,1.9945 ,
4.0000 ,2.8948 ,0.6552 ,-3.1762 ,-15.2216 ,-0.1604 ,2.8903 ,
0.0000 ,0.8579 ,0.6608 ,15.7826 ,-22.6742 ,0.2333 ,0.8255 ,
1.0000 ,0.9711 ,1.0000 ,-22.7640 ,-25.4772 ,-0.3757 ,0.8954 ,
2.0000 ,1.1267 ,0.5950 ,0.8909 ,-24.0691 ,0.0175 ,1.1266 ,
3.0000 ,2.1663 ,0.5341 ,25.5106 ,22.6742 ,0.9330 ,1.9551 ,
4.0000 ,2.8912 ,0.6684 ,-1.5377 ,-11.2767 ,-0.0776 ,2.8902 ,
0.0000 ,0.9710 ,1.0000 ,-22.2984 ,-24.0691 ,-0.3684 ,0.8984 ,
1.0000 ,1.1273 ,0.6141 ,0.4881 ,-26.1884 ,0.0096 ,1.1273 ,
2.0000 ,2.1627 ,0.4993 ,22.1373 ,23.3678 ,0.8150 ,2.0033 ,
3.0000 ,2.8929 ,0.6570 ,-3.0711 ,-11.9283 ,-0.1550 ,2.8887 ,
4.0000 ,3.2467 ,0.5012 ,-17.1000 ,-13.2402 ,-0.9547 ,3.1032 ,
0.0000 ,0.8577 ,0.6792 ,16.4923 ,-25.4772 ,0.2435 ,0.8224 ,
1.0000 ,0.9712 ,1.0000 ,-22.7302 ,-26.1884 ,-0.3753 ,0.8958 ,
2.0000 ,1.1280 ,0.6065 ,1.5818 ,-24.7722 ,0.0311 ,1.1276 ,
3.0000 ,2.8933 ,0.6366 ,-3.2353 ,24.7722 ,-0.1633 ,2.8887 ,
4.0000 ,20.7818 ,0.5893 ,-11.8756 ,-15.2216 ,-4.2766 ,20.3370 ,
0.0000 ,0.8584 ,0.6991 ,15.6101 ,-24.7722 ,0.2310 ,0.8267 ,
1.0000 ,0.9712 ,1.0000 ,-23.1310 ,-27.6242 ,-0.3815 ,0.8931 ,
2.0000 ,1.1299 ,0.5914 ,1.3276 ,-27.6242 ,0.0262 ,1.1296 ,
3.0000 ,2.1612 ,0.5290 ,23.9438 ,22.6742 ,0.8771 ,1.9752 ,
4.0000 ,2.8927 ,0.6510 ,-3.0944 ,30.9388 ,-0.1562 ,2.8885 ,
0.0000 ,0.8724 ,0.6748 ,18.6060 ,-24.7701 ,0.2784 ,0.8268 ,
1.0000 ,0.9702 ,1.0000 ,-22.7049 ,-24.7722 ,-0.3745 ,0.8950 ,
2.0000 ,1.1271 ,0.6360 ,0.4945 ,-24.7722 ,0.0097 ,1.1271 ,
3.0000 ,2.8920 ,0.6431 ,-2.5626 ,-8.6764 ,-0.1293 ,2.8891 ,
4.0000 ,3.0451 ,0.5312 ,-11.1944 ,-8.6764 ,-0.5912 ,2.9872 ,
0.0000 ,0.8723 ,0.7109 ,19.1674 ,-22.6742 ,0.2864 ,0.8239 ,
1.0000 ,0.9707 ,1.0000 ,-22.6598 ,-24.0691 ,-0.3740 ,0.8958 ,
2.0000 ,1.1274 ,0.6469 ,0.2636 ,-25.4772 ,0.0052 ,1.1274 ,
3.0000 ,2.8922 ,0.6775 ,-2.6633 ,-10.6246 ,-0.1344 ,2.8891 ,
4.0000 ,20.3819 ,0.5750 ,-15.4774 ,-16.5529 ,-5.4391 ,19.6428 ,
0.0000 ,0.8581 ,0.7083 ,16.3327 ,-24.7701 ,0.2413 ,0.8235 ,
1.0000 ,0.9706 ,1.0000 ,-22.0127 ,-24.0691 ,-0.3638 ,0.8999 ,
2.0000 ,1.1274 ,0.6587 ,0.3349 ,-25.4772 ,0.0066 ,1.1273 ,
3.0000 ,2.7901 ,0.5050 ,-12.6143 ,-15.2236 ,-0.6093 ,2.7227 ,
4.0000 ,2.8931 ,0.6596 ,-2.8190 ,-11.9283 ,-0.1423 ,2.8896 ,
0.0000 ,0.8595 ,0.7022 ,16.9197 ,-23.3698 ,0.2502 ,0.8223 ,
1.0000 ,0.9702 ,1.0000 ,-23.4330 ,-24.7722 ,-0.3858 ,0.8902 ,
2.0000 ,1.1294 ,0.6207 ,0.6665 ,-26.1884 ,0.0131 ,1.1294 ,
3.0000 ,2.7429 ,0.5224 ,-20.3113 ,-21.2935 ,-0.9521 ,2.5723 ,
4.0000 ,2.8943 ,0.6360 ,-3.3509 ,-6.0941 ,-0.1692 ,2.8893 ,
0.0000 ,0.8590 ,0.7001 ,15.4774 ,-23.3698 ,0.2292 ,0.8278 ,
1.0000 ,0.9707 ,1.0000 ,-22.8414 ,-24.7722 ,-0.3768 ,0.8946 ,
2.0000 ,1.1270 ,0.6324 ,0.4207 ,-26.1884 ,0.0083 ,1.1270 ,
3.0000 ,2.8951 ,0.6853 ,-3.4055 ,27.6242 ,-0.1720 ,2.8899 ,
4.0000 ,20.0221 ,0.5924 ,-17.5063 ,-15.2236 ,-6.0229 ,19.0947 ,
0.0000 ,0.8572 ,0.6830 ,14.8968 ,-22.6742 ,0.2204 ,0.8283 ,
1.0000 ,0.9713 ,1.0000 ,-22.5981 ,-25.4772 ,-0.3732 ,0.8967 ,
2.0000 ,1.1283 ,0.6283 ,0.1690 ,-26.1884 ,0.0033 ,1.1283 ,
3.0000 ,2.8931 ,0.6485 ,-2.1108 ,-11.9283 ,-0.1066 ,2.8911 ,
4.0000 ,3.0297 ,0.5466 ,-4.9964 ,-8.0275 ,-0.2639 ,3.0181 ,
0.0000 ,0.8589 ,0.7125 ,15.7409 ,-22.6742 ,0.2330 ,0.8267 ,
1.0000 ,0.9706 ,1.0000 ,-22.6754 ,-24.7701 ,-0.3742 ,0.8956 ,
2.0000 ,1.1284 ,0.6208 ,0.6243 ,-25.4772 ,0.0123 ,1.1283 ,
3.0000 ,2.1654 ,0.5434 ,23.3186 ,20.6060 ,0.8571 ,1.9885 ,
4.0000 ,2.8920 ,0.6983 ,-3.5108 ,-11.2748 ,-0.1771 ,2.8865 ,
0.0000 ,0.9696 ,1.0000 ,-23.0265 ,-27.6242 ,-0.3793 ,0.8924 ,
1.0000 ,1.1287 ,0.5993 ,1.3677 ,-26.9040 ,0.0269 ,1.1284 ,
2.0000 ,2.1605 ,0.4944 ,24.0843 ,25.4772 ,0.8817 ,1.9724 ,
3.0000 ,2.2931 ,0.5309 ,22.2802 ,24.0691 ,0.8694 ,2.1219 ,
4.0000 ,2.8943 ,0.6315 ,-2.4029 ,26.9040 ,-0.1213 ,2.8918 ,
0.0000 ,0.8556 ,0.7108 ,15.3161 ,-22.6742 ,0.2260 ,0.8252 ,
1.0000 ,0.9708 ,1.0000 ,-22.4323 ,-24.0691 ,-0.3704 ,0.8973 ,
2.0000 ,1.1294 ,0.6007 ,0.8324 ,-25.4772 ,0.0164 ,1.1293 ,
3.0000 ,2.1617 ,0.5178 ,24.3647 ,22.6742 ,0.8918 ,1.9692 ,
4.0000 ,2.8942 ,0.6196 ,-2.2833 ,-9.3227 ,-0.1153 ,2.8919 ,

0.0000 ,0.8588 ,0.6817 ,15.8542 ,-24.7701 ,0.2346 ,0.8261 ,
1.0000 ,0.9715 ,1.0000 ,-22.7414 ,-25.5622 ,-0.3756 ,0.8960 ,
2.0000 ,1.1277 ,0.6060 ,1.1932 ,-25.4772 ,0.0235 ,1.1274 ,
3.0000 ,2.7247 ,0.4954 ,-13.7614 ,-19.2441 ,-0.6482 ,2.6465 ,
4.0000 ,2.8924 ,0.6438 ,-2.2288 ,-11.2748 ,-0.1125 ,2.8902 ,
0.0000 ,0.8574 ,0.6887 ,15.1184 ,-24.0691 ,0.2236 ,0.8277 ,
1.0000 ,0.9708 ,1.0000 ,-22.8006 ,-25.4792 ,-0.3762 ,0.8949 ,
2.0000 ,1.1295 ,0.5861 ,1.3677 ,-26.1884 ,0.0270 ,1.1292 ,
3.0000 ,2.8935 ,0.5992 ,-3.6642 ,24.0691 ,-0.1849 ,2.8876 ,
4.0000 ,3.2251 ,0.5113 ,-17.7247 ,-10.6227 ,-0.9819 ,3.0720 ,
0.0000 ,0.8577 ,0.6924 ,15.2072 ,-22.6742 ,0.2250 ,0.8276 ,
1.0000 ,0.9699 ,1.0000 ,-21.9064 ,-25.4772 ,-0.3619 ,0.8999 ,
2.0000 ,1.1289 ,0.5994 ,0.0743 ,-25.4772 ,0.0015 ,1.1289 ,
3.0000 ,2.8930 ,0.6156 ,-2.0458 ,-9.3227 ,-0.1033 ,2.8912 ,
4.0000 ,3.0458 ,0.5116 ,-10.7775 ,-9.3227 ,-0.5696 ,2.9921 ,
0.0000 ,0.8573 ,0.7264 ,15.7826 ,-24.0670 ,0.2332 ,0.8250 ,
1.0000 ,0.9703 ,1.0000 ,-22.6711 ,-24.7701 ,-0.3740 ,0.8953 ,
2.0000 ,1.1286 ,0.6350 ,1.7855 ,-25.4772 ,0.0352 ,1.1281 ,
3.0000 ,2.8924 ,0.6607 ,-2.5120 ,23.3698 ,-0.1268 ,2.8896 ,
4.0000 ,3.0309 ,0.5153 ,-7.8969 ,-9.9740 ,-0.4164 ,3.0022 ,
0.0000 ,0.8578 ,0.7162 ,16.1536 ,-25.4772 ,0.2387 ,0.8240 ,
1.0000 ,0.9705 ,1.0000 ,-23.1450 ,-26.9040 ,-0.3815 ,0.8924 ,
2.0000 ,1.1294 ,0.6020 ,1.6324 ,-26.1884 ,0.0322 ,1.1289 ,
3.0000 ,2.2903 ,0.5104 ,19.5634 ,24.0691 ,0.7669 ,2.1581 ,
4.0000 ,2.8926 ,0.6561 ,-2.4743 ,22.6722 ,-0.1249 ,2.8899 ,
0.0000 ,0.8578 ,0.6846 ,15.5993 ,-24.0691 ,0.2307 ,0.8262 ,
1.0000 ,0.9705 ,1.0000 ,-22.7962 ,-26.1884 ,-0.3760 ,0.8947 ,
2.0000 ,1.1288 ,0.6025 ,0.5906 ,-26.1884 ,0.0116 ,1.1287 ,
3.0000 ,2.8931 ,0.6391 ,-1.1283 ,-8.6745 ,-0.0570 ,2.8925 ,
4.0000 ,3.2002 ,0.5043 ,-16.1929 ,-6.0922 ,-0.8925 ,3.0733 ,
0.0000 ,0.8573 ,0.7005 ,15.9876 ,-23.3698 ,0.2361 ,0.8241 ,
1.0000 ,0.9696 ,1.0000 ,-22.5755 ,-24.7722 ,-0.3722 ,0.8953 ,
2.0000 ,1.1274 ,0.6400 ,1.7286 ,-26.1884 ,0.0340 ,1.1269 ,
3.0000 ,2.1603 ,0.5399 ,23.1520 ,22.6722 ,0.8494 ,1.9864 ,
4.0000 ,2.8924 ,0.6288 ,-2.1068 ,-10.6227 ,-0.1063 ,2.8904 ,
0.0000 ,0.8579 ,0.7102 ,15.6276 ,-24.7722 ,0.2311 ,0.8262 ,
1.0000 ,0.9708 ,1.0000 ,-22.8371 ,-26.1884 ,-0.3768 ,0.8947 ,
2.0000 ,1.1293 ,0.5681 ,2.2665 ,-26.1884 ,0.0447 ,1.1285 ,
3.0000 ,2.8913 ,0.6852 ,-3.2080 ,-7.3834 ,-0.1618 ,2.8868 ,
4.0000 ,3.0444 ,0.5386 ,-9.1218 ,-8.6745 ,-0.4826 ,3.0059 ,
0.0000 ,0.8584 ,0.7059 ,16.1428 ,-22.6742 ,0.2387 ,0.8246 ,
1.0000 ,0.9702 ,1.0000 ,-23.1380 ,-23.3698 ,-0.3812 ,0.8922 ,
2.0000 ,1.1279 ,0.5926 ,2.7917 ,-24.0691 ,0.0549 ,1.1265 ,
3.0000 ,2.8925 ,0.6404 ,-2.6761 ,-21.9802 ,-0.1351 ,2.8894 ,
4.0000 ,19.0049 ,0.6762 ,-24.2864 ,-24.7701 ,-7.8167 ,17.3230 ,
0.0000 ,0.8727 ,0.6905 ,19.3049 ,-24.7701 ,0.2885 ,0.8237 ,
1.0000 ,0.9701 ,1.0000 ,-22.4098 ,-24.7722 ,-0.3698 ,0.8968 ,
2.0000 ,1.1284 ,0.6203 ,1.8024 ,-24.7722 ,0.0355 ,1.1278 ,
3.0000 ,2.8922 ,0.6506 ,-3.5108 ,-7.3834 ,-0.1771 ,2.8867 ,
4.0000 ,3.2799 ,0.5510 ,-2.4534 ,-8.6745 ,-0.1404 ,3.2769 ,
0.0000 ,0.8577 ,0.7024 ,14.9814 ,-24.7701 ,0.2217 ,0.8285 ,
1.0000 ,0.9706 ,1.0000 ,-22.4843 ,-26.1884 ,-0.3712 ,0.8968 ,
2.0000 ,1.1282 ,0.6175 ,2.3716 ,-24.0691 ,0.0467 ,1.1272 ,
3.0000 ,2.2925 ,0.5427 ,23.3893 ,21.9802 ,0.9101 ,2.1041 ,
4.0000 ,2.8918 ,0.7475 ,-1.9154 ,-11.9302 ,-0.0967 ,2.8902 ,
0.0000 ,0.8585 ,0.7051 ,15.8742 ,-24.0691 ,0.2348 ,0.8257 ,
1.0000 ,0.9700 ,1.0000 ,-22.6458 ,-26.1884 ,-0.3735 ,0.8953 ,
2.0000 ,1.1289 ,0.6120 ,1.5754 ,-26.1884 ,0.0310 ,1.1285 ,
3.0000 ,2.2893 ,0.5211 ,21.3238 ,21.2935 ,0.8325 ,2.1325 ,
4.0000 ,2.8933 ,0.6972 ,-2.1822 ,-6.0941 ,-0.1102 ,2.8912 ,
0.0000 ,0.8574 ,0.6951 ,15.2072 ,-24.7701 ,0.2249 ,0.8274 ,
1.0000 ,0.9703 ,1.0000 ,-22.6824 ,-26.9040 ,-0.3742 ,0.8953 ,
2.0000 ,1.1280 ,0.6211 ,1.0297 ,-24.7722 ,0.0203 ,1.1278 ,
3.0000 ,2.7263 ,0.5016 ,-14.4993 ,-19.2441 ,-0.6826 ,2.6395 ,
4.0000 ,2.8944 ,0.6063 ,-2.6087 ,-15.2216 ,-0.1317 ,2.8914 ,
0.0000 ,0.8579 ,0.6936 ,15.5381 ,-24.0670 ,0.2298 ,0.8266 ,
1.0000 ,0.9700 ,1.0000 ,-22.2282 ,-24.0691 ,-0.3670 ,0.8979 ,
2.0000 ,1.1292 ,0.6296 ,0.8870 ,-25.4772 ,0.0175 ,1.1290 ,
3.0000 ,2.8918 ,0.7012 ,-1.9407 ,32.0534 ,-0.0979 ,2.8901 ,
4.0000 ,3.0456 ,0.5123 ,-9.3322 ,-8.0294 ,-0.4939 ,3.0053 ,
0.0000 ,0.8578 ,0.6652 ,14.9814 ,-24.7701 ,0.2217 ,0.8286 ,
1.0000 ,0.9707 ,1.0000 ,-22.2732 ,-26.9040 ,-0.3679 ,0.8982 ,
2.0000 ,1.1275 ,0.6102 ,1.7037 ,-26.1884 ,0.0335 ,1.1270 ,
3.0000 ,2.1672 ,0.5188 ,24.9633 ,22.6722 ,0.9146 ,1.9647 ,
4.0000 ,2.8920 ,0.6328 ,-0.5634 ,-8.6764 ,-0.0284 ,2.8919 ,
0.0000 ,0.8573 ,0.7356 ,15.2704 ,-26.1884 ,0.2258 ,0.8270 ,
1.0000 ,0.9709 ,1.0000 ,-22.7006 ,-27.6242 ,-0.3747 ,0.8957 ,
2.0000 ,1.1284 ,0.6212 ,1.4832 ,-26.9040 ,0.0292 ,1.1281 ,
3.0000 ,2.7372 ,0.5411 ,-18.5062 ,-23.3678 ,-0.8688 ,2.5956 ,
4.0000 ,2.8909 ,0.6586 ,-2.6384 ,-11.2748 ,-0.1331 ,2.8879 ,
0.0000 ,0.8574 ,0.6910 ,15.2986 ,-24.0691 ,0.2262 ,0.8270 ,
1.0000 ,0.9697 ,1.0000 ,-22.6754 ,-25.4792 ,-0.3738 ,0.8947 ,
2.0000 ,1.1291 ,0.5888 ,1.4286 ,-24.7722 ,0.0282 ,1.1288 ,
3.0000 ,2.1681 ,0.5201 ,24.3375 ,22.6742 ,0.8935 ,1.9754 ,
4.0000 ,2.8904 ,0.6386 ,-2.6320 ,-12.5853 ,-0.1327 ,2.8873 ,
0.0000 ,0.8569 ,0.7001 ,15.6842 ,-24.7701 ,0.2316 ,0.8250 ,
1.0000 ,0.9702 ,1.0000 ,-22.7667 ,-24.0691 ,-0.3755 ,0.8946 ,
2.0000 ,1.1291 ,0.5791 ,2.0964 ,-26.1884 ,0.0413 ,1.1283 ,
3.0000 ,2.2922 ,0.5176 ,22.1918 ,23.3678 ,0.8658 ,2.1224 ,
4.0000 ,2.8942 ,0.6641 ,-3.3678 ,-15.8881 ,-0.1700 ,2.8892 ,
0.0000 ,0.8578 ,0.7351 ,15.9484 ,-24.7701 ,0.2357 ,0.8248 ,
1.0000 ,0.9712 ,1.0000 ,-22.6050 ,-25.4772 ,-0.3733 ,0.8966 ,
2.0000 ,1.1287 ,0.6281 ,2.3419 ,-26.1884 ,0.0461 ,1.1278 ,
3.0000 ,2.2891 ,0.5272 ,22.7189 ,22.6742 ,0.8841 ,2.1115 ,
4.0000 ,2.8919 ,0.6568 ,-3.3341 ,-12.5834 ,-0.1682 ,2.8870 ,
0.0000 ,0.8579 ,0.6940 ,14.9988 ,-24.0691 ,0.2220 ,0.8287 ,
1.0000 ,0.9713 ,1.0000 ,-22.7667 ,-26.9040 ,-0.3759 ,0.8956 ,
2.0000 ,1.1270 ,0.6672 ,0.7442 ,-26.9040 ,0.0146 ,1.1269 ,
3.0000 ,2.2948 ,0.5348 ,22.2577 ,20.6080 ,0.8692 ,2.1238 ,
4.0000 ,2.8922 ,0.6167 ,-2.5814 ,-10.6227 ,-0.1303 ,2.8892 ,
0.0000 ,0.8580 ,0.7032 ,15.8150 ,-25.4772 ,0.2338 ,0.8256 ,
1.0000 ,0.9710 ,1.0000 ,-22.5868 ,-26.1884 ,-0.3729 ,0.8965 ,
2.0000 ,1.1280 ,0.6120 ,1.6468 ,-26.1884 ,0.0324 ,1.1276 ,
3.0000 ,2.1678 ,0.5367 ,24.8705 ,22.6722 ,0.9117 ,1.9668 ,
4.0000 ,2.8926 ,0.6539 ,-2.5814 ,-9.9740 ,-0.1303 ,2.8897 ,
0.0000 ,0.8588 ,0.6651 ,16.1712 ,-24.7701 ,0.2392 ,0.8248 ,
1.0000 ,0.9709 ,1.0000 ,-22.9145 ,-24.0691 ,-0.3780 ,0.8943 ,
2.0000 ,1.1283 ,0.5803 ,0.6560 ,-25.4772 ,0.0129 ,1.1282 ,
3.0000 ,2.1605 ,0.5005 ,22.6415 ,23.3698 ,0.8317 ,1.9940 ,
4.0000 ,2.8938 ,0.6136 ,-3.0775 ,-8.6745 ,-0.1554 ,2.8896 ,
0.0000 ,0.8719 ,0.7161 ,18.2253 ,-24.7701 ,0.2727 ,0.8281 ,
1.0000 ,0.9714 ,1.0000 ,-22.8414 ,-25.4772 ,-0.3771 ,0.8952 ,
2.0000 ,1.1287 ,0.6053 ,2.3820 ,-24.7722 ,0.0469 ,1.1277 ,
3.0000 ,2.1670 ,0.5657 ,24.0816 ,24.7701 ,0.8842 ,1.9784 ,
4.0000 ,2.8930 ,0.7216 ,-3.8072 ,-5.4507 ,-0.1921 ,2.8866 ,
0.0000 ,0.8576 ,0.6984 ,15.0876 ,-23.3698 ,0.2232 ,0.8280 ,
1.0000 ,0.9702 ,1.0000 ,-22.1667 ,-24.7722 ,-0.3661 ,0.8985 ,
2.0000 ,1.1282 ,0.5834 ,1.3404 ,-26.1884 ,0.0264 ,1.1279 ,
3.0000 ,2.1666 ,0.5190 ,25.2063 ,24.0670 ,0.9227 ,1.9603 ,
4.0000 ,2.8930 ,0.6850 ,-3.1827 ,-11.2767 ,-0.1606 ,2.8885 ,
0.0000 ,0.8723 ,0.7269 ,18.6771 ,-24.0670 ,0.2793 ,0.8264 ,
1.0000 ,0.9708 ,1.0000 ,-23.0033 ,-24.0691 ,-0.3794 ,0.8936 ,
2.0000 ,1.1278 ,0.6403 ,1.1764 ,-25.4772 ,0.0232 ,1.1276 ,
3.0000 ,2.1695 ,0.5796 ,24.0176 ,20.6080 ,0.8830 ,1.9816 ,
4.0000 ,2.8936 ,0.7343 ,-3.3107 ,30.5549 ,-0.1671 ,2.8887 ,

