4.0000 ,19.9555 ,1.0000 ,-30.6216 ,-34.3511 ,-10.1646 ,17.1727 ,
3.0000 ,19.4150 ,0.9522 ,-31.1846 ,-32.8119 ,-10.0530 ,16.6096 ,
4.0000 ,19.2968 ,1.0000 ,-35.6621 ,-37.5116 ,-11.2501 ,15.6781 ,
4.0000 ,12.8793 ,0.6578 ,-43.0534 ,-47.0398 ,-8.7924 ,9.4111 ,
4.0000 ,12.0212 ,0.7214 ,-42.6668 ,-45.1927 ,-8.1472 ,8.8393 ,
4.0000 ,11.7042 ,0.8293 ,-42.9531 ,-41.6686 ,-7.9752 ,8.5664 ,
4.0000 ,11.4511 ,0.6151 ,-34.1923 ,-35.1301 ,-6.4352 ,9.4718 ,
4.0000 ,11.2765 ,0.6648 ,-41.2666 ,-41.6661 ,-7.4376 ,8.4760 ,
4.0000 ,11.0963 ,0.8009 ,-32.3127 ,-32.0534 ,-5.9314 ,9.3780 ,
4.0000 ,11.0948 ,0.6321 ,-42.7126 ,-40.8172 ,-7.5258 ,8.1521 ,
4.0000 ,10.8824 ,0.6595 ,-39.1073 ,-38.3255 ,-6.8643 ,8.4444 ,
4.0000 ,10.6455 ,0.6607 ,-28.8882 ,-53.0220 ,-5.1429 ,9.3209 ,
4.0000 ,10.5407 ,1.0000 ,-30.2710 ,-29.0791 ,-5.3135 ,9.1035 ,
3.0000 ,10.1324 ,0.3499 ,-39.6284 ,-35.1278 ,-6.4625 ,7.8040 ,
4.0000 ,9.4102 ,0.9316 ,-29.3931 ,-42.5289 ,-4.6185 ,8.1989 ,
3.0000 ,9.2815 ,0.6228 ,-29.8685 ,-29.0813 ,-4.6223 ,8.0486 ,
2.0000 ,9.2719 ,0.7112 ,-29.1210 ,-25.4792 ,-4.5122 ,8.0999 ,
4.0000 ,9.2157 ,0.7582 ,-29.8445 ,-29.8165 ,-4.5862 ,7.9935 ,
3.0000 ,9.1439 ,0.7477 ,-27.3321 ,-36.7089 ,-4.1984 ,8.1231 ,
1.0000 ,9.1089 ,0.5215 ,-29.0275 ,-25.4772 ,-4.4199 ,7.9647 ,
4.0000 ,9.0724 ,0.6884 ,-28.1714 ,-18.5693 ,-4.2832 ,7.9977 ,
3.0000 ,8.9284 ,0.7320 ,-26.6603 ,-29.8143 ,-4.0062 ,7.9792 ,
2.0000 ,8.9060 ,0.5203 ,-25.4156 ,-26.1905 ,-3.8223 ,8.0441 ,
2.0000 ,8.7577 ,1.0000 ,-28.2551 ,-29.8165 ,-4.1459 ,7.7142 ,
4.0000 ,3.4345 ,0.6205 ,7.7253 ,7.3815 ,0.4617 ,3.4034 ,
3.0000 ,2.7274 ,0.6907 ,-18.1924 ,-24.0670 ,-0.8515 ,2.5910 ,
4.0000 ,2.3355 ,0.7067 ,-23.2156 ,-33.5769 ,-0.9206 ,2.1464 ,
4.0000 ,2.3348 ,0.6273 ,-23.4487 ,-33.5769 ,-0.9291 ,2.1420 ,
4.0000 ,2.3345 ,0.6545 ,-23.3666 ,-32.8142 ,-0.9259 ,2.1430 ,
4.0000 ,2.3343 ,0.6315 ,-23.7764 ,-35.9144 ,-0.9411 ,2.1362 ,
4.0000 ,2.3340 ,0.6868 ,-23.8728 ,-34.3488 ,-0.9446 ,2.1343 ,
4.0000 ,2.3264 ,0.6392 ,-20.8406 ,-33.5769 ,-0.8276 ,2.1742 ,
4.0000 ,2.3250 ,0.6486 ,-20.9435 ,-33.5769 ,-0.8311 ,2.1714 ,
4.0000 ,2.3211 ,0.6350 ,-20.3002 ,-32.8142 ,-0.8053 ,2.1769 ,
3.0000 ,2.3209 ,0.6646 ,-22.1260 ,-32.0557 ,-0.8742 ,2.1500 ,
4.0000 ,2.3209 ,0.6246 ,-19.6633 ,-34.3488 ,-0.7810 ,2.1855 ,
2.0000 ,2.1906 ,0.6108 ,37.3699 ,39.1438 ,1.3296 ,1.7409 ,
3.0000 ,2.1888 ,0.6580 ,37.8547 ,-32.8142 ,1.3432 ,1.7282 ,
2.0000 ,2.1877 ,0.6982 ,37.9162 ,-32.0557 ,1.3443 ,1.7259 ,
3.0000 ,2.1786 ,0.7215 ,39.2697 ,-32.8119 ,1.3790 ,1.6866 ,
3.0000 ,2.1784 ,0.6601 ,39.7649 ,-30.5571 ,1.3934 ,1.6745 ,
3.0000 ,2.1782 ,0.6866 ,38.9587 ,-35.1278 ,1.3696 ,1.6938 ,
3.0000 ,2.1779 ,0.6842 ,37.9055 ,-29.8165 ,1.3380 ,1.7184 ,
3.0000 ,2.1779 ,0.6628 ,38.3780 ,-32.0557 ,1.3521 ,1.7073 ,
2.0000 ,2.1778 ,0.7283 ,38.9772 ,-32.0534 ,1.3699 ,1.6930 ,
3.0000 ,2.1771 ,0.7273 ,39.1124 ,-32.0534 ,1.3734 ,1.6892 ,
3.0000 ,2.1767 ,0.7461 ,38.4476 ,-32.8119 ,1.3535 ,1.7048 ,
3.0000 ,2.1764 ,0.7037 ,39.3318 ,-30.5571 ,1.3794 ,1.6834 ,
3.0000 ,2.1763 ,0.7295 ,38.3054 ,-32.0557 ,1.3490 ,1.7078 ,
3.0000 ,2.1761 ,0.7003 ,38.7322 ,-34.3488 ,1.3616 ,1.6976 ,
3.0000 ,2.1760 ,0.7349 ,37.9162 ,-33.5769 ,1.3372 ,1.7167 ,
3.0000 ,2.1757 ,0.7253 ,38.2492 ,-33.3657 ,1.3469 ,1.7086 ,
3.0000 ,2.1756 ,0.7118 ,38.8937 ,-34.3488 ,1.3660 ,1.6933 ,
3.0000 ,2.1756 ,0.6868 ,39.2210 ,-32.8142 ,1.3756 ,1.6854 ,
3.0000 ,2.1755 ,0.6339 ,38.0973 ,-31.3034 ,1.3423 ,1.7121 ,
3.0000 ,2.1751 ,0.7059 ,39.4241 ,-30.5571 ,1.3813 ,1.6802 ,
3.0000 ,2.1740 ,0.6711 ,39.3453 ,-31.3034 ,1.3783 ,1.6812 ,
2.0000 ,1.1740 ,0.6847 ,-6.3404 ,-23.3698 ,-0.1296 ,1.1668 ,
2.0000 ,1.1621 ,0.6767 ,-1.8738 ,-24.0670 ,-0.0380 ,1.1615 ,
2.0000 ,1.1618 ,0.6804 ,-2.2937 ,-23.3698 ,-0.0465 ,1.1609 ,
2.0000 ,1.1617 ,0.7022 ,-6.4311 ,-24.7722 ,-0.1301 ,1.1544 ,
2.0000 ,1.1614 ,0.6498 ,-5.2915 ,-24.7701 ,-0.1071 ,1.1565 ,
2.0000 ,1.1610 ,0.6827 ,-2.6489 ,-23.3698 ,-0.0537 ,1.1598 ,
2.0000 ,1.1606 ,0.6238 ,-1.7013 ,-26.1884 ,-0.0345 ,1.1601 ,
2.0000 ,1.1604 ,0.6830 ,-1.2815 ,-25.4772 ,-0.0260 ,1.1601 ,
2.0000 ,1.1598 ,0.6606 ,-3.3445 ,-25.4772 ,-0.0677 ,1.1578 ,
2.0000 ,1.1596 ,0.6398 ,-2.7813 ,-26.1884 ,-0.0563 ,1.1583 ,
2.0000 ,1.1594 ,0.6829 ,-3.7839 ,-24.7701 ,-0.0765 ,1.1569 ,
2.0000 ,1.1593 ,0.6549 ,-9.1771 ,-22.6742 ,-0.1849 ,1.1445 ,
2.0000 ,1.1591 ,0.6759 ,-4.6931 ,-23.3698 ,-0.0948 ,1.1552 ,
2.0000 ,1.1590 ,0.6714 ,-6.5473 ,-24.7722 ,-0.1322 ,1.1515 ,
2.0000 ,1.1590 ,0.6736 ,-4.1628 ,-22.6742 ,-0.0841 ,1.1559 ,
2.0000 ,1.1590 ,0.6704 ,-5.0133 ,-24.0691 ,-0.1013 ,1.1545 ,
2.0000 ,1.1584 ,0.7148 ,-8.1876 ,-24.0691 ,-0.1650 ,1.1466 ,
2.0000 ,1.1583 ,0.6943 ,-4.0406 ,-22.6742 ,-0.0816 ,1.1554 ,
2.0000 ,1.1571 ,0.6855 ,-0.5490 ,-24.7701 ,-0.0111 ,1.1571 ,
1.0000 ,0.9775 ,0.9322 ,-20.3293 ,3.5222 ,-0.3396 ,0.9167 ,
1.0000 ,0.9775 ,0.9141 ,-20.1503 ,3.5222 ,-0.3367 ,0.9176 ,
1.0000 ,0.9774 ,0.9436 ,-20.3917 ,2.2421 ,-0.3406 ,0.9162 ,
1.0000 ,0.9773 ,0.9083 ,-20.6202 ,2.8829 ,-0.3442 ,0.9147 ,
1.0000 ,0.9773 ,0.9567 ,-20.4636 ,3.5241 ,-0.3417 ,0.9156 ,
1.0000 ,0.9771 ,0.9220 ,-20.6965 ,2.2421 ,-0.3453 ,0.9141 ,
1.0000 ,0.9770 ,0.9447 ,-20.3182 ,0.9612 ,-0.3392 ,0.9162 ,
1.0000 ,0.9769 ,0.9548 ,-20.1571 ,2.2421 ,-0.3366 ,0.9170 ,
1.0000 ,0.9768 ,0.8982 ,-20.3182 ,2.6261 ,-0.3392 ,0.9160 ,
1.0000 ,0.9767 ,0.9414 ,-20.4413 ,4.1639 ,-0.3411 ,0.9152 ,
1.0000 ,0.9767 ,0.9793 ,-20.5397 ,2.8829 ,-0.3427 ,0.9146 ,
1.0000 ,0.9767 ,0.9351 ,-20.7436 ,2.8829 ,-0.3459 ,0.9133 ,
1.0000 ,0.9766 ,0.9735 ,-20.5731 ,4.1639 ,-0.3432 ,0.9143 ,
1.0000 ,0.9648 ,0.8171 ,-24.8219 ,0.9612 ,-0.4050 ,0.8757 ,
1.0000 ,0.9646 ,0.9087 ,-24.2108 ,3.4508 ,-0.3956 ,0.8798 ,
1.0000 ,0.9646 ,0.9223 ,-25.1230 ,2.2402 ,-0.4095 ,0.8733 ,
1.0000 ,0.9643 ,0.3434 ,-24.2750 ,2.2421 ,-0.3965 ,0.8791 ,
1.0000 ,0.9641 ,0.8985 ,-23.9026 ,2.8829 ,-0.3906 ,0.8814 ,
1.0000 ,0.9641 ,0.8960 ,-25.0536 ,2.8811 ,-0.4082 ,0.8733 ,
1.0000 ,0.9638 ,0.8929 ,-24.4735 ,3.5222 ,-0.3993 ,0.8772 ,
1.0000 ,0.9638 ,0.9508 ,-24.9262 ,2.2421 ,-0.4062 ,0.8740 ,
1.0000 ,0.9636 ,0.4295 ,-24.1967 ,2.8811 ,-0.3949 ,0.8789 ,
1.0000 ,0.9636 ,0.9375 ,-24.9907 ,2.2421 ,-0.4071 ,0.8734 ,
1.0000 ,0.9633 ,0.9033 ,-23.5405 ,0.9612 ,-0.3847 ,0.8831 ,
0.0000 ,0.8656 ,1.0000 ,2.9956 ,2.8829 ,0.0452 ,0.8644 ,
0.0000 ,0.8656 ,0.4647 ,3.4368 ,3.5222 ,0.0519 ,0.8640 ,
0.0000 ,0.8650 ,0.3628 ,3.5589 ,4.1639 ,0.0537 ,0.8634 ,
0.0000 ,0.8648 ,0.5456 ,3.9626 ,4.1639 ,0.0598 ,0.8627 ,
0.0000 ,0.8645 ,0.8833 ,3.6915 ,2.2421 ,0.0557 ,0.8627 ,
0.0000 ,0.8645 ,1.0000 ,-0.3622 ,4.1639 ,-0.0055 ,0.8645 ,
0.0000 ,0.8645 ,1.0000 ,3.3509 ,4.1639 ,0.0505 ,0.8630 ,
0.0000 ,0.8644 ,1.0000 ,-1.1724 ,3.5222 ,-0.0177 ,0.8642 ,
0.0000 ,0.8642 ,1.0000 ,-0.2908 ,4.1639 ,-0.0044 ,0.8642 ,
0.0000 ,0.8639 ,1.0000 ,-0.4504 ,4.1639 ,-0.0068 ,0.8639 ,
0.0000 ,0.8639 ,1.0000 ,-0.3622 ,4.8060 ,-0.0055 ,0.8639 ,
0.0000 ,0.8639 ,1.0000 ,-0.8597 ,4.1639 ,-0.0130 ,0.8638 ,
0.0000 ,0.8638 ,1.0000 ,-1.2606 ,3.5222 ,-0.0190 ,0.8636 ,
0.0000 ,0.8637 ,1.0000 ,0.8533 ,5.4488 ,0.0129 ,0.8636 ,
0.0000 ,0.8637 ,1.0000 ,-0.7755 ,2.2402 ,-0.0117 ,0.8637 ,
0.0000 ,0.8637 ,1.0000 ,-0.7883 ,4.1639 ,-0.0119 ,0.8636 ,
0.0000 ,0.8635 ,1.0000 ,-0.5659 ,2.8829 ,-0.0085 ,0.8635 ,
0.0000 ,0.8633 ,1.0000 ,-0.9896 ,4.1639 ,-0.0149 ,0.8632 ,
0.0000 ,0.8633 ,1.0000 ,-0.5218 ,2.8829 ,-0.0079 ,0.8633 ,
0.0000 ,0.8633 ,1.0000 ,0.4063 ,2.8811 ,0.0061 ,0.8632 ,
0.0000 ,0.8632 ,1.0000 ,-0.7106 ,3.5241 ,-0.0107 ,0.8632 ,
0.0000 ,0.8632 ,1.0000 ,-1.0906 ,2.8829 ,-0.0164 ,0.8631 ,
0.0000 ,0.8632 ,1.0000 ,1.9953 ,2.8811 ,0.0301 ,0.8627 ,
0.0000 ,0.8629 ,1.0000 ,-0.5193 ,4.1639 ,-0.0078 ,0.8628 ,
0.0000 ,0.0000 ,0.0000 ,0.0000 ,0.0000 ,-0.0056 ,0.8628 ,
0.0000 ,0.0000 ,0.0000 ,0.0000 ,0.0000 ,12.9718 ,25.9436 ,
0.0000 ,0.0000 ,0.0000 ,0.0000 ,0.0000 ,-12.9718 ,25.9436 ,

4.0000 ,17.4312 ,0.7173 ,-43.0304 ,-41.6686 ,-11.8948 ,12.7421 ,
4.0000 ,16.8159 ,0.6444 ,-43.0995 ,-40.8172 ,-11.4897 ,12.2784 ,
4.0000 ,16.5585 ,0.9797 ,-42.8929 ,-43.4063 ,-11.2702 ,12.1312 ,
3.0000 ,16.4671 ,1.0000 ,-43.0073 ,-44.2914 ,-11.2321 ,12.0419 ,
4.0000 ,16.3032 ,1.0000 ,-43.3184 ,-44.2914 ,-11.1849 ,11.8614 ,
3.0000 ,16.1657 ,0.6488 ,-43.8053 ,-44.2914 ,-11.1900 ,11.6667 ,
4.0000 ,16.1098 ,1.0000 ,-43.1050 ,-42.5314 ,-11.0084 ,11.7618 ,
4.0000 ,16.0455 ,0.8415 ,-43.4630 ,-43.4063 ,-11.0375 ,11.6461 ,
4.0000 ,15.8851 ,0.2994 ,-47.0630 ,-45.1954 ,-11.6295 ,10.8209 ,
3.0000 ,15.8087 ,0.4954 ,-44.2955 ,-44.2940 ,-11.0402 ,11.3151 ,
3.0000 ,15.5521 ,1.0000 ,-45.4774 ,-46.1112 ,-11.0882 ,10.9050 ,
4.0000 ,15.5375 ,1.0000 ,-46.3678 ,-47.0426 ,-11.2458 ,10.7213 ,
3.0000 ,15.2218 ,0.7697 ,-46.7157 ,-47.0398 ,-11.0809 ,10.4364 ,
2.0000 ,15.1177 ,0.5444 ,-45.8624 ,-46.1085 ,-10.8495 ,10.5277 ,
4.0000 ,14.9438 ,1.0000 ,-46.1127 ,-44.2914 ,-10.7701 ,10.3597 ,
4.0000 ,14.7234 ,0.9191 ,-45.5049 ,-47.0398 ,-10.5024 ,10.3189 ,
4.0000 ,14.4788 ,0.9028 ,-46.5295 ,-47.9877 ,-10.5077 ,9.9612 ,
3.0000 ,14.3523 ,1.0000 ,-48.1084 ,-48.9532 ,-10.6840 ,9.5833 ,
4.0000 ,14.1724 ,0.7914 ,-46.7157 ,-46.1085 ,-10.3170 ,9.7169 ,
4.0000 ,13.8669 ,1.0000 ,-46.4410 ,-44.2940 ,-10.0489 ,9.5557 ,
4.0000 ,12.9190 ,0.6797 ,-45.9222 ,-45.1954 ,-9.2809 ,8.9869 ,
4.0000 ,3.0948 ,0.6621 ,24.6718 ,1.5997 ,1.2918 ,2.8123 ,
4.0000 ,2.7357 ,0.6154 ,-22.3278 ,-25.4772 ,-1.0393 ,2.5306 ,
4.0000 ,2.3463 ,0.6413 ,-24.5677 ,-33.5769 ,-0.9755 ,2.1339 ,
4.0000 ,2.3443 ,0.6914 ,-25.5249 ,-31.3034 ,-1.0102 ,2.1155 ,
4.0000 ,2.3374 ,0.6597 ,-22.0715 ,-35.9144 ,-0.8783 ,2.1661 ,
4.0000 ,2.3370 ,0.6389 ,-22.4028 ,-32.0557 ,-0.8907 ,2.1606 ,
4.0000 ,2.3362 ,0.6520 ,-24.3234 ,-34.3488 ,-0.9623 ,2.1289 ,
3.0000 ,2.3347 ,0.6590 ,-23.2566 ,-33.5792 ,-0.9218 ,2.1450 ,
4.0000 ,2.3342 ,0.6348 ,-22.9990 ,-32.8119 ,-0.9120 ,2.1487 ,
4.0000 ,2.3335 ,0.6007 ,-21.2000 ,-32.8119 ,-0.8439 ,2.1756 ,
4.0000 ,2.3254 ,0.6642 ,-20.9143 ,-33.5769 ,-0.8301 ,2.1722 ,
4.0000 ,2.3242 ,0.6114 ,-20.4567 ,-32.8142 ,-0.8123 ,2.1776 ,
3.0000 ,2.1790 ,0.6732 ,37.5578 ,-31.3034 ,1.3283 ,1.7274 ,
3.0000 ,2.1781 ,0.7097 ,38.2176 ,-33.5769 ,1.3475 ,1.7113 ,
3.0000 ,2.1780 ,0.6804 ,38.7538 ,-33.5792 ,1.3634 ,1.6985 ,
3.0000 ,2.1777 ,0.4669 ,39.0907 ,-32.3038 ,1.3732 ,1.6902 ,
3.0000 ,2.1777 ,0.7148 ,38.1054 ,-31.3012 ,1.3439 ,1.7136 ,
3.0000 ,2.1774 ,0.6929 ,38.5039 ,-30.5571 ,1.3556 ,1.7039 ,
3.0000 ,2.1774 ,0.6695 ,38.6567 ,-32.7221 ,1.3601 ,1.7003 ,
3.0000 ,2.1772 ,0.7266 ,38.8104 ,-32.0557 ,1.3645 ,1.6965 ,
2.0000 ,2.1771 ,0.4537 ,37.7857 ,-32.8119 ,1.3339 ,1.7206 ,
3.0000 ,2.1769 ,0.6928 ,38.3218 ,-29.0813 ,1.3499 ,1.7079 ,
2.0000 ,2.1767 ,0.6807 ,38.3401 ,-32.8142 ,1.3503 ,1.7073 ,
3.0000 ,2.1766 ,0.7197 ,38.9854 ,-32.8142 ,1.3693 ,1.6919 ,
3.0000 ,2.1763 ,0.6481 ,38.9803 ,-31.3034 ,1.3690 ,1.6918 ,
2.0000 ,2.1762 ,0.6632 ,37.7036 ,-33.5769 ,1.3309 ,1.7218 ,
3.0000 ,2.1761 ,0.7113 ,39.5982 ,-32.8119 ,1.3871 ,1.6768 ,
3.0000 ,2.1761 ,0.7084 ,38.2359 ,-30.5571 ,1.3468 ,1.7092 ,
3.0000 ,2.1758 ,0.6790 ,37.2752 ,-35.1278 ,1.3177 ,1.7313 ,
3.0000 ,2.1757 ,0.6859 ,38.7131 ,-32.8142 ,1.3607 ,1.6976 ,
2.0000 ,2.1756 ,0.3022 ,39.5602 ,-31.3034 ,1.3856 ,1.6773 ,
2.0000 ,2.1756 ,0.6021 ,39.6940 ,-32.0534 ,1.3895 ,1.6740 ,
3.0000 ,2.1755 ,0.6887 ,39.1827 ,-32.0534 ,1.3745 ,1.6863 ,
3.0000 ,2.1753 ,0.7118 ,39.4055 ,-32.8119 ,1.3809 ,1.6808 ,
3.0000 ,2.1744 ,0.5667 ,37.7938 ,-32.8119 ,1.3325 ,1.7183 ,
2.0000 ,1.1620 ,0.6725 ,-3.1723 ,-24.7701 ,-0.0643 ,1.1602 ,
2.0000 ,1.1618 ,0.7053 ,-3.6071 ,-24.7701 ,-0.0731 ,1.1595 ,
2.0000 ,1.1612 ,0.6787 ,-4.9353 ,-25.4772 ,-0.0999 ,1.1569 ,
2.0000 ,1.1611 ,0.6799 ,-3.1529 ,-24.0670 ,-0.0639 ,1.1593 ,
2.0000 ,1.1606 ,0.6663 ,-3.6538 ,-24.0691 ,-0.0740 ,1.1582 ,
2.0000 ,1.1605 ,0.6677 ,-5.6498 ,-24.0691 ,-0.1143 ,1.1549 ,
2.0000 ,1.1605 ,0.7449 ,-4.9208 ,-23.3698 ,-0.0995 ,1.1562 ,
2.0000 ,1.1604 ,0.5708 ,-9.4703 ,-23.5462 ,-0.1909 ,1.1446 ,
2.0000 ,1.1604 ,0.6349 ,-3.2457 ,-24.0691 ,-0.0657 ,1.1585 ,
2.0000 ,1.1602 ,0.6671 ,-8.2192 ,-24.0670 ,-0.1659 ,1.1483 ,
2.0000 ,1.1601 ,0.6787 ,-7.4564 ,-24.0670 ,-0.1505 ,1.1503 ,
2.0000 ,1.1600 ,0.4030 ,-3.9458 ,-24.7701 ,-0.0798 ,1.1572 ,
2.0000 ,1.1597 ,0.6845 ,-4.5057 ,-24.0691 ,-0.0911 ,1.1561 ,
2.0000 ,1.1594 ,0.6727 ,-3.7630 ,-24.7701 ,-0.0761 ,1.1569 ,
2.0000 ,1.1588 ,0.6926 ,-4.0808 ,-24.0691 ,-0.0825 ,1.1559 ,
2.0000 ,1.1586 ,0.6852 ,-4.3984 ,-23.3698 ,-0.0889 ,1.1552 ,
2.0000 ,1.1580 ,0.7081 ,-3.5823 ,-24.7722 ,-0.0724 ,1.1557 ,
2.0000 ,1.1578 ,0.4410 ,-7.9479 ,-23.3698 ,-0.1601 ,1.1467 ,
2.0000 ,1.1472 ,0.6560 ,-1.7895 ,-23.3698 ,-0.0358 ,1.1466 ,
1.0000 ,0.9783 ,0.9358 ,-20.4525 ,4.1639 ,-0.3418 ,0.9166 ,
1.0000 ,0.9779 ,0.9476 ,-20.3943 ,4.1639 ,-0.3408 ,0.9166 ,
1.0000 ,0.9779 ,0.9160 ,-20.2126 ,4.8060 ,-0.3379 ,0.9177 ,
1.0000 ,0.9777 ,0.9257 ,-20.4413 ,4.1639 ,-0.3415 ,0.9162 ,
1.0000 ,0.9777 ,0.9350 ,-20.1503 ,2.8829 ,-0.3368 ,0.9178 ,
1.0000 ,0.9776 ,0.4061 ,-20.0384 ,4.1639 ,-0.3350 ,0.9184 ,
1.0000 ,0.9776 ,0.6059 ,-20.0495 ,4.1639 ,-0.3351 ,0.9183 ,
1.0000 ,0.9776 ,0.9629 ,-20.2442 ,2.8829 ,-0.3383 ,0.9172 ,
1.0000 ,0.9775 ,0.9588 ,-20.3943 ,4.1639 ,-0.3406 ,0.9162 ,
1.0000 ,0.9772 ,0.9278 ,-20.0674 ,3.5241 ,-0.3353 ,0.9179 ,
1.0000 ,0.9772 ,0.9611 ,-21.0316 ,2.8829 ,-0.3507 ,0.9121 ,
1.0000 ,0.9772 ,0.9514 ,-20.6811 ,4.8060 ,-0.3451 ,0.9142 ,
1.0000 ,0.9771 ,0.6392 ,-19.6123 ,2.8829 ,-0.3280 ,0.9204 ,
1.0000 ,0.9771 ,0.9194 ,-19.6812 ,3.5241 ,-0.3291 ,0.9200 ,
1.0000 ,0.9771 ,0.8317 ,-20.4747 ,2.8829 ,-0.3418 ,0.9153 ,
1.0000 ,0.9770 ,0.9844 ,-20.3515 ,2.2421 ,-0.3398 ,0.9160 ,
1.0000 ,0.9770 ,0.6921 ,-20.4678 ,2.2421 ,-0.3416 ,0.9153 ,
1.0000 ,0.9770 ,0.9716 ,-20.0964 ,4.1639 ,-0.3357 ,0.9175 ,
1.0000 ,0.9769 ,0.7842 ,-20.1212 ,4.1639 ,-0.3361 ,0.9173 ,
1.0000 ,0.9769 ,0.7943 ,-20.3626 ,3.5241 ,-0.3399 ,0.9158 ,
1.0000 ,0.9768 ,0.9364 ,-20.1571 ,2.2421 ,-0.3366 ,0.9170 ,
1.0000 ,0.9767 ,0.5884 ,-20.4969 ,2.8829 ,-0.3420 ,0.9149 ,
1.0000 ,0.9766 ,0.9273 ,-20.3335 ,4.1639 ,-0.3394 ,0.9158 ,
1.0000 ,0.9764 ,0.9694 ,-20.2331 ,2.8829 ,-0.3377 ,0.9162 ,
1.0000 ,0.9646 ,0.9492 ,-23.3526 ,2.8829 ,-0.3823 ,0.8855 ,
0.0000 ,0.8643 ,1.0000 ,-0.8052 ,4.8060 ,-0.0121 ,0.8642 ,
0.0000 ,0.8642 ,1.0000 ,-0.6308 ,2.8829 ,-0.0095 ,0.8641 ,
0.0000 ,0.8641 ,1.0000 ,-1.3276 ,3.5241 ,-0.0200 ,0.8639 ,
0.0000 ,0.8640 ,1.0000 ,-0.6897 ,4.1639 ,-0.0104 ,0.8640 ,
0.0000 ,0.8640 ,0.5949 ,-0.8260 ,4.8060 ,-0.0125 ,0.8639 ,
0.0000 ,0.8640 ,1.0000 ,-0.7819 ,4.8060 ,-0.0118 ,0.8639 ,
0.0000 ,0.8639 ,0.6992 ,-1.0906 ,4.1639 ,-0.0164 ,0.8638 ,
0.0000 ,0.8639 ,0.4248 ,-0.4375 ,4.8060 ,-0.0066 ,0.8639 ,
0.0000 ,0.8638 ,1.0000 ,-0.8196 ,2.8829 ,-0.0124 ,0.8638 ,
0.0000 ,0.8637 ,0.6609 ,-0.9013 ,3.5241 ,-0.0136 ,0.8636 ,
0.0000 ,0.8636 ,1.0000 ,-0.6665 ,5.4488 ,-0.0100 ,0.8636 ,
0.0000 ,0.8636 ,1.0000 ,-0.7883 ,3.5241 ,-0.0119 ,0.8635 ,
0.0000 ,0.8636 ,0.9007 ,-1.0297 ,3.5241 ,-0.0155 ,0.8635 ,
0.0000 ,0.8635 ,1.0000 ,-0.5218 ,3.5241 ,-0.0079 ,0.8635 ,
0.0000 ,0.8634 ,1.0000 ,-0.8092 ,3.5241 ,-0.0122 ,0.8633 ,
0.0000 ,0.8633 ,0.6587 ,-1.1179 ,2.8829 ,-0.0168 ,0.8631 ,
0.0000 ,0.8632 ,0.8366 ,-1.1660 ,3.5241 ,-0.0176 ,0.8630 ,
0.0000 ,0.8632 ,1.0000 ,-0.3895 ,3.5241 ,-0.0059 ,0.8632 ,
0.0000 ,0.8632 ,1.0000 ,-0.0495 ,3.5241 ,-0.0007 ,0.8632 ,
0.0000 ,0.8632 ,0.8536 ,-0.7314 ,3.5241 ,-0.0110 ,0.8631 ,
0.0000 ,0.8629 ,1.0000 ,-0.9791 ,3.5241 ,-0.0147 ,0.8628 ,
0.0000 ,0.8629 ,1.0000 ,-0.8870 ,3.5241 ,-0.0134 ,0.8628 ,
0.0000 ,0.8627 ,1.0000 ,-0.8260 ,4.1639 ,-0.0124 ,0.8626 ,
0.0000 ,0.8627 ,1.0000 ,-0.8637 ,3.5241 ,-0.0130 ,0.8626 ,
0.0000 ,0.0000 ,0.0000 ,0.0000 ,0.0000 ,-0.0127 ,0.8620 ,
0.0000 ,0.0000 ,0.0000 ,0.0000 ,0.0000 ,12.9718 ,25.9436 ,
0.0000 ,0.0000 ,0.0000 ,0.0000 ,0.0000 ,-12.9718 ,25.9436 ,

4.0000 ,19.8677 ,0.8406 ,-33.6816 ,-39.1438 ,-11.0182 ,16.5326 ,
4.0000 ,19.7942 ,0.2318 ,-26.2364 ,-32.0557 ,-8.7505 ,17.7550 ,
4.0000 ,19.7805 ,0.7161 ,-28.3097 ,-36.7089 ,-9.3806 ,17.4147 ,
4.0000 ,19.7798 ,0.6468 ,-33.5400 ,-35.1278 ,-10.9287 ,16.4865 ,
4.0000 ,19.7696 ,0.2359 ,-29.3976 ,-34.3488 ,-9.7043 ,17.2239 ,
4.0000 ,19.7121 ,1.0000 ,-23.7878 ,-34.3511 ,-7.9509 ,18.0375 ,
3.0000 ,19.6715 ,0.8740 ,-33.1959 ,-27.6242 ,-10.7702 ,16.4612 ,
3.0000 ,19.6016 ,1.0000 ,-31.0862 ,-32.8142 ,-10.1208 ,16.7866 ,
3.0000 ,19.5978 ,0.4833 ,-75.5718 ,-33.4535 ,-18.9797 ,4.8831 ,
4.0000 ,19.5686 ,0.6609 ,-22.7640 ,-24.7701 ,-7.5718 ,18.0444 ,
3.0000 ,19.5651 ,1.0000 ,-29.6847 ,-30.5571 ,-9.6891 ,16.9974 ,
2.0000 ,19.4049 ,0.5812 ,-24.7919 ,-29.0813 ,-8.1369 ,17.6165 ,
4.0000 ,2.3448 ,0.6676 ,-23.2269 ,-32.8119 ,-0.9247 ,2.1548 ,
4.0000 ,2.3445 ,0.5915 ,-24.4594 ,-32.8142 ,-0.9707 ,2.1341 ,
4.0000 ,2.3383 ,0.6318 ,-23.1040 ,-34.3488 ,-0.9176 ,2.1508 ,
3.0000 ,2.3351 ,0.6597 ,-21.0831 ,-31.3034 ,-0.8400 ,2.1787 ,
4.0000 ,2.3350 ,0.6714 ,-22.5208 ,-31.3012 ,-0.8944 ,2.1570 ,
4.0000 ,2.3348 ,0.6297 ,-24.0518 ,-34.4591 ,-0.9516 ,2.1320 ,
4.0000 ,2.3345 ,0.6596 ,-22.8441 ,-32.0534 ,-0.9063 ,2.1514 ,
4.0000 ,2.3345 ,0.6293 ,-22.8850 ,-33.5769 ,-0.9078 ,2.1507 ,
4.0000 ,2.3341 ,0.6583 ,-23.5222 ,-33.5769 ,-0.9316 ,2.1402 ,
4.0000 ,2.3338 ,0.6068 ,-22.7119 ,-35.9144 ,-0.9011 ,2.1528 ,
4.0000 ,2.3335 ,0.6609 ,-22.6867 ,-32.0534 ,-0.9000 ,2.1530 ,
4.0000 ,2.3334 ,0.6107 ,-23.2566 ,-32.0557 ,-0.9213 ,2.1438 ,
4.0000 ,2.3321 ,0.6390 ,-23.0534 ,-35.1278 ,-0.9132 ,2.1459 ,
4.0000 ,2.3255 ,0.6440 ,-20.9169 ,-32.0534 ,-0.8302 ,2.1723 ,
4.0000 ,2.3255 ,0.6491 ,-22.2507 ,-29.0813 ,-0.8806 ,2.1523 ,
4.0000 ,2.3255 ,0.6313 ,-20.6673 ,-33.5769 ,-0.8208 ,2.1758 ,
4.0000 ,2.3243 ,0.6244 ,-21.3850 ,-32.8142 ,-0.8475 ,2.1642 ,
4.0000 ,2.3236 ,0.6500 ,-22.3621 ,-32.8142 ,-0.8841 ,2.1489 ,
4.0000 ,2.3219 ,0.6456 ,-20.8809 ,-33.5769 ,-0.8276 ,2.1694 ,
3.0000 ,2.1780 ,0.6406 ,38.5787 ,-34.3488 ,1.3582 ,1.7026 ,
3.0000 ,2.1778 ,0.6594 ,39.1859 ,-32.0534 ,1.3760 ,1.6880 ,
3.0000 ,2.1777 ,0.7196 ,39.7513 ,-33.5769 ,1.3925 ,1.6743 ,
3.0000 ,2.1772 ,0.7436 ,37.6216 ,34.3511 ,1.3290 ,1.7245 ,
3.0000 ,2.1770 ,0.7021 ,38.5951 ,38.3255 ,1.3581 ,1.7015 ,
3.0000 ,2.1770 ,0.6654 ,39.1859 ,-31.2852 ,1.3755 ,1.6874 ,
3.0000 ,2.1768 ,0.7459 ,38.5818 ,-31.3034 ,1.3575 ,1.7017 ,
3.0000 ,2.1766 ,0.6735 ,38.7589 ,-32.0534 ,1.3626 ,1.6973 ,
3.0000 ,2.1764 ,0.7062 ,39.3453 ,-30.5571 ,1.3798 ,1.6831 ,
3.0000 ,2.1763 ,0.6837 ,38.1962 ,-32.0557 ,1.3458 ,1.7104 ,
2.0000 ,2.1763 ,0.6827 ,38.2523 ,-33.5769 ,1.3474 ,1.7091 ,
3.0000 ,2.1762 ,0.6484 ,38.3432 ,-33.2657 ,1.3501 ,1.7068 ,
3.0000 ,2.1762 ,0.7117 ,39.7127 ,-32.0534 ,1.3905 ,1.6741 ,
3.0000 ,2.1761 ,0.6864 ,38.6700 ,-33.5769 ,1.3597 ,1.6990 ,
3.0000 ,2.1761 ,0.7217 ,39.5332 ,-32.8119 ,1.3852 ,1.6783 ,
3.0000 ,2.1759 ,0.6973 ,36.7255 ,-34.3488 ,1.3011 ,1.7440 ,
3.0000 ,2.1758 ,0.6709 ,38.8886 ,-31.3012 ,1.3660 ,1.6936 ,
3.0000 ,2.1758 ,0.7154 ,39.1290 ,-30.5571 ,1.3731 ,1.6878 ,
3.0000 ,2.1757 ,0.6316 ,39.1341 ,-32.0534 ,1.3732 ,1.6876 ,
2.0000 ,2.1754 ,0.6676 ,38.2706 ,-30.5571 ,1.3474 ,1.7079 ,
3.0000 ,2.1753 ,0.6616 ,40.1508 ,-32.8119 ,1.4027 ,1.6627 ,
3.0000 ,2.1750 ,0.7200 ,38.8371 ,-32.0534 ,1.3640 ,1.6942 ,
2.0000 ,1.1615 ,0.6877 ,-2.6826 ,-25.4772 ,-0.0544 ,1.1602 ,
2.0000 ,1.1615 ,0.6739 ,-3.9184 ,-25.4175 ,-0.0794 ,1.1588 ,
2.0000 ,1.1613 ,0.6760 ,-3.4666 ,-23.9466 ,-0.0702 ,1.1592 ,
2.0000 ,1.1608 ,0.6732 ,-5.3422 ,-24.7701 ,-0.1081 ,1.1557 ,
2.0000 ,1.1607 ,0.6516 ,-5.6902 ,-23.3698 ,-0.1151 ,1.1550 ,
2.0000 ,1.1606 ,0.2188 ,-4.0198 ,-24.0691 ,-0.0814 ,1.1577 ,
2.0000 ,1.1605 ,0.7012 ,-4.8388 ,-24.0691 ,-0.0979 ,1.1563 ,
2.0000 ,1.1603 ,0.6923 ,-3.2353 ,-25.4772 ,-0.0655 ,1.1584 ,
2.0000 ,1.1601 ,0.6653 ,-1.1010 ,-23.3698 ,-0.0223 ,1.1599 ,
2.0000 ,1.1601 ,0.6787 ,-3.9651 ,-23.3698 ,-0.0802 ,1.1573 ,
2.0000 ,1.1598 ,0.6893 ,-5.2536 ,-23.3698 ,-0.1062 ,1.1549 ,
2.0000 ,1.1594 ,0.6681 ,-2.7813 ,-22.6742 ,-0.0563 ,1.1581 ,
2.0000 ,1.1594 ,0.6939 ,-2.8944 ,-25.4772 ,-0.0585 ,1.1579 ,
2.0000 ,1.1593 ,0.6812 ,-5.0069 ,-24.0670 ,-0.1012 ,1.1549 ,
2.0000 ,1.1590 ,0.6739 ,-4.0198 ,-24.7701 ,-0.0812 ,1.1561 ,
2.0000 ,1.1589 ,0.6547 ,-4.3670 ,-24.7701 ,-0.0882 ,1.1556 ,
2.0000 ,1.1587 ,0.6671 ,-3.6811 ,-25.4772 ,-0.0744 ,1.1563 ,
2.0000 ,1.1586 ,0.6547 ,-4.8532 ,-24.0691 ,-0.0980 ,1.1545 ,
2.0000 ,1.1586 ,0.6640 ,-2.6633 ,-24.0670 ,-0.0538 ,1.1573 ,
2.0000 ,1.1577 ,0.6686 ,-3.0944 ,-25.4772 ,-0.0625 ,1.1560 ,
2.0000 ,1.1555 ,0.6415 ,-5.9686 ,-23.9967 ,-0.1201 ,1.1492 ,
1.0000 ,0.9780 ,0.9575 ,-19.7596 ,4.1639 ,-0.3306 ,0.9204 ,
1.0000 ,0.9779 ,0.9311 ,-20.5688 ,4.1639 ,-0.3436 ,0.9155 ,
1.0000 ,0.9778 ,0.9470 ,-20.7616 ,4.1639 ,-0.3466 ,0.9143 ,
1.0000 ,0.9777 ,0.9235 ,-20.7325 ,2.8829 ,-0.3461 ,0.9144 ,
1.0000 ,0.9775 ,0.9176 ,-20.3182 ,3.5222 ,-0.3394 ,0.9166 ,
1.0000 ,0.9775 ,0.9507 ,-19.9983 ,3.5241 ,-0.3343 ,0.9185 ,
1.0000 ,0.9774 ,0.9698 ,-20.3404 ,2.2421 ,-0.3397 ,0.9165 ,
1.0000 ,0.9774 ,0.9464 ,-20.9504 ,4.1639 ,-0.3495 ,0.9128 ,
1.0000 ,0.9773 ,1.0000 ,-20.5149 ,4.1639 ,-0.3425 ,0.9153 ,
1.0000 ,0.9773 ,0.9443 ,-19.5166 ,4.0878 ,-0.3265 ,0.9211 ,
1.0000 ,0.9772 ,0.9022 ,-19.7570 ,3.1441 ,-0.3303 ,0.9197 ,
1.0000 ,0.9772 ,0.9653 ,-20.5620 ,4.1639 ,-0.3432 ,0.9149 ,
1.0000 ,0.9771 ,0.9542 ,-20.9997 ,4.1639 ,-0.3502 ,0.9122 ,
1.0000 ,0.9771 ,0.9382 ,-19.9446 ,4.1639 ,-0.3333 ,0.9185 ,
1.0000 ,0.9771 ,0.9336 ,-20.7462 ,4.1658 ,-0.3461 ,0.9137 ,
1.0000 ,0.9771 ,0.6079 ,-20.5509 ,3.5222 ,-0.3430 ,0.9149 ,
1.0000 ,0.9771 ,0.9226 ,-20.9032 ,4.1639 ,-0.3486 ,0.9127 ,
1.0000 ,0.9770 ,0.2850 ,-20.1212 ,3.5222 ,-0.3361 ,0.9174 ,
1.0000 ,0.9769 ,0.9761 ,-20.5286 ,4.1639 ,-0.3426 ,0.9149 ,
1.0000 ,0.9769 ,0.9257 ,-20.4704 ,3.4266 ,-0.3417 ,0.9152 ,
1.0000 ,0.9769 ,0.9313 ,-20.5149 ,3.5222 ,-0.3424 ,0.9149 ,
1.0000 ,0.9768 ,0.9690 ,-20.5149 ,2.8829 ,-0.3423 ,0.9149 ,
1.0000 ,0.9767 ,0.9373 ,-20.4636 ,3.5241 ,-0.3415 ,0.9150 ,
1.0000 ,0.9763 ,0.9380 ,-20.8337 ,3.5241 ,-0.3472 ,0.9125 ,
0.0000 ,0.8646 ,1.0000 ,-0.6243 ,4.8060 ,-0.0094 ,0.8646 ,
0.0000 ,0.8644 ,1.0000 ,-0.5659 ,3.5241 ,-0.0085 ,0.8643 ,
0.0000 ,0.8641 ,1.0000 ,-0.4752 ,3.5241 ,-0.0072 ,0.8641 ,
0.0000 ,0.8640 ,1.0000 ,-0.7314 ,4.8060 ,-0.0110 ,0.8640 ,
0.0000 ,0.8640 ,1.0000 ,-0.8196 ,4.8060 ,-0.0124 ,0.8639 ,
0.0000 ,0.8639 ,1.0000 ,0.3622 ,3.5241 ,0.0055 ,0.8639 ,
0.0000 ,0.8637 ,1.0000 ,-0.7586 ,3.5422 ,-0.0114 ,0.8636 ,
0.0000 ,0.8637 ,1.0000 ,-0.3934 ,4.8060 ,-0.0059 ,0.8636 ,
0.0000 ,0.8636 ,1.0000 ,-0.6873 ,3.5241 ,-0.0104 ,0.8636 ,
0.0000 ,0.8635 ,1.0000 ,0.1209 ,5.4488 ,0.0018 ,0.8635 ,
0.0000 ,0.8635 ,1.0000 ,-0.9013 ,4.8060 ,-0.0136 ,0.8634 ,
0.0000 ,0.8635 ,1.0000 ,-0.8974 ,2.8829 ,-0.0135 ,0.8634 ,
0.0000 ,0.8634 ,1.0000 ,-0.6937 ,4.1658 ,-0.0105 ,0.8633 ,
0.0000 ,0.8634 ,0.6095 ,-1.0738 ,4.1639 ,-0.0162 ,0.8632 ,
0.0000 ,0.8634 ,0.2131 ,-0.3518 ,4.1639 ,-0.0053 ,0.8634 ,
0.0000 ,0.8634 ,1.0000 ,-0.6704 ,4.8060 ,-0.0101 ,0.8633 ,
0.0000 ,0.8632 ,1.0000 ,-0.5049 ,4.1658 ,-0.0076 ,0.8631 ,
0.0000 ,0.8631 ,0.3279 ,-0.3349 ,4.1639 ,-0.0050 ,0.8631 ,
0.0000 ,0.8630 ,1.0000 ,-0.0198 ,4.1658 ,-0.0003 ,0.8630 ,
0.0000 ,0.8630 ,1.0000 ,-0.6035 ,4.1639 ,-0.0091 ,0.8629 ,
0.0000 ,0.8630 ,1.0000 ,-0.3117 ,3.5241 ,-0.0047 ,0.8629 ,
0.0000 ,0.8629 ,1.0000 ,0.1249 ,4.8060 ,0.0019 ,0.8629 ,
0.0000 ,0.8629 ,1.0000 ,-0.4752 ,2.8829 ,-0.0072 ,0.8628 ,
0.0000 ,0.8628 ,1.0000 ,-0.7274 ,4.1639 ,-0.0110 ,0.8627 ,
0.0000 ,0.0000 ,0.0000 ,0.0000 ,0.0000 ,-0.0091 ,0.8625 ,
0.0000 ,0.0000 ,0.0000 ,0.0000 ,0.0000 ,12.9718 ,25.9436 ,
0.0000 ,0.0000 ,0.0000 ,0.0000 ,0.0000 ,-12.9718 ,25.9436 ,

4.0000 ,18.9485 ,0.6221 ,-20.6673 ,-17.8953 ,-6.6877 ,17.7291 ,
4.0000 ,14.7142 ,0.6692 ,-14.9922 ,-13.9007 ,-3.8064 ,14.2134 ,
4.0000 ,2.9024 ,0.6001 ,5.2979 ,-21.2914 ,0.2680 ,2.8900 ,
4.0000 ,2.3469 ,0.6003 ,-25.0580 ,-34.3488 ,-0.9940 ,2.1260 ,
4.0000 ,2.3452 ,0.6368 ,-24.0062 ,-32.0557 ,-0.9541 ,2.1423 ,
4.0000 ,2.3447 ,0.6267 ,-26.4000 ,-31.3796 ,-1.0425 ,2.1002 ,
4.0000 ,2.3433 ,0.6315 ,-23.2156 ,-34.3488 ,-0.9237 ,2.1535 ,
4.0000 ,2.3371 ,0.6540 ,-24.2565 ,-35.1278 ,-0.9601 ,2.1308 ,
4.0000 ,2.3351 ,0.6172 ,-22.9145 ,-34.3488 ,-0.9092 ,2.1508 ,
4.0000 ,2.3348 ,0.6267 ,-23.7190 ,-34.3488 ,-0.9392 ,2.1375 ,
4.0000 ,2.3346 ,0.6802 ,-23.7510 ,-32.8119 ,-0.9403 ,2.1369 ,
4.0000 ,2.3346 ,0.6401 ,-23.2523 ,-32.0557 ,-0.9216 ,2.1450 ,
4.0000 ,2.3339 ,0.6392 ,-24.2451 ,-31.3034 ,-0.9584 ,2.1281 ,
4.0000 ,2.3339 ,0.6593 ,-21.9833 ,-32.0557 ,-0.8737 ,2.1642 ,
4.0000 ,2.3339 ,0.6108 ,-22.1260 ,-32.0557 ,-0.8790 ,2.1620 ,
4.0000 ,2.3329 ,0.6381 ,-23.1040 ,-33.5769 ,-0.9154 ,2.1458 ,
4.0000 ,2.3273 ,0.6636 ,-21.1234 ,-32.0557 ,-0.8387 ,2.1709 ,
4.0000 ,2.3255 ,0.6730 ,-21.2765 ,-34.3488 ,-0.8439 ,2.1670 ,
4.0000 ,2.3248 ,0.6245 ,-22.1330 ,-32.8142 ,-0.8759 ,2.1535 ,
4.0000 ,2.3240 ,0.6658 ,-20.7976 ,-30.5571 ,-0.8252 ,2.1725 ,
4.0000 ,2.3235 ,0.6025 ,-20.8406 ,-32.8119 ,-0.8266 ,2.1715 ,
4.0000 ,2.3233 ,0.6544 ,-19.8797 ,-33.5769 ,-0.7900 ,2.1849 ,
4.0000 ,2.3230 ,0.5997 ,-19.5566 ,-34.3488 ,-0.7776 ,2.1889 ,
4.0000 ,2.3217 ,0.6340 ,-21.8001 ,-30.5571 ,-0.8622 ,2.1557 ,
4.0000 ,2.3201 ,0.6483 ,-21.2542 ,-33.5769 ,-0.8410 ,2.1623 ,
3.0000 ,2.1786 ,0.7306 ,39.5576 ,-32.0557 ,1.3875 ,1.6797 ,
3.0000 ,2.1782 ,0.6551 ,38.5520 ,-30.5571 ,1.3575 ,1.7034 ,
3.0000 ,2.1777 ,0.7104 ,38.3616 ,-30.5571 ,1.3515 ,1.7076 ,
3.0000 ,2.1776 ,0.6974 ,39.5384 ,-32.8142 ,1.3862 ,1.6794 ,
3.0000 ,2.1775 ,0.6916 ,39.0907 ,-34.3488 ,1.3730 ,1.6901 ,
3.0000 ,2.1775 ,0.7008 ,38.3268 ,-31.3034 ,1.3504 ,1.7082 ,
3.0000 ,2.1774 ,0.7024 ,38.4824 ,-31.3012 ,1.3549 ,1.7045 ,
3.0000 ,2.1773 ,0.6762 ,38.6033 ,-32.8142 ,1.3584 ,1.7015 ,
3.0000 ,2.1770 ,0.6918 ,38.7805 ,-32.0557 ,1.3635 ,1.6971 ,
3.0000 ,2.1767 ,0.6999 ,38.4906 ,-33.5769 ,1.3548 ,1.7037 ,
3.0000 ,2.1766 ,0.6544 ,38.2656 ,-32.8119 ,1.3480 ,1.7090 ,
3.0000 ,2.1765 ,0.7099 ,38.5603 ,-32.8142 ,1.3567 ,1.7019 ,
3.0000 ,2.1764 ,0.6984 ,39.2044 ,-33.5769 ,1.3757 ,1.6865 ,
3.0000 ,2.1763 ,0.7223 ,38.4741 ,-31.3012 ,1.3540 ,1.7038 ,
3.0000 ,2.1761 ,0.6978 ,38.3963 ,-32.8119 ,1.3516 ,1.7055 ,
3.0000 ,2.1759 ,0.6546 ,39.4459 ,-33.5769 ,1.3824 ,1.6803 ,
3.0000 ,2.1758 ,0.7064 ,39.0371 ,-31.3034 ,1.3704 ,1.6900 ,
3.0000 ,2.1758 ,0.6642 ,38.1798 ,-31.3034 ,1.3449 ,1.7103 ,
3.0000 ,2.1757 ,0.7004 ,37.4466 ,-31.3034 ,1.3229 ,1.7273 ,
3.0000 ,2.1757 ,0.7001 ,39.0371 ,-32.8119 ,1.3703 ,1.6900 ,
3.0000 ,2.1754 ,0.7242 ,38.0891 ,-32.8119 ,1.3420 ,1.7122 ,
3.0000 ,2.1754 ,0.6550 ,38.6916 ,-32.0534 ,1.3599 ,1.6979 ,
3.0000 ,2.1750 ,0.7126 ,38.4874 ,-32.8119 ,1.3536 ,1.7024 ,
3.0000 ,2.1745 ,0.6596 ,39.0505 ,-32.8119 ,1.3699 ,1.6887 ,
3.0000 ,2.1738 ,0.6827 ,38.4393 ,-32.0557 ,1.3514 ,1.7027 ,
2.0000 ,1.1723 ,0.6684 ,-6.2935 ,-25.4772 ,-0.1285 ,1.1653 ,
2.0000 ,1.1618 ,0.6540 ,-2.3419 ,-23.3698 ,-0.0475 ,1.1608 ,
2.0000 ,1.1615 ,0.6642 ,-1.4599 ,-26.1884 ,-0.0296 ,1.1612 ,
2.0000 ,1.1611 ,0.6803 ,-2.0835 ,-25.4772 ,-0.0422 ,1.1603 ,
2.0000 ,1.1610 ,0.6497 ,-4.1186 ,-24.0691 ,-0.0834 ,1.1580 ,
2.0000 ,1.1609 ,0.6795 ,-5.3148 ,-24.0691 ,-0.1075 ,1.1559 ,
2.0000 ,1.1607 ,0.6816 ,-6.4860 ,-24.7722 ,-0.1311 ,1.1533 ,
2.0000 ,1.1606 ,0.6608 ,-5.4686 ,-23.3698 ,-0.1106 ,1.1553 ,
2.0000 ,1.1604 ,0.6972 ,-6.4456 ,-22.6742 ,-0.1303 ,1.1531 ,
2.0000 ,1.1603 ,0.6691 ,-6.3952 ,-24.0691 ,-0.1292 ,1.1531 ,
2.0000 ,1.1602 ,0.6645 ,-5.1755 ,-24.7701 ,-0.1047 ,1.1555 ,
2.0000 ,1.1601 ,0.6827 ,-6.1799 ,-25.4772 ,-0.1249 ,1.1534 ,
2.0000 ,1.1600 ,0.6884 ,-4.0366 ,-24.7701 ,-0.0817 ,1.1571 ,
2.0000 ,1.1599 ,0.6977 ,-4.4555 ,-23.3698 ,-0.0901 ,1.1564 ,
2.0000 ,1.1597 ,0.7234 ,-1.4014 ,-25.4772 ,-0.0284 ,1.1594 ,
2.0000 ,1.1596 ,0.6827 ,-6.2242 ,-24.7722 ,-0.1257 ,1.1528 ,
2.0000 ,1.1592 ,0.6694 ,-1.3548 ,-24.7701 ,-0.0274 ,1.1589 ,
2.0000 ,1.1587 ,0.6639 ,-3.9691 ,-24.0691 ,-0.0802 ,1.1560 ,
2.0000 ,1.1587 ,0.6755 ,-6.5134 ,-24.7701 ,-0.1314 ,1.1512 ,
2.0000 ,1.1585 ,0.7127 ,-6.2686 ,-23.3698 ,-0.1265 ,1.1515 ,
2.0000 ,1.1584 ,0.6504 ,-2.8567 ,-24.7701 ,-0.0577 ,1.1569 ,
2.0000 ,1.1584 ,0.6569 ,-6.1734 ,-24.7701 ,-0.1246 ,1.1516 ,
2.0000 ,1.1583 ,0.6724 ,-4.1499 ,-23.3698 ,-0.0838 ,1.1553 ,
2.0000 ,1.1574 ,0.6048 ,-2.9892 ,-23.3698 ,-0.0604 ,1.1558 ,
2.0000 ,1.1465 ,0.6802 ,-1.2036 ,-23.3698 ,-0.0241 ,1.1462 ,
1.0000 ,0.9786 ,0.9461 ,-20.5175 ,4.1639 ,-0.3430 ,0.9165 ,
1.0000 ,0.9781 ,0.9634 ,-20.3293 ,4.1639 ,-0.3398 ,0.9171 ,
1.0000 ,0.9780 ,0.9040 ,-20.1392 ,2.2421 ,-0.3367 ,0.9182 ,
1.0000 ,0.9778 ,0.9039 ,-20.4678 ,4.8060 ,-0.3419 ,0.9161 ,
1.0000 ,0.9778 ,0.9207 ,-20.9663 ,3.6405 ,-0.3499 ,0.9131 ,
1.0000 ,0.9778 ,0.9160 ,-20.9143 ,4.1639 ,-0.3490 ,0.9133 ,
1.0000 ,0.9775 ,0.9408 ,-21.0650 ,4.1639 ,-0.3514 ,0.9122 ,
1.0000 ,0.9775 ,0.9324 ,-19.7128 ,3.5222 ,-0.3297 ,0.9202 ,
1.0000 ,0.9775 ,0.9196 ,-20.5466 ,4.8060 ,-0.3431 ,0.9153 ,
1.0000 ,0.9774 ,0.9350 ,-20.2823 ,2.2421 ,-0.3388 ,0.9168 ,
1.0000 ,0.9773 ,0.9598 ,-20.2152 ,2.8829 ,-0.3377 ,0.9171 ,
1.0000 ,0.9772 ,0.9405 ,-20.2152 ,4.1639 ,-0.3377 ,0.9170 ,
1.0000 ,0.9772 ,0.9040 ,-20.3156 ,3.5241 ,-0.3393 ,0.9164 ,
1.0000 ,0.9772 ,0.9181 ,-19.8039 ,3.5222 ,-0.3311 ,0.9194 ,
1.0000 ,0.9771 ,0.9616 ,-20.4456 ,2.8829 ,-0.3413 ,0.9155 ,
1.0000 ,0.9770 ,0.9251 ,-20.0163 ,2.8829 ,-0.3344 ,0.9180 ,
1.0000 ,0.9770 ,0.9619 ,-20.5868 ,2.2421 ,-0.3435 ,0.9146 ,
1.0000 ,0.9768 ,0.9184 ,-20.5868 ,4.8060 ,-0.3435 ,0.9145 ,
1.0000 ,0.9768 ,0.9578 ,-20.3584 ,3.5241 ,-0.3398 ,0.9158 ,
1.0000 ,0.9767 ,0.9504 ,-20.4096 ,4.1639 ,-0.3406 ,0.9154 ,
1.0000 ,0.9766 ,0.9590 ,-21.2946 ,4.1639 ,-0.3547 ,0.9100 ,
1.0000 ,0.9764 ,0.9241 ,-20.7796 ,4.1639 ,-0.3464 ,0.9129 ,
1.0000 ,0.9763 ,0.9313 ,-19.6923 ,2.2421 ,-0.3290 ,0.9192 ,
1.0000 ,0.9643 ,0.9365 ,-24.0887 ,4.1639 ,-0.3936 ,0.8803 ,
1.0000 ,0.9641 ,0.9597 ,-23.1929 ,3.5222 ,-0.3797 ,0.8862 ,
0.0000 ,0.8642 ,1.0000 ,-0.4271 ,3.5241 ,-0.0064 ,0.8642 ,
0.0000 ,0.8641 ,1.0000 ,-0.3181 ,4.1639 ,-0.0048 ,0.8641 ,
0.0000 ,0.8639 ,1.0000 ,-0.1922 ,4.1658 ,-0.0029 ,0.8639 ,
0.0000 ,0.8639 ,1.0000 ,-0.5153 ,2.8829 ,-0.0078 ,0.8638 ,
0.0000 ,0.8638 ,1.0000 ,-0.8741 ,4.1658 ,-0.0132 ,0.8637 ,
0.0000 ,0.8638 ,1.0000 ,-0.7883 ,4.8060 ,-0.0119 ,0.8638 ,
0.0000 ,0.8638 ,1.0000 ,-0.6560 ,2.8829 ,-0.0099 ,0.8637 ,
0.0000 ,0.8638 ,1.0000 ,-0.3349 ,4.8060 ,-0.0050 ,0.8637 ,
0.0000 ,0.8637 ,1.0000 ,-0.6496 ,3.5241 ,-0.0098 ,0.8637 ,
0.0000 ,0.8637 ,1.0000 ,-0.1209 ,3.5241 ,-0.0018 ,0.8637 ,
0.0000 ,0.8637 ,1.0000 ,-0.9455 ,3.5241 ,-0.0143 ,0.8636 ,
0.0000 ,0.8634 ,1.0000 ,-0.5490 ,3.5241 ,-0.0083 ,0.8634 ,
0.0000 ,0.8633 ,1.0000 ,-1.4663 ,3.5241 ,-0.0221 ,0.8631 ,
0.0000 ,0.8633 ,1.0000 ,-0.7923 ,4.8060 ,-0.0119 ,0.8632 ,
0.0000 ,0.8633 ,1.0000 ,-0.1690 ,4.8060 ,-0.0025 ,0.8633 ,
0.0000 ,0.8633 ,1.0000 ,-0.8156 ,2.8829 ,-0.0123 ,0.8632 ,
0.0000 ,0.8633 ,1.0000 ,-0.0054 ,4.8060 ,-0.0001 ,0.8633 ,
0.0000 ,0.8632 ,1.0000 ,-0.2363 ,4.1658 ,-0.0036 ,0.8632 ,
0.0000 ,0.8632 ,1.0000 ,-1.0738 ,2.8829 ,-0.0162 ,0.8631 ,
0.0000 ,0.8632 ,1.0000 ,-0.5490 ,3.5241 ,-0.0083 ,0.8631 ,
0.0000 ,0.8631 ,1.0000 ,-1.2750 ,3.5241 ,-0.0192 ,0.8629 ,
0.0000 ,0.8630 ,1.0000 ,-0.0367 ,4.8060 ,-0.0006 ,0.8630 ,
0.0000 ,0.8628 ,1.0000 ,-0.7859 ,4.8060 ,-0.0118 ,0.8628 ,
0.0000 ,0.8628 ,1.0000 ,-0.5361 ,3.5241 ,-0.0081 ,0.8628 ,
0.0000 ,0.0000 ,0.0000 ,0.0000 ,0.0000 ,-0.0055 ,0.8628 ,
0.0000 ,0.0000 ,0.0000 ,0.0000 ,0.0000 ,12.9718 ,25.9436 ,
0.0000 ,0.0000 ,0.0000 ,0.0000 ,0.0000 ,-12.9718 ,25.9436 ,

4.0000 ,13.2625 ,0.8998 ,-15.3120 ,-15.8861 ,-3.5023 ,12.7917 ,
4.0000 ,13.2232 ,0.7225 ,-17.8813 ,-15.8881 ,-4.0601 ,12.5844 ,
4.0000 ,13.1913 ,0.6699 ,-12.0625 ,-15.2216 ,-2.7567 ,12.9001 ,
3.0000 ,13.1343 ,0.9629 ,-16.1887 ,-17.8934 ,-3.6619 ,12.6135 ,
3.0000 ,13.0222 ,0.7762 ,-16.0794 ,-15.2216 ,-3.6067 ,12.5128 ,
4.0000 ,12.8130 ,0.7851 ,-13.9538 ,-13.2421 ,-3.0897 ,12.4349 ,
3.0000 ,12.5933 ,0.9121 ,-15.2662 ,-11.9302 ,-3.3159 ,12.1490 ,
4.0000 ,12.5646 ,0.7056 ,-13.0926 ,-5.4488 ,-2.8462 ,12.2380 ,
2.0000 ,12.5176 ,1.0000 ,-16.4531 ,-13.2421 ,-3.5454 ,12.0050 ,
3.0000 ,12.4353 ,1.0000 ,-15.9026 ,-12.5853 ,-3.4073 ,11.9594 ,
4.0000 ,12.3982 ,0.8527 ,-12.8683 ,-12.5853 ,-2.7612 ,12.0868 ,
3.0000 ,12.2248 ,0.5715 ,-15.3094 ,-11.9302 ,-3.2277 ,11.7910 ,
2.0000 ,12.2234 ,0.6533 ,-15.5448 ,-14.5592 ,-3.2758 ,11.7762 ,
4.0000 ,12.0532 ,0.9286 ,-11.8371 ,2.8811 ,-2.4725 ,11.7969 ,
2.0000 ,12.0169 ,1.0000 ,-15.6384 ,-13.0843 ,-3.2393 ,11.5720 ,
3.0000 ,11.9241 ,0.4195 ,-14.4844 ,4.1658 ,-2.9824 ,11.5451 ,
4.0000 ,11.9021 ,0.4725 ,-9.6150 ,-0.9612 ,-1.9880 ,11.7349 ,
4.0000 ,11.7118 ,0.6808 ,-12.5864 ,-13.8988 ,-2.5521 ,11.4303 ,
2.0000 ,11.7086 ,1.0000 ,-14.5970 ,-15.2216 ,-2.9508 ,11.3307 ,
4.0000 ,11.6678 ,0.8496 ,-10.1607 ,2.2421 ,-2.0583 ,11.4848 ,
3.0000 ,11.6513 ,0.6972 ,-16.2259 ,-13.2421 ,-3.2557 ,11.1872 ,
2.0000 ,11.4715 ,1.0000 ,-14.5755 ,-13.9007 ,-2.8869 ,11.1024 ,
4.0000 ,11.4493 ,1.0000 ,-9.1665 ,-11.2748 ,-1.8239 ,11.3031 ,
3.0000 ,11.3886 ,1.0000 ,-15.5032 ,-13.9007 ,-3.0441 ,10.9743 ,
2.0000 ,11.2074 ,0.9034 ,-14.7056 ,-12.5853 ,-2.8450 ,10.8403 ,
4.0000 ,11.1404 ,0.3450 ,-8.2742 ,-6.0941 ,-1.6032 ,11.0244 ,
3.0000 ,11.0913 ,0.7086 ,-13.3058 ,-11.9302 ,-2.5526 ,10.7935 ,
2.0000 ,10.9845 ,0.9143 ,-13.0819 ,-14.5592 ,-2.4863 ,10.6994 ,
4.0000 ,10.9120 ,0.8405 ,-8.8219 ,-10.6227 ,-1.6735 ,10.7829 ,
3.0000 ,10.8973 ,0.5198 ,-12.4534 ,-12.5834 ,-2.3500 ,10.6409 ,
2.0000 ,10.6898 ,1.0000 ,-13.9431 ,-12.5684 ,-2.5758 ,10.3748 ,
3.0000 ,10.6400 ,1.0000 ,-12.5240 ,-10.6246 ,-2.3073 ,10.3869 ,
2.0000 ,10.4867 ,0.7780 ,-12.0453 ,-11.9302 ,-2.1884 ,10.2558 ,
4.0000 ,10.4831 ,0.6731 ,-6.7628 ,-8.0294 ,-1.2345 ,10.4101 ,
4.0000 ,10.3914 ,0.9259 ,-12.4362 ,-10.0260 ,-2.2378 ,10.1476 ,
3.0000 ,10.3300 ,0.8886 ,-10.6217 ,-9.9721 ,-1.9041 ,10.1530 ,
3.0000 ,10.2971 ,0.8367 ,-12.6595 ,-4.8079 ,-2.2567 ,10.0468 ,
4.0000 ,10.2954 ,0.7213 ,-2.1405 ,-5.4507 ,-0.3845 ,10.2882 ,
2.0000 ,10.1787 ,1.0000 ,-8.7667 ,-9.9740 ,-1.5514 ,10.0598 ,
4.0000 ,10.1358 ,0.7640 ,-10.1436 ,-9.3227 ,-1.7851 ,9.9773 ,
4.0000 ,10.0710 ,0.7683 ,-6.4182 ,-7.3815 ,-1.1258 ,10.0079 ,
3.0000 ,10.0080 ,0.9739 ,-8.1876 ,-10.6227 ,-1.4253 ,9.9059 ,
3.0000 ,9.9993 ,0.7578 ,-6.9954 ,-8.0294 ,-1.2178 ,9.9248 ,
3.0000 ,9.7921 ,1.0000 ,-7.0333 ,-10.6227 ,-1.1990 ,9.7184 ,
3.0000 ,9.7860 ,0.7747 ,-6.4481 ,-6.7364 ,-1.0990 ,9.7241 ,
4.0000 ,9.6625 ,0.7947 ,-3.6369 ,-0.3192 ,-0.6129 ,9.6431 ,
2.0000 ,9.6263 ,0.7241 ,-7.2511 ,-7.3815 ,-1.2150 ,9.5493 ,
2.0000 ,9.6244 ,0.7502 ,-7.2511 ,-6.7383 ,-1.2148 ,9.5474 ,
2.0000 ,9.5231 ,1.0000 ,-3.9691 ,-4.8060 ,-0.6592 ,9.5003 ,
4.0000 ,9.5128 ,0.8850 ,-3.4770 ,0.3192 ,-0.5769 ,9.4953 ,
4.0000 ,9.3985 ,1.0000 ,-0.7715 ,-0.9612 ,-0.1265 ,9.3976 ,
3.0000 ,9.3340 ,1.0000 ,-0.3518 ,-0.9594 ,-0.0573 ,9.3338 ,
3.0000 ,9.2656 ,0.7718 ,-3.7084 ,-2.2421 ,-0.5993 ,9.2462 ,
3.0000 ,9.2522 ,0.5761 ,-2.0900 ,-1.5997 ,-0.3374 ,9.2461 ,
2.0000 ,9.1705 ,0.7346 ,0.4752 ,-0.9594 ,0.0761 ,9.1702 ,
4.0000 ,2.4330 ,0.5999 ,-27.4928 ,-29.0791 ,-1.1231 ,2.1582 ,
4.0000 ,2.3328 ,0.6587 ,-23.4627 ,-35.9144 ,-0.9288 ,2.1399 ,
4.0000 ,2.3235 ,0.6319 ,-22.2031 ,-35.1278 ,-0.8780 ,2.1512 ,
4.0000 ,2.3221 ,0.7074 ,-20.5106 ,-32.0557 ,-0.8136 ,2.1749 ,
2.0000 ,2.1781 ,0.5781 ,37.8233 ,-30.5571 ,1.3357 ,1.7205 ,
3.0000 ,2.1766 ,0.6867 ,37.3518 ,-35.9144 ,1.3206 ,1.7302 ,
3.0000 ,2.1765 ,0.6837 ,38.4128 ,-31.3034 ,1.3523 ,1.7054 ,
2.0000 ,2.1761 ,0.6829 ,39.7346 ,-32.0534 ,1.3910 ,1.6734 ,
3.0000 ,2.1761 ,0.6673 ,37.7512 ,-30.5571 ,1.3323 ,1.7206 ,
2.0000 ,2.1760 ,0.7175 ,38.4046 ,-30.5571 ,1.3517 ,1.7052 ,
3.0000 ,2.1758 ,0.6830 ,38.5090 ,-31.3034 ,1.3547 ,1.7026 ,
3.0000 ,2.1757 ,0.6916 ,38.1401 ,-34.3488 ,1.3437 ,1.7112 ,
2.0000 ,2.1757 ,0.7243 ,37.6954 ,-33.5769 ,1.3304 ,1.7216 ,
2.0000 ,2.1751 ,0.6930 ,38.8504 ,-32.0557 ,1.3644 ,1.6939 ,
2.0000 ,1.1620 ,0.6734 ,-7.2406 ,-25.4772 ,-0.1465 ,1.1527 ,
2.0000 ,1.1606 ,0.6889 ,-3.4939 ,-24.0691 ,-0.0707 ,1.1585 ,
2.0000 ,1.1603 ,0.6683 ,-3.8767 ,-24.6256 ,-0.0784 ,1.1576 ,
2.0000 ,1.1593 ,0.6560 ,-3.8911 ,-23.3698 ,-0.0787 ,1.1566 ,
2.0000 ,1.1577 ,0.6769 ,-5.8461 ,-23.3698 ,-0.1179 ,1.1517 ,
2.0000 ,1.1574 ,0.6453 ,-3.5549 ,-24.0691 ,-0.0718 ,1.1552 ,
1.0000 ,0.9781 ,0.8405 ,-19.4451 ,4.8060 ,-0.3256 ,0.9223 ,
1.0000 ,0.9780 ,0.9615 ,-20.6520 ,3.5241 ,-0.3449 ,0.9152 ,
1.0000 ,0.9779 ,0.8573 ,-19.5319 ,2.2421 ,-0.3269 ,0.9216 ,
1.0000 ,0.9779 ,0.8488 ,-19.9736 ,4.1639 ,-0.3340 ,0.9191 ,
1.0000 ,0.9778 ,0.9115 ,-20.0453 ,3.5241 ,-0.3352 ,0.9186 ,
1.0000 ,0.9777 ,0.7414 ,-21.5676 ,4.1639 ,-0.3594 ,0.9093 ,
1.0000 ,0.9774 ,0.7443 ,-20.5731 ,3.5241 ,-0.3435 ,0.9151 ,
1.0000 ,0.9774 ,0.9378 ,-19.9335 ,2.8829 ,-0.3332 ,0.9188 ,
1.0000 ,0.9772 ,0.7905 ,-20.5149 ,2.2421 ,-0.3425 ,0.9152 ,
1.0000 ,0.9771 ,0.9678 ,-20.2152 ,2.8829 ,-0.3376 ,0.9169 ,
1.0000 ,0.9770 ,0.9363 ,-20.3806 ,4.1639 ,-0.3403 ,0.9159 ,
1.0000 ,0.9770 ,0.5829 ,-20.0495 ,4.1639 ,-0.3349 ,0.9178 ,
1.0000 ,0.9769 ,0.9417 ,-20.3763 ,2.8829 ,-0.3401 ,0.9158 ,
1.0000 ,0.9768 ,0.9484 ,-20.6091 ,3.5222 ,-0.3438 ,0.9143 ,
1.0000 ,0.9768 ,0.5945 ,-20.3224 ,4.1639 ,-0.3392 ,0.9160 ,
1.0000 ,0.9767 ,0.6155 ,-20.7033 ,3.5222 ,-0.3453 ,0.9136 ,
1.0000 ,0.9767 ,0.8427 ,-21.0024 ,2.8829 ,-0.3501 ,0.9118 ,
1.0000 ,0.9767 ,0.9536 ,-19.8465 ,4.1639 ,-0.3316 ,0.9187 ,
1.0000 ,0.9767 ,0.9785 ,-20.5757 ,3.5222 ,-0.3432 ,0.9144 ,
1.0000 ,0.9767 ,0.9790 ,-20.2331 ,2.8829 ,-0.3378 ,0.9164 ,
1.0000 ,0.9766 ,0.7873 ,-20.9392 ,4.1639 ,-0.3490 ,0.9122 ,
1.0000 ,0.9765 ,0.6127 ,-20.4165 ,2.8829 ,-0.3407 ,0.9152 ,
1.0000 ,0.9764 ,0.4165 ,-20.6091 ,3.5222 ,-0.3437 ,0.9139 ,
1.0000 ,0.9764 ,0.9795 ,-20.3943 ,2.8829 ,-0.3403 ,0.9152 ,
1.0000 ,0.9639 ,0.5579 ,-23.5081 ,3.5222 ,-0.3845 ,0.8839 ,
0.0000 ,0.8643 ,0.4425 ,-0.7170 ,2.8829 ,-0.0108 ,0.8642 ,
0.0000 ,0.8643 ,0.8324 ,-0.3181 ,4.1639 ,-0.0048 ,0.8643 ,
0.0000 ,0.8638 ,1.0000 ,-0.5361 ,3.5241 ,-0.0081 ,0.8638 ,
0.0000 ,0.8638 ,1.0000 ,-1.0193 ,3.5241 ,-0.0154 ,0.8637 ,
0.0000 ,0.8637 ,0.9169 ,-0.5193 ,4.1658 ,-0.0078 ,0.8637 ,
0.0000 ,0.8637 ,0.6293 ,-0.3325 ,4.1639 ,-0.0050 ,0.8637 ,
0.0000 ,0.8637 ,1.0000 ,-0.5906 ,4.5788 ,-0.0089 ,0.8637 ,
0.0000 ,0.8637 ,1.0000 ,-0.1016 ,5.4488 ,-0.0015 ,0.8637 ,
0.0000 ,0.8637 ,0.6390 ,-1.2438 ,3.5241 ,-0.0187 ,0.8635 ,
0.0000 ,0.8636 ,0.5915 ,-0.4038 ,4.8060 ,-0.0061 ,0.8636 ,
0.0000 ,0.8636 ,0.8778 ,-0.5193 ,4.1639 ,-0.0078 ,0.8635 ,
0.0000 ,0.8635 ,0.9014 ,-0.9455 ,4.8060 ,-0.0142 ,0.8634 ,
0.0000 ,0.8635 ,0.8504 ,-0.4985 ,4.8060 ,-0.0075 ,0.8635 ,
0.0000 ,0.8635 ,1.0000 ,-0.6308 ,4.1639 ,-0.0095 ,0.8635 ,
0.0000 ,0.8635 ,1.0000 ,-0.8870 ,4.1639 ,-0.0134 ,0.8634 ,
0.0000 ,0.8634 ,1.0000 ,-0.5698 ,2.8829 ,-0.0086 ,0.8634 ,
0.0000 ,0.8633 ,0.9178 ,-0.4038 ,2.8829 ,-0.0061 ,0.8633 ,
0.0000 ,0.8632 ,1.0000 ,0.0639 ,4.1639 ,0.0010 ,0.8632 ,
0.0000 ,0.8631 ,0.8111 ,-0.4816 ,4.1658 ,-0.0073 ,0.8631 ,
0.0000 ,0.8630 ,1.0000 ,-0.5867 ,3.5241 ,-0.0088 ,0.8630 ,
0.0000 ,0.8629 ,1.0000 ,-0.5594 ,3.5241 ,-0.0084 ,0.8629 ,
0.0000 ,0.8629 ,0.7881 ,-0.7106 ,4.8060 ,-0.0107 ,0.8628 ,
0.0000 ,0.8629 ,0.5695 ,-0.0327 ,4.1639 ,-0.0005 ,0.8629 ,
0.0000 ,0.8629 ,0.5973 ,-0.7547 ,3.5241 ,-0.0114 ,0.8628 ,
0.0000 ,0.0000 ,0.0000 ,0.0000 ,0.0000 ,-0.0122 ,0.8625 ,
0.0000 ,0.0000 ,0.0000 ,0.0000 ,0.0000 ,12.9718 ,25.9436 ,
0.0000 ,0.0000 ,0.0000 ,0.0000 ,0.0000 ,-12.9718 ,25.9436 ,

4.0000 ,23.1458 ,0.4275 ,5.1715 ,4.1796 ,2.0863 ,23.0515 ,
4.0000 ,23.1304 ,0.2735 ,5.9178 ,5.4507 ,2.3848 ,23.0071 ,
4.0000 ,23.1005 ,0.2696 ,6.1943 ,6.0941 ,2.4926 ,22.9657 ,
4.0000 ,23.0016 ,0.7298 ,8.8324 ,8.6764 ,3.5318 ,22.7288 ,
3.0000 ,22.7902 ,0.4447 ,6.9784 ,4.8079 ,2.7689 ,22.6214 ,
3.0000 ,22.7072 ,0.2583 ,7.0798 ,8.0275 ,2.7987 ,22.5341 ,
3.0000 ,22.7037 ,0.2278 ,6.0089 ,6.7383 ,2.3767 ,22.5789 ,
4.0000 ,10.7329 ,0.5519 ,16.2542 ,17.8953 ,3.0041 ,10.3039 ,
4.0000 ,10.5070 ,0.3357 ,12.6143 ,14.5611 ,2.2946 ,10.2534 ,
4.0000 ,10.1143 ,0.2814 ,28.2332 ,22.6742 ,4.7847 ,8.9110 ,
4.0000 ,10.0740 ,0.7808 ,25.8696 ,28.3492 ,4.3955 ,9.0644 ,
4.0000 ,9.8179 ,0.7395 ,25.6039 ,26.9062 ,4.2428 ,8.8538 ,
4.0000 ,9.7496 ,0.7310 ,22.7667 ,18.5693 ,3.7729 ,8.9899 ,
3.0000 ,9.5891 ,1.0000 ,18.3380 ,21.2935 ,3.0170 ,9.1022 ,
3.0000 ,9.5858 ,0.6023 ,19.7886 ,22.6722 ,3.2453 ,9.0197 ,
4.0000 ,9.5853 ,0.3141 ,16.3503 ,19.2460 ,2.6984 ,9.1977 ,
4.0000 ,9.5719 ,0.3110 ,6.9954 ,15.8881 ,1.1657 ,9.5006 ,
2.0000 ,9.4839 ,0.3120 ,13.4938 ,13.2421 ,2.2130 ,9.2221 ,
2.0000 ,9.4770 ,0.3589 ,6.0363 ,0.3192 ,0.9966 ,9.4244 ,
2.0000 ,9.4664 ,0.2701 ,16.3436 ,17.8934 ,2.6638 ,9.0839 ,
4.0000 ,9.4550 ,0.2558 ,7.9754 ,6.7364 ,1.3119 ,9.3636 ,
3.0000 ,9.4509 ,1.0000 ,14.3933 ,16.5548 ,2.3493 ,9.1543 ,
4.0000 ,9.4383 ,0.4200 ,3.8449 ,3.5222 ,0.6329 ,9.4170 ,
4.0000 ,9.4287 ,0.7101 ,4.0913 ,-11.2767 ,0.6727 ,9.4047 ,
3.0000 ,9.4025 ,0.3367 ,18.1283 ,15.8861 ,2.9255 ,8.9358 ,
3.0000 ,9.3882 ,0.4016 ,12.6727 ,14.5592 ,2.0596 ,9.1595 ,
3.0000 ,9.3654 ,1.0000 ,16.2408 ,17.8934 ,2.6193 ,8.9917 ,
3.0000 ,9.3495 ,1.0000 ,15.3860 ,17.8953 ,2.4806 ,9.0145 ,
1.0000 ,9.3353 ,0.2644 ,12.2297 ,9.9740 ,1.9775 ,9.1234 ,
2.0000 ,9.3286 ,1.0000 ,17.1503 ,15.2216 ,2.7508 ,8.9138 ,
2.0000 ,9.3241 ,0.9169 ,16.8673 ,15.8861 ,2.7055 ,8.9230 ,
3.0000 ,9.3193 ,1.0000 ,12.9609 ,15.2216 ,2.0902 ,9.0819 ,
3.0000 ,9.3086 ,0.3729 ,1.5858 ,3.5222 ,0.2576 ,9.3050 ,
1.0000 ,9.3004 ,1.0000 ,16.5058 ,17.8934 ,2.6424 ,8.9172 ,
2.0000 ,9.2754 ,0.8364 ,11.2884 ,13.3485 ,1.8156 ,9.0960 ,
2.0000 ,9.2700 ,0.8484 ,14.5059 ,17.2239 ,2.3219 ,8.9745 ,
2.0000 ,9.2673 ,1.0000 ,14.5274 ,16.5529 ,2.3246 ,8.9710 ,
4.0000 ,9.2576 ,0.9497 ,1.1347 ,0.9612 ,0.1833 ,9.2558 ,
3.0000 ,9.2571 ,0.4026 ,17.8964 ,15.2236 ,2.8447 ,8.8092 ,
2.0000 ,9.2556 ,0.3672 ,15.7651 ,19.2441 ,2.5147 ,8.9074 ,
2.0000 ,9.2449 ,0.2854 ,11.9617 ,15.2236 ,1.9161 ,9.0441 ,
1.0000 ,9.2440 ,0.4176 ,12.9741 ,15.8861 ,2.0754 ,9.0080 ,
2.0000 ,9.2336 ,1.0000 ,2.4807 ,2.8811 ,0.3997 ,9.2250 ,
2.0000 ,9.2204 ,0.8878 ,12.2576 ,17.8934 ,1.9576 ,9.0102 ,
4.0000 ,9.2203 ,0.5637 ,11.6504 ,12.5853 ,1.8619 ,9.0303 ,
4.0000 ,9.2200 ,0.8000 ,8.7627 ,6.7383 ,1.4046 ,9.1123 ,
3.0000 ,9.2116 ,1.0000 ,3.4199 ,4.8060 ,0.5495 ,9.1952 ,
4.0000 ,9.2086 ,0.2958 ,7.2785 ,9.3227 ,1.1667 ,9.1344 ,
2.0000 ,9.2079 ,0.7749 ,13.4031 ,13.5689 ,2.1344 ,8.9571 ,
2.0000 ,9.1749 ,1.0000 ,11.0939 ,15.8881 ,1.7654 ,9.0034 ,
2.0000 ,9.1722 ,1.0000 ,13.1099 ,15.8861 ,2.0804 ,8.9331 ,
3.0000 ,9.1449 ,1.0000 ,13.9605 ,18.5674 ,2.2062 ,8.8748 ,
1.0000 ,9.1447 ,1.0000 ,12.7779 ,14.5592 ,2.0226 ,8.9182 ,
3.0000 ,9.1381 ,1.0000 ,7.4289 ,-9.9721 ,1.1815 ,9.0614 ,
1.0000 ,9.1369 ,0.9199 ,11.8690 ,11.9302 ,1.8792 ,8.9416 ,
1.0000 ,9.1339 ,1.0000 ,11.2778 ,12.5853 ,1.7863 ,8.9576 ,
0.0000 ,9.1211 ,1.0000 ,14.7794 ,10.6246 ,2.3268 ,8.8193 ,
2.0000 ,9.1180 ,1.0000 ,14.2394 ,15.8881 ,2.2428 ,8.8379 ,
1.0000 ,9.1042 ,0.4554 ,14.3867 ,13.2402 ,2.2621 ,8.8187 ,
1.0000 ,9.0958 ,0.6655 ,13.0366 ,15.8881 ,2.0518 ,8.8614 ,
2.0000 ,9.0904 ,0.6520 ,2.1678 ,4.8060 ,0.3439 ,9.0838 ,
0.0000 ,9.0796 ,0.2448 ,13.8737 ,14.5611 ,2.1771 ,8.8147 ,
3.0000 ,9.0738 ,1.0000 ,4.9925 ,7.3815 ,0.7896 ,9.0393 ,
3.0000 ,9.0718 ,1.0000 ,8.7798 ,11.9302 ,1.3847 ,8.9655 ,
0.0000 ,9.0663 ,1.0000 ,15.3618 ,15.2216 ,2.4018 ,8.7424 ,
1.0000 ,9.0516 ,1.0000 ,11.5714 ,9.9740 ,1.8157 ,8.8676 ,
3.0000 ,9.0279 ,1.0000 ,6.9824 ,8.6745 ,1.0975 ,8.9610 ,
3.0000 ,9.0072 ,1.0000 ,11.0000 ,11.9302 ,1.7187 ,8.8418 ,
2.0000 ,8.9991 ,0.8176 ,5.9477 ,-9.9740 ,0.9325 ,8.9507 ,
0.0000 ,8.9760 ,0.4311 ,13.1699 ,13.9007 ,2.0451 ,8.7400 ,
2.0000 ,8.9588 ,0.3149 ,5.7514 ,6.0941 ,0.8978 ,8.9137 ,
2.0000 ,8.9336 ,0.3218 ,12.0346 ,12.5853 ,1.8627 ,8.7373 ,
3.0000 ,2.1754 ,0.6810 ,38.5172 ,-31.3034 ,1.3547 ,1.7021 ,
2.0000 ,1.1597 ,0.6600 ,-4.3099 ,-24.0691 ,-0.0872 ,1.1564 ,
1.0000 ,0.9784 ,0.7158 ,-20.3045 ,4.1639 ,-0.3395 ,0.9176 ,
1.0000 ,0.9780 ,0.2589 ,-20.6408 ,4.1639 ,-0.3448 ,0.9152 ,
1.0000 ,0.9779 ,0.2484 ,-20.3917 ,2.8829 ,-0.3407 ,0.9166 ,
1.0000 ,0.9779 ,0.2485 ,-20.3113 ,4.1639 ,-0.3394 ,0.9171 ,
1.0000 ,0.9773 ,0.4481 ,-20.8517 ,2.2421 ,-0.3479 ,0.9133 ,
1.0000 ,0.9773 ,0.6475 ,-20.8517 ,1.6016 ,-0.3479 ,0.9133 ,
1.0000 ,0.9771 ,0.5223 ,-20.4387 ,2.8829 ,-0.3412 ,0.9156 ,
1.0000 ,0.9769 ,0.2132 ,-20.5980 ,3.5241 ,-0.3437 ,0.9145 ,
1.0000 ,0.9764 ,0.9418 ,-20.9817 ,3.5222 ,-0.3496 ,0.9117 ,
1.0000 ,0.9762 ,0.7045 ,-20.1862 ,4.1639 ,-0.3369 ,0.9163 ,
1.0000 ,0.9642 ,0.5196 ,-23.3526 ,4.1639 ,-0.3822 ,0.8852 ,
1.0000 ,0.9641 ,0.3891 ,-23.9026 ,4.1639 ,-0.3906 ,0.8814 ,
0.0000 ,0.8653 ,0.6713 ,-1.4871 ,3.5222 ,-0.0225 ,0.8650 ,
0.0000 ,0.8644 ,0.5492 ,-0.5634 ,3.5241 ,-0.0085 ,0.8644 ,
0.0000 ,0.8641 ,0.4735 ,-1.4222 ,4.1639 ,-0.0214 ,0.8639 ,
0.0000 ,0.8641 ,0.4081 ,0.0198 ,3.5241 ,0.0003 ,0.8641 ,
0.0000 ,0.8636 ,0.2541 ,-1.0465 ,4.8060 ,-0.0158 ,0.8635 ,
0.0000 ,0.8636 ,0.7355 ,-0.2780 ,3.5241 ,-0.0042 ,0.8636 ,
0.0000 ,0.8632 ,0.5971 ,-0.6704 ,3.5222 ,-0.0101 ,0.8632 ,
0.0000 ,0.8630 ,0.7515 ,-0.0599 ,4.8060 ,-0.0009 ,0.8630 ,
0.0000 ,0.8630 ,0.2718 ,-0.6412 ,4.8060 ,-0.0097 ,0.8630 ,
0.0000 ,0.8628 ,1.0000 ,-0.4945 ,4.1639 ,-0.0074 ,0.8628 ,
0.0000 ,0.8628 ,0.2825 ,0.1625 ,3.5241 ,0.0024 ,0.8628 ,
0.0000 ,0.8627 ,0.2645 ,-0.5802 ,4.1639 ,-0.0087 ,0.8627 ,
0.0000 ,0.8627 ,0.2727 ,-0.0471 ,4.1658 ,-0.0007 ,0.8627 ,
0.0000 ,0.8626 ,0.5469 ,-0.1922 ,2.8829 ,-0.0029 ,0.8626 ,
0.0000 ,0.8624 ,0.2645 ,0.3221 ,4.8060 ,0.0048 ,0.8623 ,
0.0000 ,0.0000 ,0.0000 ,0.0000 ,0.0000 ,-0.0030 ,0.8623 ,
0.0000 ,0.0000 ,0.0000 ,0.0000 ,0.0000 ,12.9718 ,25.9436 ,
0.0000 ,0.0000 ,0.0000 ,0.0000 ,0.0000 ,-12.9718 ,25.9436 ,

4.0000 ,15.2440 ,0.6620 ,30.5537 ,31.3034 ,7.7492 ,13.1274 ,
4.0000 ,14.8757 ,0.9292 ,31.1134 ,32.8142 ,7.6868 ,12.7358 ,
3.0000 ,14.7937 ,1.0000 ,31.7848 ,33.5792 ,7.7923 ,12.5751 ,
4.0000 ,14.6537 ,1.0000 ,31.3365 ,33.5792 ,7.6208 ,12.5161 ,
4.0000 ,14.4343 ,1.0000 ,31.1181 ,31.3012 ,7.4597 ,12.3573 ,
4.0000 ,14.4316 ,0.7169 ,31.3394 ,39.1438 ,7.5059 ,12.3260 ,
4.0000 ,14.2063 ,0.7798 ,33.7394 ,33.5001 ,7.8904 ,11.8136 ,
3.0000 ,14.1018 ,1.0000 ,31.7528 ,34.3511 ,7.4211 ,11.9911 ,
2.0000 ,14.0108 ,0.2534 ,32.6087 ,35.1278 ,7.5504 ,11.8023 ,
3.0000 ,13.9111 ,0.5686 ,34.0606 ,32.0557 ,7.7912 ,11.5246 ,
2.0000 ,13.8326 ,1.0000 ,33.6459 ,32.8142 ,7.6641 ,11.5153 ,
1.0000 ,13.7576 ,0.3922 ,32.8956 ,33.5769 ,7.4719 ,11.5517 ,
4.0000 ,13.5504 ,0.6339 ,32.5088 ,34.3488 ,7.2824 ,11.4272 ,
3.0000 ,13.4429 ,0.6336 ,32.6858 ,32.0557 ,7.2596 ,11.3142 ,
2.0000 ,13.1728 ,1.0000 ,34.3397 ,33.5792 ,7.4308 ,10.8769 ,
4.0000 ,13.0101 ,0.3859 ,35.1647 ,39.9741 ,7.4929 ,10.6358 ,
3.0000 ,12.9169 ,1.0000 ,33.9112 ,37.5140 ,7.2064 ,10.7198 ,
4.0000 ,12.6872 ,0.6708 ,32.6258 ,35.9144 ,6.8403 ,10.6853 ,
4.0000 ,12.3262 ,0.8866 ,33.2664 ,34.3488 ,6.7613 ,10.3063 ,
4.0000 ,12.1988 ,0.6755 ,30.1156 ,29.8143 ,6.1207 ,10.5521 ,
4.0000 ,12.1152 ,1.0000 ,35.5146 ,37.5140 ,7.0379 ,9.8614 ,
4.0000 ,11.8696 ,0.8103 ,32.6534 ,32.8119 ,6.4043 ,9.9936 ,
4.0000 ,11.8082 ,0.6719 ,25.7365 ,26.9040 ,5.1275 ,10.6369 ,
4.0000 ,11.7985 ,1.0000 ,33.4747 ,33.5769 ,6.5077 ,9.8415 ,
3.0000 ,11.7548 ,0.8252 ,32.9682 ,33.5769 ,6.3967 ,9.8620 ,
4.0000 ,11.4968 ,1.0000 ,33.5228 ,38.3231 ,6.3493 ,9.5845 ,
4.0000 ,11.4258 ,0.8448 ,22.2732 ,23.3698 ,4.3307 ,10.5733 ,
4.0000 ,11.2847 ,0.9132 ,20.9774 ,23.3698 ,4.0399 ,10.5368 ,
3.0000 ,11.1861 ,0.8400 ,33.4824 ,28.3513 ,6.1711 ,9.3298 ,
3.0000 ,11.1325 ,0.5887 ,20.5757 ,31.3012 ,3.9125 ,10.4223 ,
2.0000 ,11.0601 ,0.4446 ,21.5245 ,29.0791 ,4.0579 ,10.2888 ,
3.0000 ,10.8695 ,0.9269 ,17.9563 ,26.1905 ,3.3510 ,10.3401 ,
4.0000 ,10.8078 ,1.0000 ,17.1679 ,11.9302 ,3.1902 ,10.3262 ,
3.0000 ,10.2320 ,0.7217 ,26.8112 ,29.8143 ,4.6152 ,9.1320 ,
3.0000 ,9.4160 ,0.7882 ,20.4413 ,21.9822 ,3.2885 ,8.8230 ,
3.0000 ,2.3342 ,0.6709 ,-23.1310 ,-34.3488 ,-0.9170 ,2.1466 ,
4.0000 ,2.3337 ,0.6469 ,-23.1746 ,-35.1278 ,-0.9184 ,2.1454 ,
4.0000 ,2.3334 ,0.6457 ,-23.0421 ,-32.8142 ,-0.9133 ,2.1473 ,
4.0000 ,2.3274 ,0.6347 ,-21.0762 ,-32.0557 ,-0.8369 ,2.1717 ,
3.0000 ,2.3248 ,0.5497 ,-20.7976 ,-31.3034 ,-0.8255 ,2.1733 ,
4.0000 ,2.3234 ,0.6396 ,-19.9403 ,-33.5792 ,-0.7924 ,2.1841 ,
4.0000 ,2.3229 ,0.6194 ,-20.2083 ,-35.1278 ,-0.8024 ,2.1799 ,
4.0000 ,2.3214 ,0.6292 ,-20.3224 ,-33.0563 ,-0.8062 ,2.1769 ,
3.0000 ,2.1776 ,0.7260 ,38.4824 ,-31.3034 ,1.3551 ,1.7046 ,
3.0000 ,2.1770 ,0.6360 ,39.0371 ,-31.3034 ,1.3711 ,1.6909 ,
3.0000 ,2.1769 ,0.7143 ,39.0722 ,-32.8119 ,1.3721 ,1.6900 ,
2.0000 ,2.1768 ,0.7165 ,37.4466 ,-33.5769 ,1.3235 ,1.7282 ,
3.0000 ,2.1765 ,0.7075 ,38.8504 ,-31.3034 ,1.3653 ,1.6950 ,
2.0000 ,2.1764 ,0.4400 ,38.9287 ,-31.3034 ,1.3675 ,1.6930 ,
3.0000 ,2.1762 ,0.7246 ,39.2780 ,-31.3034 ,1.3777 ,1.6846 ,
3.0000 ,2.1761 ,0.7042 ,40.6799 ,-29.0813 ,1.4185 ,1.6503 ,
3.0000 ,2.1759 ,0.4313 ,38.7589 ,-33.5769 ,1.3622 ,1.6967 ,
3.0000 ,2.1756 ,0.7011 ,38.6300 ,-31.3034 ,1.3582 ,1.6996 ,
3.0000 ,2.1756 ,0.6475 ,39.6940 ,-32.0557 ,1.3896 ,1.6741 ,
2.0000 ,2.1756 ,0.7224 ,38.7754 ,-32.8142 ,1.3625 ,1.6961 ,
3.0000 ,2.1755 ,0.7116 ,38.6947 ,-32.8781 ,1.3600 ,1.6979 ,
3.0000 ,2.1755 ,0.6976 ,38.9772 ,-33.5769 ,1.3684 ,1.6912 ,
2.0000 ,2.1752 ,0.5643 ,37.9243 ,-32.0557 ,1.3369 ,1.7158 ,
2.0000 ,2.1751 ,0.6959 ,39.0122 ,-30.5571 ,1.3692 ,1.6901 ,
3.0000 ,2.1746 ,0.6948 ,38.6218 ,-33.5769 ,1.3573 ,1.6990 ,
2.0000 ,2.1745 ,0.3648 ,40.4015 ,-35.1278 ,1.4094 ,1.6559 ,
2.0000 ,2.1742 ,0.3524 ,39.0773 ,-32.8119 ,1.3705 ,1.6878 ,
2.0000 ,1.1614 ,0.6654 ,-2.8671 ,-24.0691 ,-0.0581 ,1.1600 ,
2.0000 ,1.1608 ,0.6729 ,-1.4728 ,-23.3698 ,-0.0298 ,1.1604 ,
2.0000 ,1.1604 ,0.3766 ,-3.1827 ,-24.7722 ,-0.0644 ,1.1587 ,
2.0000 ,1.1603 ,0.6610 ,-2.5353 ,-23.3698 ,-0.0513 ,1.1591 ,
2.0000 ,1.1602 ,0.6552 ,-6.4860 ,-23.3698 ,-0.1311 ,1.1528 ,
2.0000 ,1.1601 ,0.6706 ,-3.5798 ,-24.5796 ,-0.0724 ,1.1578 ,
2.0000 ,1.1599 ,0.6401 ,-3.5083 ,-24.1581 ,-0.0710 ,1.1578 ,
2.0000 ,1.1596 ,0.6465 ,-3.0165 ,-24.7701 ,-0.0610 ,1.1580 ,
2.0000 ,1.1594 ,0.5625 ,-6.9550 ,-23.3698 ,-0.1404 ,1.1509 ,
2.0000 ,1.1587 ,0.6672 ,-0.8572 ,-22.6742 ,-0.0173 ,1.1586 ,
2.0000 ,1.1586 ,0.6807 ,-4.5330 ,-24.0691 ,-0.0916 ,1.1549 ,
2.0000 ,1.1582 ,0.6737 ,-1.9848 ,-24.0691 ,-0.0401 ,1.1575 ,
2.0000 ,1.1573 ,0.3903 ,-2.8359 ,-24.7701 ,-0.0573 ,1.1559 ,
2.0000 ,1.1467 ,0.6541 ,-0.8364 ,-23.3698 ,-0.0167 ,1.1466 ,
1.0000 ,0.9777 ,0.9324 ,-20.2015 ,4.1639 ,-0.3376 ,0.9176 ,
1.0000 ,0.9776 ,0.9123 ,-20.9435 ,2.2421 ,-0.3495 ,0.9130 ,
1.0000 ,0.9776 ,0.3207 ,-20.1212 ,2.2421 ,-0.3363 ,0.9179 ,
1.0000 ,0.9776 ,0.9133 ,-20.3156 ,2.8829 ,-0.3394 ,0.9168 ,
1.0000 ,0.9776 ,0.9979 ,-20.0743 ,2.3678 ,-0.3356 ,0.9182 ,
1.0000 ,0.9776 ,0.9582 ,-20.1144 ,4.1639 ,-0.3362 ,0.9179 ,
1.0000 ,0.9775 ,0.5533 ,-20.2126 ,2.8829 ,-0.3377 ,0.9173 ,
1.0000 ,0.9775 ,0.9428 ,-20.2596 ,2.2421 ,-0.3385 ,0.9170 ,
1.0000 ,0.9774 ,0.5897 ,-20.2596 ,4.1639 ,-0.3385 ,0.9170 ,
1.0000 ,0.9774 ,0.9574 ,-20.5397 ,2.8829 ,-0.3429 ,0.9152 ,
1.0000 ,0.9773 ,0.9484 ,-20.1503 ,4.1639 ,-0.3367 ,0.9175 ,
1.0000 ,0.9773 ,0.9439 ,-20.4387 ,3.5222 ,-0.3413 ,0.9158 ,
1.0000 ,0.9773 ,0.4668 ,-19.5345 ,2.8829 ,-0.3268 ,0.9210 ,
1.0000 ,0.9771 ,0.9726 ,-20.6202 ,2.8829 ,-0.3441 ,0.9145 ,
1.0000 ,0.9770 ,0.4969 ,-20.7574 ,3.5241 ,-0.3463 ,0.9136 ,
1.0000 ,0.9768 ,0.9755 ,-20.5440 ,2.8829 ,-0.3428 ,0.9147 ,
1.0000 ,0.9768 ,0.9523 ,-19.9693 ,4.1639 ,-0.3336 ,0.9181 ,
1.0000 ,0.9768 ,0.8121 ,-20.1212 ,3.5241 ,-0.3360 ,0.9172 ,
1.0000 ,0.9768 ,0.8257 ,-20.7282 ,3.5241 ,-0.3457 ,0.9136 ,
1.0000 ,0.9766 ,0.5867 ,-20.3293 ,2.2421 ,-0.3393 ,0.9158 ,
1.0000 ,0.9765 ,0.7591 ,-20.7145 ,4.1639 ,-0.3454 ,0.9134 ,
1.0000 ,0.9763 ,0.9693 ,-20.1255 ,4.1639 ,-0.3359 ,0.9167 ,
1.0000 ,0.9761 ,0.5025 ,-20.6811 ,4.1639 ,-0.3447 ,0.9132 ,
1.0000 ,0.9760 ,0.9741 ,-20.8379 ,2.8829 ,-0.3472 ,0.9122 ,
0.0000 ,0.8647 ,0.6121 ,-0.5906 ,3.5241 ,-0.0089 ,0.8647 ,
0.0000 ,0.8642 ,1.0000 ,-0.3325 ,3.5241 ,-0.0050 ,0.8642 ,
0.0000 ,0.8641 ,0.3424 ,-1.2542 ,2.8829 ,-0.0189 ,0.8639 ,
0.0000 ,0.8641 ,0.5461 ,-0.8324 ,4.1639 ,-0.0126 ,0.8640 ,
0.0000 ,0.8640 ,0.5135 ,-0.8196 ,4.8060 ,-0.0124 ,0.8639 ,
0.0000 ,0.8639 ,0.6019 ,-1.3717 ,4.1639 ,-0.0207 ,0.8637 ,
0.0000 ,0.8639 ,1.0000 ,-0.7314 ,4.8060 ,-0.0110 ,0.8638 ,
0.0000 ,0.8639 ,1.0000 ,-0.2339 ,3.5241 ,-0.0035 ,0.8639 ,
0.0000 ,0.8639 ,1.0000 ,0.2195 ,4.8060 ,0.0033 ,0.8639 ,
0.0000 ,0.8639 ,1.0000 ,-1.1893 ,4.1639 ,-0.0179 ,0.8637 ,
0.0000 ,0.8638 ,1.0000 ,0.3454 ,4.8060 ,0.0052 ,0.8638 ,
0.0000 ,0.8638 ,1.0000 ,-0.7210 ,3.5241 ,-0.0109 ,0.8637 ,
0.0000 ,0.8637 ,1.0000 ,-0.8260 ,4.8060 ,-0.0125 ,0.8636 ,
0.0000 ,0.8637 ,0.6194 ,-0.8156 ,3.5222 ,-0.0123 ,0.8636 ,
0.0000 ,0.8636 ,0.8303 ,-0.7001 ,4.1658 ,-0.0106 ,0.8635 ,
0.0000 ,0.8636 ,1.0000 ,-0.4231 ,2.8829 ,-0.0064 ,0.8635 ,
0.0000 ,0.8635 ,1.0000 ,-0.3181 ,4.8060 ,-0.0048 ,0.8635 ,
0.0000 ,0.8635 ,0.7974 ,-1.0297 ,4.8060 ,-0.0155 ,0.8633 ,
0.0000 ,0.8634 ,0.5439 ,-0.3181 ,3.5241 ,-0.0048 ,0.8634 ,
0.0000 ,0.8633 ,1.0000 ,-0.7651 ,3.5241 ,-0.0115 ,0.8633 ,
0.0000 ,0.8633 ,0.3736 ,-0.1249 ,4.1658 ,-0.0019 ,0.8633 ,
0.0000 ,0.8632 ,1.0000 ,-0.7988 ,4.8060 ,-0.0120 ,0.8631 ,
0.0000 ,0.8630 ,0.8701 ,0.0599 ,4.8060 ,0.0009 ,0.8630 ,
0.0000 ,0.8627 ,1.0000 ,-0.2908 ,4.8060 ,-0.0044 ,0.8627 ,
0.0000 ,0.0000 ,0.0000 ,0.0000 ,0.0000 ,-0.0008 ,0.8623 ,
0.0000 ,0.0000 ,0.0000 ,0.0000 ,0.0000 ,12.9718 ,25.9436 ,
0.0000 ,0.0000 ,0.0000 ,0.0000 ,0.0000 ,-12.9718 ,25.9436 ,

4.0000 ,18.8038 ,0.8640 ,19.3338 ,23.3678 ,6.2254 ,17.7433 ,
4.0000 ,18.7715 ,0.6268 ,18.0887 ,15.8861 ,5.8283 ,17.8438 ,
4.0000 ,18.4831 ,0.2942 ,14.1183 ,13.2421 ,4.5085 ,17.9248 ,
4.0000 ,18.4483 ,0.6854 ,16.4030 ,11.2748 ,5.2096 ,17.6975 ,
3.0000 ,18.3968 ,0.4274 ,14.5274 ,13.2421 ,4.6147 ,17.8086 ,
4.0000 ,18.3914 ,0.8363 ,16.2475 ,16.5529 ,5.1457 ,17.6569 ,
4.0000 ,18.3094 ,1.0000 ,10.3868 ,15.2216 ,3.3011 ,18.0094 ,
2.0000 ,18.2350 ,1.0000 ,10.0711 ,13.2421 ,3.1888 ,17.9540 ,
3.0000 ,18.1901 ,1.0000 ,14.0207 ,18.5693 ,4.4070 ,17.6481 ,
3.0000 ,18.1632 ,0.3670 ,15.8567 ,15.2216 ,4.9628 ,17.4721 ,
3.0000 ,18.1377 ,1.0000 ,12.0346 ,15.2216 ,3.7818 ,17.7391 ,
4.0000 ,18.0860 ,1.0000 ,9.2388 ,19.7331 ,2.9037 ,17.8514 ,
4.0000 ,18.0606 ,0.8325 ,9.3809 ,11.2748 ,2.9438 ,17.8191 ,
4.0000 ,15.6509 ,0.8427 ,29.3931 ,29.0813 ,7.6814 ,13.6362 ,
3.0000 ,15.5383 ,0.7513 ,29.1165 ,27.6264 ,7.5607 ,13.5747 ,
4.0000 ,2.9012 ,0.6205 ,5.5508 ,-13.8988 ,0.2806 ,2.8876 ,
4.0000 ,2.8986 ,0.6690 ,6.7394 ,-11.9283 ,0.3402 ,2.8786 ,
4.0000 ,2.7421 ,0.6420 ,-23.4033 ,-25.4792 ,-1.0892 ,2.5165 ,
4.0000 ,2.7332 ,0.6315 ,-21.3419 ,-21.9802 ,-0.9947 ,2.5458 ,
4.0000 ,2.3453 ,0.6510 ,-24.6762 ,-32.8142 ,-0.9791 ,2.1311 ,
4.0000 ,2.3444 ,0.6723 ,-23.0674 ,-31.3012 ,-0.9186 ,2.1569 ,
4.0000 ,2.3367 ,0.6349 ,-25.4431 ,-35.1278 ,-1.0039 ,2.1101 ,
4.0000 ,2.3359 ,0.6059 ,-24.2750 ,-32.0557 ,-0.9603 ,2.1294 ,
4.0000 ,2.3343 ,0.6807 ,-22.1485 ,-32.0557 ,-0.8801 ,2.1621 ,
4.0000 ,2.3341 ,0.6139 ,-22.6276 ,-32.0557 ,-0.8980 ,2.1544 ,
4.0000 ,2.3336 ,0.5985 ,-21.6646 ,-33.5769 ,-0.8615 ,2.1687 ,
4.0000 ,2.3325 ,0.6638 ,-23.5887 ,-35.1278 ,-0.9334 ,2.1376 ,
4.0000 ,2.3250 ,0.6587 ,-21.2318 ,-30.5571 ,-0.8420 ,2.1672 ,
3.0000 ,2.3247 ,0.6890 ,-21.4617 ,-33.5769 ,-0.8506 ,2.1636 ,
3.0000 ,2.3239 ,0.6782 ,-19.7570 ,-32.0534 ,-0.7856 ,2.1871 ,
4.0000 ,2.3227 ,0.6360 ,-21.4005 ,-32.8142 ,-0.8475 ,2.1625 ,
4.0000 ,2.3226 ,0.6454 ,-21.4617 ,-32.0557 ,-0.8498 ,2.1616 ,
3.0000 ,2.1791 ,0.2450 ,39.0154 ,-30.5571 ,1.3718 ,1.6931 ,
3.0000 ,2.1776 ,0.6450 ,39.4947 ,-33.5769 ,1.3849 ,1.6804 ,
3.0000 ,2.1770 ,0.6727 ,38.9721 ,-30.5571 ,1.3692 ,1.6925 ,
3.0000 ,2.1770 ,0.6814 ,38.8854 ,-32.0534 ,1.3666 ,1.6946 ,
3.0000 ,2.1769 ,0.6859 ,39.3132 ,-33.5769 ,1.3792 ,1.6842 ,
2.0000 ,2.1767 ,0.7454 ,37.4941 ,-32.0557 ,1.3249 ,1.7271 ,
3.0000 ,2.1767 ,0.7237 ,38.2359 ,-31.3034 ,1.3472 ,1.7097 ,
2.0000 ,2.1766 ,0.7322 ,38.4874 ,-32.8119 ,1.3546 ,1.7037 ,
3.0000 ,2.1762 ,0.7167 ,39.6013 ,-33.5769 ,1.3872 ,1.6768 ,
3.0000 ,2.1762 ,0.6953 ,38.7754 ,-31.3034 ,1.3629 ,1.6966 ,
3.0000 ,2.1760 ,0.6747 ,39.3754 ,-30.5571 ,1.3805 ,1.6821 ,
3.0000 ,2.1759 ,0.7624 ,39.1258 ,-32.8119 ,1.3730 ,1.6880 ,
3.0000 ,2.1756 ,0.7373 ,39.2262 ,-31.3012 ,1.3758 ,1.6854 ,
3.0000 ,2.1756 ,0.6954 ,39.3453 ,-32.8119 ,1.3793 ,1.6824 ,
3.0000 ,2.1756 ,0.6729 ,39.0690 ,-33.5769 ,1.3712 ,1.6891 ,
3.0000 ,2.1754 ,0.7411 ,37.7806 ,-33.5769 ,1.3327 ,1.7194 ,
3.0000 ,2.1753 ,0.7029 ,39.1859 ,-33.5769 ,1.3745 ,1.6861 ,
3.0000 ,2.1753 ,0.7077 ,39.1073 ,-32.8119 ,1.3721 ,1.6880 ,
2.0000 ,2.1750 ,0.7319 ,38.1748 ,-32.0534 ,1.3443 ,1.7098 ,
3.0000 ,2.1750 ,0.7084 ,38.3218 ,-30.5571 ,1.3486 ,1.7063 ,
3.0000 ,2.1749 ,0.6984 ,39.2396 ,-31.3034 ,1.3757 ,1.6844 ,
2.0000 ,1.1620 ,0.6990 ,-4.7921 ,-25.4772 ,-0.0971 ,1.1580 ,
2.0000 ,1.1618 ,0.6581 ,-2.2392 ,-24.7701 ,-0.0454 ,1.1609 ,
2.0000 ,1.1615 ,0.6355 ,-0.8156 ,-24.7701 ,-0.0165 ,1.1614 ,
2.0000 ,1.1609 ,0.6601 ,-4.8388 ,-23.3698 ,-0.0979 ,1.1568 ,
2.0000 ,1.1609 ,0.6708 ,-6.8791 ,-23.3698 ,-0.1390 ,1.1525 ,
2.0000 ,1.1608 ,0.6922 ,-4.0808 ,-24.0691 ,-0.0826 ,1.1579 ,
2.0000 ,1.1605 ,0.6869 ,-4.4699 ,-25.4772 ,-0.0904 ,1.1570 ,
2.0000 ,1.1605 ,0.6541 ,-4.7543 ,-24.0691 ,-0.0962 ,1.1565 ,
2.0000 ,1.1601 ,0.7009 ,-4.4804 ,-24.0670 ,-0.0906 ,1.1566 ,
2.0000 ,1.1598 ,0.6664 ,-7.4669 ,-26.9040 ,-0.1507 ,1.1500 ,
2.0000 ,1.1596 ,0.6545 ,-2.2769 ,-23.3698 ,-0.0461 ,1.1587 ,
2.0000 ,1.1594 ,0.6528 ,-3.4497 ,-23.3698 ,-0.0698 ,1.1573 ,
2.0000 ,1.1594 ,0.6934 ,-4.6553 ,-24.0691 ,-0.0941 ,1.1556 ,
2.0000 ,1.1586 ,0.6403 ,-1.4455 ,-24.7701 ,-0.0292 ,1.1582 ,
2.0000 ,1.1585 ,0.6698 ,-3.2497 ,-23.3698 ,-0.0657 ,1.1566 ,
2.0000 ,1.1581 ,0.6886 ,-6.1395 ,-24.0670 ,-0.1239 ,1.1515 ,
2.0000 ,1.1573 ,0.2323 ,-3.9651 ,-24.7701 ,-0.0800 ,1.1546 ,
2.0000 ,1.1568 ,0.6339 ,-6.3129 ,-23.3698 ,-0.1272 ,1.1497 ,
2.0000 ,1.1443 ,0.6315 ,-0.8701 ,-22.8947 ,-0.0174 ,1.1442 ,
1.0000 ,0.9781 ,0.9415 ,-20.6382 ,4.8060 ,-0.3447 ,0.9153 ,
1.0000 ,0.9779 ,0.2170 ,-20.6520 ,4.8060 ,-0.3449 ,0.9151 ,
1.0000 ,0.9776 ,0.9661 ,-20.2015 ,2.8829 ,-0.3376 ,0.9175 ,
1.0000 ,0.9776 ,0.9285 ,-20.2331 ,2.8829 ,-0.3381 ,0.9173 ,
1.0000 ,0.9775 ,0.9287 ,-19.6923 ,3.1262 ,-0.3294 ,0.9203 ,
1.0000 ,0.9774 ,0.9332 ,-20.3335 ,2.8811 ,-0.3396 ,0.9165 ,
1.0000 ,0.9773 ,0.8921 ,-20.8379 ,4.0512 ,-0.3477 ,0.9134 ,
1.0000 ,0.9773 ,0.9388 ,-20.4456 ,4.1639 ,-0.3414 ,0.9157 ,
1.0000 ,0.9773 ,0.9064 ,-20.2015 ,2.2421 ,-0.3375 ,0.9172 ,
1.0000 ,0.9773 ,0.9346 ,-20.0743 ,2.8829 ,-0.3354 ,0.9179 ,
1.0000 ,0.9773 ,0.9524 ,-21.0788 ,2.2421 ,-0.3515 ,0.9119 ,
1.0000 ,0.9771 ,0.9803 ,-20.5218 ,2.8829 ,-0.3425 ,0.9151 ,
1.0000 ,0.9771 ,0.9315 ,-20.1793 ,2.2421 ,-0.3371 ,0.9171 ,
1.0000 ,0.9771 ,0.9622 ,-20.7616 ,3.5222 ,-0.3463 ,0.9136 ,
1.0000 ,0.9770 ,0.9468 ,-20.4054 ,4.8060 ,-0.3406 ,0.9157 ,
1.0000 ,0.9769 ,0.9360 ,-20.4413 ,2.8829 ,-0.3412 ,0.9153 ,
1.0000 ,0.9768 ,0.9667 ,-20.9997 ,3.9371 ,-0.3501 ,0.9120 ,
1.0000 ,0.9768 ,0.9453 ,-20.8671 ,4.8060 ,-0.3479 ,0.9127 ,
1.0000 ,0.9767 ,0.3253 ,-20.2374 ,4.1639 ,-0.3379 ,0.9164 ,
1.0000 ,0.9766 ,0.9333 ,-20.1434 ,2.8829 ,-0.3363 ,0.9169 ,
1.0000 ,0.9766 ,0.9876 ,-20.7908 ,4.1639 ,-0.3466 ,0.9130 ,
1.0000 ,0.9765 ,0.2642 ,-20.7728 ,2.2421 ,-0.3463 ,0.9130 ,
1.0000 ,0.9763 ,0.9506 ,-20.5175 ,2.8829 ,-0.3422 ,0.9144 ,
1.0000 ,0.9761 ,1.0000 ,-21.1776 ,3.5241 ,-0.3526 ,0.9102 ,
0.0000 ,0.8641 ,0.3317 ,-0.4945 ,4.8060 ,-0.0075 ,0.8641 ,
0.0000 ,0.8641 ,1.0000 ,-0.8429 ,4.8060 ,-0.0127 ,0.8640 ,
0.0000 ,0.8640 ,1.0000 ,-0.2299 ,5.4488 ,-0.0035 ,0.8640 ,
0.0000 ,0.8640 ,0.9785 ,-0.7145 ,4.1658 ,-0.0108 ,0.8639 ,
0.0000 ,0.8639 ,1.0000 ,-0.7001 ,2.2421 ,-0.0106 ,0.8638 ,
0.0000 ,0.8638 ,1.0000 ,-0.7883 ,4.8060 ,-0.0119 ,0.8638 ,
0.0000 ,0.8638 ,1.0000 ,0.1016 ,4.8060 ,0.0015 ,0.8638 ,
0.0000 ,0.8637 ,0.2341 ,-0.2780 ,3.5241 ,-0.0042 ,0.8637 ,
0.0000 ,0.8637 ,1.0000 ,-1.2036 ,5.4488 ,-0.0181 ,0.8635 ,
0.0000 ,0.8636 ,1.0000 ,-0.3790 ,4.8060 ,-0.0057 ,0.8636 ,
0.0000 ,0.8635 ,1.0000 ,-0.5634 ,3.5241 ,-0.0085 ,0.8635 ,
0.0000 ,0.8635 ,1.0000 ,-0.3518 ,4.8060 ,-0.0053 ,0.8635 ,
0.0000 ,0.8635 ,0.9561 ,-0.7611 ,4.1639 ,-0.0115 ,0.8634 ,
0.0000 ,0.8633 ,1.0000 ,-0.6204 ,2.8829 ,-0.0093 ,0.8633 ,
0.0000 ,0.8633 ,1.0000 ,-0.9920 ,4.8060 ,-0.0149 ,0.8632 ,
0.0000 ,0.8633 ,1.0000 ,-0.4920 ,4.8060 ,-0.0074 ,0.8632 ,
0.0000 ,0.8632 ,1.0000 ,-0.6456 ,2.8829 ,-0.0097 ,0.8632 ,
0.0000 ,0.8631 ,1.0000 ,-0.9896 ,3.5241 ,-0.0149 ,0.8630 ,
0.0000 ,0.8631 ,1.0000 ,-0.2740 ,3.2351 ,-0.0041 ,0.8631 ,
0.0000 ,0.8631 ,1.0000 ,-1.0906 ,4.1639 ,-0.0164 ,0.8629 ,
0.0000 ,0.8630 ,1.0000 ,-0.8765 ,3.5241 ,-0.0132 ,0.8629 ,
0.0000 ,0.8630 ,0.2721 ,-0.3622 ,2.2421 ,-0.0055 ,0.8630 ,
0.0000 ,0.8628 ,1.0000 ,-0.0599 ,3.5241 ,-0.0009 ,0.8628 ,
0.0000 ,0.0000 ,0.0000 ,0.0000 ,0.0000 ,-0.0071 ,0.8627 ,
0.0000 ,0.0000 ,0.0000 ,0.0000 ,0.0000 ,12.9718 ,25.9436 ,
0.0000 ,0.0000 ,0.0000 ,0.0000 ,0.0000 ,-12.9718 ,25.9436 ,

4.0000 ,17.6389 ,0.6693 ,5.8042 ,5.0214 ,1.7838 ,17.5485 ,
4.0000 ,17.1917 ,0.7040 ,4.1837 ,3.5222 ,1.2542 ,17.1459 ,
4.0000 ,17.0246 ,1.0000 ,1.8064 ,2.2402 ,0.5366 ,17.0161 ,
3.0000 ,16.7738 ,0.7556 ,2.5144 ,4.8053 ,0.7359 ,16.7577 ,
4.0000 ,16.5127 ,0.7057 ,1.4262 ,0.3210 ,0.4110 ,16.5076 ,
4.0000 ,15.9708 ,0.7500 ,1.6363 ,1.5997 ,0.4561 ,15.9643 ,
4.0000 ,15.7454 ,1.0000 ,1.3132 ,0.5556 ,0.3608 ,15.7412 ,
4.0000 ,15.7074 ,0.7354 ,1.2061 ,0.9612 ,0.3306 ,15.7039 ,
3.0000 ,15.6583 ,1.0000 ,-0.4038 ,0.9594 ,-0.1104 ,15.6579 ,
4.0000 ,15.3030 ,0.6855 ,-0.1249 ,-1.6016 ,-0.0333 ,15.3029 ,
4.0000 ,14.0277 ,0.9342 ,-1.6259 ,-0.9612 ,-0.3980 ,14.0221 ,
3.0000 ,13.9549 ,0.6900 ,-1.3132 ,-0.9594 ,-0.3198 ,13.9512 ,
4.0000 ,13.7361 ,0.8098 ,-1.2775 ,-2.8811 ,-0.3062 ,13.7327 ,
3.0000 ,13.5119 ,0.6885 ,-2.2705 ,0.3192 ,-0.5353 ,13.5013 ,
4.0000 ,13.4196 ,0.6406 ,-2.6970 ,-1.6016 ,-0.6314 ,13.4047 ,
3.0000 ,13.1930 ,1.0000 ,-0.8909 ,-1.5997 ,-0.2051 ,13.1914 ,
4.0000 ,13.1790 ,0.5170 ,-2.8969 ,-0.9594 ,-0.6660 ,13.1621 ,
2.0000 ,13.0800 ,0.6305 ,-1.0168 ,-1.5997 ,-0.2321 ,13.0779 ,
3.0000 ,12.8791 ,0.8695 ,0.4648 ,0.3210 ,0.1045 ,12.8787 ,
4.0000 ,12.8256 ,0.8480 ,-2.0354 ,-3.5222 ,-0.4555 ,12.8175 ,
2.0000 ,12.6587 ,1.0000 ,0.4207 ,2.2402 ,0.0929 ,12.6584 ,
3.0000 ,12.6406 ,0.7967 ,-0.1417 ,-2.2402 ,-0.0313 ,12.6406 ,
2.0000 ,12.3528 ,1.0000 ,-0.2339 ,-0.3210 ,-0.0504 ,12.3527 ,
4.0000 ,12.3502 ,0.7822 ,1.0401 ,-4.8060 ,0.2242 ,12.3482 ,
3.0000 ,12.2219 ,0.6371 ,1.4599 ,0.3210 ,0.3114 ,12.2179 ,
4.0000 ,12.1751 ,0.8333 ,-3.1827 ,-0.3192 ,-0.6760 ,12.1563 ,
3.0000 ,12.0453 ,0.6944 ,-0.6937 ,-4.1639 ,-0.1458 ,12.0444 ,
2.0000 ,12.0378 ,1.0000 ,-0.2844 ,0.3192 ,-0.0598 ,12.0376 ,
4.0000 ,11.8848 ,0.6859 ,-3.3782 ,-6.7364 ,-0.7003 ,11.8642 ,
2.0000 ,11.7059 ,1.0000 ,0.2572 ,0.3192 ,0.0525 ,11.7058 ,
3.0000 ,11.6440 ,0.9954 ,1.0064 ,-0.3210 ,0.2045 ,11.6422 ,
2.0000 ,11.4016 ,1.0000 ,-0.1754 ,0.9594 ,-0.0349 ,11.4015 ,
4.0000 ,3.0777 ,0.6081 ,26.8651 ,3.5241 ,1.3908 ,2.7456 ,
4.0000 ,2.7294 ,0.6343 ,-19.4120 ,-24.7722 ,-0.9071 ,2.5742 ,
4.0000 ,2.3448 ,0.6194 ,-23.6665 ,-34.3488 ,-0.9412 ,2.1476 ,
4.0000 ,2.3434 ,0.6778 ,-23.5108 ,-32.8119 ,-0.9348 ,2.1488 ,
4.0000 ,2.3433 ,0.6394 ,-25.3295 ,-32.8142 ,-1.0025 ,2.1180 ,
4.0000 ,2.3359 ,0.6395 ,-23.9763 ,-32.0557 ,-0.9492 ,2.1344 ,
4.0000 ,2.3330 ,0.6616 ,-24.5819 ,-32.8119 ,-0.9705 ,2.1215 ,
4.0000 ,2.3328 ,0.6429 ,-22.2170 ,-30.5571 ,-0.8821 ,2.1596 ,
4.0000 ,2.3221 ,0.6487 ,-19.8150 ,-32.8119 ,-0.7872 ,2.1846 ,
3.0000 ,2.1779 ,0.7212 ,38.4691 ,-30.5571 ,1.3549 ,1.7052 ,
2.0000 ,2.1774 ,0.7371 ,39.0690 ,-32.0534 ,1.3723 ,1.6905 ,
3.0000 ,2.1772 ,0.7320 ,38.6382 ,-31.3012 ,1.3595 ,1.7006 ,
3.0000 ,2.1771 ,0.7275 ,38.5736 ,-31.3034 ,1.3575 ,1.7021 ,
3.0000 ,2.1771 ,0.6310 ,39.4408 ,-29.0813 ,1.3831 ,1.6813 ,
3.0000 ,2.1770 ,0.7222 ,38.9071 ,-32.8142 ,1.3673 ,1.6941 ,
2.0000 ,2.1770 ,0.6811 ,38.7296 ,-30.5571 ,1.3620 ,1.6983 ,
3.0000 ,2.1769 ,0.6848 ,39.1290 ,-32.0534 ,1.3738 ,1.6887 ,
2.0000 ,2.1768 ,0.6915 ,38.7722 ,-31.3034 ,1.3631 ,1.6971 ,
3.0000 ,2.1767 ,0.6853 ,39.9947 ,-33.5769 ,1.3990 ,1.6676 ,
3.0000 ,2.1766 ,0.7080 ,37.8283 ,-32.8142 ,1.3349 ,1.7192 ,
3.0000 ,2.1765 ,0.6525 ,38.2706 ,-33.5769 ,1.3481 ,1.7088 ,
3.0000 ,2.1763 ,0.6897 ,39.3972 ,-31.3012 ,1.3813 ,1.6817 ,
3.0000 ,2.1762 ,0.7021 ,39.0505 ,-33.5769 ,1.3710 ,1.6901 ,
3.0000 ,2.1757 ,0.6253 ,38.8854 ,-33.5769 ,1.3659 ,1.6936 ,
3.0000 ,2.1756 ,0.7010 ,39.3401 ,-30.5571 ,1.3791 ,1.6826 ,
3.0000 ,2.1750 ,0.6642 ,38.5736 ,-31.3615 ,1.3562 ,1.7005 ,
3.0000 ,2.1745 ,0.7165 ,39.3837 ,-32.0557 ,1.3797 ,1.6807 ,
2.0000 ,1.1727 ,0.7000 ,-9.2875 ,-24.7701 ,-0.1893 ,1.1573 ,
2.0000 ,1.1722 ,0.6633 ,-7.8694 ,-24.7701 ,-0.1605 ,1.1612 ,
2.0000 ,1.1708 ,0.6400 ,-4.3670 ,-21.9822 ,-0.0892 ,1.1674 ,
2.0000 ,1.1609 ,0.6441 ,-0.4207 ,-24.0691 ,-0.0085 ,1.1609 ,
2.0000 ,1.1606 ,0.6664 ,-4.6996 ,-24.0691 ,-0.0951 ,1.1567 ,
2.0000 ,1.1605 ,0.6445 ,-3.4914 ,-24.0691 ,-0.0707 ,1.1584 ,
2.0000 ,1.1605 ,0.6781 ,-6.8347 ,-24.0707 ,-0.1381 ,1.1522 ,
2.0000 ,1.1604 ,0.6972 ,-4.3099 ,-25.4772 ,-0.0872 ,1.1572 ,
2.0000 ,1.1604 ,0.6033 ,-2.5626 ,-24.7701 ,-0.0519 ,1.1592 ,
2.0000 ,1.1602 ,0.6815 ,-4.7503 ,-23.3698 ,-0.0961 ,1.1562 ,
2.0000 ,1.1600 ,0.6848 ,-2.0290 ,-25.4772 ,-0.0411 ,1.1593 ,
2.0000 ,1.1592 ,0.6631 ,-7.3844 ,-24.0691 ,-0.1490 ,1.1496 ,
2.0000 ,1.1591 ,0.6429 ,-5.6080 ,-24.0691 ,-0.1133 ,1.1535 ,
2.0000 ,1.1581 ,0.6995 ,-7.3400 ,-24.0670 ,-0.1480 ,1.1486 ,
2.0000 ,1.1574 ,0.6669 ,-7.5858 ,-24.0691 ,-0.1528 ,1.1472 ,
2.0000 ,1.1570 ,0.6611 ,-5.3930 ,-23.3698 ,-0.1087 ,1.1519 ,
1.0000 ,0.9781 ,0.9535 ,-20.8851 ,4.1639 ,-0.3487 ,0.9139 ,
1.0000 ,0.9779 ,0.9378 ,-20.7282 ,4.1639 ,-0.3461 ,0.9146 ,
1.0000 ,0.9777 ,0.9328 ,-20.8406 ,3.5222 ,-0.3479 ,0.9138 ,
1.0000 ,0.9777 ,0.8607 ,-20.6408 ,4.1639 ,-0.3446 ,0.9149 ,
1.0000 ,0.9775 ,0.9179 ,-20.8337 ,2.8829 ,-0.3476 ,0.9135 ,
1.0000 ,0.9773 ,0.9814 ,-20.2263 ,2.8829 ,-0.3379 ,0.9171 ,
1.0000 ,0.9773 ,0.5794 ,-20.4567 ,4.1639 ,-0.3416 ,0.9156 ,
1.0000 ,0.9772 ,0.9804 ,-20.8809 ,2.2421 ,-0.3483 ,0.9131 ,
1.0000 ,0.9772 ,0.6946 ,-20.0896 ,2.8829 ,-0.3356 ,0.9177 ,
1.0000 ,0.9772 ,0.8396 ,-20.2865 ,4.1639 ,-0.3388 ,0.9165 ,
1.0000 ,0.9772 ,0.9558 ,-20.2485 ,4.1639 ,-0.3382 ,0.9168 ,
1.0000 ,0.9771 ,0.9793 ,-20.6091 ,4.1639 ,-0.3439 ,0.9145 ,
1.0000 ,0.9771 ,0.9546 ,-21.0942 ,2.8829 ,-0.3516 ,0.9116 ,
1.0000 ,0.9771 ,0.5019 ,-20.5218 ,4.1639 ,-0.3425 ,0.9151 ,
1.0000 ,0.9769 ,0.9698 ,-20.3763 ,4.1639 ,-0.3402 ,0.9158 ,
1.0000 ,0.9769 ,0.9339 ,-19.8355 ,2.8829 ,-0.3315 ,0.9190 ,
1.0000 ,0.9769 ,0.9671 ,-19.3984 ,2.8829 ,-0.3245 ,0.9215 ,
1.0000 ,0.9769 ,0.8922 ,-20.1075 ,4.1639 ,-0.3358 ,0.9173 ,
1.0000 ,0.9768 ,0.7006 ,-20.1255 ,4.1639 ,-0.3361 ,0.9171 ,
1.0000 ,0.9766 ,0.9568 ,-20.9843 ,2.8829 ,-0.3497 ,0.9119 ,
1.0000 ,0.9766 ,0.9174 ,-20.4207 ,2.2421 ,-0.3407 ,0.9152 ,
1.0000 ,0.9765 ,0.9790 ,-20.1972 ,4.1639 ,-0.3371 ,0.9164 ,
1.0000 ,0.9765 ,0.9567 ,-20.4995 ,3.5241 ,-0.3420 ,0.9146 ,
1.0000 ,0.9764 ,0.9613 ,-20.9551 ,3.5222 ,-0.3492 ,0.9118 ,
1.0000 ,0.9646 ,0.8779 ,-23.5703 ,2.8829 ,-0.3857 ,0.8842 ,
0.0000 ,0.8645 ,1.0000 ,-0.3077 ,4.1639 ,-0.0046 ,0.8645 ,
0.0000 ,0.8644 ,1.0000 ,-0.9920 ,3.5241 ,-0.0150 ,0.8643 ,
0.0000 ,0.8643 ,0.9523 ,0.0263 ,3.5241 ,0.0004 ,0.8643 ,
0.0000 ,0.8642 ,1.0000 ,-0.7041 ,3.5241 ,-0.0106 ,0.8642 ,
0.0000 ,0.8642 ,1.0000 ,-1.6155 ,2.8829 ,-0.0244 ,0.8639 ,
0.0000 ,0.8640 ,1.0000 ,-0.7378 ,2.8829 ,-0.0111 ,0.8639 ,
0.0000 ,0.8639 ,1.0000 ,-0.7859 ,4.8060 ,-0.0118 ,0.8639 ,
0.0000 ,0.8639 ,1.0000 ,-0.3181 ,4.8060 ,-0.0048 ,0.8639 ,
0.0000 ,0.8639 ,1.0000 ,0.8870 ,3.5241 ,0.0134 ,0.8638 ,
0.0000 ,0.8639 ,0.9049 ,0.1690 ,4.8060 ,0.0025 ,0.8639 ,
0.0000 ,0.8638 ,0.9665 ,-0.2027 ,4.8060 ,-0.0031 ,0.8638 ,
0.0000 ,0.8637 ,0.7113 ,-0.0599 ,4.8060 ,-0.0009 ,0.8637 ,
0.0000 ,0.8637 ,1.0000 ,-0.9078 ,2.8829 ,-0.0137 ,0.8635 ,
0.0000 ,0.8636 ,1.0000 ,-0.2170 ,4.8060 ,-0.0033 ,0.8636 ,
0.0000 ,0.8636 ,1.0000 ,-0.2363 ,5.4488 ,-0.0036 ,0.8636 ,
0.0000 ,0.8636 ,1.0000 ,0.4038 ,4.8060 ,0.0061 ,0.8635 ,
0.0000 ,0.8635 ,0.9075 ,-0.6412 ,4.1639 ,-0.0097 ,0.8635 ,
0.0000 ,0.8635 ,0.8840 ,-0.9286 ,4.1639 ,-0.0140 ,0.8634 ,
0.0000 ,0.8634 ,1.0000 ,-0.5386 ,4.1639 ,-0.0081 ,0.8634 ,
0.0000 ,0.8634 ,1.0000 ,-1.0128 ,4.1639 ,-0.0153 ,0.8633 ,
0.0000 ,0.8632 ,0.6150 ,-1.0128 ,3.5241 ,-0.0153 ,0.8631 ,
0.0000 ,0.8631 ,0.5131 ,0.1016 ,4.8060 ,0.0015 ,0.8631 ,
0.0000 ,0.8630 ,0.7530 ,0.1184 ,3.5241 ,0.0018 ,0.8630 ,
0.0000 ,0.8629 ,1.0000 ,0.2636 ,4.8060 ,0.0040 ,0.8629 ,
0.0000 ,0.0000 ,0.0000 ,0.0000 ,0.0000 ,-0.0007 ,0.8629 ,
0.0000 ,0.0000 ,0.0000 ,0.0000 ,0.0000 ,12.9718 ,25.9436 ,
0.0000 ,0.0000 ,0.0000 ,0.0000 ,0.0000 ,-12.9718 ,25.9436 ,

4.0000 ,12.4533 ,0.6662 ,-0.6496 ,-1.6016 ,-0.1412 ,12.4525 ,
4.0000 ,11.6645 ,0.3261 ,-3.3485 ,-6.0922 ,-0.6813 ,11.6446 ,
4.0000 ,11.4092 ,0.7529 ,-3.0983 ,-4.1639 ,-0.6167 ,11.3925 ,
4.0000 ,11.2438 ,0.2948 ,-5.3970 ,-2.2421 ,-1.0575 ,11.1939 ,
3.0000 ,11.2309 ,0.5413 ,-1.6596 ,-0.3210 ,-0.3253 ,11.2262 ,
4.0000 ,11.1621 ,0.5455 ,-3.3445 ,-4.1639 ,-0.6512 ,11.1431 ,
2.0000 ,11.1085 ,1.0000 ,-0.8300 ,-0.3210 ,-0.1609 ,11.1074 ,
3.0000 ,11.0381 ,0.5182 ,-1.6026 ,-0.9612 ,-0.3087 ,11.0338 ,
2.0000 ,10.8268 ,1.0000 ,-1.7181 ,-3.5222 ,-0.3246 ,10.8219 ,
4.0000 ,10.8076 ,0.9015 ,-4.8050 ,-4.8060 ,-0.9053 ,10.7696 ,
4.0000 ,10.8021 ,0.7249 ,-6.0912 ,1.5997 ,-1.1462 ,10.7411 ,
3.0000 ,10.6876 ,0.7861 ,-0.7651 ,-4.8079 ,-0.1427 ,10.6866 ,
3.0000 ,10.5976 ,0.7939 ,-5.6966 ,-4.8060 ,-1.0519 ,10.5453 ,
4.0000 ,10.5516 ,0.7027 ,-5.7977 ,-8.0275 ,-1.0659 ,10.4977 ,
2.0000 ,10.5495 ,1.0000 ,-2.2873 ,-0.3210 ,-0.4210 ,10.5411 ,
4.0000 ,10.4771 ,1.0000 ,-6.3274 ,-6.7364 ,-1.1547 ,10.4132 ,
2.0000 ,10.2814 ,0.8005 ,-4.1524 ,-2.8829 ,-0.7445 ,10.2544 ,
4.0000 ,10.2473 ,0.6684 ,-9.5004 ,-9.3246 ,-1.6914 ,10.1067 ,
3.0000 ,10.2045 ,0.9261 ,-7.6618 ,-8.6745 ,-1.3605 ,10.1134 ,
3.0000 ,10.0426 ,0.8032 ,-5.7410 ,-7.3815 ,-1.0046 ,9.9922 ,
2.0000 ,9.9286 ,0.7615 ,-2.4262 ,-4.8079 ,-0.4203 ,9.9197 ,
4.0000 ,9.7954 ,1.0000 ,-15.9917 ,-18.5693 ,-2.6986 ,9.4163 ,
4.0000 ,9.7888 ,0.4366 ,-31.1817 ,-29.0813 ,-5.0682 ,8.3746 ,
4.0000 ,9.6900 ,0.4525 ,-16.1010 ,-18.5693 ,-2.6873 ,9.3099 ,
4.0000 ,9.6726 ,0.2030 ,-26.9640 ,-27.6264 ,-4.3859 ,8.6211 ,
4.0000 ,9.6301 ,0.9294 ,-7.7803 ,-8.0294 ,-1.3037 ,9.5414 ,
3.0000 ,9.6125 ,1.0000 ,-11.4536 ,-8.6764 ,-1.9088 ,9.4210 ,
3.0000 ,9.5871 ,0.8243 ,-25.1181 ,-25.4772 ,-4.0696 ,8.6805 ,
4.0000 ,9.5490 ,0.9794 ,-12.8856 ,-14.5611 ,-2.1295 ,9.3085 ,
4.0000 ,9.5182 ,0.4530 ,-24.1440 ,-22.6742 ,-3.8933 ,8.6856 ,
4.0000 ,9.5031 ,0.4153 ,-34.1874 ,-23.3678 ,-5.3398 ,7.8610 ,
2.0000 ,9.4911 ,0.7466 ,-12.0903 ,-11.2748 ,-1.9879 ,9.2805 ,
3.0000 ,9.4869 ,0.5061 ,-25.5479 ,-19.9255 ,-4.0914 ,8.5593 ,
3.0000 ,9.4473 ,1.0000 ,-12.8190 ,-12.5834 ,-2.0961 ,9.2119 ,
3.0000 ,9.4416 ,0.2962 ,-22.1961 ,-24.7701 ,-3.5668 ,8.7419 ,
4.0000 ,9.4096 ,1.0000 ,-28.7994 ,-21.2935 ,-4.5330 ,8.2458 ,
4.0000 ,9.3820 ,1.0000 ,-18.1460 ,-16.5548 ,-2.9219 ,8.9154 ,
2.0000 ,9.3660 ,1.0000 ,-25.2852 ,-25.4772 ,-4.0004 ,8.4687 ,
3.0000 ,9.3620 ,0.4426 ,-26.0471 ,-23.3698 ,-4.1109 ,8.4111 ,
2.0000 ,9.3457 ,1.0000 ,-23.8983 ,-25.4792 ,-3.7861 ,8.5445 ,
2.0000 ,9.3391 ,0.5035 ,-12.3631 ,-11.2767 ,-1.9996 ,9.1225 ,
3.0000 ,9.3150 ,1.0000 ,-15.5752 ,-14.5611 ,-2.5011 ,8.9729 ,
2.0000 ,9.3143 ,1.0000 ,-22.8780 ,-20.6080 ,-3.6211 ,8.5816 ,
2.0000 ,9.3041 ,1.0000 ,-30.0137 ,-20.6080 ,-4.6540 ,8.0565 ,
1.0000 ,9.2944 ,0.8718 ,-25.4272 ,-25.4772 ,-3.9907 ,8.3941 ,
4.0000 ,9.2856 ,0.6307 ,-31.2484 ,-38.3231 ,-4.8169 ,7.9385 ,
3.0000 ,9.2565 ,0.6591 ,-16.9373 ,-16.5548 ,-2.6966 ,8.8550 ,
3.0000 ,9.2187 ,0.4734 ,-27.4007 ,-20.5264 ,-4.2425 ,8.1844 ,
2.0000 ,9.2180 ,1.0000 ,-28.8378 ,-21.9822 ,-4.4461 ,8.0749 ,
4.0000 ,9.1935 ,0.6007 ,-27.0936 ,-27.6242 ,-4.1872 ,8.1847 ,
3.0000 ,9.1756 ,0.9200 ,-23.6849 ,-25.4772 ,-3.6859 ,8.4027 ,
2.0000 ,9.1725 ,0.7431 ,-22.2395 ,-24.7701 ,-3.4716 ,8.4901 ,
3.0000 ,9.1593 ,1.0000 ,-28.5988 ,-40.8147 ,-4.3843 ,8.0418 ,
2.0000 ,9.1332 ,0.9429 ,-17.7424 ,-17.2219 ,-2.7832 ,8.6988 ,
2.0000 ,9.0784 ,0.7391 ,-26.4144 ,-42.5289 ,-4.0386 ,8.1306 ,
3.0000 ,9.0614 ,0.9038 ,-21.9902 ,-17.8934 ,-3.3930 ,8.4022 ,
1.0000 ,9.0132 ,0.6094 ,-17.9277 ,-17.8934 ,-2.7744 ,8.5756 ,
2.0000 ,9.0082 ,1.0000 ,-24.1256 ,-24.7701 ,-3.6820 ,8.2214 ,
4.0000 ,9.0067 ,1.0000 ,-28.6801 ,-35.1278 ,-4.3225 ,7.9017 ,
3.0000 ,9.0005 ,1.0000 ,-23.7282 ,-26.9040 ,-3.6218 ,8.2396 ,
2.0000 ,8.9605 ,1.0000 ,-20.1434 ,-23.3698 ,-3.0857 ,8.4124 ,
1.0000 ,8.9416 ,0.5924 ,-23.4627 ,-23.3678 ,-3.5601 ,8.2023 ,
1.0000 ,8.9367 ,0.9134 ,-24.5492 ,-22.6742 ,-3.7130 ,8.1288 ,
2.0000 ,8.9297 ,0.6132 ,-25.6501 ,-24.7722 ,-3.8655 ,8.0498 ,
4.0000 ,2.7453 ,0.5718 ,-24.7875 ,-24.0670 ,-1.1510 ,2.4924 ,
2.0000 ,2.3198 ,0.6837 ,-21.3307 ,-34.3488 ,-0.8438 ,2.1609 ,
3.0000 ,2.1776 ,0.5284 ,37.2590 ,-30.5549 ,1.3184 ,1.7332 ,
3.0000 ,2.1771 ,0.6853 ,39.4542 ,-32.0557 ,1.3834 ,1.6810 ,
3.0000 ,2.1763 ,0.6979 ,38.7671 ,-31.6122 ,1.3627 ,1.6968 ,
3.0000 ,2.1756 ,0.6720 ,39.2562 ,-30.5571 ,1.3767 ,1.6846 ,
2.0000 ,1.1611 ,0.5977 ,-4.5499 ,-24.0691 ,-0.0921 ,1.1575 ,
2.0000 ,1.1607 ,0.2110 ,-6.6506 ,-23.3698 ,-0.1344 ,1.1529 ,
2.0000 ,1.1607 ,0.6586 ,-3.3678 ,-22.6742 ,-0.0682 ,1.1587 ,
2.0000 ,1.1589 ,0.6720 ,-5.5846 ,-24.7701 ,-0.1128 ,1.1534 ,
2.0000 ,1.1586 ,0.6349 ,-3.1112 ,-24.0691 ,-0.0629 ,1.1569 ,
2.0000 ,1.1583 ,0.4991 ,-5.7111 ,-24.0670 ,-0.1153 ,1.1525 ,
1.0000 ,0.9782 ,0.3701 ,-20.5329 ,3.5241 ,-0.3431 ,0.9161 ,
1.0000 ,0.9779 ,0.8747 ,-19.6481 ,4.8060 ,-0.3288 ,0.9210 ,
1.0000 ,0.9779 ,0.2878 ,-20.8629 ,4.1658 ,-0.3482 ,0.9137 ,
1.0000 ,0.9778 ,0.7500 ,-19.5345 ,2.8829 ,-0.3269 ,0.9215 ,
1.0000 ,0.9777 ,0.9202 ,-20.9281 ,4.8060 ,-0.3492 ,0.9132 ,
1.0000 ,0.9776 ,0.8924 ,-20.8920 ,3.5241 ,-0.3486 ,0.9134 ,
1.0000 ,0.9776 ,0.5367 ,-20.9886 ,4.1639 ,-0.3501 ,0.9127 ,
1.0000 ,0.9775 ,0.4010 ,-20.3515 ,3.5241 ,-0.3399 ,0.9164 ,
1.0000 ,0.9774 ,0.7950 ,-20.1571 ,4.1639 ,-0.3368 ,0.9175 ,
1.0000 ,0.9774 ,0.8242 ,-20.2596 ,4.1639 ,-0.3384 ,0.9169 ,
1.0000 ,0.9773 ,0.9446 ,-20.5757 ,3.5222 ,-0.3435 ,0.9150 ,
1.0000 ,0.9771 ,0.5603 ,-20.3985 ,2.8829 ,-0.3406 ,0.9159 ,
1.0000 ,0.9771 ,0.2204 ,-20.4234 ,4.8060 ,-0.3410 ,0.9156 ,
1.0000 ,0.9769 ,0.3042 ,-20.8448 ,2.8829 ,-0.3476 ,0.9130 ,
1.0000 ,0.9768 ,0.9646 ,-20.3695 ,2.8829 ,-0.3400 ,0.9157 ,
1.0000 ,0.9766 ,0.9644 ,-20.4678 ,3.5222 ,-0.3415 ,0.9150 ,
1.0000 ,0.9764 ,0.6934 ,-20.2643 ,4.1639 ,-0.3382 ,0.9159 ,
1.0000 ,0.9763 ,0.6993 ,-20.4678 ,2.2421 ,-0.3414 ,0.9147 ,
1.0000 ,0.9638 ,0.2776 ,-23.8019 ,2.8829 ,-0.3889 ,0.8818 ,
1.0000 ,0.9634 ,0.9334 ,-24.0219 ,4.8060 ,-0.3922 ,0.8799 ,
0.0000 ,0.8644 ,0.8793 ,-0.1922 ,3.5241 ,-0.0029 ,0.8644 ,
0.0000 ,0.8642 ,0.5388 ,-0.2170 ,4.1658 ,-0.0033 ,0.8642 ,
0.0000 ,0.8641 ,0.2957 ,-0.9727 ,4.8060 ,-0.0147 ,0.8640 ,
0.0000 ,0.8641 ,1.0000 ,-0.0535 ,4.1639 ,-0.0008 ,0.8641 ,
0.0000 ,0.8641 ,0.6294 ,-0.9752 ,4.1639 ,-0.0147 ,0.8640 ,
0.0000 ,0.8640 ,0.3167 ,0.1521 ,5.4488 ,0.0023 ,0.8640 ,
0.0000 ,0.8640 ,0.7185 ,0.0808 ,4.8060 ,0.0012 ,0.8640 ,
0.0000 ,0.8639 ,0.4376 ,0.4504 ,3.5241 ,0.0068 ,0.8639 ,
0.0000 ,0.8638 ,0.8076 ,0.1209 ,5.4488 ,0.0018 ,0.8638 ,
0.0000 ,0.8638 ,0.9642 ,-0.6139 ,5.4488 ,-0.0093 ,0.8638 ,
0.0000 ,0.8638 ,0.3980 ,-0.1080 ,3.5241 ,-0.0016 ,0.8638 ,
0.0000 ,0.8637 ,1.0000 ,0.3052 ,3.5241 ,0.0046 ,0.8637 ,
0.0000 ,0.8636 ,0.4180 ,0.1184 ,4.8060 ,0.0018 ,0.8636 ,
0.0000 ,0.8636 ,0.5974 ,0.3622 ,3.5241 ,0.0055 ,0.8636 ,
0.0000 ,0.8635 ,1.0000 ,-0.4207 ,4.1658 ,-0.0063 ,0.8634 ,
0.0000 ,0.8633 ,0.8706 ,-0.2235 ,3.5241 ,-0.0034 ,0.8633 ,
0.0000 ,0.8632 ,0.5599 ,-1.2036 ,3.5241 ,-0.0181 ,0.8630 ,
0.0000 ,0.8631 ,0.9884 ,-0.2195 ,4.1639 ,-0.0033 ,0.8631 ,
0.0000 ,0.8628 ,0.3289 ,-0.2066 ,3.5241 ,-0.0031 ,0.8628 ,
0.0000 ,0.8628 ,0.7286 ,-0.5386 ,2.8829 ,-0.0081 ,0.8627 ,
0.0000 ,0.8627 ,0.2382 ,-0.6243 ,3.5241 ,-0.0094 ,0.8627 ,
0.0000 ,0.8626 ,1.0000 ,-0.3052 ,3.5241 ,-0.0046 ,0.8626 ,
0.0000 ,0.0000 ,0.0000 ,0.0000 ,0.0000 ,-0.0029 ,0.8621 ,
0.0000 ,0.0000 ,0.0000 ,0.0000 ,0.0000 ,12.9718 ,25.9436 ,
0.0000 ,0.0000 ,0.0000 ,0.0000 ,0.0000 ,-12.9718 ,25.9436 ,

4.0000 ,20.7052 ,0.4345 ,-42.0899 ,-37.5116 ,-13.8786 ,15.3652 ,
4.0000 ,20.1625 ,0.8343 ,-36.1699 ,-33.2038 ,-11.8996 ,16.2766 ,
3.0000 ,20.0851 ,1.0000 ,-31.9085 ,-38.3231 ,-10.6162 ,17.0501 ,
3.0000 ,20.0731 ,1.0000 ,-35.8507 ,-32.8142 ,-11.7563 ,16.2701 ,
4.0000 ,15.2514 ,1.0000 ,-43.8197 ,-44.2914 ,-10.5600 ,11.0042 ,
3.0000 ,15.1437 ,0.6610 ,-44.8114 ,-43.4063 ,-10.6729 ,10.7434 ,
4.0000 ,15.0045 ,0.8475 ,-44.2719 ,-45.1927 ,-10.4741 ,10.7437 ,
4.0000 ,14.8288 ,0.9241 ,-51.2618 ,-46.1085 ,-11.5666 ,9.2793 ,
3.0000 ,14.7002 ,0.9882 ,-48.9992 ,-72.8093 ,-11.0943 ,9.6444 ,
2.0000 ,14.5890 ,0.9630 ,-47.2079 ,-45.1927 ,-10.7058 ,9.9109 ,
4.0000 ,14.4253 ,1.0000 ,-45.5049 ,-42.5314 ,-10.2897 ,10.1100 ,
3.0000 ,14.2992 ,0.9993 ,-43.3845 ,-45.1927 ,-9.8220 ,10.3921 ,
4.0000 ,14.0368 ,1.0000 ,-46.0642 ,-46.3071 ,-10.1082 ,9.7395 ,
4.0000 ,13.7904 ,1.0000 ,-46.8293 ,-47.0398 ,-10.0576 ,9.4351 ,
4.0000 ,13.4205 ,1.0000 ,-46.6514 ,-47.9905 ,-9.7592 ,9.2123 ,
4.0000 ,13.1278 ,0.8197 ,-43.8108 ,-47.9877 ,-9.0881 ,9.4734 ,
4.0000 ,12.8368 ,0.6406 ,-45.3757 ,-44.2940 ,-9.1363 ,9.0173 ,
4.0000 ,11.7610 ,0.7629 ,-45.0423 ,-45.1927 ,-8.3224 ,8.3101 ,
4.0000 ,11.6488 ,0.9559 ,-34.9777 ,-35.9167 ,-6.6778 ,9.5448 ,
4.0000 ,11.5453 ,0.6607 ,-44.4570 ,-42.9154 ,-8.0860 ,8.2407 ,
3.0000 ,11.5090 ,0.7021 ,-34.5380 ,-48.2091 ,-6.5250 ,9.4805 ,
3.0000 ,11.0390 ,0.8616 ,-29.2578 ,-41.6661 ,-5.3952 ,9.6307 ,
4.0000 ,10.9142 ,0.6218 ,-36.5427 ,-36.7112 ,-6.4986 ,8.7686 ,
4.0000 ,10.8483 ,0.9710 ,-27.7770 ,-24.7722 ,-5.0556 ,9.5982 ,
4.0000 ,10.8371 ,0.6336 ,-32.5887 ,-32.8142 ,-5.8369 ,9.1309 ,
2.0000 ,10.7465 ,0.7703 ,-36.2743 ,-37.9621 ,-6.3582 ,8.6638 ,
3.0000 ,9.8396 ,0.6694 ,-32.5040 ,-32.0534 ,-5.2874 ,8.2982 ,
2.0000 ,9.7878 ,0.8780 ,-33.2184 ,-38.3231 ,-5.3621 ,8.1884 ,
3.0000 ,9.7253 ,1.0000 ,-32.0200 ,-31.3034 ,-5.1565 ,8.2457 ,
2.0000 ,9.3904 ,0.5154 ,-28.0096 ,-30.5549 ,-4.4099 ,8.2905 ,
2.0000 ,9.3201 ,0.8509 ,-27.1315 ,-28.3492 ,-4.2503 ,8.2945 ,
4.0000 ,2.7445 ,0.6062 ,-25.4919 ,-23.3678 ,-1.1812 ,2.4773 ,
4.0000 ,2.7320 ,0.6464 ,-20.5937 ,-25.4772 ,-0.9609 ,2.5574 ,
4.0000 ,2.3448 ,0.6493 ,-25.5710 ,-32.8142 ,-1.0121 ,2.1151 ,
4.0000 ,2.3446 ,0.6090 ,-25.4947 ,-35.9144 ,-1.0092 ,2.1163 ,
4.0000 ,2.3360 ,0.6554 ,-24.0333 ,-35.9144 ,-0.9514 ,2.1335 ,
2.0000 ,2.3335 ,0.6753 ,-24.2891 ,-32.8119 ,-0.9599 ,2.1270 ,
4.0000 ,2.3328 ,0.6633 ,-24.9978 ,-34.3488 ,-0.9858 ,2.1142 ,
4.0000 ,2.3323 ,0.6230 ,-22.0196 ,-34.3488 ,-0.8744 ,2.1622 ,
4.0000 ,2.3238 ,0.6790 ,-20.6202 ,-33.5769 ,-0.8184 ,2.1750 ,
3.0000 ,2.1789 ,0.6786 ,38.3432 ,-32.0557 ,1.3517 ,1.7089 ,
3.0000 ,2.1777 ,0.7204 ,38.3350 ,-34.3488 ,1.3508 ,1.7082 ,
3.0000 ,2.1773 ,0.7056 ,37.8760 ,-32.0557 ,1.3367 ,1.7186 ,
2.0000 ,2.1771 ,0.5059 ,38.6033 ,-32.0534 ,1.3584 ,1.7014 ,
3.0000 ,2.1771 ,0.7083 ,37.0302 ,-32.8142 ,1.3111 ,1.7380 ,
2.0000 ,2.1765 ,0.7155 ,39.1641 ,-32.8119 ,1.3745 ,1.6875 ,
2.0000 ,2.1765 ,0.6177 ,38.2094 ,-30.5571 ,1.3462 ,1.7102 ,
3.0000 ,2.1763 ,0.7165 ,38.6700 ,-33.5769 ,1.3598 ,1.6991 ,
3.0000 ,2.1762 ,0.6947 ,37.8923 ,34.3488 ,1.3366 ,1.7174 ,
3.0000 ,2.1762 ,0.6833 ,39.0556 ,-32.0534 ,1.3712 ,1.6899 ,
3.0000 ,2.1758 ,0.3877 ,38.1615 ,-31.3034 ,1.3444 ,1.7108 ,
3.0000 ,2.1757 ,0.7272 ,38.9988 ,-31.3034 ,1.3692 ,1.6909 ,
3.0000 ,2.1757 ,0.7779 ,39.4812 ,-33.5769 ,1.3833 ,1.6792 ,
3.0000 ,2.1751 ,0.6938 ,39.4273 ,-31.3034 ,1.3814 ,1.6801 ,
3.0000 ,2.1751 ,0.7128 ,38.3085 ,-32.0534 ,1.3483 ,1.7068 ,
3.0000 ,2.1750 ,0.4287 ,38.8320 ,-32.8119 ,1.3638 ,1.6943 ,
3.0000 ,2.1750 ,0.6567 ,38.8937 ,-31.3012 ,1.3656 ,1.6928 ,
3.0000 ,2.1749 ,0.6467 ,39.4190 ,-34.3488 ,1.3810 ,1.6802 ,
3.0000 ,2.1745 ,0.6684 ,38.5869 ,-32.8119 ,1.3562 ,1.6997 ,
2.0000 ,1.1613 ,0.6516 ,-4.7205 ,-24.7701 ,-0.0956 ,1.1574 ,
2.0000 ,1.1610 ,0.6919 ,-5.2029 ,-24.7722 ,-0.1053 ,1.1563 ,
2.0000 ,1.1608 ,0.3618 ,-4.9079 ,-23.3698 ,-0.0993 ,1.1565 ,
2.0000 ,1.1605 ,0.6642 ,-5.6692 ,-25.4772 ,-0.1146 ,1.1548 ,
2.0000 ,1.1602 ,0.6986 ,-3.9755 ,-22.6742 ,-0.0804 ,1.1574 ,
2.0000 ,1.1600 ,0.6740 ,-2.4406 ,-26.1884 ,-0.0494 ,1.1590 ,
2.0000 ,1.1600 ,0.6512 ,-6.8661 ,-22.6742 ,-0.1387 ,1.1517 ,
2.0000 ,1.1599 ,0.7003 ,-4.8661 ,-24.7701 ,-0.0984 ,1.1558 ,
2.0000 ,1.1597 ,0.6520 ,-4.7503 ,-23.3698 ,-0.0960 ,1.1557 ,
2.0000 ,1.1594 ,0.6567 ,-6.4097 ,-23.3698 ,-0.1294 ,1.1522 ,
2.0000 ,1.1593 ,0.6622 ,-2.2937 ,-24.7701 ,-0.0464 ,1.1584 ,
2.0000 ,1.1589 ,0.7006 ,-1.8064 ,-23.3698 ,-0.0365 ,1.1583 ,
2.0000 ,1.1588 ,0.6753 ,-8.1471 ,-21.9822 ,-0.1642 ,1.1471 ,
2.0000 ,1.1584 ,0.6994 ,-4.5499 ,-23.3698 ,-0.0919 ,1.1547 ,
2.0000 ,1.1580 ,0.6660 ,-3.5549 ,-23.3698 ,-0.0718 ,1.1557 ,
2.0000 ,1.1578 ,0.4288 ,-3.4666 ,-22.6742 ,-0.0700 ,1.1557 ,
1.0000 ,0.9780 ,0.8907 ,-19.9377 ,3.5241 ,-0.3335 ,0.9194 ,
1.0000 ,0.9779 ,0.8938 ,-20.0743 ,4.1639 ,-0.3357 ,0.9185 ,
1.0000 ,0.9774 ,0.9656 ,-20.3763 ,3.6122 ,-0.3403 ,0.9162 ,
1.0000 ,0.9774 ,0.9254 ,-20.7171 ,3.5241 ,-0.3457 ,0.9142 ,
1.0000 ,0.9774 ,0.9307 ,-20.6382 ,2.8829 ,-0.3445 ,0.9146 ,
1.0000 ,0.9773 ,0.8600 ,-20.2712 ,2.8829 ,-0.3386 ,0.9168 ,
1.0000 ,0.9772 ,0.9240 ,-20.7325 ,2.8829 ,-0.3459 ,0.9139 ,
1.0000 ,0.9770 ,0.9402 ,-20.0606 ,2.8829 ,-0.3351 ,0.9178 ,
1.0000 ,0.9770 ,0.9191 ,-20.5440 ,2.8829 ,-0.3429 ,0.9149 ,
1.0000 ,0.9769 ,0.9367 ,-19.9846 ,4.1639 ,-0.3339 ,0.9180 ,
1.0000 ,0.9769 ,0.6670 ,-20.9663 ,2.8829 ,-0.3495 ,0.9122 ,
1.0000 ,0.9768 ,0.9629 ,-20.5397 ,4.8060 ,-0.3427 ,0.9147 ,
1.0000 ,0.9767 ,0.9257 ,-20.6382 ,2.2421 ,-0.3443 ,0.9140 ,
1.0000 ,0.9767 ,0.5777 ,-19.9804 ,4.8060 ,-0.3337 ,0.9179 ,
1.0000 ,0.9767 ,0.4794 ,-20.2305 ,4.1639 ,-0.3377 ,0.9164 ,
1.0000 ,0.9767 ,0.9549 ,-19.9335 ,4.1639 ,-0.3330 ,0.9182 ,
1.0000 ,0.9766 ,0.8153 ,-20.2331 ,4.1639 ,-0.3377 ,0.9163 ,
1.0000 ,0.9765 ,0.9499 ,-20.9843 ,3.5241 ,-0.3497 ,0.9118 ,
1.0000 ,0.9765 ,0.9635 ,-20.0094 ,3.5222 ,-0.3341 ,0.9176 ,
1.0000 ,0.9765 ,0.9051 ,-21.0788 ,3.5241 ,-0.3512 ,0.9111 ,
1.0000 ,0.9765 ,0.9804 ,-19.5387 ,3.5241 ,-0.3266 ,0.9202 ,
1.0000 ,0.9763 ,0.9736 ,-20.4927 ,2.8829 ,-0.3418 ,0.9145 ,
1.0000 ,0.9763 ,0.9635 ,-20.6451 ,4.1639 ,-0.3442 ,0.9136 ,
1.0000 ,0.9759 ,0.5339 ,-20.2152 ,4.1639 ,-0.3372 ,0.9158 ,
1.0000 ,0.9648 ,0.9629 ,-23.4033 ,2.8829 ,-0.3832 ,0.8854 ,
0.0000 ,0.8650 ,1.0000 ,-0.8572 ,3.5241 ,-0.0129 ,0.8649 ,
0.0000 ,0.8646 ,1.0000 ,-0.0367 ,3.5241 ,-0.0006 ,0.8646 ,
0.0000 ,0.8644 ,1.0000 ,-0.1858 ,2.8829 ,-0.0028 ,0.8644 ,
0.0000 ,0.8642 ,1.0000 ,-1.0168 ,4.1639 ,-0.0153 ,0.8641 ,
0.0000 ,0.8642 ,0.5430 ,-0.8156 ,3.5241 ,-0.0123 ,0.8641 ,
0.0000 ,0.8642 ,1.0000 ,-1.1387 ,4.8060 ,-0.0172 ,0.8640 ,
0.0000 ,0.8641 ,0.6994 ,-0.6412 ,4.8060 ,-0.0097 ,0.8641 ,
0.0000 ,0.8641 ,0.6078 ,-0.9896 ,4.8060 ,-0.0149 ,0.8640 ,
0.0000 ,0.8640 ,0.4753 ,-0.6897 ,4.8060 ,-0.0104 ,0.8640 ,
0.0000 ,0.8639 ,1.0000 ,-0.8597 ,4.8060 ,-0.0130 ,0.8638 ,
0.0000 ,0.8638 ,1.0000 ,-0.7170 ,4.8060 ,-0.0108 ,0.8638 ,
0.0000 ,0.8637 ,1.0000 ,-0.0495 ,4.1658 ,-0.0007 ,0.8637 ,
0.0000 ,0.8637 ,1.0000 ,-0.1016 ,3.5241 ,-0.0015 ,0.8637 ,
0.0000 ,0.8636 ,1.0000 ,-0.6308 ,4.8060 ,-0.0095 ,0.8635 ,
0.0000 ,0.8636 ,1.0000 ,-0.3726 ,4.1658 ,-0.0056 ,0.8635 ,
0.0000 ,0.8635 ,0.9593 ,-0.2908 ,4.1639 ,-0.0044 ,0.8635 ,
0.0000 ,0.8634 ,0.9660 ,-0.4167 ,4.1639 ,-0.0063 ,0.8633 ,
0.0000 ,0.8633 ,0.9878 ,0.2467 ,2.8829 ,0.0037 ,0.8632 ,
0.0000 ,0.8633 ,1.0000 ,0.0872 ,5.4488 ,0.0013 ,0.8633 ,
0.0000 ,0.8632 ,1.0000 ,-0.5193 ,4.8060 ,-0.0078 ,0.8632 ,
0.0000 ,0.8632 ,0.8697 ,-0.7001 ,4.8060 ,-0.0105 ,0.8631 ,
0.0000 ,0.8631 ,1.0000 ,-0.2131 ,3.5241 ,-0.0032 ,0.8631 ,
0.0000 ,0.8631 ,1.0000 ,-0.6496 ,2.8829 ,-0.0098 ,0.8630 ,
0.0000 ,0.8630 ,1.0000 ,-0.1754 ,3.5241 ,-0.0026 ,0.8630 ,
0.0000 ,0.0000 ,0.0000 ,0.0000 ,0.0000 ,-0.0072 ,0.8624 ,
0.0000 ,0.0000 ,0.0000 ,0.0000 ,0.0000 ,12.9718 ,25.9436 ,
0.0000 ,0.0000 ,0.0000 ,0.0000 ,0.0000 ,-12.9718 ,25.9436 ,

4.0000 ,19.7563 ,0.6383 ,-32.3250 ,-34.3488 ,-10.5641 ,16.6947 ,
4.0000 ,18.4997 ,0.6797 ,-32.1212 ,32.8119 ,-9.8365 ,15.6679 ,
4.0000 ,18.4560 ,0.8245 ,-35.8972 ,-31.3034 ,-10.8214 ,14.9507 ,
4.0000 ,18.4322 ,1.0000 ,-31.2333 ,-29.9094 ,-9.5575 ,15.7607 ,
4.0000 ,18.4297 ,0.8159 ,-32.0125 ,-33.5769 ,-9.7696 ,15.6271 ,
4.0000 ,15.6489 ,1.0000 ,-44.0295 ,-42.5314 ,-10.8765 ,11.2513 ,
4.0000 ,15.4989 ,1.0000 ,-44.6336 ,-45.1927 ,-10.8891 ,11.0292 ,
4.0000 ,2.8878 ,0.6137 ,6.7119 ,-6.7364 ,0.3375 ,2.8680 ,
4.0000 ,2.4321 ,0.6578 ,-26.8418 ,-32.0534 ,-1.0982 ,2.1701 ,
4.0000 ,2.4207 ,0.6327 ,-28.5842 ,34.3488 ,-1.1582 ,2.1256 ,
4.0000 ,2.3378 ,0.6755 ,-22.6867 ,-31.3034 ,-0.9017 ,2.1570 ,
3.0000 ,2.3359 ,0.6662 ,-23.2706 ,-35.1278 ,-0.9228 ,2.1458 ,
4.0000 ,2.3351 ,0.6400 ,-22.3209 ,-30.5571 ,-0.8868 ,2.1601 ,
4.0000 ,2.3349 ,0.6352 ,-23.8799 ,-33.5769 ,-0.9452 ,2.1350 ,
4.0000 ,2.3347 ,0.6051 ,-21.6305 ,-33.5769 ,-0.8606 ,2.1703 ,
4.0000 ,2.3347 ,0.6503 ,-23.7120 ,-34.3488 ,-0.9389 ,2.1376 ,
4.0000 ,2.3339 ,0.6126 ,-23.1380 ,-32.0557 ,-0.9171 ,2.1462 ,
4.0000 ,2.3255 ,0.6482 ,-20.7145 ,-33.5769 ,-0.8226 ,2.1752 ,
4.0000 ,2.3254 ,0.6352 ,-21.4436 ,-31.3135 ,-0.8501 ,2.1644 ,
4.0000 ,2.3251 ,0.6559 ,-21.4185 ,-31.3034 ,-0.8491 ,2.1645 ,
4.0000 ,2.3249 ,0.6928 ,-22.7189 ,-31.3034 ,-0.8979 ,2.1445 ,
4.0000 ,2.3244 ,0.6389 ,-21.2653 ,-30.9381 ,-0.8430 ,2.1662 ,
4.0000 ,2.3242 ,0.6925 ,-22.0015 ,-28.3513 ,-0.8707 ,2.1549 ,
4.0000 ,2.3221 ,0.6363 ,-20.9551 ,-32.8119 ,-0.8305 ,2.1686 ,
3.0000 ,2.3218 ,0.6843 ,-21.5900 ,-32.0534 ,-0.8543 ,2.1589 ,
4.0000 ,2.3218 ,0.6421 ,-21.2138 ,-34.3511 ,-0.8401 ,2.1644 ,
4.0000 ,2.3216 ,0.6238 ,-20.7728 ,-34.3488 ,-0.8234 ,2.1706 ,
3.0000 ,2.1782 ,0.6962 ,37.7512 ,-30.5571 ,1.3336 ,1.7223 ,
3.0000 ,2.1779 ,0.7046 ,37.9802 ,-31.3034 ,1.3403 ,1.7167 ,
3.0000 ,2.1776 ,0.6729 ,38.9988 ,-31.3034 ,1.3704 ,1.6924 ,
3.0000 ,2.1775 ,0.6652 ,38.5736 ,-31.3034 ,1.3577 ,1.7024 ,
3.0000 ,2.1775 ,0.7623 ,39.0205 ,-30.5571 ,1.3709 ,1.6917 ,
3.0000 ,2.1774 ,0.5731 ,36.9329 ,-30.5571 ,1.3083 ,1.7405 ,
3.0000 ,2.1772 ,0.6956 ,39.7513 ,-33.5769 ,1.3922 ,1.6739 ,
3.0000 ,2.1772 ,0.4204 ,39.5165 ,-30.5571 ,1.3853 ,1.6796 ,
2.0000 ,2.1771 ,0.7109 ,37.0644 ,-32.0557 ,1.3122 ,1.7373 ,
3.0000 ,2.1769 ,0.6903 ,39.0690 ,-31.3034 ,1.3720 ,1.6902 ,
3.0000 ,2.1765 ,0.6886 ,38.7214 ,-31.3034 ,1.3615 ,1.6981 ,
3.0000 ,2.1765 ,0.7245 ,39.5519 ,-32.0534 ,1.3859 ,1.6782 ,
3.0000 ,2.1765 ,0.3512 ,40.1813 ,-30.5571 ,1.4043 ,1.6629 ,
3.0000 ,2.1765 ,0.7620 ,38.8587 ,-32.0557 ,1.3655 ,1.6948 ,
3.0000 ,2.1762 ,0.6711 ,38.9803 ,-31.3034 ,1.3690 ,1.6917 ,
3.0000 ,2.1761 ,0.6853 ,39.3619 ,-31.3034 ,1.3801 ,1.6825 ,
3.0000 ,2.1759 ,0.7177 ,39.2396 ,-32.0534 ,1.3764 ,1.6853 ,
3.0000 ,2.1759 ,0.6924 ,38.9020 ,-31.3034 ,1.3665 ,1.6934 ,
3.0000 ,2.1758 ,0.6590 ,38.8670 ,-30.5571 ,1.3654 ,1.6941 ,
3.0000 ,2.1757 ,0.6797 ,39.3888 ,-32.0534 ,1.3806 ,1.6815 ,
3.0000 ,2.1757 ,0.6756 ,38.8638 ,-35.1278 ,1.3652 ,1.6941 ,
3.0000 ,2.1754 ,0.7283 ,38.7887 ,-32.8119 ,1.3628 ,1.6956 ,
3.0000 ,2.1750 ,0.7128 ,39.1424 ,-31.3012 ,1.3730 ,1.6869 ,
3.0000 ,2.1748 ,0.7024 ,38.3647 ,-32.0534 ,1.3498 ,1.7052 ,
2.0000 ,2.1745 ,0.6963 ,38.9772 ,-29.8165 ,1.3678 ,1.6905 ,
2.0000 ,1.1623 ,0.5562 ,-5.0785 ,-25.4772 ,-0.1029 ,1.1578 ,
2.0000 ,1.1617 ,0.6744 ,-5.0367 ,-24.0670 ,-0.1020 ,1.1572 ,
2.0000 ,1.1614 ,0.7054 ,-4.0575 ,-23.3698 ,-0.0822 ,1.1585 ,
2.0000 ,1.1611 ,0.6509 ,-4.6931 ,-24.7701 ,-0.0950 ,1.1572 ,
2.0000 ,1.1609 ,0.6577 ,-1.8336 ,-24.7701 ,-0.0371 ,1.1603 ,
2.0000 ,1.1604 ,0.6811 ,-1.1491 ,-25.4242 ,-0.0233 ,1.1602 ,
2.0000 ,1.1603 ,0.3354 ,-4.0640 ,-24.7701 ,-0.0822 ,1.1574 ,
2.0000 ,1.1602 ,0.6458 ,-0.9791 ,-24.7701 ,-0.0198 ,1.1600 ,
2.0000 ,1.1601 ,0.6685 ,-2.9450 ,-24.0691 ,-0.0596 ,1.1585 ,
2.0000 ,1.1600 ,0.6746 ,-3.5356 ,-22.9485 ,-0.0715 ,1.1578 ,
2.0000 ,1.1600 ,0.6857 ,-4.5161 ,-24.0670 ,-0.0913 ,1.1564 ,
2.0000 ,1.1599 ,0.6965 ,-2.2095 ,-24.7722 ,-0.0447 ,1.1591 ,
2.0000 ,1.1597 ,0.6891 ,-3.8007 ,-25.4772 ,-0.0769 ,1.1571 ,
2.0000 ,1.1597 ,0.6727 ,-2.1237 ,-24.0691 ,-0.0430 ,1.1589 ,
2.0000 ,1.1596 ,0.6471 ,-3.4497 ,-23.3698 ,-0.0698 ,1.1575 ,
2.0000 ,1.1596 ,0.6949 ,-4.9795 ,-23.3698 ,-0.1006 ,1.1552 ,
2.0000 ,1.1595 ,0.7129 ,-2.7957 ,-23.7032 ,-0.0566 ,1.1582 ,
2.0000 ,1.1595 ,0.6581 ,-0.6204 ,-24.7701 ,-0.0126 ,1.1594 ,
2.0000 ,1.1594 ,0.6965 ,-4.1966 ,-24.0691 ,-0.0848 ,1.1563 ,
2.0000 ,1.1593 ,0.6432 ,-6.4142 ,-24.0670 ,-0.1295 ,1.1520 ,
2.0000 ,1.1583 ,0.6532 ,-5.9517 ,-23.3698 ,-0.1201 ,1.1520 ,
2.0000 ,1.1578 ,0.3992 ,-1.6195 ,-24.7701 ,-0.0327 ,1.1573 ,
2.0000 ,1.1576 ,0.6485 ,-1.6428 ,-24.7722 ,-0.0332 ,1.1572 ,
1.0000 ,0.9779 ,0.9487 ,-20.3045 ,2.8829 ,-0.3394 ,0.9172 ,
1.0000 ,0.9774 ,0.8966 ,-20.8379 ,3.5241 ,-0.3477 ,0.9135 ,
1.0000 ,0.9774 ,0.9279 ,-20.2374 ,4.1639 ,-0.3381 ,0.9171 ,
1.0000 ,0.9774 ,0.7514 ,-20.4678 ,4.1639 ,-0.3418 ,0.9157 ,
1.0000 ,0.9774 ,0.9250 ,-20.6382 ,2.8829 ,-0.3445 ,0.9146 ,
1.0000 ,0.9774 ,0.9546 ,-20.2331 ,4.1639 ,-0.3380 ,0.9170 ,
1.0000 ,0.9773 ,0.9298 ,-20.3156 ,2.8829 ,-0.3393 ,0.9165 ,
1.0000 ,0.9773 ,0.9604 ,-20.0136 ,4.8060 ,-0.3345 ,0.9183 ,
1.0000 ,0.9771 ,0.9520 ,-19.8039 ,2.8829 ,-0.3311 ,0.9193 ,
1.0000 ,0.9771 ,0.9696 ,-20.7171 ,2.8829 ,-0.3456 ,0.9139 ,
1.0000 ,0.9768 ,0.9263 ,-20.4815 ,4.1639 ,-0.3418 ,0.9151 ,
1.0000 ,0.9768 ,0.9612 ,-19.8039 ,2.8829 ,-0.3309 ,0.9190 ,
1.0000 ,0.9767 ,0.9949 ,-20.6228 ,4.1639 ,-0.3440 ,0.9142 ,
1.0000 ,0.9767 ,0.9298 ,-20.8671 ,4.1639 ,-0.3479 ,0.9127 ,
1.0000 ,0.9767 ,0.5823 ,-20.8809 ,2.2421 ,-0.3481 ,0.9126 ,
1.0000 ,0.9766 ,0.9297 ,-20.1366 ,2.8811 ,-0.3362 ,0.9169 ,
1.0000 ,0.9766 ,0.9451 ,-20.1862 ,2.8811 ,-0.3370 ,0.9166 ,
1.0000 ,0.9765 ,0.4849 ,-20.1545 ,2.8829 ,-0.3365 ,0.9167 ,
1.0000 ,0.9765 ,0.9521 ,-20.0854 ,4.1639 ,-0.3354 ,0.9171 ,
1.0000 ,0.9762 ,0.9463 ,-20.5440 ,2.8829 ,-0.3426 ,0.9141 ,
1.0000 ,0.9762 ,0.9603 ,-20.2374 ,4.1639 ,-0.3377 ,0.9160 ,
1.0000 ,0.9760 ,0.9853 ,-20.6408 ,4.1639 ,-0.3440 ,0.9133 ,
1.0000 ,0.9642 ,0.9370 ,-24.7018 ,4.1639 ,-0.4029 ,0.8760 ,
1.0000 ,0.9638 ,0.9341 ,-24.2222 ,2.2421 ,-0.3954 ,0.8790 ,
1.0000 ,0.9636 ,0.9419 ,-23.3963 ,4.1639 ,-0.3826 ,0.8844 ,
0.0000 ,0.8648 ,1.0000 ,-0.9455 ,2.8829 ,-0.0143 ,0.8647 ,
0.0000 ,0.8645 ,1.0000 ,-0.3622 ,3.5222 ,-0.0055 ,0.8645 ,
0.0000 ,0.8643 ,1.0000 ,-0.7041 ,4.8060 ,-0.0106 ,0.8643 ,
0.0000 ,0.8642 ,1.0000 ,-0.3790 ,3.5241 ,-0.0057 ,0.8642 ,
0.0000 ,0.8642 ,1.0000 ,-0.9311 ,3.5241 ,-0.0140 ,0.8640 ,
0.0000 ,0.8641 ,1.0000 ,-0.5931 ,4.8060 ,-0.0089 ,0.8641 ,
0.0000 ,0.8640 ,1.0000 ,-0.9687 ,2.2421 ,-0.0146 ,0.8638 ,
0.0000 ,0.8640 ,1.0000 ,-0.4752 ,4.8060 ,-0.0072 ,0.8639 ,
0.0000 ,0.8639 ,0.5041 ,-0.2195 ,4.8060 ,-0.0033 ,0.8639 ,
0.0000 ,0.8638 ,1.0000 ,-1.0465 ,2.8829 ,-0.0158 ,0.8637 ,
0.0000 ,0.8638 ,1.0000 ,-0.5802 ,4.8060 ,-0.0087 ,0.8637 ,
0.0000 ,0.8638 ,0.5975 ,0.0158 ,4.1639 ,0.0002 ,0.8638 ,
0.0000 ,0.8635 ,1.0000 ,-0.5386 ,2.8829 ,-0.0081 ,0.8635 ,
0.0000 ,0.8635 ,1.0000 ,-0.6035 ,3.5241 ,-0.0091 ,0.8635 ,
0.0000 ,0.8635 ,1.0000 ,-0.5530 ,4.8060 ,-0.0083 ,0.8634 ,
0.0000 ,0.8633 ,1.0000 ,-0.8196 ,3.5241 ,-0.0123 ,0.8632 ,
0.0000 ,0.8632 ,1.0000 ,-0.8052 ,4.8060 ,-0.0121 ,0.8631 ,
0.0000 ,0.8631 ,0.8311 ,0.0010 ,3.5241 ,0.0000 ,0.8631 ,
0.0000 ,0.8631 ,1.0000 ,-0.4038 ,4.8060 ,-0.0061 ,0.8631 ,
0.0000 ,0.8631 ,1.0000 ,-0.7988 ,4.8060 ,-0.0120 ,0.8630 ,
0.0000 ,0.8630 ,1.0000 ,-0.5594 ,4.8060 ,-0.0084 ,0.8630 ,
0.0000 ,0.8630 ,1.0000 ,-0.0639 ,5.4488 ,-0.0010 ,0.8630 ,
0.0000 ,0.8627 ,1.0000 ,-0.4103 ,4.8060 ,-0.0062 ,0.8627 ,
0.0000 ,0.8626 ,1.0000 ,-0.3117 ,3.5241 ,-0.0047 ,0.8626 ,
0.0000 ,0.0000 ,0.0000 ,0.0000 ,0.0000 ,-0.0026 ,0.8622 ,
0.0000 ,0.0000 ,0.0000 ,0.0000 ,0.0000 ,12.9718 ,25.9436 ,
0.0000 ,0.0000 ,0.0000 ,0.0000 ,0.0000 ,-12.9718 ,25.9436 ,

4.0000 ,18.7163 ,0.6999 ,-26.8462 ,-15.2236 ,-8.4522 ,16.6991 ,
4.0000 ,18.6978 ,0.8733 ,-22.0560 ,-25.6482 ,-7.0213 ,17.3294 ,
3.0000 ,18.5732 ,1.0000 ,-25.6039 ,-19.2441 ,-8.0264 ,16.7493 ,
4.0000 ,18.5556 ,1.0000 ,-21.6012 ,-16.5548 ,-6.8312 ,17.2525 ,
4.0000 ,18.5323 ,0.3630 ,-22.5460 ,-28.3513 ,-7.1058 ,17.1159 ,
3.0000 ,18.4504 ,1.0000 ,-25.5249 ,-27.6242 ,-7.9503 ,16.6496 ,
2.0000 ,18.4381 ,0.7840 ,-32.7458 ,-18.5693 ,-9.9734 ,15.5079 ,
3.0000 ,18.4339 ,1.0000 ,-28.6271 ,-29.8143 ,-8.8318 ,16.1805 ,
3.0000 ,18.4278 ,0.9538 ,-31.2362 ,-19.2441 ,-9.5560 ,15.7564 ,
4.0000 ,18.3920 ,1.0000 ,-20.3943 ,-19.2441 ,-6.4092 ,17.2392 ,
2.0000 ,18.3551 ,0.9750 ,-22.4843 ,-25.4792 ,-7.0196 ,16.9598 ,
4.0000 ,15.7199 ,0.6408 ,-15.4816 ,-15.8881 ,-4.1961 ,15.1496 ,
4.0000 ,14.9010 ,0.6340 ,-11.4642 ,-14.5592 ,-2.9617 ,14.6037 ,
4.0000 ,13.8871 ,0.6905 ,-12.5823 ,-12.5853 ,-3.0252 ,13.5536 ,
4.0000 ,13.4764 ,0.7634 ,-10.9187 ,-10.6246 ,-2.5526 ,13.2324 ,
4.0000 ,13.2813 ,0.7420 ,-12.1354 ,-9.9740 ,-2.7920 ,12.9845 ,
3.0000 ,13.2219 ,0.7251 ,-11.4192 ,-11.9302 ,-2.6178 ,12.9602 ,
4.0000 ,12.9015 ,0.7197 ,-12.8470 ,-12.5834 ,-2.8686 ,12.5786 ,
4.0000 ,12.6708 ,0.7055 ,-11.5264 ,-12.5834 ,-2.5319 ,12.4152 ,
3.0000 ,12.5195 ,0.7652 ,-12.7911 ,-12.5853 ,-2.7718 ,12.2088 ,
4.0000 ,2.7439 ,0.6258 ,-25.3367 ,-25.4772 ,-1.1742 ,2.4800 ,
4.0000 ,2.7343 ,0.6255 ,-23.2636 ,-23.3698 ,-1.0800 ,2.5120 ,
4.0000 ,2.3450 ,0.6698 ,-25.1022 ,-32.8119 ,-0.9948 ,2.1235 ,
3.0000 ,2.3444 ,0.6672 ,-25.1575 ,-35.1278 ,-0.9966 ,2.1220 ,
4.0000 ,2.3431 ,0.6260 ,-24.4479 ,-32.8142 ,-0.9697 ,2.1330 ,
4.0000 ,2.3355 ,0.6395 ,-24.6577 ,-34.3488 ,-0.9743 ,2.1225 ,
4.0000 ,2.3342 ,0.6118 ,-22.3959 ,-32.0557 ,-0.8893 ,2.1581 ,
4.0000 ,2.3336 ,0.6005 ,-21.3377 ,-32.8119 ,-0.8491 ,2.1736 ,
4.0000 ,2.3327 ,0.7028 ,-22.4323 ,-32.8142 ,-0.8901 ,2.1562 ,
4.0000 ,2.3261 ,0.6498 ,-22.5347 ,-31.3034 ,-0.8914 ,2.1485 ,
4.0000 ,2.3244 ,0.6579 ,-21.7932 ,-31.3034 ,-0.8630 ,2.1583 ,
4.0000 ,2.3244 ,0.6591 ,-22.1961 ,-32.0557 ,-0.8781 ,2.1521 ,
4.0000 ,2.3240 ,0.6749 ,-21.0066 ,-32.0534 ,-0.8331 ,2.1695 ,
4.0000 ,2.3213 ,0.6460 ,-21.5858 ,-33.5769 ,-0.8540 ,2.1585 ,
3.0000 ,2.1785 ,0.7062 ,37.9639 ,-33.5769 ,1.3402 ,1.7175 ,
2.0000 ,2.1785 ,0.6682 ,38.8237 ,-34.3488 ,1.3658 ,1.6972 ,
3.0000 ,2.1783 ,0.6844 ,39.7649 ,-32.8119 ,1.3934 ,1.6744 ,
3.0000 ,2.1776 ,0.4582 ,38.6700 ,-32.8142 ,1.3607 ,1.7002 ,
2.0000 ,2.1773 ,0.6471 ,38.6167 ,-32.8119 ,1.3589 ,1.7012 ,
3.0000 ,2.1768 ,0.7138 ,38.0708 ,-31.3034 ,1.3423 ,1.7137 ,
3.0000 ,2.1767 ,0.6720 ,38.6700 ,-32.0534 ,1.3601 ,1.6995 ,
3.0000 ,2.1767 ,0.7117 ,38.1401 ,-33.5769 ,1.3443 ,1.7120 ,
3.0000 ,2.1766 ,0.6992 ,38.9638 ,-31.3012 ,1.3687 ,1.6924 ,
3.0000 ,2.1765 ,0.6664 ,38.2839 ,-32.8119 ,1.3484 ,1.7084 ,
3.0000 ,2.1764 ,0.6737 ,39.6721 ,-31.3012 ,1.3894 ,1.6752 ,
3.0000 ,2.1763 ,0.7527 ,38.9020 ,-32.0557 ,1.3667 ,1.6936 ,
3.0000 ,2.1759 ,0.6989 ,38.6567 ,-31.3012 ,1.3591 ,1.6991 ,
3.0000 ,2.1758 ,0.7171 ,38.1931 ,-31.3034 ,1.3453 ,1.7100 ,
2.0000 ,2.1756 ,0.7120 ,38.7887 ,-32.0534 ,1.3629 ,1.6958 ,
2.0000 ,2.1755 ,0.2440 ,38.8670 ,-32.1570 ,1.3652 ,1.6938 ,
3.0000 ,2.1753 ,0.7040 ,37.8923 ,-34.3488 ,1.3361 ,1.7167 ,
2.0000 ,2.1752 ,0.7178 ,38.1401 ,-32.0557 ,1.3434 ,1.7108 ,
3.0000 ,2.1751 ,0.7236 ,37.9589 ,-32.0557 ,1.3379 ,1.7150 ,
3.0000 ,2.1749 ,0.6719 ,39.9204 ,-32.0534 ,1.3957 ,1.6680 ,
3.0000 ,2.1746 ,0.6587 ,39.4055 ,-32.8119 ,1.3804 ,1.6802 ,
3.0000 ,2.1745 ,0.6704 ,37.2198 ,-32.8119 ,1.3153 ,1.7316 ,
3.0000 ,2.1744 ,0.7081 ,38.6433 ,-33.5769 ,1.3578 ,1.6983 ,
2.0000 ,1.1738 ,0.6490 ,-8.6289 ,-24.7701 ,-0.1761 ,1.1605 ,
2.0000 ,1.1730 ,0.6727 ,-9.0983 ,-24.7722 ,-0.1855 ,1.1583 ,
2.0000 ,1.1618 ,0.6723 ,-1.9913 ,-24.3709 ,-0.0404 ,1.1611 ,
2.0000 ,1.1611 ,0.6787 ,-6.9824 ,-23.3698 ,-0.1412 ,1.1525 ,
2.0000 ,1.1603 ,0.6463 ,-7.2366 ,-23.3698 ,-0.1462 ,1.1511 ,
2.0000 ,1.1602 ,0.6513 ,-5.5234 ,-24.7701 ,-0.1117 ,1.1548 ,
2.0000 ,1.1601 ,0.6687 ,-3.0269 ,-23.3698 ,-0.0613 ,1.1585 ,
2.0000 ,1.1600 ,0.6727 ,-6.0339 ,-23.3698 ,-0.1219 ,1.1535 ,
2.0000 ,1.1595 ,0.6635 ,-5.0029 ,-22.6742 ,-0.1011 ,1.1551 ,
2.0000 ,1.1595 ,0.4642 ,-5.4034 ,-23.3698 ,-0.1092 ,1.1543 ,
2.0000 ,1.1595 ,0.6698 ,-1.0128 ,-23.3698 ,-0.0205 ,1.1593 ,
2.0000 ,1.1594 ,0.6755 ,-3.3614 ,-23.7438 ,-0.0680 ,1.1574 ,
2.0000 ,1.1593 ,0.6807 ,-6.9510 ,-24.0670 ,-0.1403 ,1.1508 ,
2.0000 ,1.1590 ,0.6585 ,-6.7798 ,-24.0691 ,-0.1368 ,1.1509 ,
2.0000 ,1.1585 ,0.7045 ,-3.6811 ,-25.4772 ,-0.0744 ,1.1561 ,
2.0000 ,1.1585 ,0.6659 ,-5.1611 ,-24.7722 ,-0.1042 ,1.1538 ,
2.0000 ,1.1583 ,0.6623 ,-3.8176 ,-25.4772 ,-0.0771 ,1.1557 ,
2.0000 ,1.1581 ,0.6685 ,-5.1083 ,-23.3698 ,-0.1031 ,1.1535 ,
1.0000 ,0.9782 ,0.9075 ,-20.0026 ,3.5222 ,-0.3346 ,0.9192 ,
1.0000 ,0.9780 ,0.9392 ,-20.8448 ,3.5222 ,-0.3480 ,0.9140 ,
1.0000 ,0.9779 ,0.9272 ,-20.5620 ,4.1639 ,-0.3435 ,0.9156 ,
1.0000 ,0.9777 ,0.9087 ,-20.3335 ,3.5241 ,-0.3397 ,0.9167 ,
1.0000 ,0.9776 ,0.9205 ,-20.4096 ,2.8829 ,-0.3409 ,0.9163 ,
1.0000 ,0.9775 ,0.9430 ,-20.2374 ,4.8060 ,-0.3381 ,0.9172 ,
1.0000 ,0.9775 ,0.6454 ,-20.5106 ,3.5241 ,-0.3425 ,0.9155 ,
1.0000 ,0.9773 ,0.9507 ,-20.7616 ,4.1639 ,-0.3464 ,0.9139 ,
1.0000 ,0.9773 ,0.3260 ,-21.1596 ,2.2421 ,-0.3528 ,0.9114 ,
1.0000 ,0.9772 ,0.9358 ,-20.3763 ,4.8060 ,-0.3402 ,0.9160 ,
1.0000 ,0.9772 ,0.9291 ,-20.5620 ,4.1639 ,-0.3432 ,0.9149 ,
1.0000 ,0.9771 ,0.9840 ,-20.3943 ,2.8829 ,-0.3405 ,0.9159 ,
1.0000 ,0.9771 ,0.6582 ,-20.8448 ,2.8829 ,-0.3477 ,0.9132 ,
1.0000 ,0.9771 ,0.6033 ,-20.0674 ,4.1639 ,-0.3353 ,0.9178 ,
1.0000 ,0.9770 ,0.9247 ,-19.6923 ,4.1639 ,-0.3292 ,0.9199 ,
1.0000 ,0.9770 ,0.9501 ,-20.7145 ,2.8829 ,-0.3456 ,0.9138 ,
1.0000 ,0.9770 ,0.9310 ,-20.5620 ,4.8060 ,-0.3431 ,0.9147 ,
1.0000 ,0.9769 ,0.9254 ,-20.7976 ,4.8060 ,-0.3469 ,0.9133 ,
1.0000 ,0.9769 ,0.9950 ,-20.7145 ,2.8829 ,-0.3455 ,0.9138 ,
1.0000 ,0.9768 ,0.9380 ,-20.4456 ,3.5241 ,-0.3412 ,0.9153 ,
1.0000 ,0.9768 ,0.9626 ,-19.8645 ,2.8829 ,-0.3319 ,0.9187 ,
1.0000 ,0.9767 ,0.8910 ,-20.4858 ,3.5222 ,-0.3418 ,0.9149 ,
1.0000 ,0.9766 ,0.9569 ,-20.9212 ,4.8060 ,-0.3487 ,0.9123 ,
1.0000 ,0.9765 ,0.9381 ,-20.7685 ,2.2421 ,-0.3462 ,0.9130 ,
1.0000 ,0.9629 ,0.9904 ,-24.6533 ,2.2421 ,-0.4017 ,0.8752 ,
0.0000 ,0.8652 ,1.0000 ,-0.0010 ,2.8829 ,-0.0000 ,0.8652 ,
0.0000 ,0.8647 ,1.0000 ,-0.3999 ,4.8060 ,-0.0060 ,0.8647 ,
0.0000 ,0.8646 ,1.0000 ,-0.6873 ,4.1639 ,-0.0104 ,0.8645 ,
0.0000 ,0.8643 ,1.0000 ,-0.1353 ,4.1658 ,-0.0020 ,0.8643 ,
0.0000 ,0.8642 ,1.0000 ,-0.2195 ,5.4488 ,-0.0033 ,0.8642 ,
0.0000 ,0.8641 ,1.0000 ,-0.0302 ,5.4488 ,-0.0005 ,0.8641 ,
0.0000 ,0.8640 ,1.0000 ,-0.4752 ,4.1639 ,-0.0072 ,0.8640 ,
0.0000 ,0.8640 ,1.0000 ,-1.1115 ,3.5241 ,-0.0168 ,0.8638 ,
0.0000 ,0.8640 ,0.6870 ,-0.4920 ,4.8060 ,-0.0074 ,0.8639 ,
0.0000 ,0.8638 ,1.0000 ,-1.0193 ,4.8060 ,-0.0154 ,0.8636 ,
0.0000 ,0.8637 ,0.6208 ,-0.5193 ,3.5241 ,-0.0078 ,0.8637 ,
0.0000 ,0.8637 ,0.9608 ,-0.0639 ,4.1639 ,-0.0010 ,0.8637 ,
0.0000 ,0.8637 ,0.3401 ,0.0872 ,4.1639 ,0.0013 ,0.8637 ,
0.0000 ,0.8635 ,1.0000 ,-0.3558 ,3.5241 ,-0.0054 ,0.8635 ,
0.0000 ,0.8635 ,1.0000 ,-0.2195 ,4.1658 ,-0.0033 ,0.8635 ,
0.0000 ,0.8634 ,0.6837 ,0.1922 ,5.4488 ,0.0029 ,0.8634 ,
0.0000 ,0.8633 ,1.0000 ,-0.2131 ,4.1658 ,-0.0032 ,0.8633 ,
0.0000 ,0.8633 ,1.0000 ,-0.3325 ,4.1658 ,-0.0050 ,0.8633 ,
0.0000 ,0.8632 ,1.0000 ,-0.9311 ,4.1639 ,-0.0140 ,0.8631 ,
0.0000 ,0.8630 ,1.0000 ,0.3726 ,3.5241 ,0.0056 ,0.8630 ,
0.0000 ,0.8629 ,1.0000 ,-0.8260 ,4.8060 ,-0.0124 ,0.8629 ,
0.0000 ,0.8629 ,1.0000 ,-0.4038 ,2.9449 ,-0.0061 ,0.8628 ,
0.0000 ,0.8626 ,1.0000 ,-0.3726 ,4.1639 ,-0.0056 ,0.8626 ,
0.0000 ,0.8626 ,1.0000 ,-0.4207 ,4.1658 ,-0.0063 ,0.8625 ,
0.0000 ,0.0000 ,0.0000 ,0.0000 ,0.0000 ,0.0019 ,0.8623 ,
0.0000 ,0.0000 ,0.0000 ,0.0000 ,0.0000 ,12.9718 ,25.9436 ,
0.0000 ,0.0000 ,0.0000 ,0.0000 ,0.0000 ,-12.9718 ,25.9436 ,

4.0000 ,23.3036 ,0.4819 ,12.5265 ,14.5592 ,5.0543 ,22.7489 ,
4.0000 ,12.4747 ,0.5287 ,-12.4788 ,-11.2767 ,-2.6955 ,12.1800 ,
4.0000 ,11.6775 ,1.0000 ,-9.7578 ,-10.6246 ,-1.9791 ,11.5086 ,
3.0000 ,11.5466 ,0.8548 ,-9.0471 ,-11.9283 ,-1.8157 ,11.4029 ,
4.0000 ,11.3123 ,0.8785 ,-9.9026 ,-8.6764 ,-1.9454 ,11.1437 ,
4.0000 ,11.1813 ,0.8687 ,-8.1325 ,-8.0275 ,-1.5817 ,11.0689 ,
4.0000 ,11.0953 ,1.0000 ,-6.7054 ,-6.0941 ,-1.2955 ,11.0194 ,
3.0000 ,11.0466 ,0.8033 ,-6.0912 ,-7.3834 ,-1.1722 ,10.9843 ,
4.0000 ,10.8676 ,0.7770 ,-6.3339 ,-5.4507 ,-1.1989 ,10.8013 ,
4.0000 ,10.7985 ,0.7407 ,-4.3059 ,0.9594 ,-0.8108 ,10.7680 ,
3.0000 ,10.7470 ,0.9872 ,-7.9859 ,-7.3815 ,-1.4931 ,10.6428 ,
4.0000 ,10.6519 ,0.7485 ,-5.8356 ,-6.0941 ,-1.0830 ,10.5967 ,
3.0000 ,10.4442 ,0.9756 ,-4.2448 ,-5.4148 ,-0.7731 ,10.4156 ,
4.0000 ,10.4257 ,0.6572 ,-5.0263 ,-6.0922 ,-0.9134 ,10.3856 ,
2.0000 ,10.3514 ,1.0000 ,-3.8742 ,-4.8079 ,-0.6994 ,10.3277 ,
4.0000 ,10.2416 ,0.8065 ,-2.3275 ,-2.2402 ,-0.4159 ,10.2331 ,
3.0000 ,10.2407 ,1.0000 ,-2.9827 ,-4.1658 ,-0.5329 ,10.2268 ,
4.0000 ,10.0743 ,0.7992 ,-2.2263 ,4.1658 ,-0.3914 ,10.0667 ,
4.0000 ,10.0507 ,1.0000 ,-1.8024 ,-2.2421 ,-0.3161 ,10.0458 ,
4.0000 ,9.9656 ,0.3104 ,1.6636 ,-1.5997 ,0.2893 ,9.9614 ,
3.0000 ,9.8307 ,0.6957 ,-1.7895 ,0.9594 ,-0.3070 ,9.8259 ,
3.0000 ,9.7848 ,0.4604 ,3.2497 ,17.2162 ,0.5547 ,9.7691 ,
4.0000 ,9.6919 ,1.0000 ,1.3548 ,2.8811 ,0.2292 ,9.6892 ,
4.0000 ,9.6794 ,0.5127 ,12.3672 ,9.9740 ,2.0731 ,9.4548 ,
4.0000 ,9.6730 ,0.8548 ,13.3685 ,11.2767 ,2.2365 ,9.4109 ,
4.0000 ,9.6132 ,0.2845 ,-0.2844 ,6.0922 ,-0.0477 ,9.6130 ,
3.0000 ,9.5925 ,0.5308 ,9.7407 ,8.6764 ,1.6229 ,9.4542 ,
4.0000 ,9.5919 ,0.6816 ,14.7379 ,17.2219 ,2.4402 ,9.2763 ,
3.0000 ,9.5307 ,0.6500 ,2.7476 ,2.8811 ,0.4569 ,9.5198 ,
3.0000 ,9.4838 ,1.0000 ,17.0606 ,18.5674 ,2.7824 ,9.0665 ,
3.0000 ,9.4812 ,0.6285 ,5.9477 ,6.0941 ,0.9824 ,9.4301 ,
4.0000 ,9.4765 ,0.2439 ,11.6013 ,16.5529 ,1.9057 ,9.2829 ,
3.0000 ,9.4633 ,1.0000 ,7.2640 ,10.6227 ,1.1966 ,9.3874 ,
3.0000 ,9.4527 ,0.3363 ,20.1835 ,15.8861 ,3.2615 ,8.8722 ,
3.0000 ,9.4125 ,1.0000 ,18.6635 ,18.5693 ,3.0121 ,8.9175 ,
3.0000 ,9.3857 ,1.0000 ,14.8183 ,15.8881 ,2.4004 ,9.0735 ,
1.0000 ,9.3783 ,1.0000 ,17.0295 ,21.2935 ,2.7466 ,8.9671 ,
3.0000 ,9.3669 ,1.0000 ,11.4511 ,11.1658 ,1.8596 ,9.1805 ,
4.0000 ,9.3498 ,0.7041 ,12.4681 ,14.5611 ,2.0186 ,9.1293 ,
3.0000 ,9.3342 ,0.3694 ,14.4389 ,14.5611 ,2.3275 ,9.0394 ,
2.0000 ,9.3215 ,1.0000 ,9.0195 ,8.6764 ,1.4613 ,9.2062 ,
2.0000 ,9.3085 ,0.8175 ,7.5244 ,8.6745 ,1.2189 ,9.2283 ,
2.0000 ,9.2976 ,1.0000 ,17.8064 ,16.5548 ,2.8432 ,8.8522 ,
2.0000 ,9.2705 ,0.4340 ,18.8388 ,19.9255 ,2.9935 ,8.7739 ,
2.0000 ,9.2687 ,0.3854 ,19.1249 ,16.5548 ,3.0367 ,8.7572 ,
2.0000 ,9.2652 ,0.7114 ,6.2242 ,6.7364 ,1.0045 ,9.2106 ,
2.0000 ,9.2554 ,0.6651 ,9.0004 ,11.9302 ,1.4479 ,9.1414 ,
3.0000 ,9.2243 ,1.0000 ,10.8158 ,14.5611 ,1.7310 ,9.0604 ,
2.0000 ,9.2027 ,1.0000 ,12.8231 ,14.5611 ,2.0425 ,8.9732 ,
1.0000 ,9.1813 ,0.6271 ,17.2955 ,21.2914 ,2.7296 ,8.7661 ,
2.0000 ,9.1464 ,1.0000 ,14.9465 ,17.7350 ,2.3590 ,8.8370 ,
4.0000 ,2.3343 ,0.6832 ,-25.5924 ,-32.8142 ,-1.0083 ,2.1053 ,
3.0000 ,2.3340 ,0.6747 ,-22.5825 ,-31.3034 ,-0.8963 ,2.1550 ,
4.0000 ,2.3334 ,0.6407 ,-24.5035 ,-34.3511 ,-0.9678 ,2.1232 ,
2.0000 ,2.1775 ,0.5021 ,37.7299 ,-32.8119 ,1.3325 ,1.7222 ,
2.0000 ,2.1774 ,0.2811 ,38.0148 ,-35.1278 ,1.3410 ,1.7155 ,
2.0000 ,2.1774 ,0.6579 ,38.9020 ,-32.8119 ,1.3674 ,1.6945 ,
2.0000 ,2.1773 ,0.7110 ,37.4466 ,-32.0557 ,1.3238 ,1.7286 ,
2.0000 ,2.1772 ,0.6553 ,38.2492 ,-34.3488 ,1.3478 ,1.7098 ,
2.0000 ,2.1771 ,0.7397 ,38.3647 ,-32.8142 ,1.3513 ,1.7070 ,
3.0000 ,2.1768 ,0.7005 ,38.4874 ,-32.3224 ,1.3547 ,1.7039 ,
3.0000 ,2.1764 ,0.7254 ,37.6266 ,-33.1623 ,1.3287 ,1.7237 ,
3.0000 ,2.1760 ,0.6733 ,37.9771 ,-33.5792 ,1.3390 ,1.7153 ,
3.0000 ,2.1758 ,0.7014 ,38.8803 ,-29.8165 ,1.3658 ,1.6938 ,
3.0000 ,2.1741 ,0.5654 ,37.5365 ,-30.6617 ,1.3246 ,1.7240 ,
2.0000 ,1.1616 ,0.6829 ,-6.1968 ,-25.4772 ,-0.1254 ,1.1548 ,
2.0000 ,1.1608 ,0.6749 ,-4.5902 ,-24.7722 ,-0.0929 ,1.1571 ,
2.0000 ,1.1606 ,0.6477 ,-2.5120 ,-24.7701 ,-0.0509 ,1.1595 ,
2.0000 ,1.1597 ,0.7212 ,-3.1723 ,-24.7701 ,-0.0642 ,1.1580 ,
2.0000 ,1.1589 ,0.5382 ,-6.5852 ,-24.7701 ,-0.1329 ,1.1513 ,
2.0000 ,1.1474 ,0.6872 ,-1.4118 ,-24.0691 ,-0.0283 ,1.1471 ,
2.0000 ,1.1447 ,0.6602 ,-2.5417 ,-23.3698 ,-0.0508 ,1.1436 ,
1.0000 ,0.9781 ,0.9042 ,-19.7749 ,2.8829 ,-0.3309 ,0.9204 ,
1.0000 ,0.9778 ,0.2560 ,-20.7505 ,4.1639 ,-0.3464 ,0.9144 ,
1.0000 ,0.9775 ,0.9228 ,-21.2361 ,2.8829 ,-0.3540 ,0.9111 ,
1.0000 ,0.9773 ,0.9420 ,-20.6673 ,4.1639 ,-0.3449 ,0.9144 ,
1.0000 ,0.9772 ,0.9493 ,-20.2553 ,3.5222 ,-0.3383 ,0.9167 ,
1.0000 ,0.9771 ,0.9453 ,-20.3515 ,3.5241 ,-0.3398 ,0.9161 ,
1.0000 ,0.9771 ,0.7660 ,-20.9817 ,2.8829 ,-0.3499 ,0.9123 ,
1.0000 ,0.9770 ,0.2909 ,-20.2596 ,1.6016 ,-0.3383 ,0.9166 ,
1.0000 ,0.9770 ,0.6463 ,-20.4815 ,2.2421 ,-0.3419 ,0.9153 ,
1.0000 ,0.9768 ,0.9550 ,-20.4276 ,3.5241 ,-0.3409 ,0.9154 ,
1.0000 ,0.9768 ,0.9359 ,-20.9594 ,2.8829 ,-0.3494 ,0.9122 ,
1.0000 ,0.9768 ,0.8068 ,-21.0247 ,4.1639 ,-0.3504 ,0.9118 ,
1.0000 ,0.9768 ,0.6133 ,-20.4234 ,2.8829 ,-0.3408 ,0.9154 ,
1.0000 ,0.9767 ,0.3649 ,-20.6673 ,2.8829 ,-0.3447 ,0.9139 ,
1.0000 ,0.9767 ,0.6351 ,-20.8671 ,3.5241 ,-0.3479 ,0.9127 ,
1.0000 ,0.9767 ,0.4179 ,-20.5466 ,2.8829 ,-0.3428 ,0.9146 ,
1.0000 ,0.9766 ,0.8920 ,-19.7170 ,2.8829 ,-0.3295 ,0.9194 ,
1.0000 ,0.9766 ,0.9401 ,-19.8039 ,2.8829 ,-0.3309 ,0.9188 ,
1.0000 ,0.9765 ,0.3794 ,-20.5218 ,4.1639 ,-0.3423 ,0.9145 ,
1.0000 ,0.9764 ,0.6337 ,-21.0650 ,2.2421 ,-0.3510 ,0.9112 ,
1.0000 ,0.9760 ,0.9965 ,-20.9212 ,2.8829 ,-0.3485 ,0.9117 ,
1.0000 ,0.9637 ,0.7625 ,-23.9254 ,3.5241 ,-0.3908 ,0.8809 ,
0.0000 ,0.8652 ,0.4142 ,-0.1650 ,4.8060 ,-0.0025 ,0.8652 ,
0.0000 ,0.8649 ,1.0000 ,-1.2750 ,3.5241 ,-0.0192 ,0.8647 ,
0.0000 ,0.8647 ,0.8222 ,-0.4920 ,3.5241 ,-0.0074 ,0.8647 ,
0.0000 ,0.8644 ,0.6583 ,-0.4712 ,4.8060 ,-0.0071 ,0.8644 ,
0.0000 ,0.8643 ,0.6990 ,-0.5931 ,4.1639 ,-0.0089 ,0.8642 ,
0.0000 ,0.8642 ,1.0000 ,-0.6600 ,3.5241 ,-0.0100 ,0.8642 ,
0.0000 ,0.8641 ,1.0000 ,-0.3790 ,2.8829 ,-0.0057 ,0.8641 ,
0.0000 ,0.8638 ,1.0000 ,-1.0609 ,2.8829 ,-0.0160 ,0.8637 ,
0.0000 ,0.8637 ,0.4025 ,-0.5763 ,3.5241 ,-0.0087 ,0.8637 ,
0.0000 ,0.8636 ,1.0000 ,-0.6937 ,2.8829 ,-0.0105 ,0.8636 ,
0.0000 ,0.8635 ,1.0000 ,-0.3493 ,4.8060 ,-0.0053 ,0.8635 ,
0.0000 ,0.8635 ,0.2714 ,-0.4648 ,4.8060 ,-0.0070 ,0.8634 ,
0.0000 ,0.8633 ,0.9810 ,-0.4063 ,2.8829 ,-0.0061 ,0.8633 ,
0.0000 ,0.8633 ,0.8765 ,-0.7274 ,3.5241 ,-0.0110 ,0.8632 ,
0.0000 ,0.8633 ,0.7033 ,-0.6600 ,2.8829 ,-0.0099 ,0.8632 ,
0.0000 ,0.8632 ,0.9981 ,-0.5698 ,4.8060 ,-0.0086 ,0.8632 ,
0.0000 ,0.8631 ,0.8136 ,-0.3349 ,4.8060 ,-0.0050 ,0.8631 ,
0.0000 ,0.8631 ,1.0000 ,-0.3181 ,4.1639 ,-0.0048 ,0.8631 ,
0.0000 ,0.8631 ,1.0000 ,-0.6873 ,3.5241 ,-0.0104 ,0.8631 ,
0.0000 ,0.8631 ,0.4133 ,-0.9246 ,4.8060 ,-0.0139 ,0.8630 ,
0.0000 ,0.8630 ,0.3137 ,-0.5257 ,3.5222 ,-0.0079 ,0.8630 ,
0.0000 ,0.8627 ,0.6965 ,0.1457 ,5.4488 ,0.0022 ,0.8627 ,
0.0000 ,0.0000 ,0.0000 ,0.0000 ,0.0000 ,-0.0166 ,0.8625 ,
0.0000 ,0.0000 ,0.0000 ,0.0000 ,0.0000 ,12.9718 ,25.9436 ,
0.0000 ,0.0000 ,0.0000 ,0.0000 ,0.0000 ,-12.9718 ,25.9436 ,

4.0000 ,15.0386 ,0.4515 ,32.0399 ,32.0557 ,7.9781 ,12.7479 ,
4.0000 ,15.0360 ,1.0000 ,29.7429 ,38.3231 ,7.4595 ,13.0552 ,
3.0000 ,14.9610 ,1.0000 ,30.4197 ,33.5792 ,7.5752 ,12.9015 ,
3.0000 ,14.7694 ,0.2155 ,31.0544 ,28.3513 ,7.6188 ,12.6526 ,
4.0000 ,14.6528 ,1.0000 ,34.8369 ,44.2914 ,8.3703 ,12.0267 ,
3.0000 ,14.3619 ,0.8886 ,32.1809 ,34.3488 ,7.6491 ,12.1555 ,
2.0000 ,14.1980 ,0.7760 ,31.7924 ,33.5769 ,7.4801 ,12.0678 ,
4.0000 ,14.0011 ,1.0000 ,32.1089 ,36.7112 ,7.4420 ,11.8595 ,
4.0000 ,13.7347 ,1.0000 ,33.5929 ,37.5140 ,7.5992 ,11.4408 ,
3.0000 ,13.6319 ,0.8286 ,33.4247 ,35.1301 ,7.5090 ,11.3773 ,
4.0000 ,13.3787 ,0.9788 ,33.1030 ,32.0557 ,7.3067 ,11.2072 ,
3.0000 ,13.3039 ,1.0000 ,33.0657 ,31.3034 ,7.2586 ,11.1493 ,
4.0000 ,12.9818 ,1.0000 ,31.3562 ,32.0534 ,6.7552 ,11.0858 ,
4.0000 ,12.7724 ,1.0000 ,33.6489 ,47.9877 ,7.0772 ,10.6324 ,
3.0000 ,12.6881 ,0.6995 ,31.1013 ,35.7067 ,6.5540 ,10.8642 ,
4.0000 ,12.4851 ,1.0000 ,31.7679 ,37.5116 ,6.5731 ,10.6146 ,
4.0000 ,12.1968 ,0.6100 ,31.6788 ,32.8142 ,6.4052 ,10.3795 ,
4.0000 ,12.1418 ,1.0000 ,32.2776 ,42.5314 ,6.4840 ,10.2656 ,
4.0000 ,11.9872 ,0.9911 ,23.5519 ,26.4341 ,4.7899 ,10.9887 ,
4.0000 ,11.7930 ,0.7057 ,32.3972 ,33.5792 ,6.3185 ,9.9575 ,
4.0000 ,11.6101 ,1.0000 ,21.1596 ,28.3492 ,4.1909 ,10.8274 ,
4.0000 ,11.4679 ,0.6730 ,29.5712 ,30.5549 ,5.6595 ,9.9742 ,
4.0000 ,11.4547 ,1.0000 ,20.4927 ,24.0691 ,4.0102 ,10.7299 ,
4.0000 ,11.4528 ,0.4699 ,31.7924 ,29.8143 ,6.0338 ,9.7345 ,
3.0000 ,11.2617 ,0.6497 ,20.2712 ,22.6722 ,3.9018 ,10.5642 ,
3.0000 ,11.1765 ,0.5037 ,19.3227 ,25.4772 ,3.6982 ,10.5470 ,
4.0000 ,11.1434 ,0.5241 ,26.8229 ,23.3698 ,5.0283 ,9.9445 ,
3.0000 ,11.0882 ,1.0000 ,19.7417 ,22.1148 ,3.7454 ,10.4365 ,
2.0000 ,11.0145 ,0.6513 ,20.3446 ,23.3678 ,3.8294 ,10.3274 ,
3.0000 ,10.9594 ,1.0000 ,17.7861 ,21.9802 ,3.3477 ,10.4356 ,
4.0000 ,10.8893 ,0.7167 ,27.5733 ,32.8142 ,5.0405 ,9.6525 ,
3.0000 ,10.7999 ,0.6813 ,28.5796 ,27.6242 ,5.1664 ,9.4839 ,
3.0000 ,10.5937 ,0.6046 ,27.2044 ,22.6722 ,4.8431 ,9.4218 ,
4.0000 ,10.5295 ,0.3788 ,29.7982 ,12.5853 ,5.2326 ,9.1373 ,
3.0000 ,10.4045 ,0.6350 ,25.5897 ,24.0670 ,4.4940 ,9.3840 ,
2.0000 ,10.2327 ,0.5041 ,25.0880 ,26.9040 ,4.3388 ,9.2673 ,
2.0000 ,10.1686 ,0.7039 ,22.4843 ,29.0791 ,3.8888 ,9.3956 ,
2.0000 ,10.0075 ,0.3524 ,23.1999 ,24.0691 ,3.9424 ,9.1983 ,
3.0000 ,9.7911 ,0.5313 ,17.2073 ,20.6060 ,2.8965 ,9.3529 ,
4.0000 ,9.7496 ,1.0000 ,18.0574 ,18.5674 ,3.0221 ,9.2694 ,
3.0000 ,9.6839 ,0.3531 ,13.3272 ,14.5611 ,2.2323 ,9.4231 ,
3.0000 ,9.6749 ,0.7739 ,14.8640 ,17.2219 ,2.4819 ,9.3512 ,
2.0000 ,9.6176 ,1.0000 ,17.0471 ,16.5548 ,2.8195 ,9.1950 ,
2.0000 ,9.6079 ,0.5048 ,18.8320 ,19.2460 ,3.1014 ,9.0936 ,
3.0000 ,9.5452 ,0.7440 ,16.0226 ,17.2239 ,2.6346 ,9.1744 ,
2.0000 ,9.4559 ,1.0000 ,13.5539 ,14.5611 ,2.2161 ,9.1925 ,
2.0000 ,9.4384 ,1.0000 ,14.5341 ,17.8934 ,2.3686 ,9.1363 ,
2.0000 ,9.4250 ,0.5280 ,17.1964 ,17.2239 ,2.7865 ,9.0037 ,
4.0000 ,2.3442 ,0.6039 ,-23.8983 ,-34.3488 ,-0.9497 ,2.1432 ,
2.0000 ,2.3343 ,0.5151 ,-21.6940 ,-32.0534 ,-0.8629 ,2.1690 ,
4.0000 ,2.3333 ,0.6054 ,-22.0015 ,-33.5792 ,-0.8741 ,2.1634 ,
4.0000 ,2.3329 ,0.6477 ,-22.4575 ,-32.0557 ,-0.8912 ,2.1560 ,
3.0000 ,2.3325 ,0.2151 ,-23.6184 ,-33.5769 ,-0.9345 ,2.1372 ,
3.0000 ,2.3260 ,0.6633 ,-22.6571 ,-33.5769 ,-0.8960 ,2.1465 ,
2.0000 ,2.1774 ,0.6358 ,39.2179 ,-34.3488 ,1.3767 ,1.6870 ,
3.0000 ,2.1774 ,0.7235 ,38.0463 ,-32.8142 ,1.3419 ,1.7147 ,
3.0000 ,2.1771 ,0.6713 ,39.0154 ,-32.8142 ,1.3705 ,1.6915 ,
3.0000 ,2.1769 ,0.6370 ,38.4824 ,-33.5769 ,1.3546 ,1.7041 ,
2.0000 ,2.1762 ,0.6895 ,39.9372 ,-32.8119 ,1.3970 ,1.6686 ,
3.0000 ,2.1762 ,0.7237 ,38.3698 ,-32.8119 ,1.3508 ,1.7061 ,
2.0000 ,2.1761 ,0.6626 ,39.5846 ,-31.3034 ,1.3866 ,1.6771 ,
3.0000 ,2.1761 ,0.6901 ,39.6586 ,-32.0534 ,1.3888 ,1.6753 ,
3.0000 ,2.1754 ,0.6549 ,37.8760 ,-32.0534 ,1.3356 ,1.7171 ,
2.0000 ,2.1751 ,0.5750 ,37.8547 ,-34.3488 ,1.3348 ,1.7174 ,
2.0000 ,1.1743 ,0.6878 ,-4.6175 ,-25.4772 ,-0.0945 ,1.1705 ,
2.0000 ,1.1608 ,0.6565 ,-2.7034 ,-24.0691 ,-0.0548 ,1.1595 ,
2.0000 ,1.1605 ,0.3166 ,-6.6127 ,-22.6742 ,-0.1336 ,1.1527 ,
2.0000 ,1.1604 ,0.6737 ,-4.5459 ,-25.4772 ,-0.0920 ,1.1568 ,
2.0000 ,1.1603 ,0.2238 ,-4.9482 ,-24.0691 ,-0.1001 ,1.1560 ,
2.0000 ,1.1601 ,0.6688 ,-3.5654 ,-24.7722 ,-0.0721 ,1.1579 ,
2.0000 ,1.1598 ,0.6797 ,-6.9994 ,-23.3698 ,-0.1413 ,1.1512 ,
2.0000 ,1.1589 ,0.2722 ,-2.8359 ,-23.7112 ,-0.0573 ,1.1575 ,
2.0000 ,1.1456 ,0.6192 ,-2.7138 ,-25.4772 ,-0.0542 ,1.1443 ,
1.0000 ,0.9781 ,0.9225 ,-20.1434 ,2.8811 ,-0.3368 ,0.9182 ,
1.0000 ,0.9780 ,0.4562 ,-20.4678 ,2.8829 ,-0.3420 ,0.9163 ,
1.0000 ,0.9779 ,0.2997 ,-20.4165 ,3.5241 ,-0.3411 ,0.9165 ,
1.0000 ,0.9777 ,0.7557 ,-20.3113 ,2.8829 ,-0.3394 ,0.9169 ,
1.0000 ,0.9777 ,0.6790 ,-19.9804 ,3.5241 ,-0.3341 ,0.9189 ,
1.0000 ,0.9777 ,0.9356 ,-20.6811 ,2.8829 ,-0.3453 ,0.9147 ,
1.0000 ,0.9776 ,0.4397 ,-20.8851 ,4.8060 ,-0.3485 ,0.9134 ,
1.0000 ,0.9776 ,0.8813 ,-20.1392 ,3.5241 ,-0.3366 ,0.9179 ,
1.0000 ,0.9774 ,0.4874 ,-20.7325 ,3.5241 ,-0.3460 ,0.9141 ,
1.0000 ,0.9774 ,0.9439 ,-21.0788 ,2.8829 ,-0.3515 ,0.9120 ,
1.0000 ,0.9773 ,0.9443 ,-20.4678 ,2.8829 ,-0.3418 ,0.9156 ,
1.0000 ,0.9773 ,0.8259 ,-20.7325 ,3.5241 ,-0.3460 ,0.9140 ,
1.0000 ,0.9773 ,0.2446 ,-20.7394 ,2.8829 ,-0.3461 ,0.9139 ,
1.0000 ,0.9773 ,0.5038 ,-20.2015 ,4.1639 ,-0.3375 ,0.9171 ,
1.0000 ,0.9773 ,0.9504 ,-21.1080 ,2.8829 ,-0.3519 ,0.9117 ,
1.0000 ,0.9771 ,0.7300 ,-20.1682 ,4.8060 ,-0.3369 ,0.9172 ,
1.0000 ,0.9771 ,0.9199 ,-20.3472 ,4.1639 ,-0.3397 ,0.9161 ,
1.0000 ,0.9769 ,0.6341 ,-20.2305 ,4.8060 ,-0.3378 ,0.9166 ,
1.0000 ,0.9766 ,0.8701 ,-19.8797 ,3.5241 ,-0.3321 ,0.9184 ,
1.0000 ,0.9765 ,0.4991 ,-20.7033 ,4.1639 ,-0.3452 ,0.9135 ,
1.0000 ,0.9765 ,0.9270 ,-20.9143 ,3.5241 ,-0.3486 ,0.9121 ,
1.0000 ,0.9764 ,0.2569 ,-20.1862 ,2.8829 ,-0.3369 ,0.9164 ,
1.0000 ,0.9764 ,0.7903 ,-21.1123 ,3.5222 ,-0.3517 ,0.9109 ,
1.0000 ,0.9763 ,0.9543 ,-20.6382 ,3.5222 ,-0.3441 ,0.9136 ,
1.0000 ,0.9763 ,0.3796 ,-20.7145 ,2.8829 ,-0.3453 ,0.9131 ,
0.0000 ,0.8647 ,0.9190 ,-0.5322 ,4.1658 ,-0.0080 ,0.8647 ,
0.0000 ,0.8647 ,0.5106 ,-0.0471 ,4.1658 ,-0.0007 ,0.8647 ,
0.0000 ,0.8645 ,0.7970 ,-0.5490 ,2.8829 ,-0.0083 ,0.8645 ,
0.0000 ,0.8641 ,0.6868 ,-0.9182 ,4.8060 ,-0.0138 ,0.8640 ,
0.0000 ,0.8641 ,0.5275 ,-0.5386 ,3.5241 ,-0.0081 ,0.8641 ,
0.0000 ,0.8640 ,0.2544 ,-0.4103 ,4.8060 ,-0.0062 ,0.8640 ,
0.0000 ,0.8639 ,0.5133 ,-0.5906 ,4.1639 ,-0.0089 ,0.8638 ,
0.0000 ,0.8638 ,1.0000 ,-0.9623 ,2.8829 ,-0.0145 ,0.8637 ,
0.0000 ,0.8634 ,0.9806 ,-0.5659 ,3.5241 ,-0.0085 ,0.8634 ,
0.0000 ,0.8633 ,0.4688 ,-0.1586 ,4.1658 ,-0.0024 ,0.8633 ,
0.0000 ,0.8633 ,0.9171 ,-0.3766 ,5.4488 ,-0.0057 ,0.8633 ,
0.0000 ,0.8632 ,1.0000 ,-0.2131 ,3.5241 ,-0.0032 ,0.8632 ,
0.0000 ,0.8632 ,0.9112 ,-0.2948 ,4.8060 ,-0.0044 ,0.8632 ,
0.0000 ,0.8632 ,0.3152 ,-0.0495 ,3.5241 ,-0.0007 ,0.8632 ,
0.0000 ,0.8630 ,1.0000 ,-0.4816 ,4.1658 ,-0.0073 ,0.8630 ,
0.0000 ,0.8630 ,1.0000 ,-0.6372 ,3.5222 ,-0.0096 ,0.8629 ,
0.0000 ,0.8629 ,0.4995 ,-0.0094 ,3.5241 ,-0.0001 ,0.8629 ,
0.0000 ,0.8629 ,1.0000 ,-0.7378 ,4.1639 ,-0.0111 ,0.8628 ,
0.0000 ,0.8629 ,0.2587 ,-0.5193 ,4.1639 ,-0.0078 ,0.8628 ,
0.0000 ,0.8627 ,0.7809 ,-0.6456 ,3.5241 ,-0.0097 ,0.8627 ,
0.0000 ,0.8627 ,1.0000 ,-0.4336 ,4.8060 ,-0.0065 ,0.8627 ,
0.0000 ,0.8624 ,1.0000 ,-0.6412 ,4.1639 ,-0.0097 ,0.8623 ,
0.0000 ,0.8624 ,0.8034 ,-0.4608 ,2.8829 ,-0.0069 ,0.8623 ,
0.0000 ,0.8623 ,0.3935 ,-0.5257 ,3.5241 ,-0.0079 ,0.8623 ,
0.0000 ,0.0000 ,0.0000 ,0.0000 ,0.0000 ,-0.0002 ,0.8623 ,
0.0000 ,0.0000 ,0.0000 ,0.0000 ,0.0000 ,12.9718 ,25.9436 ,
0.0000 ,0.0000 ,0.0000 ,0.0000 ,0.0000 ,-12.9718 ,25.9436 ,

4.0000 ,19.1091 ,0.7109 ,10.9334 ,11.2767 ,3.6244 ,18.7622 ,
4.0000 ,19.1054 ,0.6749 ,11.4814 ,9.9721 ,3.8029 ,18.7230 ,
4.0000 ,18.6150 ,0.9379 ,18.6567 ,21.2914 ,5.9549 ,17.6368 ,
3.0000 ,18.5996 ,0.8248 ,14.4711 ,13.2421 ,4.6479 ,18.0095 ,
4.0000 ,18.5606 ,0.7739 ,19.7596 ,19.2441 ,6.2749 ,17.4677 ,
4.0000 ,16.1666 ,0.6854 ,29.3112 ,59.9863 ,7.9144 ,14.0968 ,
4.0000 ,15.3959 ,1.0000 ,29.1596 ,32.0557 ,7.5016 ,13.4447 ,
4.0000 ,15.3081 ,0.8959 ,29.8999 ,32.0534 ,7.6309 ,13.2705 ,
3.0000 ,15.2215 ,1.0000 ,29.3737 ,31.3034 ,7.4662 ,13.2646 ,
4.0000 ,2.7304 ,0.5741 ,-22.8441 ,-24.0670 ,-1.0600 ,2.5163 ,
4.0000 ,2.7277 ,0.6493 ,-19.4877 ,-25.4772 ,-0.9100 ,2.5715 ,
4.0000 ,2.3448 ,0.6439 ,-26.4117 ,-32.0557 ,-1.0430 ,2.1000 ,
3.0000 ,2.3369 ,0.6658 ,-23.7992 ,-32.0557 ,-0.9430 ,2.1382 ,
4.0000 ,2.3357 ,0.5958 ,-22.0603 ,-32.0557 ,-0.8773 ,2.1647 ,
4.0000 ,2.3353 ,0.6510 ,-23.0674 ,-33.5769 ,-0.9150 ,2.1486 ,
4.0000 ,2.3343 ,0.6323 ,-22.5347 ,-33.5769 ,-0.8946 ,2.1561 ,
4.0000 ,2.3334 ,0.6547 ,-21.7190 ,-32.0534 ,-0.8635 ,2.1677 ,
4.0000 ,2.3330 ,0.6366 ,-21.9245 ,-33.5881 ,-0.8711 ,2.1643 ,
4.0000 ,2.3314 ,0.6360 ,-23.5335 ,-32.8119 ,-0.9309 ,2.1375 ,
4.0000 ,2.3290 ,0.6179 ,-22.7371 ,-33.5792 ,-0.9002 ,2.1480 ,
4.0000 ,2.3264 ,0.6291 ,-22.1485 ,-34.3488 ,-0.8771 ,2.1547 ,
4.0000 ,2.3242 ,0.6410 ,-21.8909 ,-32.8142 ,-0.8665 ,2.1566 ,
4.0000 ,2.3238 ,0.6461 ,-21.3962 ,-31.8747 ,-0.8477 ,2.1636 ,
4.0000 ,2.3232 ,0.6296 ,-22.6346 ,-33.3569 ,-0.8941 ,2.1442 ,
4.0000 ,2.3230 ,0.6285 ,-21.7164 ,-34.3511 ,-0.8595 ,2.1581 ,
4.0000 ,2.3224 ,0.6821 ,-21.8727 ,-32.8142 ,-0.8652 ,2.1552 ,
4.0000 ,2.3219 ,0.6388 ,-19.1249 ,-34.3488 ,-0.7607 ,2.1938 ,
4.0000 ,2.3185 ,0.6192 ,-21.9245 ,-32.8142 ,-0.8657 ,2.1508 ,
3.0000 ,2.1771 ,0.7232 ,38.3913 ,-32.8119 ,1.3520 ,1.7064 ,
3.0000 ,2.1770 ,0.6786 ,38.9020 ,-30.5571 ,1.3671 ,1.6942 ,
3.0000 ,2.1767 ,0.7249 ,38.6033 ,-31.3034 ,1.3581 ,1.7011 ,
3.0000 ,2.1767 ,0.6629 ,38.0331 ,-32.9702 ,1.3411 ,1.7145 ,
3.0000 ,2.1766 ,0.4402 ,38.9854 ,-30.5571 ,1.3694 ,1.6919 ,
3.0000 ,2.1764 ,0.7197 ,38.7404 ,-33.5792 ,1.3620 ,1.6976 ,
3.0000 ,2.1763 ,0.7300 ,37.6954 ,-32.0534 ,1.3307 ,1.7221 ,
3.0000 ,2.1762 ,0.6681 ,38.5787 ,-32.0534 ,1.3570 ,1.7012 ,
3.0000 ,2.1760 ,0.6831 ,38.3616 ,-32.8119 ,1.3505 ,1.7063 ,
3.0000 ,2.1760 ,0.7163 ,38.9205 ,-30.5571 ,1.3671 ,1.6930 ,
3.0000 ,2.1760 ,0.7150 ,38.4906 ,-32.8119 ,1.3543 ,1.7032 ,
3.0000 ,2.1759 ,0.6523 ,38.8104 ,-34.3488 ,1.3637 ,1.6955 ,
3.0000 ,2.1759 ,0.7030 ,37.7857 ,-33.5769 ,1.3332 ,1.7196 ,
3.0000 ,2.1759 ,0.6960 ,38.4393 ,-33.5769 ,1.3527 ,1.7043 ,
3.0000 ,2.1757 ,0.6716 ,38.4741 ,-32.8119 ,1.3537 ,1.7034 ,
3.0000 ,2.1757 ,0.6797 ,38.2523 ,-32.4608 ,1.3470 ,1.7086 ,
2.0000 ,2.1756 ,0.6861 ,39.8713 ,-31.3034 ,1.3947 ,1.6698 ,
2.0000 ,2.1756 ,0.3839 ,37.7857 ,-31.3034 ,1.3330 ,1.7194 ,
3.0000 ,2.1756 ,0.6752 ,37.7675 ,-32.8142 ,1.3325 ,1.7198 ,
3.0000 ,2.1756 ,0.6753 ,38.4558 ,-33.5769 ,1.3530 ,1.7037 ,
3.0000 ,2.1755 ,0.6764 ,37.7167 ,-32.0618 ,1.3309 ,1.7209 ,
3.0000 ,2.1754 ,0.6461 ,38.9205 ,-29.8165 ,1.3667 ,1.6925 ,
3.0000 ,2.1750 ,0.7369 ,39.4241 ,-31.3034 ,1.3812 ,1.6801 ,
3.0000 ,2.1749 ,0.7321 ,38.7887 ,-32.0557 ,1.3625 ,1.6953 ,
2.0000 ,1.1735 ,0.6565 ,-9.5728 ,-24.7701 ,-0.1951 ,1.1571 ,
2.0000 ,1.1724 ,0.6351 ,-5.9751 ,-24.0691 ,-0.1220 ,1.1661 ,
2.0000 ,1.1716 ,0.6883 ,-8.1155 ,-24.0670 ,-0.1654 ,1.1598 ,
2.0000 ,1.1701 ,0.6372 ,-9.4045 ,-23.3698 ,-0.1912 ,1.1544 ,
2.0000 ,1.1619 ,0.6708 ,-3.4979 ,-25.4772 ,-0.0709 ,1.1598 ,
2.0000 ,1.1612 ,0.6838 ,-4.9482 ,-23.3698 ,-0.1002 ,1.1569 ,
2.0000 ,1.1612 ,0.7233 ,-5.1586 ,-24.0670 ,-0.1044 ,1.1565 ,
2.0000 ,1.1611 ,0.6728 ,-6.2726 ,-23.3698 ,-0.1269 ,1.1541 ,
2.0000 ,1.1609 ,0.6549 ,-5.7071 ,-23.3698 ,-0.1154 ,1.1552 ,
2.0000 ,1.1607 ,0.6733 ,-5.0681 ,-23.3698 ,-0.1025 ,1.1561 ,
2.0000 ,1.1604 ,0.6861 ,-5.9347 ,-23.3698 ,-0.1200 ,1.1542 ,
2.0000 ,1.1603 ,0.6436 ,-5.3318 ,-22.6742 ,-0.1078 ,1.1552 ,
2.0000 ,1.1600 ,0.4378 ,-7.1646 ,-24.0691 ,-0.1447 ,1.1509 ,
2.0000 ,1.1597 ,0.6805 ,-1.7077 ,-26.1884 ,-0.0346 ,1.1592 ,
2.0000 ,1.1596 ,0.6426 ,-6.0403 ,-23.3698 ,-0.1220 ,1.1532 ,
2.0000 ,1.1596 ,0.6621 ,-3.4095 ,-22.6742 ,-0.0690 ,1.1575 ,
2.0000 ,1.1593 ,0.6506 ,-2.8904 ,-23.3698 ,-0.0585 ,1.1578 ,
2.0000 ,1.1591 ,0.6870 ,-5.4179 ,-24.0670 ,-0.1094 ,1.1539 ,
2.0000 ,1.1589 ,0.6455 ,-3.2770 ,-24.7701 ,-0.0662 ,1.1570 ,
2.0000 ,1.1586 ,0.6963 ,-5.6668 ,-22.6742 ,-0.1144 ,1.1529 ,
2.0000 ,1.1584 ,0.6702 ,-3.8136 ,-23.3698 ,-0.0770 ,1.1558 ,
2.0000 ,1.1575 ,0.6784 ,-5.7410 ,-25.4772 ,-0.1158 ,1.1517 ,
2.0000 ,1.1569 ,0.6507 ,-3.4537 ,-24.0670 ,-0.0697 ,1.1548 ,
1.0000 ,0.9777 ,0.6072 ,-20.1033 ,4.1639 ,-0.3360 ,0.9181 ,
1.0000 ,0.9777 ,0.9139 ,-20.2934 ,4.1639 ,-0.3391 ,0.9170 ,
1.0000 ,0.9775 ,0.9400 ,-20.4234 ,3.5241 ,-0.3411 ,0.9160 ,
1.0000 ,0.9772 ,0.9413 ,-20.5577 ,2.8829 ,-0.3432 ,0.9150 ,
1.0000 ,0.9772 ,0.9098 ,-20.0896 ,4.1639 ,-0.3357 ,0.9177 ,
1.0000 ,0.9772 ,0.5342 ,-20.5038 ,2.8829 ,-0.3423 ,0.9153 ,
1.0000 ,0.9771 ,0.9514 ,-20.9551 ,4.1639 ,-0.3494 ,0.9125 ,
1.0000 ,0.9771 ,0.9456 ,-21.0650 ,4.1639 ,-0.3512 ,0.9118 ,
1.0000 ,0.9770 ,0.9565 ,-20.6228 ,4.1639 ,-0.3441 ,0.9144 ,
1.0000 ,0.9770 ,0.9732 ,-20.0632 ,3.5241 ,-0.3352 ,0.9177 ,
1.0000 ,0.9770 ,0.9415 ,-21.4617 ,4.1639 ,-0.3575 ,0.9092 ,
1.0000 ,0.9770 ,0.9466 ,-20.3806 ,4.1639 ,-0.3402 ,0.9158 ,
1.0000 ,0.9770 ,0.9795 ,-20.7796 ,4.1639 ,-0.3466 ,0.9134 ,
1.0000 ,0.9769 ,0.9541 ,-20.8045 ,2.8829 ,-0.3470 ,0.9132 ,
1.0000 ,0.9769 ,0.9746 ,-20.1255 ,2.2421 ,-0.3361 ,0.9173 ,
1.0000 ,0.9769 ,0.9728 ,-20.6160 ,2.8829 ,-0.3440 ,0.9143 ,
1.0000 ,0.9767 ,0.9223 ,-20.8226 ,4.1639 ,-0.3472 ,0.9129 ,
1.0000 ,0.9766 ,0.9559 ,-19.9156 ,3.5222 ,-0.3327 ,0.9182 ,
1.0000 ,0.9766 ,0.9594 ,-20.8560 ,4.1639 ,-0.3477 ,0.9126 ,
1.0000 ,0.9763 ,0.9561 ,-20.5149 ,2.2421 ,-0.3422 ,0.9144 ,
1.0000 ,0.9763 ,0.9524 ,-20.6048 ,3.5241 ,-0.3436 ,0.9139 ,
1.0000 ,0.9762 ,0.9646 ,-20.8697 ,2.8829 ,-0.3478 ,0.9122 ,
1.0000 ,0.9636 ,0.9000 ,-24.2565 ,4.1639 ,-0.3959 ,0.8786 ,
1.0000 ,0.9636 ,0.9286 ,-23.9509 ,2.8829 ,-0.3912 ,0.8806 ,
1.0000 ,0.9635 ,0.9227 ,-24.3049 ,3.5222 ,-0.3966 ,0.8781 ,
0.0000 ,0.8646 ,1.0000 ,-0.6035 ,5.4488 ,-0.0091 ,0.8646 ,
0.0000 ,0.8645 ,1.0000 ,-0.4479 ,4.8060 ,-0.0068 ,0.8645 ,
0.0000 ,0.8645 ,1.0000 ,-0.3518 ,3.5241 ,-0.0053 ,0.8645 ,
0.0000 ,0.8642 ,1.0000 ,0.1080 ,4.8060 ,0.0016 ,0.8642 ,
0.0000 ,0.8642 ,1.0000 ,-0.3999 ,4.8060 ,-0.0060 ,0.8642 ,
0.0000 ,0.8640 ,1.0000 ,-0.7819 ,2.8829 ,-0.0118 ,0.8640 ,
0.0000 ,0.8640 ,0.6397 ,0.0495 ,3.5241 ,0.0007 ,0.8640 ,
0.0000 ,0.8640 ,1.0000 ,-0.4881 ,2.8829 ,-0.0074 ,0.8640 ,
0.0000 ,0.8639 ,1.0000 ,-0.5594 ,3.5241 ,-0.0084 ,0.8639 ,
0.0000 ,0.8639 ,0.5557 ,-0.0471 ,4.1639 ,-0.0007 ,0.8639 ,
0.0000 ,0.8638 ,1.0000 ,-0.0302 ,4.8060 ,-0.0005 ,0.8638 ,
0.0000 ,0.8638 ,1.0000 ,-0.4038 ,2.8829 ,-0.0061 ,0.8638 ,
0.0000 ,0.8637 ,1.0000 ,-0.2611 ,4.8060 ,-0.0039 ,0.8637 ,
0.0000 ,0.8636 ,1.0000 ,-0.3349 ,3.6712 ,-0.0050 ,0.8636 ,
0.0000 ,0.8635 ,1.0000 ,-0.9583 ,4.8060 ,-0.0144 ,0.8634 ,
0.0000 ,0.8634 ,1.0000 ,-0.7651 ,4.1639 ,-0.0115 ,0.8633 ,
0.0000 ,0.8633 ,1.0000 ,-0.9013 ,4.1639 ,-0.0136 ,0.8632 ,
0.0000 ,0.8632 ,1.0000 ,-0.6347 ,4.1639 ,-0.0096 ,0.8632 ,
0.0000 ,0.8632 ,1.0000 ,-0.5089 ,4.8060 ,-0.0077 ,0.8632 ,
0.0000 ,0.8632 ,1.0000 ,-1.0609 ,4.1639 ,-0.0160 ,0.8631 ,
0.0000 ,0.8632 ,1.0000 ,-0.4920 ,4.8060 ,-0.0074 ,0.8631 ,
0.0000 ,0.8631 ,1.0000 ,-0.6769 ,4.8060 ,-0.0102 ,0.8630 ,
0.0000 ,0.8631 ,1.0000 ,-0.5530 ,4.8060 ,-0.0083 ,0.8630 ,
0.0000 ,0.8630 ,1.0000 ,-0.3221 ,3.5241 ,-0.0049 ,0.8630 ,
0.0000 ,0.0000 ,0.0000 ,0.0000 ,0.0000 ,-0.0031 ,0.8629 ,
0.0000 ,0.0000 ,0.0000 ,0.0000 ,0.0000 ,12.9718 ,25.9436 ,
0.0000 ,0.0000 ,0.0000 ,0.0000 ,0.0000 ,-12.9718 ,25.9436 ,

4.0000 ,18.7033 ,0.5842 ,15.0270 ,13.9007 ,4.8493 ,18.0637 ,
4.0000 ,18.6659 ,0.7431 ,5.9372 ,16.5529 ,1.9308 ,18.5658 ,
3.0000 ,18.5631 ,1.0000 ,9.9579 ,13.9007 ,3.2100 ,18.2835 ,
4.0000 ,18.5326 ,1.0000 ,6.6296 ,18.5674 ,2.1396 ,18.4086 ,
4.0000 ,18.4885 ,0.3540 ,10.4634 ,11.2767 ,3.3577 ,18.1811 ,
3.0000 ,18.4807 ,1.0000 ,11.9444 ,16.5548 ,3.8248 ,18.0805 ,
3.0000 ,18.4603 ,1.0000 ,17.2099 ,17.2219 ,5.4619 ,17.6338 ,
3.0000 ,18.3864 ,1.0000 ,9.7366 ,11.9302 ,3.1095 ,18.1216 ,
4.0000 ,18.1455 ,0.8705 ,4.7374 ,11.2767 ,1.4986 ,18.0836 ,
4.0000 ,17.7524 ,0.6450 ,1.6532 ,6.0922 ,0.5121 ,17.7450 ,
4.0000 ,16.5209 ,0.6743 ,3.0060 ,1.5997 ,0.8664 ,16.4982 ,
4.0000 ,16.0363 ,0.7002 ,2.6657 ,2.8811 ,0.7458 ,16.0189 ,
4.0000 ,15.9270 ,0.8971 ,-0.4231 ,-0.9594 ,-0.1176 ,15.9266 ,
4.0000 ,14.4073 ,0.6589 ,-1.5689 ,-0.9612 ,-0.3945 ,14.4019 ,
4.0000 ,14.1448 ,0.7558 ,-0.1754 ,1.5997 ,-0.0433 ,14.1447 ,
4.0000 ,13.8403 ,0.8761 ,-1.9303 ,-2.2421 ,-0.4662 ,13.8325 ,
3.0000 ,13.7311 ,0.7264 ,1.8192 ,-4.8060 ,0.4359 ,13.7242 ,
4.0000 ,13.2200 ,0.9639 ,2.7644 ,0.3210 ,0.6376 ,13.2046 ,
4.0000 ,13.1959 ,0.7831 ,1.3989 ,0.3192 ,0.3222 ,13.1920 ,
3.0000 ,12.9310 ,1.0000 ,0.2467 ,0.3192 ,0.0557 ,12.9309 ,
4.0000 ,2.7340 ,0.6042 ,-20.8851 ,-26.1884 ,-0.9746 ,2.5543 ,
4.0000 ,2.3356 ,0.6206 ,-26.0934 ,-32.4784 ,-1.0273 ,2.0976 ,
4.0000 ,2.3350 ,0.6315 ,-24.1326 ,-32.0557 ,-0.9547 ,2.1309 ,
4.0000 ,2.3330 ,0.6344 ,-22.9102 ,-32.0557 ,-0.9082 ,2.1490 ,
4.0000 ,2.3329 ,0.6270 ,-20.8337 ,-34.3488 ,-0.8297 ,2.1803 ,
4.0000 ,2.3325 ,0.6442 ,-22.1373 ,-32.0557 ,-0.8790 ,2.1606 ,
4.0000 ,2.3287 ,0.6009 ,-21.7596 ,-32.0557 ,-0.8633 ,2.1628 ,
4.0000 ,2.3241 ,0.6455 ,-21.6263 ,-32.0557 ,-0.8566 ,2.1605 ,
4.0000 ,2.3237 ,0.6503 ,-22.3621 ,-32.0557 ,-0.8841 ,2.1490 ,
4.0000 ,2.3226 ,0.6613 ,-21.3962 ,-32.8119 ,-0.8473 ,2.1625 ,
3.0000 ,2.1795 ,0.7071 ,39.5165 ,-33.5769 ,1.3868 ,1.6814 ,
3.0000 ,2.1782 ,0.7019 ,38.5254 ,-33.5769 ,1.3567 ,1.7040 ,
3.0000 ,2.1780 ,0.7045 ,37.3649 ,32.8142 ,1.3218 ,1.7311 ,
2.0000 ,2.1778 ,0.3405 ,38.0117 ,-32.0557 ,1.3411 ,1.7159 ,
3.0000 ,2.1777 ,0.7353 ,37.5022 ,-32.8119 ,1.3258 ,1.7277 ,
2.0000 ,2.1777 ,0.6797 ,40.5722 ,-32.0534 ,1.4164 ,1.6542 ,
3.0000 ,2.1777 ,0.7340 ,39.1341 ,-31.3034 ,1.3744 ,1.6892 ,
3.0000 ,2.1775 ,0.6888 ,38.9587 ,-30.5571 ,1.3691 ,1.6932 ,
2.0000 ,2.1774 ,0.4826 ,37.7806 ,-32.0557 ,1.3339 ,1.7209 ,
3.0000 ,2.1773 ,0.6838 ,39.5197 ,-33.5769 ,1.3855 ,1.6796 ,
3.0000 ,2.1772 ,0.6938 ,38.9453 ,-32.8119 ,1.3686 ,1.6933 ,
3.0000 ,2.1766 ,0.6939 ,37.7938 ,-30.5549 ,1.3338 ,1.7200 ,
3.0000 ,2.1764 ,0.7194 ,38.7404 ,-32.0534 ,1.3620 ,1.6976 ,
3.0000 ,2.1763 ,0.6624 ,39.0907 ,-32.8142 ,1.3722 ,1.6891 ,
3.0000 ,2.1762 ,0.6533 ,38.3616 ,-33.5769 ,1.3506 ,1.7064 ,
3.0000 ,2.1761 ,0.6503 ,38.6382 ,-32.8142 ,1.3588 ,1.6998 ,
3.0000 ,2.1758 ,0.6644 ,38.5223 ,-33.5769 ,1.3552 ,1.7023 ,
3.0000 ,2.1758 ,0.6393 ,37.7512 ,-32.0534 ,1.3321 ,1.7203 ,
2.0000 ,2.1751 ,0.6367 ,38.1798 ,-32.0557 ,1.3445 ,1.7098 ,
3.0000 ,2.1750 ,0.7264 ,39.0856 ,-32.8142 ,1.3713 ,1.6882 ,
3.0000 ,2.1748 ,0.6880 ,38.8021 ,-32.0557 ,1.3628 ,1.6949 ,
3.0000 ,2.1747 ,0.6646 ,38.4476 ,-32.8119 ,1.3522 ,1.7032 ,
3.0000 ,2.1746 ,0.6496 ,39.1424 ,-32.0534 ,1.3727 ,1.6866 ,
2.0000 ,1.1623 ,0.6601 ,-7.2236 ,-22.6742 ,-0.1461 ,1.1531 ,
2.0000 ,1.1617 ,0.6936 ,-3.1971 ,-23.3698 ,-0.0648 ,1.1598 ,
2.0000 ,1.1612 ,0.6598 ,-5.4203 ,-24.0691 ,-0.1097 ,1.1560 ,
2.0000 ,1.1606 ,0.6604 ,-2.7788 ,-25.4772 ,-0.0563 ,1.1592 ,
2.0000 ,1.1606 ,0.6759 ,-5.0263 ,-22.6742 ,-0.1017 ,1.1561 ,
2.0000 ,1.1603 ,0.6633 ,-4.2175 ,-23.3698 ,-0.0853 ,1.1571 ,
2.0000 ,1.1602 ,0.6506 ,-6.3105 ,-24.0691 ,-0.1275 ,1.1531 ,
2.0000 ,1.1601 ,0.6633 ,-3.1385 ,-23.3698 ,-0.0635 ,1.1583 ,
2.0000 ,1.1600 ,0.6499 ,-4.3541 ,-23.3698 ,-0.0881 ,1.1567 ,
2.0000 ,1.1599 ,0.6828 ,-5.1780 ,-24.7701 ,-0.1047 ,1.1552 ,
2.0000 ,1.1598 ,0.6511 ,-5.0576 ,-24.0691 ,-0.1022 ,1.1553 ,
2.0000 ,1.1588 ,0.6688 ,-6.2686 ,-24.7701 ,-0.1265 ,1.1518 ,
2.0000 ,1.1588 ,0.6359 ,-3.2522 ,-24.7701 ,-0.0657 ,1.1569 ,
2.0000 ,1.1588 ,0.6905 ,-7.6173 ,-25.4772 ,-0.1536 ,1.1485 ,
2.0000 ,1.1587 ,0.6597 ,-3.5252 ,-24.0670 ,-0.0712 ,1.1565 ,
2.0000 ,1.1586 ,0.6524 ,-3.3678 ,-23.3698 ,-0.0681 ,1.1566 ,
2.0000 ,1.1584 ,0.5576 ,-4.1355 ,-22.6742 ,-0.0835 ,1.1554 ,
2.0000 ,1.1577 ,0.6636 ,-2.8696 ,-24.7701 ,-0.0580 ,1.1563 ,
2.0000 ,1.1564 ,0.6278 ,-6.8072 ,-24.0670 ,-0.1371 ,1.1483 ,
1.0000 ,0.9779 ,0.8022 ,-19.8618 ,2.8829 ,-0.3323 ,0.9197 ,
1.0000 ,0.9777 ,0.9197 ,-19.9224 ,4.1639 ,-0.3332 ,0.9192 ,
1.0000 ,0.9774 ,0.9247 ,-20.3335 ,4.8060 ,-0.3396 ,0.9165 ,
1.0000 ,0.9774 ,0.9555 ,-20.4207 ,4.8060 ,-0.3410 ,0.9159 ,
1.0000 ,0.9774 ,0.9533 ,-20.7171 ,4.1639 ,-0.3457 ,0.9142 ,
1.0000 ,0.9773 ,0.9521 ,-20.7436 ,4.1639 ,-0.3461 ,0.9139 ,
1.0000 ,0.9772 ,0.9666 ,-20.4207 ,3.5241 ,-0.3410 ,0.9158 ,
1.0000 ,0.9771 ,0.9321 ,-20.9281 ,4.8060 ,-0.3490 ,0.9127 ,
1.0000 ,0.9771 ,0.9444 ,-20.3224 ,2.8829 ,-0.3393 ,0.9162 ,
1.0000 ,0.9770 ,0.9342 ,-20.7325 ,3.5241 ,-0.3459 ,0.9138 ,
1.0000 ,0.9770 ,0.9477 ,-20.2485 ,4.1639 ,-0.3381 ,0.9166 ,
1.0000 ,0.9770 ,0.2781 ,-19.9403 ,2.8829 ,-0.3332 ,0.9184 ,
1.0000 ,0.9769 ,0.9748 ,-20.6451 ,2.8829 ,-0.3444 ,0.9142 ,
1.0000 ,0.9769 ,0.8611 ,-20.3182 ,2.2421 ,-0.3392 ,0.9161 ,
1.0000 ,0.9769 ,0.9339 ,-21.0762 ,2.2421 ,-0.3513 ,0.9116 ,
1.0000 ,0.9768 ,0.9555 ,-19.9693 ,4.8060 ,-0.3336 ,0.9181 ,
1.0000 ,0.9768 ,0.6343 ,-21.1845 ,3.5241 ,-0.3530 ,0.9108 ,
1.0000 ,0.9768 ,0.9275 ,-21.1776 ,4.8060 ,-0.3529 ,0.9108 ,
1.0000 ,0.9767 ,0.9577 ,-20.8671 ,4.1639 ,-0.3479 ,0.9127 ,
1.0000 ,0.9767 ,0.4571 ,-21.0427 ,4.8060 ,-0.3507 ,0.9116 ,
1.0000 ,0.9767 ,0.9690 ,-20.7282 ,4.1639 ,-0.3457 ,0.9135 ,
1.0000 ,0.9765 ,0.9507 ,-20.4678 ,2.8829 ,-0.3414 ,0.9148 ,
1.0000 ,0.9763 ,1.0000 ,-20.6520 ,3.5222 ,-0.3443 ,0.9135 ,
1.0000 ,0.9759 ,0.9340 ,-20.0094 ,3.5241 ,-0.3339 ,0.9170 ,
0.0000 ,0.8644 ,0.2901 ,-0.4231 ,3.5241 ,-0.0064 ,0.8644 ,
0.0000 ,0.8644 ,1.0000 ,-0.6560 ,4.8060 ,-0.0099 ,0.8643 ,
0.0000 ,0.8644 ,0.9358 ,-0.8156 ,3.5222 ,-0.0123 ,0.8643 ,
0.0000 ,0.8644 ,1.0000 ,-0.1754 ,3.5241 ,-0.0026 ,0.8643 ,
0.0000 ,0.8643 ,0.8447 ,-0.1690 ,3.5241 ,-0.0025 ,0.8642 ,
0.0000 ,0.8641 ,1.0000 ,-0.3622 ,4.8060 ,-0.0055 ,0.8641 ,
0.0000 ,0.8640 ,1.0000 ,-0.4167 ,4.8060 ,-0.0063 ,0.8640 ,
0.0000 ,0.8640 ,0.4843 ,-0.4103 ,5.4488 ,-0.0062 ,0.8640 ,
0.0000 ,0.8640 ,1.0000 ,-1.1010 ,2.8829 ,-0.0166 ,0.8638 ,
0.0000 ,0.8638 ,1.0000 ,-0.1080 ,4.8060 ,-0.0016 ,0.8638 ,
0.0000 ,0.8637 ,1.0000 ,-0.0535 ,4.8060 ,-0.0008 ,0.8637 ,
0.0000 ,0.8636 ,1.0000 ,-0.3934 ,4.8060 ,-0.0059 ,0.8636 ,
0.0000 ,0.8636 ,1.0000 ,-0.1962 ,4.8060 ,-0.0030 ,0.8636 ,
0.0000 ,0.8635 ,1.0000 ,-0.1794 ,4.1658 ,-0.0027 ,0.8635 ,
0.0000 ,0.8634 ,1.0000 ,-0.3052 ,4.8060 ,-0.0046 ,0.8634 ,
0.0000 ,0.8634 ,1.0000 ,-0.5906 ,3.5241 ,-0.0089 ,0.8634 ,
0.0000 ,0.8634 ,1.0000 ,-0.1922 ,4.1658 ,-0.0029 ,0.8634 ,
0.0000 ,0.8634 ,1.0000 ,-0.4271 ,3.5241 ,-0.0064 ,0.8634 ,
0.0000 ,0.8634 ,1.0000 ,-0.2027 ,3.5241 ,-0.0031 ,0.8634 ,
0.0000 ,0.8630 ,1.0000 ,0.0599 ,5.4488 ,0.0009 ,0.8630 ,
0.0000 ,0.8629 ,0.6926 ,-0.1922 ,3.5241 ,-0.0029 ,0.8629 ,
0.0000 ,0.8627 ,1.0000 ,0.1457 ,4.1658 ,0.0022 ,0.8627 ,
0.0000 ,0.8626 ,1.0000 ,-0.3454 ,5.4488 ,-0.0052 ,0.8626 ,
0.0000 ,0.0000 ,0.0000 ,0.0000 ,0.0000 ,-0.0012 ,0.8625 ,
0.0000 ,0.0000 ,0.0000 ,0.0000 ,0.0000 ,12.9718 ,25.9436 ,
0.0000 ,0.0000 ,0.0000 ,0.0000 ,0.0000 ,-12.9718 ,25.9436 ,

4.0000 ,13.0221 ,0.4423 ,-2.9242 ,2.8811 ,-0.6643 ,13.0052 ,
3.0000 ,12.8701 ,0.8241 ,0.7547 ,0.3210 ,0.1695 ,12.8690 ,
4.0000 ,12.7079 ,0.7000 ,-0.1794 ,0.3192 ,-0.0398 ,12.7079 ,
2.0000 ,12.6382 ,1.0000 ,1.2061 ,0.3210 ,0.2660 ,12.6354 ,
4.0000 ,12.5169 ,0.7667 ,-2.5561 ,2.8811 ,-0.5582 ,12.5045 ,
3.0000 ,12.5014 ,0.9758 ,0.7274 ,0.9594 ,0.1587 ,12.5004 ,
2.0000 ,12.3412 ,1.0000 ,-0.1521 ,-0.3192 ,-0.0328 ,12.3412 ,
3.0000 ,12.2899 ,0.6791 ,-1.2502 ,0.9594 ,-0.2681 ,12.2870 ,
4.0000 ,12.1787 ,0.4321 ,-1.8336 ,0.3192 ,-0.3897 ,12.1725 ,
2.0000 ,12.0412 ,1.0000 ,0.4336 ,0.3210 ,0.0911 ,12.0409 ,
3.0000 ,11.9558 ,1.0000 ,0.4479 ,0.9594 ,0.0935 ,11.9554 ,
4.0000 ,11.9071 ,0.8133 ,-3.3485 ,-3.5222 ,-0.6955 ,11.8867 ,
2.0000 ,11.6983 ,0.5643 ,0.6496 ,-1.5997 ,0.1326 ,11.6976 ,
3.0000 ,11.6503 ,0.7636 ,-2.3314 ,1.5997 ,-0.4739 ,11.6407 ,
4.0000 ,11.6069 ,0.4388 ,-3.3236 ,-0.3210 ,-0.6729 ,11.5874 ,
2.0000 ,11.4072 ,0.8270 ,-0.6665 ,3.5222 ,-0.1327 ,11.4064 ,
3.0000 ,11.3172 ,0.9597 ,-0.7883 ,-0.3210 ,-0.1557 ,11.3161 ,
2.0000 ,11.0869 ,1.0000 ,-0.3518 ,-0.3210 ,-0.0681 ,11.0867 ,
4.0000 ,11.0400 ,0.7071 ,-2.4911 ,0.3210 ,-0.4798 ,11.0295 ,
4.0000 ,11.0145 ,0.3108 ,-0.4608 ,-1.5997 ,-0.0886 ,11.0141 ,
3.0000 ,10.8006 ,1.0000 ,-1.0882 ,-1.5997 ,-0.2051 ,10.7986 ,
4.0000 ,10.7912 ,0.7274 ,-2.5016 ,-3.8936 ,-0.4710 ,10.7809 ,
3.0000 ,10.7127 ,0.8296 ,-2.5670 ,-2.2421 ,-0.4798 ,10.7019 ,
4.0000 ,10.6864 ,0.6279 ,-1.9511 ,-2.2402 ,-0.3638 ,10.6802 ,
4.0000 ,10.5696 ,0.7059 ,-5.9412 ,-11.9283 ,-1.0940 ,10.5129 ,
2.0000 ,10.5686 ,0.9178 ,-4.8806 ,-0.9612 ,-0.8992 ,10.5303 ,
4.0000 ,10.5277 ,0.3523 ,-22.5165 ,-21.9822 ,-4.0316 ,9.7251 ,
4.0000 ,10.4790 ,0.9232 ,-2.7982 ,-5.4488 ,-0.5116 ,10.4665 ,
4.0000 ,10.2784 ,0.7802 ,-8.2807 ,-10.6227 ,-1.4803 ,10.1713 ,
3.0000 ,10.2577 ,0.8576 ,-3.6031 ,-3.5241 ,-0.6446 ,10.2375 ,
3.0000 ,10.1524 ,1.0000 ,-4.2657 ,-5.4507 ,-0.7551 ,10.1243 ,
4.0000 ,10.1389 ,0.6693 ,-7.9099 ,-8.6745 ,-1.3953 ,10.0424 ,
3.0000 ,9.8593 ,1.0000 ,-5.0785 ,-5.7084 ,-0.8728 ,9.8206 ,
3.0000 ,9.8543 ,1.0000 ,-7.3909 ,-8.0294 ,-1.2676 ,9.7724 ,
4.0000 ,9.8112 ,0.3509 ,-11.3227 ,-12.5834 ,-1.9263 ,9.6202 ,
2.0000 ,9.7309 ,0.5687 ,-5.4034 ,-5.4507 ,-0.9163 ,9.6877 ,
4.0000 ,9.6745 ,1.0000 ,-14.3064 ,-12.5834 ,-2.3906 ,9.3745 ,
4.0000 ,9.5773 ,0.8552 ,-14.4000 ,-24.7701 ,-2.3818 ,9.2764 ,
3.0000 ,9.5629 ,0.9913 ,-8.8730 ,-10.6227 ,-1.4750 ,9.4484 ,
2.0000 ,9.5448 ,0.8383 ,-7.9374 ,-8.0294 ,-1.3181 ,9.4534 ,
3.0000 ,9.4863 ,0.7158 ,-17.9074 ,-17.2239 ,-2.9168 ,9.0268 ,
4.0000 ,9.4683 ,0.8811 ,-10.8673 ,-13.2421 ,-1.7851 ,9.2985 ,
4.0000 ,9.4285 ,0.8163 ,-14.4281 ,-9.3246 ,-2.3492 ,9.1311 ,
3.0000 ,9.3926 ,0.9078 ,-10.2503 ,-9.9740 ,-1.6714 ,9.2427 ,
3.0000 ,9.3879 ,1.0000 ,-27.3628 ,-30.5549 ,-4.3149 ,8.3375 ,
3.0000 ,9.3802 ,0.8092 ,-10.1607 ,-12.5853 ,-1.6548 ,9.2331 ,
4.0000 ,9.3326 ,0.6022 ,-16.9440 ,-15.2236 ,-2.7199 ,8.9275 ,
2.0000 ,9.2319 ,0.8918 ,-11.0530 ,-8.6764 ,-1.7699 ,9.0607 ,
3.0000 ,9.2285 ,1.0000 ,-15.3577 ,-12.5853 ,-2.4441 ,8.8990 ,
4.0000 ,9.1851 ,0.5563 ,-28.2405 ,-24.7722 ,-4.3461 ,8.0917 ,
3.0000 ,9.1678 ,1.0000 ,-14.9706 ,-9.3227 ,-2.3683 ,8.8566 ,
3.0000 ,9.1322 ,0.2007 ,-16.6371 ,-19.9235 ,-2.6146 ,8.7499 ,
3.0000 ,9.1309 ,1.0000 ,-25.9462 ,-25.4772 ,-3.9950 ,8.2105 ,
4.0000 ,9.1308 ,0.4067 ,-20.5509 ,-16.5529 ,-3.2053 ,8.5497 ,
3.0000 ,9.1248 ,1.0000 ,-15.1184 ,-6.7383 ,-2.3799 ,8.8090 ,
4.0000 ,9.1095 ,0.7854 ,-23.2453 ,-13.2421 ,-3.5952 ,8.3700 ,
2.0000 ,9.1072 ,1.0000 ,-29.7503 ,-35.9144 ,-4.5192 ,7.9069 ,
2.0000 ,9.0916 ,0.7730 ,-13.8844 ,-9.3227 ,-2.1817 ,8.8260 ,
3.0000 ,9.0377 ,0.5522 ,-26.3276 ,-24.0691 ,-4.0082 ,8.1003 ,
2.0000 ,9.0095 ,0.6715 ,-25.7249 ,-24.7722 ,-3.9106 ,8.1165 ,
3.0000 ,9.0018 ,0.7457 ,-19.7349 ,-15.8861 ,-3.0396 ,8.4731 ,
3.0000 ,8.9835 ,1.0000 ,-17.8324 ,-9.9721 ,-2.7511 ,8.5519 ,
2.0000 ,8.9373 ,1.0000 ,-19.0494 ,-19.2441 ,-2.9170 ,8.4479 ,
2.0000 ,8.9231 ,1.0000 ,-21.5064 ,-18.5693 ,-3.2713 ,8.3019 ,
2.0000 ,8.9189 ,1.0000 ,-27.7344 ,-20.6080 ,-4.1506 ,7.8943 ,
2.0000 ,8.8978 ,0.4959 ,-18.5020 ,-8.6745 ,-2.8236 ,8.4379 ,
1.0000 ,8.8907 ,0.3668 ,-24.7504 ,-27.6264 ,-3.7222 ,8.0740 ,
2.0000 ,8.8616 ,0.4049 ,-19.4052 ,-7.3815 ,-2.9443 ,8.3582 ,
2.0000 ,2.1779 ,0.2654 ,37.9426 ,-31.3034 ,1.3391 ,1.7175 ,
2.0000 ,2.1773 ,0.6888 ,38.3913 ,-34.3488 ,1.3522 ,1.7065 ,
2.0000 ,2.1769 ,0.6917 ,38.3831 ,-35.1278 ,1.3517 ,1.7064 ,
2.0000 ,2.1763 ,0.7193 ,38.7131 ,-32.0557 ,1.3611 ,1.6981 ,
2.0000 ,2.1760 ,0.6852 ,38.6916 ,-34.3488 ,1.3603 ,1.6984 ,
2.0000 ,2.1754 ,0.4717 ,38.9071 ,-32.8142 ,1.3663 ,1.6928 ,
1.0000 ,0.9778 ,0.5051 ,-20.3113 ,4.1639 ,-0.3394 ,0.9170 ,
1.0000 ,0.9778 ,0.4569 ,-19.8934 ,2.2421 ,-0.3327 ,0.9195 ,
1.0000 ,0.9775 ,0.2386 ,-20.6742 ,3.5241 ,-0.3451 ,0.9145 ,
1.0000 ,0.9774 ,0.8830 ,-20.0316 ,4.1639 ,-0.3348 ,0.9183 ,
1.0000 ,0.9774 ,0.8240 ,-19.9556 ,4.1639 ,-0.3336 ,0.9187 ,
1.0000 ,0.9773 ,0.3746 ,-20.3446 ,3.5241 ,-0.3398 ,0.9164 ,
1.0000 ,0.9773 ,0.9278 ,-20.7145 ,4.1639 ,-0.3457 ,0.9141 ,
1.0000 ,0.9772 ,0.9124 ,-20.1434 ,2.8829 ,-0.3365 ,0.9174 ,
1.0000 ,0.9771 ,0.8955 ,-20.4636 ,3.5241 ,-0.3416 ,0.9154 ,
1.0000 ,0.9771 ,0.8442 ,-20.1144 ,4.8060 ,-0.3360 ,0.9175 ,
1.0000 ,0.9770 ,0.5426 ,-20.5397 ,4.1639 ,-0.3428 ,0.9149 ,
1.0000 ,0.9769 ,0.9559 ,-19.8977 ,4.1529 ,-0.3325 ,0.9186 ,
1.0000 ,0.9769 ,0.6449 ,-19.9224 ,3.5241 ,-0.3329 ,0.9185 ,
1.0000 ,0.9769 ,0.4134 ,-20.7394 ,1.6016 ,-0.3459 ,0.9136 ,
1.0000 ,0.9767 ,0.7297 ,-19.6770 ,3.5241 ,-0.3289 ,0.9197 ,
1.0000 ,0.9767 ,0.6806 ,-19.8755 ,4.8060 ,-0.3321 ,0.9185 ,
1.0000 ,0.9766 ,0.9462 ,-20.3335 ,3.5241 ,-0.3394 ,0.9158 ,
1.0000 ,0.9765 ,0.9517 ,-20.4207 ,4.1639 ,-0.3407 ,0.9151 ,
1.0000 ,0.9765 ,0.5550 ,-20.6562 ,4.1639 ,-0.3445 ,0.9137 ,
1.0000 ,0.9762 ,0.3488 ,-20.2823 ,2.8829 ,-0.3384 ,0.9157 ,
1.0000 ,0.9761 ,0.3984 ,-20.0743 ,4.1639 ,-0.3350 ,0.9168 ,
1.0000 ,0.9638 ,0.9302 ,-23.5335 ,3.5222 ,-0.3848 ,0.8836 ,
1.0000 ,0.9630 ,0.6437 ,-24.0843 ,2.8829 ,-0.3930 ,0.8791 ,
0.0000 ,0.8653 ,0.5726 ,-0.3726 ,3.5241 ,-0.0056 ,0.8652 ,
0.0000 ,0.8648 ,1.0000 ,-0.4038 ,3.5670 ,-0.0061 ,0.8647 ,
0.0000 ,0.8643 ,0.5487 ,-0.5153 ,4.8060 ,-0.0078 ,0.8643 ,
0.0000 ,0.8642 ,0.2121 ,-1.0505 ,2.8829 ,-0.0158 ,0.8641 ,
0.0000 ,0.8642 ,0.6763 ,-1.0778 ,2.8829 ,-0.0163 ,0.8640 ,
0.0000 ,0.8642 ,0.4331 ,-0.6392 ,2.2421 ,-0.0096 ,0.8641 ,
0.0000 ,0.8642 ,0.3870 ,-0.1209 ,4.8060 ,-0.0018 ,0.8642 ,
0.0000 ,0.8641 ,0.7026 ,-0.0639 ,5.4488 ,-0.0010 ,0.8641 ,
0.0000 ,0.8641 ,1.0000 ,0.0431 ,3.5241 ,0.0007 ,0.8641 ,
0.0000 ,0.8641 ,0.9408 ,-1.1347 ,3.5241 ,-0.0171 ,0.8639 ,
0.0000 ,0.8639 ,0.4946 ,-1.0024 ,2.8829 ,-0.0151 ,0.8638 ,
0.0000 ,0.8639 ,0.4109 ,-0.5763 ,4.8060 ,-0.0087 ,0.8638 ,
0.0000 ,0.8638 ,1.0000 ,0.0808 ,5.4488 ,0.0012 ,0.8638 ,
0.0000 ,0.8638 ,0.8863 ,0.2676 ,4.8060 ,0.0040 ,0.8638 ,
0.0000 ,0.8638 ,0.3622 ,-1.1491 ,4.1658 ,-0.0173 ,0.8636 ,
0.0000 ,0.8637 ,0.2579 ,0.0158 ,5.4488 ,0.0002 ,0.8637 ,
0.0000 ,0.8637 ,0.8936 ,-0.1313 ,5.4488 ,-0.0020 ,0.8637 ,
0.0000 ,0.8637 ,0.8511 ,-0.8741 ,3.5241 ,-0.0132 ,0.8636 ,
0.0000 ,0.8634 ,0.3802 ,0.0054 ,4.8060 ,0.0001 ,0.8634 ,
0.0000 ,0.8634 ,1.0000 ,0.1313 ,3.5241 ,0.0020 ,0.8634 ,
0.0000 ,0.8633 ,0.7046 ,-0.0535 ,5.4488 ,-0.0008 ,0.8633 ,
0.0000 ,0.8628 ,1.0000 ,-0.1794 ,4.8060 ,-0.0027 ,0.8628 ,
0.0000 ,0.8627 ,0.7958 ,-0.4207 ,5.4488 ,-0.0063 ,0.8627 ,
0.0000 ,0.8626 ,0.6058 ,0.4945 ,4.8060 ,0.0074 ,0.8626 ,
0.0000 ,0.0000 ,0.0000 ,0.0000 ,0.0000 ,-0.0031 ,0.8621 ,
0.0000 ,0.0000 ,0.0000 ,0.0000 ,0.0000 ,12.9718 ,25.9436 ,
0.0000 ,0.0000 ,0.0000 ,0.0000 ,0.0000 ,-12.9718 ,25.9436 ,

4.0000 ,21.6863 ,0.8038 ,-30.4197 ,-34.3488 ,-10.9804 ,18.7009 ,
4.0000 ,20.5749 ,0.9240 ,-39.3100 ,-38.3231 ,-13.0345 ,15.9194 ,
4.0000 ,20.4193 ,0.5527 ,-35.5329 ,-35.9144 ,-11.8671 ,16.6168 ,
3.0000 ,20.0065 ,1.0000 ,-33.2137 ,-33.5769 ,-10.9588 ,16.7381 ,
2.0000 ,19.9327 ,0.5843 ,-33.2788 ,-32.0557 ,-10.9374 ,16.6640 ,
3.0000 ,19.9026 ,0.8803 ,-35.6828 ,-35.9144 ,-11.6091 ,16.1661 ,
4.0000 ,13.6300 ,1.0000 ,-47.0383 ,-48.9532 ,-9.9745 ,9.2890 ,
4.0000 ,13.2739 ,1.0000 ,-46.9736 ,-50.9431 ,-9.7038 ,9.0573 ,
4.0000 ,12.6998 ,0.8227 ,-47.1926 ,-50.9431 ,-9.3171 ,8.6300 ,
4.0000 ,12.2062 ,0.8198 ,-48.0987 ,-46.1085 ,-9.0850 ,8.1519 ,
4.0000 ,11.0813 ,0.7857 ,-33.2990 ,-32.8142 ,-6.0837 ,9.2620 ,
4.0000 ,10.9567 ,1.0000 ,-30.1666 ,-31.3034 ,-5.5059 ,9.4728 ,
4.0000 ,10.5506 ,0.8503 ,-39.1341 ,-39.9766 ,-6.6589 ,8.1838 ,
3.0000 ,10.0659 ,0.7406 ,-34.6813 ,-36.7112 ,-5.7276 ,8.2775 ,
4.0000 ,9.7416 ,1.0000 ,-32.0919 ,-30.5571 ,-5.1755 ,8.2530 ,
3.0000 ,9.7312 ,0.5985 ,-34.2456 ,-32.0557 ,-5.4761 ,8.0441 ,
4.0000 ,9.5779 ,0.7997 ,-30.7876 ,-34.3488 ,-4.9025 ,8.2281 ,
2.0000 ,9.5625 ,0.5531 ,-27.6275 ,-22.6742 ,-4.4343 ,8.4722 ,
3.0000 ,9.5423 ,1.0000 ,-24.3119 ,-24.0691 ,-3.9286 ,8.6960 ,
3.0000 ,9.4667 ,0.3807 ,-26.1988 ,-25.4792 ,-4.1794 ,8.4942 ,
1.0000 ,9.4256 ,0.6528 ,-27.8694 ,-24.7722 ,-4.4061 ,8.3324 ,
2.0000 ,9.4252 ,0.8384 ,-26.2221 ,-20.6060 ,-4.1645 ,8.4552 ,
3.0000 ,9.3897 ,0.5898 ,-27.2089 ,-26.9062 ,-4.2933 ,8.3507 ,
3.0000 ,9.3094 ,0.6584 ,-24.2706 ,-22.6722 ,-3.8266 ,8.4866 ,
0.0000 ,9.2752 ,1.0000 ,-25.7507 ,-26.1884 ,-4.0297 ,8.3541 ,
1.0000 ,9.2578 ,1.0000 ,-28.9312 ,-29.8143 ,-4.4785 ,8.1024 ,
2.0000 ,9.2550 ,1.0000 ,-23.6411 ,-24.0691 ,-3.7113 ,8.4783 ,
1.0000 ,9.2446 ,0.8283 ,-23.4925 ,-19.2460 ,-3.6852 ,8.4783 ,
2.0000 ,9.2392 ,1.0000 ,-25.1302 ,-23.3678 ,-3.9237 ,8.3646 ,
4.0000 ,9.1537 ,1.0000 ,-28.5413 ,-24.0670 ,-4.3736 ,8.0413 ,
4.0000 ,2.9036 ,0.6203 ,5.7808 ,-10.6246 ,0.2925 ,2.8888 ,
4.0000 ,2.7356 ,0.6359 ,-21.6193 ,-25.4772 ,-1.0079 ,2.5432 ,
4.0000 ,2.3364 ,0.6211 ,-23.4557 ,-35.1278 ,-0.9300 ,2.1433 ,
4.0000 ,2.3360 ,0.6411 ,-21.6422 ,-31.7590 ,-0.8615 ,2.1713 ,
4.0000 ,2.3356 ,0.6982 ,-22.1624 ,-32.8142 ,-0.8811 ,2.1631 ,
2.0000 ,2.3343 ,0.6786 ,-24.1554 ,-34.3488 ,-0.9552 ,2.1299 ,
4.0000 ,2.3326 ,0.6806 ,-21.8434 ,-33.5769 ,-0.8679 ,2.1651 ,
4.0000 ,2.3267 ,0.6780 ,-21.9833 ,-32.8119 ,-0.8710 ,2.1576 ,
4.0000 ,2.3267 ,0.6222 ,-20.9435 ,-33.5769 ,-0.8317 ,2.1730 ,
3.0000 ,2.3235 ,0.6332 ,-19.6660 ,-32.8119 ,-0.7820 ,2.1880 ,
4.0000 ,2.3226 ,0.6569 ,-22.0603 ,-35.9144 ,-0.8723 ,2.1526 ,
3.0000 ,2.1782 ,0.7038 ,40.1236 ,-31.3012 ,1.4037 ,1.6656 ,
3.0000 ,2.1771 ,0.7305 ,38.6351 ,-32.8119 ,1.3593 ,1.7007 ,
3.0000 ,2.1769 ,0.6834 ,38.2145 ,-33.5769 ,1.3467 ,1.7104 ,
3.0000 ,2.1766 ,0.6805 ,40.5533 ,-30.5571 ,1.4151 ,1.6538 ,
3.0000 ,2.1766 ,0.7133 ,39.2262 ,-32.0557 ,1.3764 ,1.6861 ,
3.0000 ,2.1765 ,0.7254 ,38.2706 ,-32.8119 ,1.3481 ,1.7087 ,
2.0000 ,2.1762 ,0.5799 ,39.9728 ,-29.8165 ,1.3981 ,1.6678 ,
3.0000 ,2.1762 ,0.6926 ,39.5846 ,-33.5769 ,1.3867 ,1.6771 ,
2.0000 ,2.1760 ,0.6786 ,39.1475 ,-32.0534 ,1.3737 ,1.6875 ,
3.0000 ,2.1758 ,0.6292 ,39.1693 ,-32.8142 ,1.3743 ,1.6869 ,
3.0000 ,2.1755 ,0.7184 ,38.1237 ,-32.8119 ,1.3431 ,1.7114 ,
3.0000 ,2.1755 ,0.7080 ,38.9638 ,-31.3034 ,1.3680 ,1.6915 ,
3.0000 ,2.1754 ,0.5084 ,38.4526 ,-32.8119 ,1.3528 ,1.7036 ,
3.0000 ,2.1754 ,0.6843 ,38.4261 ,-30.5571 ,1.3520 ,1.7042 ,
3.0000 ,2.1752 ,0.6910 ,38.8320 ,-33.5769 ,1.3639 ,1.6944 ,
3.0000 ,2.1747 ,0.7034 ,38.0280 ,-32.0534 ,1.3397 ,1.7130 ,
2.0000 ,1.1720 ,0.6716 ,-9.1665 ,-25.4772 ,-0.1867 ,1.1570 ,
2.0000 ,1.1609 ,0.6679 ,-4.1966 ,-24.0691 ,-0.0850 ,1.1578 ,
2.0000 ,1.1600 ,0.6803 ,-4.4217 ,-25.4772 ,-0.0894 ,1.1566 ,
2.0000 ,1.1599 ,0.6646 ,-4.2513 ,-24.7701 ,-0.0860 ,1.1568 ,
2.0000 ,1.1598 ,0.6825 ,-3.1490 ,-24.7701 ,-0.0637 ,1.1581 ,
2.0000 ,1.1598 ,0.6820 ,-7.4969 ,-24.7701 ,-0.1513 ,1.1499 ,
2.0000 ,1.1597 ,0.6458 ,-5.2094 ,-25.4772 ,-0.1053 ,1.1550 ,
2.0000 ,1.1593 ,0.6659 ,-1.5481 ,-23.3698 ,-0.0313 ,1.1589 ,
2.0000 ,1.1591 ,0.5620 ,-7.9689 ,-24.7701 ,-0.1607 ,1.1479 ,
2.0000 ,1.1581 ,0.4766 ,-3.2795 ,-24.7701 ,-0.0663 ,1.1562 ,
2.0000 ,1.1580 ,0.6613 ,-3.4368 ,-23.3698 ,-0.0694 ,1.1559 ,
2.0000 ,1.1579 ,0.7131 ,-5.0367 ,-23.3698 ,-0.1017 ,1.1535 ,
2.0000 ,1.1570 ,0.6271 ,-6.7054 ,-23.3698 ,-0.1351 ,1.1491 ,
2.0000 ,1.1538 ,0.6583 ,-0.8909 ,-24.7701 ,-0.0179 ,1.1537 ,
2.0000 ,1.1473 ,0.6722 ,-0.4608 ,-25.4772 ,-0.0092 ,1.1473 ,
1.0000 ,0.9781 ,0.8709 ,-21.1707 ,3.2186 ,-0.3533 ,0.9121 ,
1.0000 ,0.9778 ,0.9503 ,-20.6965 ,4.8060 ,-0.3456 ,0.9147 ,
1.0000 ,0.9778 ,0.2688 ,-20.8406 ,2.2421 ,-0.3479 ,0.9138 ,
1.0000 ,0.9775 ,0.9669 ,-21.0942 ,3.5241 ,-0.3518 ,0.9120 ,
1.0000 ,0.9774 ,0.9800 ,-20.6408 ,2.8829 ,-0.3446 ,0.9147 ,
1.0000 ,0.9774 ,0.7019 ,-20.5577 ,4.8060 ,-0.3432 ,0.9151 ,
1.0000 ,0.9774 ,0.9333 ,-21.0066 ,3.5222 ,-0.3504 ,0.9124 ,
1.0000 ,0.9773 ,0.9239 ,-20.0163 ,2.2421 ,-0.3345 ,0.9183 ,
1.0000 ,0.9771 ,0.9418 ,-20.3985 ,2.8829 ,-0.3406 ,0.9158 ,
1.0000 ,0.9770 ,0.9281 ,-19.8934 ,2.8829 ,-0.3324 ,0.9187 ,
1.0000 ,0.9769 ,0.7616 ,-19.9224 ,2.8829 ,-0.3329 ,0.9184 ,
1.0000 ,0.9769 ,0.9308 ,-20.4413 ,2.8829 ,-0.3412 ,0.9153 ,
1.0000 ,0.9768 ,0.9606 ,-20.6091 ,2.8829 ,-0.3438 ,0.9142 ,
1.0000 ,0.9767 ,0.9869 ,-20.0026 ,3.5241 ,-0.3341 ,0.9178 ,
1.0000 ,0.9767 ,0.7900 ,-20.3293 ,4.1639 ,-0.3393 ,0.9159 ,
1.0000 ,0.9766 ,0.9463 ,-21.0831 ,4.8060 ,-0.3513 ,0.9113 ,
1.0000 ,0.9765 ,0.9985 ,-20.6673 ,4.1639 ,-0.3447 ,0.9137 ,
1.0000 ,0.9765 ,0.9787 ,-19.8355 ,4.1639 ,-0.3313 ,0.9186 ,
1.0000 ,0.9765 ,0.9789 ,-20.5757 ,2.8829 ,-0.3432 ,0.9142 ,
1.0000 ,0.9764 ,0.4697 ,-21.5676 ,4.1639 ,-0.3589 ,0.9081 ,
0.0000 ,0.8644 ,0.7930 ,-0.3454 ,4.8060 ,-0.0052 ,0.8644 ,
0.0000 ,0.8644 ,1.0000 ,0.1858 ,3.5241 ,0.0028 ,0.8644 ,
0.0000 ,0.8642 ,0.9506 ,-0.8572 ,4.8060 ,-0.0129 ,0.8641 ,
0.0000 ,0.8641 ,1.0000 ,-0.4375 ,2.8829 ,-0.0066 ,0.8641 ,
0.0000 ,0.8641 ,1.0000 ,-0.0158 ,3.5241 ,-0.0002 ,0.8641 ,
0.0000 ,0.8641 ,1.0000 ,-0.2740 ,3.5241 ,-0.0041 ,0.8641 ,
0.0000 ,0.8639 ,1.0000 ,0.1898 ,3.5241 ,0.0029 ,0.8639 ,
0.0000 ,0.8639 ,0.2824 ,-0.8870 ,2.8829 ,-0.0134 ,0.8638 ,
0.0000 ,0.8638 ,0.4732 ,-0.3518 ,4.1639 ,-0.0053 ,0.8638 ,
0.0000 ,0.8638 ,0.7431 ,0.0704 ,4.1658 ,0.0011 ,0.8638 ,
0.0000 ,0.8636 ,1.0000 ,-0.4167 ,5.4488 ,-0.0063 ,0.8636 ,
0.0000 ,0.8636 ,0.7620 ,-0.4336 ,4.1658 ,-0.0065 ,0.8636 ,
0.0000 ,0.8632 ,1.0000 ,-0.1794 ,3.5241 ,-0.0027 ,0.8632 ,
0.0000 ,0.8631 ,1.0000 ,-0.1690 ,5.4488 ,-0.0025 ,0.8631 ,
0.0000 ,0.8629 ,1.0000 ,-0.7314 ,2.8829 ,-0.0110 ,0.8629 ,
0.0000 ,0.8629 ,0.8267 ,-0.1754 ,3.5241 ,-0.0026 ,0.8629 ,
0.0000 ,0.8627 ,1.0000 ,-0.6347 ,4.8060 ,-0.0096 ,0.8627 ,
0.0000 ,0.8627 ,1.0000 ,0.1858 ,4.1639 ,0.0028 ,0.8627 ,
0.0000 ,0.8627 ,1.0000 ,-0.5153 ,4.8060 ,-0.0078 ,0.8626 ,
0.0000 ,0.8626 ,1.0000 ,-0.6392 ,4.8060 ,-0.0096 ,0.8626 ,
0.0000 ,0.0000 ,0.0000 ,0.0000 ,0.0000 ,0.0074 ,0.8623 ,
0.0000 ,0.0000 ,0.0000 ,0.0000 ,0.0000 ,12.9718 ,25.9436 ,
0.0000 ,0.0000 ,0.0000 ,0.0000 ,0.0000 ,-12.9718 ,25.9436 ,

4.0000 ,19.6785 ,0.6645 ,-31.6713 ,-29.8165 ,-10.3321 ,16.7479 ,
4.0000 ,19.1087 ,0.7254 ,-30.9862 ,-28.3513 ,-9.8378 ,16.3817 ,
4.0000 ,18.3415 ,0.7658 ,-35.2011 ,-35.1301 ,-10.5729 ,14.9875 ,
4.0000 ,15.4853 ,1.0000 ,-44.1814 ,-46.1085 ,-10.7922 ,11.1051 ,
4.0000 ,15.2582 ,1.0000 ,-44.7695 ,-45.1927 ,-10.7457 ,10.8325 ,
4.0000 ,15.1047 ,0.8615 ,-43.6976 ,-42.5314 ,-10.4351 ,10.9206 ,
4.0000 ,15.0015 ,0.8947 ,-45.6515 ,-47.0398 ,-10.7276 ,10.4864 ,
3.0000 ,14.8215 ,1.0000 ,-44.2104 ,-43.4063 ,-10.3350 ,10.6238 ,
4.0000 ,14.6431 ,0.6096 ,-45.7210 ,-43.4063 ,-10.4837 ,10.2231 ,
3.0000 ,14.5556 ,1.0000 ,-44.4896 ,-45.1927 ,-10.2003 ,10.3836 ,
4.0000 ,14.2228 ,0.8061 ,-47.8139 ,-47.0426 ,-10.5386 ,9.5512 ,
3.0000 ,14.1485 ,1.0000 ,-47.3591 ,-47.0426 ,-10.4079 ,9.5842 ,
4.0000 ,13.8617 ,1.0000 ,-46.3979 ,-47.0398 ,-10.0379 ,9.5597 ,
4.0000 ,2.3428 ,0.6202 ,-24.1028 ,-32.0557 ,-0.9567 ,2.1385 ,
4.0000 ,2.3383 ,0.6421 ,-23.5379 ,-32.3838 ,-0.9338 ,2.1438 ,
3.0000 ,2.3362 ,0.6691 ,-22.5616 ,-33.5769 ,-0.8964 ,2.1574 ,
4.0000 ,2.3351 ,0.6404 ,-23.9623 ,-32.0557 ,-0.9484 ,2.1339 ,
4.0000 ,2.3351 ,0.6667 ,-21.2000 ,-32.0557 ,-0.8444 ,2.1770 ,
4.0000 ,2.3347 ,0.6597 ,-22.2689 ,-32.8119 ,-0.8847 ,2.1606 ,
4.0000 ,2.3341 ,0.6696 ,-23.6595 ,-32.0557 ,-0.9367 ,2.1379 ,
4.0000 ,2.3337 ,0.6678 ,-23.3046 ,-30.5571 ,-0.9233 ,2.1433 ,
4.0000 ,2.3336 ,0.6393 ,-23.3186 ,-34.3488 ,-0.9237 ,2.1430 ,
4.0000 ,2.3332 ,0.6486 ,-24.5634 ,-33.5792 ,-0.9699 ,2.1220 ,
4.0000 ,2.3324 ,0.6412 ,-22.4071 ,-32.0534 ,-0.8891 ,2.1563 ,
4.0000 ,2.3266 ,0.6321 ,-20.4678 ,-32.0557 ,-0.8136 ,2.1797 ,
3.0000 ,2.3264 ,0.6727 ,-21.0066 ,-30.5549 ,-0.8340 ,2.1718 ,
4.0000 ,2.3234 ,0.6299 ,-21.0024 ,-32.8119 ,-0.8327 ,2.1691 ,
4.0000 ,2.3225 ,0.6291 ,-21.2361 ,-33.5792 ,-0.8412 ,2.1648 ,
4.0000 ,2.3220 ,0.6531 ,-21.1845 ,-33.5769 ,-0.8391 ,2.1651 ,
4.0000 ,2.3217 ,0.6109 ,-20.4567 ,-34.3488 ,-0.8114 ,2.1753 ,
3.0000 ,2.1777 ,0.7046 ,37.8760 ,-32.8119 ,1.3370 ,1.7189 ,
3.0000 ,2.1777 ,0.7004 ,39.3100 ,-31.3012 ,1.3796 ,1.6849 ,
3.0000 ,2.1773 ,0.6874 ,38.3565 ,-35.1278 ,1.3511 ,1.7073 ,
3.0000 ,2.1772 ,0.6573 ,38.5951 ,-32.8119 ,1.3582 ,1.7016 ,
2.0000 ,2.1769 ,0.4955 ,37.9187 ,-33.5769 ,1.3378 ,1.7173 ,
3.0000 ,2.1765 ,0.7045 ,39.4761 ,-32.0557 ,1.3837 ,1.6800 ,
3.0000 ,2.1764 ,0.3430 ,38.2145 ,-33.2308 ,1.3463 ,1.7100 ,
3.0000 ,2.1764 ,0.7019 ,38.4608 ,-31.3034 ,1.3537 ,1.7042 ,
3.0000 ,2.1763 ,0.7362 ,38.7373 ,-32.8119 ,1.3618 ,1.6976 ,
3.0000 ,2.1762 ,0.7266 ,38.1319 ,-32.8119 ,1.3438 ,1.7118 ,
3.0000 ,2.1761 ,0.6879 ,40.0303 ,-31.1376 ,1.3996 ,1.6662 ,
3.0000 ,2.1759 ,0.7406 ,39.0505 ,-33.5769 ,1.3709 ,1.6898 ,
3.0000 ,2.1758 ,0.7491 ,39.3702 ,-30.5571 ,1.3802 ,1.6820 ,
3.0000 ,2.1758 ,0.6912 ,37.3144 ,-33.5769 ,1.3189 ,1.7305 ,
3.0000 ,2.1757 ,0.6568 ,39.1073 ,-32.8119 ,1.3724 ,1.6883 ,
3.0000 ,2.1755 ,0.3212 ,39.4273 ,-33.5769 ,1.3817 ,1.6804 ,
3.0000 ,2.1753 ,0.6888 ,38.4906 ,-32.0557 ,1.3539 ,1.7026 ,
3.0000 ,2.1752 ,0.7293 ,39.5165 ,-32.8119 ,1.3841 ,1.6780 ,
2.0000 ,2.1752 ,0.6969 ,38.6300 ,-31.6263 ,1.3579 ,1.6992 ,
2.0000 ,2.1750 ,0.5969 ,38.0708 ,-32.0557 ,1.3412 ,1.7123 ,
3.0000 ,2.1746 ,0.6848 ,36.5846 ,-32.8119 ,1.2961 ,1.7462 ,
3.0000 ,2.1745 ,0.7154 ,38.4343 ,-33.5792 ,1.3517 ,1.7034 ,
3.0000 ,2.1737 ,0.6521 ,38.5254 ,-31.3034 ,1.3539 ,1.7006 ,
2.0000 ,1.1731 ,0.7172 ,-11.9272 ,-24.0691 ,-0.2424 ,1.1477 ,
2.0000 ,1.1612 ,0.6709 ,-8.0370 ,-25.2303 ,-0.1623 ,1.1498 ,
2.0000 ,1.1609 ,0.6472 ,-6.0194 ,-24.7701 ,-0.1217 ,1.1545 ,
2.0000 ,1.1608 ,0.6675 ,-2.4703 ,-22.6742 ,-0.0500 ,1.1597 ,
2.0000 ,1.1606 ,0.5538 ,-6.2452 ,-25.4772 ,-0.1263 ,1.1537 ,
2.0000 ,1.1605 ,0.6707 ,-6.7733 ,-24.5035 ,-0.1369 ,1.1524 ,
2.0000 ,1.1604 ,0.6425 ,-3.9184 ,-23.3698 ,-0.0793 ,1.1577 ,
2.0000 ,1.1595 ,0.6541 ,-8.4951 ,-23.3698 ,-0.1713 ,1.1468 ,
2.0000 ,1.1594 ,0.6681 ,-4.4217 ,-24.0691 ,-0.0894 ,1.1559 ,
2.0000 ,1.1592 ,0.6641 ,-2.8254 ,-22.6742 ,-0.0571 ,1.1578 ,
2.0000 ,1.1590 ,0.6561 ,-4.3775 ,-25.4772 ,-0.0885 ,1.1556 ,
2.0000 ,1.1588 ,0.6813 ,-5.6498 ,-22.6742 ,-0.1141 ,1.1532 ,
2.0000 ,1.1587 ,0.6554 ,-4.1941 ,-24.0670 ,-0.0847 ,1.1556 ,
2.0000 ,1.1585 ,0.6488 ,-7.6173 ,-23.3698 ,-0.1536 ,1.1483 ,
2.0000 ,1.1581 ,0.6836 ,-2.7957 ,-23.3698 ,-0.0565 ,1.1567 ,
2.0000 ,1.1579 ,0.2931 ,-2.1847 ,-24.7701 ,-0.0441 ,1.1571 ,
2.0000 ,1.1576 ,0.6016 ,-2.7957 ,-24.7701 ,-0.0565 ,1.1563 ,
2.0000 ,1.1573 ,0.3424 ,-3.6642 ,-24.7701 ,-0.0740 ,1.1550 ,
2.0000 ,1.1571 ,0.6327 ,-2.7515 ,-24.7701 ,-0.0555 ,1.1557 ,
2.0000 ,1.1564 ,0.6585 ,-2.2561 ,-22.6742 ,-0.0455 ,1.1555 ,
2.0000 ,1.1555 ,0.6626 ,-0.9791 ,-24.7701 ,-0.0197 ,1.1554 ,
2.0000 ,1.1473 ,0.6407 ,-2.8190 ,-24.7701 ,-0.0564 ,1.1459 ,
1.0000 ,0.9783 ,0.7541 ,-20.0743 ,4.8060 ,-0.3358 ,0.9189 ,
1.0000 ,0.9780 ,0.6833 ,-20.0606 ,2.8829 ,-0.3355 ,0.9187 ,
1.0000 ,0.9778 ,0.8960 ,-20.5868 ,4.8060 ,-0.3438 ,0.9154 ,
1.0000 ,0.9777 ,0.8945 ,-20.1212 ,2.8829 ,-0.3363 ,0.9180 ,
1.0000 ,0.9775 ,0.9942 ,-20.5175 ,3.5241 ,-0.3426 ,0.9155 ,
1.0000 ,0.9773 ,0.9396 ,-20.4234 ,3.5241 ,-0.3410 ,0.9158 ,
1.0000 ,0.9772 ,0.9465 ,-20.1033 ,4.1639 ,-0.3359 ,0.9176 ,
1.0000 ,0.9771 ,0.9665 ,-19.7528 ,4.1639 ,-0.3302 ,0.9196 ,
1.0000 ,0.9771 ,0.9411 ,-19.9156 ,4.8060 ,-0.3328 ,0.9187 ,
1.0000 ,0.9771 ,0.9642 ,-19.9693 ,2.8829 ,-0.3337 ,0.9183 ,
1.0000 ,0.9769 ,0.9389 ,-20.3335 ,2.8829 ,-0.3395 ,0.9160 ,
1.0000 ,0.9769 ,0.9393 ,-20.6673 ,3.5222 ,-0.3448 ,0.9140 ,
1.0000 ,0.9769 ,0.9517 ,-21.1527 ,2.8829 ,-0.3525 ,0.9111 ,
1.0000 ,0.9769 ,0.4188 ,-19.7860 ,3.5241 ,-0.3307 ,0.9192 ,
1.0000 ,0.9769 ,0.9582 ,-20.6202 ,4.1639 ,-0.3440 ,0.9143 ,
1.0000 ,0.9768 ,0.4933 ,-19.9583 ,2.8829 ,-0.3334 ,0.9182 ,
1.0000 ,0.9768 ,0.7813 ,-20.2126 ,4.1639 ,-0.3375 ,0.9167 ,
1.0000 ,0.9768 ,0.9858 ,-20.1503 ,4.1639 ,-0.3365 ,0.9170 ,
1.0000 ,0.9767 ,0.9925 ,-20.6742 ,2.2421 ,-0.3448 ,0.9138 ,
1.0000 ,0.9766 ,0.9301 ,-20.5757 ,4.1639 ,-0.3432 ,0.9143 ,
1.0000 ,0.9764 ,0.9866 ,-19.8755 ,3.5241 ,-0.3320 ,0.9183 ,
1.0000 ,0.9763 ,0.9730 ,-20.9663 ,3.5222 ,-0.3493 ,0.9117 ,
1.0000 ,0.9763 ,0.9823 ,-20.5911 ,4.1639 ,-0.3433 ,0.9139 ,
1.0000 ,0.9643 ,0.9283 ,-23.9737 ,4.1639 ,-0.3918 ,0.8811 ,
1.0000 ,0.9640 ,0.9559 ,-23.7721 ,2.8829 ,-0.3886 ,0.8823 ,
0.0000 ,0.8649 ,1.0000 ,-0.7418 ,2.8829 ,-0.0112 ,0.8648 ,
0.0000 ,0.8646 ,1.0000 ,-0.1016 ,4.8060 ,-0.0015 ,0.8646 ,
0.0000 ,0.8641 ,1.0000 ,-0.1481 ,3.5241 ,-0.0022 ,0.8641 ,
0.0000 ,0.8641 ,1.0000 ,-0.0768 ,4.8060 ,-0.0012 ,0.8641 ,
0.0000 ,0.8640 ,1.0000 ,-0.5218 ,3.5241 ,-0.0079 ,0.8640 ,
0.0000 ,0.8639 ,1.0000 ,-0.4945 ,3.5241 ,-0.0075 ,0.8638 ,
0.0000 ,0.8638 ,1.0000 ,0.1898 ,4.8060 ,0.0029 ,0.8638 ,
0.0000 ,0.8637 ,1.0000 ,-0.2363 ,4.1639 ,-0.0036 ,0.8637 ,
0.0000 ,0.8637 ,1.0000 ,0.0010 ,5.4488 ,0.0000 ,0.8637 ,
0.0000 ,0.8636 ,1.0000 ,0.1754 ,4.8060 ,0.0026 ,0.8636 ,
0.0000 ,0.8636 ,0.7172 ,-0.0327 ,3.5241 ,-0.0005 ,0.8636 ,
0.0000 ,0.8635 ,1.0000 ,-0.3389 ,3.5241 ,-0.0051 ,0.8635 ,
0.0000 ,0.8635 ,1.0000 ,-0.2467 ,4.1639 ,-0.0037 ,0.8635 ,
0.0000 ,0.8633 ,0.4482 ,0.7482 ,3.5241 ,0.0113 ,0.8633 ,
0.0000 ,0.8633 ,1.0000 ,0.0872 ,4.1658 ,0.0013 ,0.8633 ,
0.0000 ,0.8632 ,1.0000 ,0.1922 ,3.5241 ,0.0029 ,0.8632 ,
0.0000 ,0.8632 ,1.0000 ,-0.2195 ,3.5241 ,-0.0033 ,0.8632 ,
0.0000 ,0.8632 ,0.8128 ,0.6560 ,5.4488 ,0.0099 ,0.8631 ,
0.0000 ,0.8631 ,1.0000 ,0.1457 ,4.8060 ,0.0022 ,0.8631 ,
0.0000 ,0.8631 ,0.4954 ,-0.5763 ,4.8060 ,-0.0087 ,0.8630 ,
0.0000 ,0.8631 ,1.0000 ,0.0367 ,5.4488 ,0.0006 ,0.8631 ,
0.0000 ,0.8630 ,1.0000 ,0.2170 ,4.1658 ,0.0033 ,0.8630 ,
0.0000 ,0.8630 ,0.8377 ,0.3077 ,4.8060 ,0.0046 ,0.8630 ,
0.0000 ,0.8628 ,0.9298 ,-0.1313 ,4.8060 ,-0.0020 ,0.8628 ,
0.0000 ,0.0000 ,0.0000 ,0.0000 ,0.0000 ,-0.0067 ,0.8626 ,
0.0000 ,0.0000 ,0.0000 ,0.0000 ,0.0000 ,12.9718 ,25.9436 ,
0.0000 ,0.0000 ,0.0000 ,0.0000 ,0.0000 ,-12.9718 ,25.9436 ,

4.0000 ,18.6456 ,0.3086 ,-26.4000 ,-24.7722 ,-8.2905 ,16.7011 ,
4.0000 ,18.6092 ,0.7060 ,-30.2079 ,-32.8142 ,-9.3630 ,16.0822 ,
4.0000 ,18.5557 ,0.5881 ,-27.9148 ,-30.5571 ,-8.6870 ,16.3967 ,
4.0000 ,18.4911 ,0.6312 ,-31.1013 ,-26.9040 ,-9.5516 ,15.8331 ,
3.0000 ,18.4768 ,0.5646 ,-30.6095 ,-27.6264 ,-9.4081 ,15.9022 ,
4.0000 ,18.4095 ,0.8604 ,-15.9000 ,-20.6060 ,-5.0434 ,17.7051 ,
3.0000 ,18.3977 ,0.7806 ,-30.3927 ,-32.0557 ,-9.3078 ,15.8695 ,
3.0000 ,18.3473 ,1.0000 ,-25.7552 ,-26.1884 ,-7.9724 ,16.5247 ,
3.0000 ,18.3337 ,1.0000 ,-29.2459 ,-24.7722 ,-8.9571 ,15.9967 ,
2.0000 ,18.3281 ,1.0000 ,-31.7330 ,-30.5549 ,-9.6399 ,15.5882 ,
4.0000 ,18.3006 ,1.0000 ,-16.9197 ,-19.2441 ,-5.3260 ,17.5085 ,
3.0000 ,18.2807 ,1.0000 ,-23.5562 ,-16.5529 ,-7.3059 ,16.7573 ,
2.0000 ,18.2512 ,1.0000 ,-23.0491 ,-19.2460 ,-7.1457 ,16.7942 ,
4.0000 ,17.5919 ,0.7485 ,-15.0270 ,-19.9255 ,-4.5611 ,16.9904 ,
4.0000 ,16.5173 ,0.7194 ,-14.7661 ,-15.2216 ,-4.2098 ,15.9718 ,
4.0000 ,3.0944 ,0.6106 ,25.7810 ,4.8079 ,1.3459 ,2.7864 ,
4.0000 ,2.8880 ,0.6406 ,5.7240 ,-13.9007 ,0.2880 ,2.8736 ,
4.0000 ,2.7469 ,0.6169 ,-25.5666 ,-24.0670 ,-1.1855 ,2.4780 ,
4.0000 ,2.7346 ,0.6394 ,-21.7233 ,-26.1884 ,-1.0121 ,2.5404 ,
4.0000 ,2.4239 ,0.6590 ,-28.8260 ,34.3488 ,-1.1687 ,2.1236 ,
4.0000 ,2.3451 ,0.6281 ,-24.5634 ,-32.8142 ,-0.9749 ,2.1329 ,
4.0000 ,2.3450 ,0.6860 ,-24.5933 ,-31.3034 ,-0.9759 ,2.1323 ,
4.0000 ,2.3370 ,0.6033 ,-21.6646 ,-33.5769 ,-0.8628 ,2.1719 ,
4.0000 ,2.3348 ,0.6684 ,-25.0235 ,-33.5769 ,-0.9876 ,2.1156 ,
4.0000 ,2.3340 ,0.6515 ,-23.6341 ,-34.3488 ,-0.9357 ,2.1382 ,
4.0000 ,2.3322 ,0.6571 ,-23.1040 ,-31.3034 ,-0.9152 ,2.1451 ,
4.0000 ,2.3263 ,0.6532 ,-21.7708 ,-32.0557 ,-0.8628 ,2.1604 ,
4.0000 ,2.3256 ,0.6249 ,-20.8226 ,-32.0557 ,-0.8267 ,2.1737 ,
4.0000 ,2.3255 ,0.6699 ,-20.7908 ,-32.0534 ,-0.8254 ,2.1741 ,
4.0000 ,2.3248 ,0.6118 ,-20.7934 ,-32.0557 ,-0.8253 ,2.1734 ,
4.0000 ,2.3242 ,0.6617 ,-21.8071 ,-32.0557 ,-0.8634 ,2.1579 ,
3.0000 ,2.1783 ,0.6787 ,38.0067 ,-32.0557 ,1.3413 ,1.7163 ,
3.0000 ,2.1782 ,0.7366 ,38.5603 ,-30.5571 ,1.3578 ,1.7033 ,
3.0000 ,2.1776 ,0.7062 ,38.1105 ,-32.8119 ,1.3440 ,1.7134 ,
2.0000 ,2.1775 ,0.6849 ,37.7888 ,-32.0534 ,1.3343 ,1.7208 ,
3.0000 ,2.1773 ,0.7019 ,39.4408 ,-31.3034 ,1.3832 ,1.6815 ,
3.0000 ,2.1772 ,0.7077 ,38.1962 ,-33.5769 ,1.3463 ,1.7110 ,
3.0000 ,2.1771 ,0.6929 ,38.4608 ,-31.3034 ,1.3541 ,1.7048 ,
3.0000 ,2.1769 ,0.6867 ,37.8791 ,-32.0534 ,1.3366 ,1.7182 ,
3.0000 ,2.1767 ,0.6853 ,37.1116 ,-32.8894 ,1.3133 ,1.7358 ,
3.0000 ,2.1767 ,0.6779 ,38.3003 ,-32.8142 ,1.3491 ,1.7082 ,
3.0000 ,2.1766 ,0.7040 ,38.8155 ,-32.8142 ,1.3643 ,1.6959 ,
2.0000 ,2.1762 ,0.7068 ,38.5438 ,-31.3034 ,1.3560 ,1.7021 ,
3.0000 ,2.1760 ,0.6763 ,38.7938 ,-32.0557 ,1.3633 ,1.6960 ,
3.0000 ,2.1758 ,0.7093 ,38.1401 ,-34.0577 ,1.3438 ,1.7113 ,
3.0000 ,2.1757 ,0.6947 ,38.9453 ,-32.8119 ,1.3676 ,1.6922 ,
3.0000 ,2.1757 ,0.7046 ,38.0494 ,-33.5031 ,1.3410 ,1.7133 ,
3.0000 ,2.1754 ,0.7220 ,37.2802 ,-32.0557 ,1.3176 ,1.7309 ,
3.0000 ,2.1752 ,0.7024 ,37.3699 ,-32.8119 ,1.3203 ,1.7287 ,
3.0000 ,2.1752 ,0.7399 ,38.2656 ,-31.3012 ,1.3471 ,1.7078 ,
3.0000 ,2.1748 ,0.6936 ,40.2579 ,-31.3012 ,1.4054 ,1.6597 ,
3.0000 ,2.1746 ,0.6774 ,38.0280 ,-32.0534 ,1.3396 ,1.7129 ,
2.0000 ,1.1726 ,0.6317 ,-5.0979 ,-24.0691 ,-0.1042 ,1.1679 ,
2.0000 ,1.1725 ,0.6563 ,-8.6224 ,-23.3698 ,-0.1758 ,1.1593 ,
2.0000 ,1.1724 ,0.6641 ,-7.7148 ,-23.3698 ,-0.1574 ,1.1618 ,
2.0000 ,1.1722 ,0.6467 ,-9.8302 ,-24.7701 ,-0.2001 ,1.1550 ,
2.0000 ,1.1714 ,0.6227 ,-9.3533 ,-24.7701 ,-0.1904 ,1.1558 ,
2.0000 ,1.1609 ,0.6231 ,-7.5114 ,-24.7701 ,-0.1518 ,1.1509 ,
2.0000 ,1.1602 ,0.6856 ,-7.3505 ,-25.4772 ,-0.1484 ,1.1506 ,
2.0000 ,1.1600 ,0.6997 ,-3.5798 ,-24.0691 ,-0.0724 ,1.1578 ,
2.0000 ,1.1596 ,0.6675 ,-7.4734 ,-24.7701 ,-0.1508 ,1.1498 ,
2.0000 ,1.1596 ,0.6964 ,-7.7933 ,-23.3698 ,-0.1572 ,1.1488 ,
2.0000 ,1.1594 ,0.6588 ,-2.9137 ,-25.4772 ,-0.0589 ,1.1579 ,
2.0000 ,1.1592 ,0.6665 ,-3.7943 ,-23.3698 ,-0.0767 ,1.1567 ,
2.0000 ,1.1591 ,0.6439 ,-4.5733 ,-25.4772 ,-0.0924 ,1.1555 ,
2.0000 ,1.1590 ,0.2348 ,-4.5733 ,-25.4772 ,-0.0924 ,1.1553 ,
2.0000 ,1.1587 ,0.6804 ,-5.1123 ,-24.4861 ,-0.1033 ,1.1541 ,
2.0000 ,1.1587 ,0.6653 ,-2.5774 ,-24.0670 ,-0.0521 ,1.1575 ,
2.0000 ,1.1583 ,0.6253 ,-2.4430 ,-24.0691 ,-0.0494 ,1.1573 ,
2.0000 ,1.1581 ,0.6804 ,-7.8248 ,-25.4772 ,-0.1577 ,1.1473 ,
2.0000 ,1.1581 ,0.6600 ,-5.8759 ,-24.0691 ,-0.1186 ,1.1520 ,
2.0000 ,1.1568 ,0.6374 ,-1.1620 ,-23.3698 ,-0.0235 ,1.1566 ,
1.0000 ,0.9781 ,0.9447 ,-20.4345 ,2.8829 ,-0.3415 ,0.9166 ,
1.0000 ,0.9778 ,0.9590 ,-20.3763 ,2.2421 ,-0.3405 ,0.9167 ,
1.0000 ,0.9776 ,0.9425 ,-20.5038 ,4.8060 ,-0.3424 ,0.9157 ,
1.0000 ,0.9775 ,0.9743 ,-20.6811 ,4.8060 ,-0.3452 ,0.9145 ,
1.0000 ,0.9774 ,0.9037 ,-19.8286 ,4.1639 ,-0.3316 ,0.9195 ,
1.0000 ,0.9774 ,0.9847 ,-20.2194 ,4.1639 ,-0.3378 ,0.9172 ,
1.0000 ,0.9773 ,0.3375 ,-19.8908 ,3.5222 ,-0.3325 ,0.9190 ,
1.0000 ,0.9773 ,0.9777 ,-19.9156 ,2.8829 ,-0.3329 ,0.9188 ,
1.0000 ,0.9773 ,0.9202 ,-19.8687 ,2.8829 ,-0.3321 ,0.9191 ,
1.0000 ,0.9772 ,0.9622 ,-20.8045 ,4.1639 ,-0.3471 ,0.9135 ,
1.0000 ,0.9772 ,0.9505 ,-20.2596 ,4.8060 ,-0.3384 ,0.9168 ,
1.0000 ,0.9772 ,0.9703 ,-20.3182 ,4.1639 ,-0.3393 ,0.9164 ,
1.0000 ,0.9772 ,0.8895 ,-20.2083 ,4.1639 ,-0.3375 ,0.9170 ,
1.0000 ,0.9772 ,0.9826 ,-20.2865 ,2.8829 ,-0.3388 ,0.9165 ,
1.0000 ,0.9771 ,0.9547 ,-20.7796 ,4.8060 ,-0.3466 ,0.9135 ,
1.0000 ,0.9770 ,0.9868 ,-20.8045 ,3.5241 ,-0.3470 ,0.9133 ,
1.0000 ,0.9769 ,0.2055 ,-19.8934 ,4.8060 ,-0.3324 ,0.9186 ,
1.0000 ,0.9768 ,0.9937 ,-19.8355 ,2.8829 ,-0.3315 ,0.9189 ,
1.0000 ,0.9766 ,0.6135 ,-20.1862 ,2.8829 ,-0.3370 ,0.9166 ,
1.0000 ,0.9766 ,0.2175 ,-20.6673 ,4.1639 ,-0.3447 ,0.9138 ,
1.0000 ,0.9766 ,0.9818 ,-20.7574 ,4.1639 ,-0.3461 ,0.9132 ,
1.0000 ,0.9765 ,0.9608 ,-20.4969 ,2.8829 ,-0.3419 ,0.9147 ,
1.0000 ,0.9764 ,0.9699 ,-21.0831 ,2.8829 ,-0.3512 ,0.9110 ,
1.0000 ,0.9762 ,0.9899 ,-20.5466 ,4.8060 ,-0.3426 ,0.9141 ,
1.0000 ,0.9634 ,1.0000 ,-24.5378 ,3.5222 ,-0.4001 ,0.8764 ,
0.0000 ,0.8645 ,0.9758 ,-0.2066 ,2.8829 ,-0.0031 ,0.8645 ,
0.0000 ,0.8644 ,1.0000 ,0.1650 ,4.1639 ,0.0025 ,0.8644 ,
0.0000 ,0.8642 ,0.9526 ,0.0704 ,4.8060 ,0.0011 ,0.8642 ,
0.0000 ,0.8641 ,1.0000 ,0.0535 ,4.1639 ,0.0008 ,0.8641 ,
0.0000 ,0.8640 ,0.3475 ,-0.4207 ,2.2421 ,-0.0063 ,0.8640 ,
0.0000 ,0.8640 ,0.2282 ,-0.0743 ,3.5241 ,-0.0011 ,0.8640 ,
0.0000 ,0.8638 ,1.0000 ,-0.2363 ,4.8060 ,-0.0036 ,0.8638 ,
0.0000 ,0.8638 ,1.0000 ,-0.0768 ,5.0600 ,-0.0012 ,0.8638 ,
0.0000 ,0.8637 ,1.0000 ,-0.4038 ,4.8060 ,-0.0061 ,0.8637 ,
0.0000 ,0.8637 ,1.0000 ,-0.1457 ,4.1658 ,-0.0022 ,0.8637 ,
0.0000 ,0.8637 ,0.9415 ,-0.1457 ,4.1658 ,-0.0022 ,0.8637 ,
0.0000 ,0.8637 ,1.0000 ,-0.4544 ,2.8829 ,-0.0068 ,0.8636 ,
0.0000 ,0.8636 ,1.0000 ,-0.0768 ,3.5241 ,-0.0012 ,0.8636 ,
0.0000 ,0.8635 ,1.0000 ,0.1417 ,3.5241 ,0.0021 ,0.8635 ,
0.0000 ,0.8634 ,0.6445 ,-0.6204 ,4.1639 ,-0.0093 ,0.8634 ,
0.0000 ,0.8633 ,1.0000 ,-0.4231 ,3.5241 ,-0.0064 ,0.8632 ,
0.0000 ,0.8632 ,1.0000 ,-0.5426 ,3.5241 ,-0.0082 ,0.8632 ,
0.0000 ,0.8632 ,1.0000 ,0.3662 ,4.8060 ,0.0055 ,0.8632 ,
0.0000 ,0.8631 ,1.0000 ,0.1353 ,5.4488 ,0.0020 ,0.8631 ,
0.0000 ,0.8631 ,0.2196 ,0.4816 ,4.1658 ,0.0073 ,0.8631 ,
0.0000 ,0.8631 ,1.0000 ,0.0872 ,3.5241 ,0.0013 ,0.8631 ,
0.0000 ,0.8627 ,1.0000 ,-0.5049 ,3.5241 ,-0.0076 ,0.8627 ,
0.0000 ,0.8626 ,1.0000 ,0.0327 ,4.1658 ,0.0005 ,0.8626 ,
0.0000 ,0.8626 ,1.0000 ,-0.2363 ,4.8060 ,-0.0036 ,0.8625 ,
0.0000 ,0.0000 ,0.0000 ,0.0000 ,0.0000 ,0.0074 ,0.8624 ,
0.0000 ,0.0000 ,0.0000 ,0.0000 ,0.0000 ,12.9718 ,25.9436 ,
0.0000 ,0.0000 ,0.0000 ,0.0000 ,0.0000 ,-12.9718 ,25.9436 ,

4.0000 ,13.9642 ,0.9059 ,-11.5092 ,-13.2402 ,-2.7862 ,13.6834 ,
4.0000 ,13.3210 ,0.9125 ,-13.2086 ,-13.8988 ,-3.0438 ,12.9686 ,
4.0000 ,13.0666 ,1.0000 ,-11.9723 ,-14.5592 ,-2.7105 ,12.7824 ,
4.0000 ,12.8055 ,0.4689 ,-13.1205 ,-13.2402 ,-2.9069 ,12.4712 ,
3.0000 ,12.6125 ,1.0000 ,-13.1312 ,-13.9007 ,-2.8653 ,12.2827 ,
4.0000 ,12.5740 ,0.5599 ,-13.6492 ,-14.5592 ,-2.9672 ,12.2189 ,
3.0000 ,12.3232 ,1.0000 ,-13.1378 ,-13.2421 ,-2.8010 ,12.0007 ,
4.0000 ,12.2485 ,0.7062 ,-11.9444 ,-10.6246 ,-2.5350 ,11.9833 ,
4.0000 ,11.9074 ,0.7388 ,-14.7164 ,-6.7383 ,-3.0249 ,11.5167 ,
4.0000 ,11.8280 ,1.0000 ,-9.0155 ,-14.3117 ,-1.8535 ,11.6819 ,
3.0000 ,11.7093 ,1.0000 ,-13.6921 ,-15.8861 ,-2.7716 ,11.3766 ,
3.0000 ,11.6105 ,0.7119 ,-15.5860 ,2.2402 ,-3.1196 ,11.1835 ,
4.0000 ,11.5553 ,0.7095 ,-12.4402 ,-8.6764 ,-2.4893 ,11.2840 ,
4.0000 ,11.5015 ,0.7613 ,-10.4911 ,-2.8829 ,-2.0942 ,11.3093 ,
3.0000 ,11.2609 ,0.9325 ,-12.6143 ,-6.9548 ,-2.4592 ,10.9891 ,
4.0000 ,11.0990 ,0.4367 ,-9.5256 ,-11.9302 ,-1.8368 ,10.9460 ,
2.0000 ,11.0589 ,1.0000 ,-12.1633 ,-11.2767 ,-2.3301 ,10.8107 ,
4.0000 ,11.0512 ,1.0000 ,-10.5188 ,-9.9740 ,-2.0175 ,10.8655 ,
3.0000 ,10.9573 ,0.6788 ,-11.6504 ,-9.9740 ,-2.2127 ,10.7316 ,
4.0000 ,10.9413 ,1.0000 ,-7.3125 ,-8.0294 ,-1.3926 ,10.8523 ,
2.0000 ,10.7318 ,1.0000 ,-11.7961 ,-9.3227 ,-2.1939 ,10.5052 ,
4.0000 ,10.6955 ,0.4600 ,-5.3318 ,-7.3834 ,-0.9939 ,10.6492 ,
3.0000 ,10.6312 ,0.5018 ,-13.1765 ,-11.2767 ,-2.4234 ,10.3513 ,
4.0000 ,10.4913 ,0.7354 ,-9.6472 ,-9.9721 ,-1.7581 ,10.3430 ,
3.0000 ,10.4311 ,0.6855 ,-9.4663 ,-8.6764 ,-1.7156 ,10.2890 ,
2.0000 ,10.2965 ,1.0000 ,-11.3358 ,-5.4488 ,-2.0239 ,10.0956 ,
4.0000 ,10.1099 ,0.7018 ,-9.5321 ,-11.2748 ,-1.6742 ,9.9703 ,
3.0000 ,9.9359 ,0.6948 ,-7.3295 ,-8.6745 ,-1.2676 ,9.8547 ,
4.0000 ,9.8816 ,0.6171 ,4.1395 ,-1.6016 ,0.7133 ,9.8559 ,
3.0000 ,9.8633 ,1.0000 ,-9.9710 ,-9.9740 ,-1.7078 ,9.7143 ,
4.0000 ,9.7448 ,0.8721 ,-6.0363 ,-4.8060 ,-1.0248 ,9.6908 ,
4.0000 ,9.7051 ,0.7465 ,-7.6958 ,-9.3227 ,-1.2996 ,9.6177 ,
4.0000 ,9.6931 ,0.3550 ,4.6996 ,6.7364 ,0.7942 ,9.6605 ,
4.0000 ,9.6307 ,0.7602 ,-0.9038 ,-6.0941 ,-0.1519 ,9.6295 ,
3.0000 ,9.5865 ,0.8630 ,-9.1023 ,-7.3834 ,-1.5166 ,9.4658 ,
2.0000 ,9.4321 ,1.0000 ,-4.6046 ,-6.0941 ,-0.7572 ,9.4017 ,
3.0000 ,9.4000 ,0.9197 ,-1.1452 ,0.9594 ,-0.1879 ,9.3981 ,
3.0000 ,9.3776 ,0.9783 ,-8.3824 ,-8.6745 ,-1.3671 ,9.2774 ,
3.0000 ,9.2518 ,0.3776 ,0.7586 ,-0.3192 ,0.1225 ,9.2510 ,
2.0000 ,9.2083 ,0.9340 ,-2.5288 ,-2.2421 ,-0.4063 ,9.1993 ,
4.0000 ,9.0620 ,0.3051 ,13.8109 ,11.9302 ,2.1633 ,8.8000 ,
4.0000 ,9.0247 ,0.8680 ,11.1045 ,8.6745 ,1.7381 ,8.8557 ,
3.0000 ,9.0160 ,0.7574 ,-1.6572 ,-1.5997 ,-0.2607 ,9.0122 ,
2.0000 ,8.9850 ,1.0000 ,-0.4920 ,-1.5997 ,-0.0772 ,8.9846 ,
3.0000 ,8.9837 ,0.7963 ,4.5499 ,6.0941 ,0.7127 ,8.9554 ,
3.0000 ,8.9277 ,1.0000 ,0.8597 ,6.0922 ,0.1340 ,8.9267 ,
4.0000 ,8.9014 ,0.7241 ,1.2373 ,0.3210 ,0.1922 ,8.8993 ,
3.0000 ,8.8358 ,1.0000 ,0.4504 ,-0.3192 ,0.0695 ,8.8355 ,
2.0000 ,8.8104 ,0.9746 ,2.8126 ,5.4488 ,0.4323 ,8.7998 ,
3.0000 ,8.6995 ,0.9105 ,5.8485 ,4.8079 ,0.8865 ,8.6542 ,
3.0000 ,8.6942 ,0.7879 ,7.8653 ,9.9740 ,1.1898 ,8.6124 ,
2.0000 ,8.6411 ,1.0000 ,5.7723 ,8.6745 ,0.8691 ,8.5973 ,
2.0000 ,8.6313 ,1.0000 ,6.8960 ,5.4507 ,1.0363 ,8.5689 ,
2.0000 ,8.6185 ,1.0000 ,6.5344 ,11.2748 ,0.9808 ,8.5625 ,
2.0000 ,8.6111 ,0.7060 ,2.8632 ,2.5310 ,0.4301 ,8.6003 ,
4.0000 ,2.3337 ,0.5911 ,-23.5449 ,-32.0557 ,-0.9323 ,2.1395 ,
3.0000 ,2.3245 ,0.6735 ,-21.0470 ,-32.8142 ,-0.8348 ,2.1694 ,
2.0000 ,2.1772 ,0.5062 ,39.2914 ,-33.5769 ,1.3787 ,1.6850 ,
2.0000 ,2.1767 ,0.6872 ,38.9020 ,-31.3034 ,1.3670 ,1.6940 ,
3.0000 ,2.1766 ,0.7169 ,38.0280 ,-31.3034 ,1.3409 ,1.7145 ,
2.0000 ,2.1763 ,0.4679 ,37.9105 ,-33.5792 ,1.3372 ,1.7171 ,
2.0000 ,2.1757 ,0.4034 ,38.1931 ,-31.3034 ,1.3453 ,1.7099 ,
3.0000 ,2.1754 ,0.5704 ,38.2788 ,-33.5769 ,1.3477 ,1.7077 ,
2.0000 ,2.1753 ,0.4233 ,38.9504 ,-32.8119 ,1.3675 ,1.6917 ,
2.0000 ,2.1752 ,0.7038 ,38.1105 ,-32.0557 ,1.3425 ,1.7115 ,
3.0000 ,2.1751 ,0.6771 ,37.8070 ,-32.0534 ,1.3333 ,1.7185 ,
2.0000 ,2.1746 ,0.6961 ,37.6560 ,-32.8119 ,1.3285 ,1.7216 ,
3.0000 ,2.1745 ,0.7098 ,39.2179 ,-32.8119 ,1.3749 ,1.6847 ,
2.0000 ,2.1741 ,0.7334 ,38.2441 ,-31.9090 ,1.3458 ,1.7075 ,
2.0000 ,1.1715 ,0.6654 ,-9.7366 ,-24.0691 ,-0.1981 ,1.1546 ,
2.0000 ,1.1622 ,0.6635 ,-6.1250 ,-25.4772 ,-0.1240 ,1.1556 ,
2.0000 ,1.1608 ,0.6137 ,-4.6489 ,-23.3698 ,-0.0941 ,1.1569 ,
2.0000 ,1.1594 ,0.6853 ,-2.4157 ,-24.7701 ,-0.0489 ,1.1584 ,
2.0000 ,1.1585 ,0.5579 ,-5.2979 ,-24.7701 ,-0.1070 ,1.1536 ,
2.0000 ,1.1570 ,0.6101 ,-4.7036 ,-25.4772 ,-0.0949 ,1.1531 ,
1.0000 ,0.9783 ,0.7248 ,-20.6451 ,4.1639 ,-0.3449 ,0.9155 ,
1.0000 ,0.9779 ,0.8367 ,-20.1392 ,4.8060 ,-0.3367 ,0.9181 ,
1.0000 ,0.9778 ,0.5422 ,-20.8851 ,4.1639 ,-0.3486 ,0.9135 ,
1.0000 ,0.9777 ,0.9233 ,-20.0453 ,4.8060 ,-0.3351 ,0.9185 ,
1.0000 ,0.9775 ,0.9414 ,-20.7934 ,2.8829 ,-0.3470 ,0.9139 ,
1.0000 ,0.9775 ,0.6572 ,-19.6991 ,4.1639 ,-0.3295 ,0.9203 ,
1.0000 ,0.9775 ,0.4282 ,-20.1614 ,4.1639 ,-0.3369 ,0.9176 ,
1.0000 ,0.9775 ,0.6184 ,-20.5911 ,4.8060 ,-0.3438 ,0.9151 ,
1.0000 ,0.9774 ,0.9287 ,-20.6048 ,3.5241 ,-0.3440 ,0.9149 ,
1.0000 ,0.9773 ,0.7551 ,-20.4456 ,4.1639 ,-0.3414 ,0.9158 ,
1.0000 ,0.9773 ,0.9608 ,-21.1819 ,3.5241 ,-0.3531 ,0.9113 ,
1.0000 ,0.9772 ,0.8632 ,-20.1212 ,4.1639 ,-0.3362 ,0.9176 ,
1.0000 ,0.9772 ,0.8647 ,-20.7796 ,4.8060 ,-0.3467 ,0.9136 ,
1.0000 ,0.9772 ,0.8018 ,-20.8448 ,2.8829 ,-0.3477 ,0.9132 ,
1.0000 ,0.9771 ,0.9518 ,-20.5911 ,2.8829 ,-0.3437 ,0.9147 ,
1.0000 ,0.9770 ,0.6370 ,-20.2152 ,3.5241 ,-0.3376 ,0.9168 ,
1.0000 ,0.9770 ,0.6491 ,-19.8934 ,2.2421 ,-0.3324 ,0.9187 ,
1.0000 ,0.9769 ,0.9563 ,-20.1033 ,3.5241 ,-0.3358 ,0.9174 ,
1.0000 ,0.9769 ,0.9675 ,-19.7818 ,3.5241 ,-0.3306 ,0.9192 ,
1.0000 ,0.9769 ,0.5608 ,-20.2823 ,2.8829 ,-0.3386 ,0.9163 ,
1.0000 ,0.9768 ,0.9116 ,-20.4927 ,2.2421 ,-0.3420 ,0.9150 ,
1.0000 ,0.9766 ,0.3491 ,-20.2754 ,4.1639 ,-0.3384 ,0.9161 ,
1.0000 ,0.9765 ,0.7932 ,-20.1392 ,3.5222 ,-0.3362 ,0.9168 ,
1.0000 ,0.9764 ,0.8500 ,-20.6160 ,3.5222 ,-0.3438 ,0.9139 ,
1.0000 ,0.9764 ,0.5601 ,-19.8645 ,2.8829 ,-0.3318 ,0.9183 ,
0.0000 ,0.8647 ,0.8877 ,0.1353 ,2.8829 ,0.0020 ,0.8647 ,
0.0000 ,0.8646 ,1.0000 ,0.3493 ,4.1658 ,0.0053 ,0.8646 ,
0.0000 ,0.8645 ,0.8930 ,0.1690 ,5.4488 ,0.0025 ,0.8645 ,
0.0000 ,0.8644 ,0.8452 ,-0.0704 ,4.8060 ,-0.0011 ,0.8644 ,
0.0000 ,0.8643 ,1.0000 ,0.1145 ,3.5241 ,0.0017 ,0.8643 ,
0.0000 ,0.8641 ,1.0000 ,0.2363 ,4.1658 ,0.0036 ,0.8641 ,
0.0000 ,0.8641 ,0.6532 ,0.1417 ,3.5241 ,0.0021 ,0.8641 ,
0.0000 ,0.8640 ,1.0000 ,-0.5361 ,4.8060 ,-0.0081 ,0.8639 ,
0.0000 ,0.8639 ,0.9128 ,-0.5426 ,2.9004 ,-0.0082 ,0.8639 ,
0.0000 ,0.8639 ,0.3628 ,0.0471 ,4.8060 ,0.0007 ,0.8639 ,
0.0000 ,0.8638 ,1.0000 ,0.1016 ,3.5241 ,0.0015 ,0.8638 ,
0.0000 ,0.8638 ,0.8211 ,-0.3999 ,4.1639 ,-0.0060 ,0.8638 ,
0.0000 ,0.8636 ,0.7286 ,-0.9415 ,4.8060 ,-0.0142 ,0.8635 ,
0.0000 ,0.8636 ,0.4583 ,-0.0302 ,4.1658 ,-0.0005 ,0.8636 ,
0.0000 ,0.8635 ,0.7638 ,-0.2339 ,4.8060 ,-0.0035 ,0.8635 ,
0.0000 ,0.8632 ,0.5942 ,-0.0599 ,3.5241 ,-0.0009 ,0.8632 ,
0.0000 ,0.8631 ,0.5814 ,0.1313 ,4.8060 ,0.0020 ,0.8631 ,
0.0000 ,0.8631 ,0.6808 ,0.4608 ,5.4488 ,0.0069 ,0.8630 ,
0.0000 ,0.8630 ,0.7038 ,0.4103 ,3.5241 ,0.0062 ,0.8630 ,
0.0000 ,0.8629 ,1.0000 ,0.3999 ,4.1658 ,0.0060 ,0.8629 ,
0.0000 ,0.8628 ,0.8994 ,0.1922 ,5.4488 ,0.0029 ,0.8628 ,
0.0000 ,0.8628 ,0.6581 ,-0.2195 ,4.1639 ,-0.0033 ,0.8628 ,
0.0000 ,0.8627 ,1.0000 ,0.5802 ,4.1658 ,0.0087 ,0.8627 ,
0.0000 ,0.8623 ,0.8988 ,-0.3325 ,4.8060 ,-0.0050 ,0.8623 ,
0.0000 ,0.0000 ,0.0000 ,0.0000 ,0.0000 ,0.0012 ,0.8623 ,
0.0000 ,0.0000 ,0.0000 ,0.0000 ,0.0000 ,12.9718 ,25.9436 ,
0.0000 ,0.0000 ,0.0000 ,0.0000 ,0.0000 ,-12.9718 ,25.9436 ,

4.0000 ,22.7016 ,0.6320 ,6.6191 ,8.0294 ,2.6168 ,22.5503 ,
3.0000 ,22.2573 ,0.7486 ,5.1123 ,5.4507 ,1.9833 ,22.1688 ,
4.0000 ,12.0568 ,0.6942 ,31.9879 ,36.7112 ,6.3870 ,10.2261 ,
4.0000 ,12.0023 ,0.9980 ,33.3518 ,35.9167 ,6.5986 ,10.0257 ,
4.0000 ,11.8434 ,0.7861 ,26.5406 ,26.9040 ,5.2920 ,10.5953 ,
4.0000 ,11.7633 ,0.8470 ,33.1710 ,42.5289 ,6.4362 ,9.8463 ,
4.0000 ,11.6863 ,0.8560 ,33.4093 ,31.3034 ,6.4347 ,9.7552 ,
4.0000 ,11.6209 ,0.7062 ,25.2019 ,31.1440 ,4.9483 ,10.5148 ,
4.0000 ,11.5153 ,0.6669 ,29.6146 ,27.6264 ,5.6905 ,10.0111 ,
4.0000 ,11.4686 ,1.0000 ,23.5519 ,24.0691 ,4.5826 ,10.5132 ,
4.0000 ,11.2454 ,0.7523 ,21.8909 ,21.2935 ,4.1927 ,10.4346 ,
4.0000 ,11.1230 ,1.0000 ,20.6700 ,29.0813 ,3.9262 ,10.4070 ,
3.0000 ,10.9646 ,1.0000 ,20.1614 ,20.6060 ,3.7791 ,10.2927 ,
3.0000 ,10.8234 ,1.0000 ,18.4158 ,23.8466 ,3.4192 ,10.2691 ,
4.0000 ,10.7297 ,1.0000 ,18.5704 ,23.3678 ,3.4171 ,10.1710 ,
3.0000 ,10.6488 ,0.7459 ,26.2552 ,25.4792 ,4.7107 ,9.5502 ,
4.0000 ,10.5207 ,1.0000 ,14.5341 ,21.9822 ,2.6402 ,10.1840 ,
4.0000 ,10.2393 ,0.8288 ,27.7770 ,9.9740 ,4.7718 ,9.0594 ,
3.0000 ,10.1920 ,0.8827 ,25.1718 ,29.0791 ,4.3350 ,9.2241 ,
2.0000 ,10.0693 ,0.9914 ,26.9829 ,33.5792 ,4.5687 ,8.9732 ,
3.0000 ,9.8138 ,0.8230 ,24.4251 ,28.3513 ,4.0580 ,8.9355 ,
4.0000 ,9.6164 ,0.3634 ,23.7650 ,19.2460 ,3.8753 ,8.8009 ,
4.0000 ,9.5639 ,0.5821 ,19.1097 ,19.2460 ,3.1310 ,9.0368 ,
3.0000 ,9.5427 ,0.4444 ,21.7889 ,21.9802 ,3.5421 ,8.8609 ,
2.0000 ,9.5344 ,0.5422 ,21.4617 ,24.7722 ,3.4884 ,8.8733 ,
3.0000 ,9.4278 ,0.6586 ,19.2141 ,26.1905 ,3.1027 ,8.9026 ,
4.0000 ,9.3821 ,1.0000 ,18.0532 ,19.2441 ,2.9075 ,8.9202 ,
4.0000 ,9.3764 ,0.4143 ,12.8815 ,6.0922 ,2.0903 ,9.1404 ,
4.0000 ,9.3170 ,0.4397 ,19.1852 ,17.2239 ,3.0618 ,8.7995 ,
2.0000 ,9.2356 ,1.0000 ,4.2110 ,13.2402 ,0.6782 ,9.2106 ,
2.0000 ,9.2275 ,1.0000 ,19.3227 ,20.6080 ,3.0533 ,8.7077 ,
3.0000 ,9.2244 ,0.6393 ,2.6320 ,13.8988 ,0.4236 ,9.2147 ,
3.0000 ,9.2155 ,0.4567 ,10.1949 ,15.2236 ,1.6311 ,9.0700 ,
3.0000 ,9.1885 ,0.2002 ,11.0833 ,12.5834 ,1.7663 ,9.0171 ,
3.0000 ,9.1748 ,0.3990 ,15.7367 ,19.2441 ,2.4884 ,8.8309 ,
2.0000 ,9.1685 ,0.6828 ,12.5199 ,12.5834 ,1.9875 ,8.9505 ,
3.0000 ,9.1433 ,0.7573 ,17.2997 ,15.8881 ,2.7189 ,8.7297 ,
1.0000 ,9.0801 ,0.8317 ,17.1570 ,12.5834 ,2.6786 ,8.6760 ,
2.0000 ,9.0685 ,1.0000 ,14.0596 ,14.5611 ,2.2030 ,8.7968 ,
1.0000 ,9.0571 ,0.2433 ,12.9741 ,15.2236 ,2.0334 ,8.8259 ,
1.0000 ,9.0500 ,1.0000 ,11.0702 ,11.2767 ,1.7377 ,8.8816 ,
0.0000 ,8.9810 ,1.0000 ,10.8991 ,13.8988 ,1.6981 ,8.8190 ,
2.0000 ,8.9755 ,0.9797 ,15.8567 ,15.2236 ,2.4524 ,8.6339 ,
2.0000 ,8.9561 ,1.0000 ,10.4659 ,13.2402 ,1.6269 ,8.8071 ,
2.0000 ,8.9512 ,1.0000 ,11.2737 ,12.5834 ,1.7499 ,8.7784 ,
4.0000 ,8.9151 ,0.5159 ,15.6060 ,13.5099 ,2.3983 ,8.5864 ,
0.0000 ,8.8721 ,1.0000 ,15.3402 ,15.2691 ,2.3471 ,8.5560 ,
4.0000 ,8.8161 ,0.5218 ,10.6837 ,10.6246 ,1.6344 ,8.6633 ,
0.0000 ,8.7897 ,0.4899 ,15.2421 ,13.2402 ,2.3108 ,8.4805 ,
3.0000 ,8.7694 ,0.9621 ,12.7007 ,12.5853 ,1.9280 ,8.5548 ,
1.0000 ,8.7015 ,1.0000 ,14.2502 ,16.5529 ,2.1419 ,8.4338 ,
3.0000 ,8.6981 ,1.0000 ,9.0601 ,12.5834 ,1.3697 ,8.5896 ,
2.0000 ,8.6249 ,0.7725 ,8.9984 ,10.6246 ,1.3490 ,8.5188 ,
2.0000 ,8.6134 ,1.0000 ,13.4805 ,14.5592 ,2.0079 ,8.3761 ,
4.0000 ,2.4215 ,0.6131 ,-29.5206 ,43.4037 ,-1.1932 ,2.1072 ,
2.0000 ,2.3231 ,0.5207 ,-22.0309 ,-31.3034 ,-0.8714 ,2.1535 ,
3.0000 ,2.1770 ,0.4337 ,39.0856 ,-32.0534 ,1.3726 ,1.6898 ,
3.0000 ,2.1761 ,0.6703 ,38.7970 ,-33.5769 ,1.3635 ,1.6960 ,
3.0000 ,2.1758 ,0.7092 ,38.3432 ,-32.0534 ,1.3498 ,1.7065 ,
3.0000 ,2.1757 ,0.6815 ,39.1558 ,-32.0534 ,1.3738 ,1.6871 ,
3.0000 ,2.1756 ,0.6588 ,38.6649 ,-30.5571 ,1.3593 ,1.6988 ,
3.0000 ,2.1753 ,0.6861 ,39.0122 ,-30.5571 ,1.3693 ,1.6903 ,
3.0000 ,2.1750 ,0.4358 ,36.7075 ,-32.0557 ,1.3001 ,1.7437 ,
3.0000 ,2.1750 ,0.7117 ,38.7722 ,-33.5769 ,1.3621 ,1.6957 ,
2.0000 ,2.1746 ,0.7247 ,39.0205 ,-34.3488 ,1.3691 ,1.6895 ,
2.0000 ,1.1610 ,0.5251 ,-6.9510 ,-25.4772 ,-0.1405 ,1.1524 ,
2.0000 ,1.1598 ,0.4164 ,-7.2026 ,-23.3698 ,-0.1454 ,1.1506 ,
2.0000 ,1.1595 ,0.6408 ,-5.8042 ,-21.9822 ,-0.1173 ,1.1536 ,
2.0000 ,1.1594 ,0.6613 ,-3.9900 ,-24.7701 ,-0.0807 ,1.1565 ,
2.0000 ,1.1592 ,0.6725 ,-4.6931 ,-24.0670 ,-0.0948 ,1.1553 ,
2.0000 ,1.1584 ,0.6684 ,-2.9659 ,-24.0027 ,-0.0599 ,1.1569 ,
2.0000 ,1.1582 ,0.2206 ,-4.5604 ,-24.0670 ,-0.0921 ,1.1545 ,
2.0000 ,1.1580 ,0.3801 ,-6.7184 ,-24.0670 ,-0.1355 ,1.1500 ,
2.0000 ,1.1577 ,0.6478 ,-5.3357 ,-23.3698 ,-0.1077 ,1.1527 ,
2.0000 ,1.1574 ,0.6421 ,-5.1228 ,-23.3698 ,-0.1033 ,1.1528 ,
1.0000 ,0.9780 ,0.7596 ,-20.4234 ,2.8829 ,-0.3413 ,0.9166 ,
1.0000 ,0.9778 ,0.8861 ,-20.4567 ,3.5241 ,-0.3417 ,0.9161 ,
1.0000 ,0.9778 ,0.5455 ,-20.0922 ,4.1639 ,-0.3359 ,0.9183 ,
1.0000 ,0.9776 ,0.6083 ,-20.4858 ,4.3989 ,-0.3421 ,0.9158 ,
1.0000 ,0.9775 ,0.3020 ,-20.5688 ,2.8829 ,-0.3434 ,0.9152 ,
1.0000 ,0.9774 ,0.9312 ,-20.2596 ,2.8829 ,-0.3384 ,0.9169 ,
1.0000 ,0.9772 ,0.5012 ,-20.6228 ,3.5241 ,-0.3442 ,0.9146 ,
1.0000 ,0.9772 ,0.2717 ,-20.5731 ,3.5241 ,-0.3434 ,0.9149 ,
1.0000 ,0.9771 ,0.9688 ,-20.1323 ,2.2421 ,-0.3363 ,0.9174 ,
1.0000 ,0.9769 ,0.9808 ,-20.0453 ,4.1639 ,-0.3349 ,0.9178 ,
1.0000 ,0.9769 ,0.7124 ,-20.1144 ,3.5241 ,-0.3360 ,0.9173 ,
1.0000 ,0.9769 ,0.6896 ,-20.3917 ,2.8829 ,-0.3404 ,0.9157 ,
1.0000 ,0.9769 ,0.9302 ,-19.6481 ,3.5222 ,-0.3285 ,0.9200 ,
1.0000 ,0.9767 ,0.9771 ,-20.1212 ,2.2421 ,-0.3360 ,0.9171 ,
1.0000 ,0.9765 ,0.5644 ,-20.4276 ,4.8060 ,-0.3408 ,0.9151 ,
1.0000 ,0.9765 ,0.9466 ,-20.5757 ,2.2421 ,-0.3432 ,0.9142 ,
1.0000 ,0.9765 ,0.3092 ,-20.0453 ,4.1639 ,-0.3347 ,0.9173 ,
1.0000 ,0.9764 ,0.9367 ,-19.8687 ,2.8829 ,-0.3318 ,0.9183 ,
1.0000 ,0.9637 ,0.7023 ,-23.7694 ,3.5241 ,-0.3884 ,0.8819 ,
0.0000 ,0.8641 ,1.0000 ,-0.3790 ,3.5241 ,-0.0057 ,0.8641 ,
0.0000 ,0.8639 ,0.2836 ,0.1417 ,5.4488 ,0.0021 ,0.8639 ,
0.0000 ,0.8638 ,1.0000 ,-1.3236 ,2.8829 ,-0.0200 ,0.8636 ,
0.0000 ,0.8637 ,1.0000 ,0.3181 ,3.5241 ,0.0048 ,0.8637 ,
0.0000 ,0.8637 ,1.0000 ,-0.6035 ,4.1639 ,-0.0091 ,0.8637 ,
0.0000 ,0.8636 ,0.9357 ,0.1457 ,4.8060 ,0.0022 ,0.8635 ,
0.0000 ,0.8635 ,0.5651 ,-0.0094 ,5.4488 ,-0.0001 ,0.8635 ,
0.0000 ,0.8634 ,1.0000 ,-0.5257 ,2.8829 ,-0.0079 ,0.8634 ,
0.0000 ,0.8634 ,0.3225 ,-0.1209 ,3.5241 ,-0.0018 ,0.8634 ,
0.0000 ,0.8634 ,0.4141 ,0.1922 ,3.5241 ,0.0029 ,0.8634 ,
0.0000 ,0.8633 ,0.7296 ,-0.2611 ,5.4488 ,-0.0039 ,0.8633 ,
0.0000 ,0.8633 ,0.7289 ,0.5049 ,4.8060 ,0.0076 ,0.8633 ,
0.0000 ,0.8633 ,0.5237 ,0.5089 ,4.1658 ,0.0077 ,0.8633 ,
0.0000 ,0.8633 ,0.8175 ,0.4440 ,4.8060 ,0.0067 ,0.8633 ,
0.0000 ,0.8633 ,0.3684 ,0.4648 ,4.1658 ,0.0070 ,0.8632 ,
0.0000 ,0.8632 ,0.6215 ,0.3726 ,4.1658 ,0.0056 ,0.8632 ,
0.0000 ,0.8632 ,0.3251 ,-0.1521 ,3.5241 ,-0.0023 ,0.8632 ,
0.0000 ,0.8631 ,1.0000 ,0.2299 ,4.8060 ,0.0035 ,0.8630 ,
0.0000 ,0.8630 ,0.7780 ,-0.1794 ,5.4488 ,-0.0027 ,0.8630 ,
0.0000 ,0.8629 ,0.5854 ,0.5386 ,4.8060 ,0.0081 ,0.8629 ,
0.0000 ,0.0000 ,0.0000 ,0.0000 ,0.0000 ,0.0016 ,0.8625 ,
0.0000 ,0.0000 ,0.0000 ,0.0000 ,0.0000 ,12.9718 ,25.9436 ,
0.0000 ,0.0000 ,0.0000 ,0.0000 ,0.0000 ,-12.9718 ,25.9436 ,

4.0000 ,19.3435 ,0.7197 ,21.2946 ,22.6742 ,7.0249 ,18.0229 ,
4.0000 ,15.6581 ,0.7977 ,32.0049 ,37.5140 ,8.2987 ,13.2781 ,
3.0000 ,15.5548 ,1.0000 ,30.8268 ,32.8119 ,7.9709 ,13.3572 ,
4.0000 ,15.3240 ,1.0000 ,31.8717 ,29.8165 ,8.0914 ,13.0137 ,
4.0000 ,15.2458 ,0.3292 ,30.4950 ,35.1301 ,7.7367 ,13.1369 ,
4.0000 ,15.1561 ,1.0000 ,31.7009 ,44.2940 ,7.9643 ,12.8949 ,
3.0000 ,15.0902 ,1.0000 ,31.7528 ,36.7089 ,7.9413 ,12.8316 ,
2.0000 ,15.0120 ,0.3595 ,32.1212 ,33.5792 ,7.9820 ,12.7140 ,
4.0000 ,14.8417 ,0.5150 ,34.8652 ,35.9144 ,8.4843 ,12.1776 ,
3.0000 ,14.7510 ,0.4136 ,32.7458 ,36.7089 ,7.9790 ,12.4067 ,
3.0000 ,14.6179 ,0.6311 ,35.9052 ,33.5792 ,8.5726 ,11.8404 ,
2.0000 ,14.4440 ,1.0000 ,33.4372 ,35.1278 ,7.9590 ,12.0534 ,
4.0000 ,14.3434 ,0.3921 ,31.9283 ,35.1278 ,7.5856 ,12.1734 ,
3.0000 ,14.2349 ,1.0000 ,33.1355 ,32.0557 ,7.7811 ,11.9200 ,
4.0000 ,13.9029 ,1.0000 ,33.6816 ,37.5116 ,7.7102 ,11.5690 ,
4.0000 ,13.6801 ,1.0000 ,34.5945 ,36.7089 ,7.7671 ,11.2613 ,
3.0000 ,13.5487 ,0.9080 ,35.6285 ,36.7089 ,7.8925 ,11.0125 ,
4.0000 ,13.3036 ,0.6303 ,32.5687 ,35.9167 ,7.1615 ,11.2116 ,
3.0000 ,13.2065 ,1.0000 ,34.3319 ,32.8142 ,7.4483 ,10.9057 ,
4.0000 ,13.0232 ,0.6895 ,27.1621 ,24.7722 ,5.9452 ,11.5870 ,
4.0000 ,12.9381 ,0.9486 ,27.0630 ,31.3012 ,5.8865 ,11.5215 ,
3.0000 ,12.3969 ,0.8069 ,31.8641 ,34.3511 ,6.5444 ,10.5287 ,
4.0000 ,3.0954 ,0.6354 ,24.9491 ,24.7701 ,1.3057 ,2.8066 ,
4.0000 ,2.9027 ,0.6364 ,5.2770 ,-9.3227 ,0.2670 ,2.8904 ,
4.0000 ,2.7340 ,0.6457 ,-20.8809 ,36.7112 ,-0.9745 ,2.5545 ,
4.0000 ,2.4230 ,0.6282 ,-29.5086 ,36.7112 ,-1.1934 ,2.1087 ,
4.0000 ,2.3460 ,0.6232 ,-25.4991 ,-35.1278 ,-1.0099 ,2.1174 ,
4.0000 ,2.3446 ,0.6129 ,-25.0279 ,-34.3488 ,-0.9919 ,2.1244 ,
4.0000 ,2.3344 ,0.6993 ,-23.9552 ,-32.8119 ,-0.9478 ,2.1333 ,
4.0000 ,2.3344 ,0.6514 ,-22.6389 ,-35.1278 ,-0.8986 ,2.1545 ,
4.0000 ,2.3340 ,0.6245 ,-22.2914 ,-32.8142 ,-0.8853 ,2.1596 ,
4.0000 ,2.3337 ,0.6271 ,-23.6184 ,-31.3034 ,-0.9350 ,2.1382 ,
4.0000 ,2.3336 ,0.6478 ,-22.3482 ,-32.0557 ,-0.8873 ,2.1583 ,
4.0000 ,2.3243 ,0.6404 ,-21.0289 ,-29.8165 ,-0.8341 ,2.1695 ,
4.0000 ,2.3242 ,0.6385 ,-22.2802 ,-33.4866 ,-0.8812 ,2.1507 ,
3.0000 ,2.1783 ,0.6401 ,38.3136 ,-30.5571 ,1.3504 ,1.7091 ,
2.0000 ,2.1775 ,0.3325 ,37.0011 ,-32.0557 ,1.3105 ,1.7390 ,
3.0000 ,2.1774 ,0.7024 ,37.5103 ,-34.3488 ,1.3258 ,1.7272 ,
3.0000 ,2.1769 ,0.5807 ,37.9771 ,-33.5769 ,1.3396 ,1.7160 ,
3.0000 ,2.1766 ,0.6971 ,39.0722 ,-32.0534 ,1.3719 ,1.6898 ,
3.0000 ,2.1764 ,0.6447 ,39.0339 ,-33.5792 ,1.3706 ,1.6905 ,
3.0000 ,2.1762 ,0.7260 ,38.6433 ,-32.8119 ,1.3590 ,1.6997 ,
2.0000 ,2.1762 ,0.5026 ,39.3670 ,-31.3012 ,1.3803 ,1.6824 ,
3.0000 ,2.1760 ,0.6600 ,39.4979 ,-30.5549 ,1.3840 ,1.6791 ,
3.0000 ,2.1759 ,0.3262 ,38.3831 ,-31.3012 ,1.3510 ,1.7056 ,
3.0000 ,2.1757 ,0.7153 ,40.6440 ,-32.8142 ,1.4172 ,1.6509 ,
2.0000 ,2.1757 ,0.6956 ,37.2932 ,-32.0557 ,1.3182 ,1.7309 ,
3.0000 ,2.1757 ,0.6697 ,38.2441 ,-32.0557 ,1.3468 ,1.7087 ,
3.0000 ,2.1756 ,0.6785 ,40.3157 ,-32.0534 ,1.4076 ,1.6589 ,
3.0000 ,2.1755 ,0.7220 ,38.2656 ,-32.0534 ,1.3473 ,1.7081 ,
3.0000 ,2.1749 ,0.7251 ,38.2359 ,-32.0534 ,1.3460 ,1.7083 ,
3.0000 ,2.1748 ,0.6734 ,38.0891 ,-32.8119 ,1.3416 ,1.7117 ,
2.0000 ,2.1747 ,0.3796 ,38.2523 ,-33.5769 ,1.3464 ,1.7078 ,
3.0000 ,2.1747 ,0.6784 ,39.6586 ,-32.0557 ,1.3879 ,1.6742 ,
3.0000 ,2.1746 ,0.6472 ,38.6167 ,-32.0557 ,1.3572 ,1.6991 ,
3.0000 ,2.1733 ,0.6806 ,38.2706 ,-32.0557 ,1.3461 ,1.7062 ,
2.0000 ,1.1615 ,0.6711 ,-8.5437 ,-25.4772 ,-0.1726 ,1.1486 ,
2.0000 ,1.1614 ,0.6739 ,-7.1347 ,-24.7701 ,-0.1442 ,1.1524 ,
2.0000 ,1.1606 ,0.6677 ,-5.7345 ,-21.9822 ,-0.1160 ,1.1548 ,
2.0000 ,1.1606 ,0.7369 ,-15.9175 ,-24.7722 ,-0.3183 ,1.1161 ,
2.0000 ,1.1601 ,0.7077 ,-9.0300 ,-23.3698 ,-0.1821 ,1.1457 ,
2.0000 ,1.1601 ,0.6659 ,-3.3991 ,-24.0691 ,-0.0688 ,1.1580 ,
2.0000 ,1.1599 ,0.5362 ,-4.6996 ,-24.7701 ,-0.0950 ,1.1560 ,
2.0000 ,1.1598 ,0.3306 ,-3.8936 ,-24.7701 ,-0.0788 ,1.1571 ,
2.0000 ,1.1595 ,0.6926 ,-6.5408 ,-22.6742 ,-0.1321 ,1.1519 ,
2.0000 ,1.1594 ,0.3712 ,-3.3068 ,-22.6742 ,-0.0669 ,1.1575 ,
2.0000 ,1.1592 ,0.7164 ,-7.4144 ,-23.3698 ,-0.1496 ,1.1495 ,
2.0000 ,1.1591 ,0.7147 ,-6.1056 ,-23.3698 ,-0.1233 ,1.1525 ,
2.0000 ,1.1584 ,0.6524 ,-1.4495 ,-24.0691 ,-0.0293 ,1.1580 ,
2.0000 ,1.1581 ,0.6564 ,-1.5882 ,-24.7701 ,-0.0321 ,1.1577 ,
2.0000 ,1.1580 ,0.6796 ,-3.6682 ,-24.7701 ,-0.0741 ,1.1557 ,
2.0000 ,1.1576 ,0.7019 ,-4.5330 ,-22.6742 ,-0.0915 ,1.1540 ,
2.0000 ,1.1490 ,0.5082 ,-0.4479 ,-24.0670 ,-0.0090 ,1.1490 ,
2.0000 ,1.1469 ,0.6487 ,-1.3444 ,-22.6742 ,-0.0269 ,1.1466 ,
2.0000 ,1.1443 ,0.6372 ,-2.1445 ,-25.4772 ,-0.0428 ,1.1435 ,
1.0000 ,0.9780 ,0.4998 ,-20.1144 ,2.8829 ,-0.3363 ,0.9183 ,
1.0000 ,0.9779 ,0.9429 ,-20.2712 ,5.4488 ,-0.3388 ,0.9173 ,
1.0000 ,0.9777 ,0.4029 ,-20.0964 ,4.1639 ,-0.3359 ,0.9182 ,
1.0000 ,0.9776 ,0.9892 ,-19.7102 ,3.5241 ,-0.3297 ,0.9203 ,
1.0000 ,0.9773 ,0.7334 ,-20.0632 ,3.5241 ,-0.3353 ,0.9180 ,
1.0000 ,0.9773 ,0.9874 ,-20.3695 ,3.5241 ,-0.3402 ,0.9162 ,
1.0000 ,0.9772 ,0.4422 ,-20.4815 ,4.1639 ,-0.3419 ,0.9155 ,
1.0000 ,0.9772 ,0.9673 ,-20.0316 ,4.1639 ,-0.3347 ,0.9181 ,
1.0000 ,0.9772 ,0.6272 ,-20.5688 ,4.8060 ,-0.3433 ,0.9149 ,
1.0000 ,0.9772 ,0.9234 ,-21.0135 ,4.8060 ,-0.3504 ,0.9122 ,
1.0000 ,0.9772 ,0.9731 ,-20.2712 ,2.8829 ,-0.3386 ,0.9166 ,
1.0000 ,0.9771 ,0.9563 ,-20.3917 ,2.8829 ,-0.3405 ,0.9159 ,
1.0000 ,0.9771 ,0.4589 ,-20.0922 ,2.8829 ,-0.3357 ,0.9176 ,
1.0000 ,0.9771 ,0.8721 ,-19.0164 ,4.8060 ,-0.3184 ,0.9238 ,
1.0000 ,0.9771 ,0.6660 ,-20.9435 ,4.1639 ,-0.3493 ,0.9125 ,
1.0000 ,0.9770 ,0.9024 ,-20.5106 ,4.1639 ,-0.3423 ,0.9150 ,
1.0000 ,0.9769 ,0.9914 ,-20.4567 ,2.8829 ,-0.3414 ,0.9153 ,
1.0000 ,0.9767 ,0.9617 ,-19.9045 ,2.8829 ,-0.3325 ,0.9184 ,
1.0000 ,0.9767 ,0.9191 ,-19.9266 ,4.1639 ,-0.3329 ,0.9183 ,
1.0000 ,0.9766 ,0.9691 ,-20.5620 ,3.5241 ,-0.3430 ,0.9144 ,
1.0000 ,0.9766 ,0.9377 ,-20.2865 ,4.1639 ,-0.3386 ,0.9160 ,
1.0000 ,0.9763 ,0.5091 ,-20.1075 ,2.8829 ,-0.3356 ,0.9168 ,
1.0000 ,0.9763 ,0.9447 ,-20.2263 ,4.1639 ,-0.3375 ,0.9161 ,
1.0000 ,0.9761 ,0.7572 ,-20.5286 ,5.4488 ,-0.3423 ,0.9141 ,
1.0000 ,0.9636 ,0.9195 ,-24.1326 ,2.8829 ,-0.3939 ,0.8793 ,
0.0000 ,0.8645 ,1.0000 ,0.2195 ,4.1658 ,0.0033 ,0.8645 ,
0.0000 ,0.8645 ,1.0000 ,-0.6496 ,3.5241 ,-0.0098 ,0.8644 ,
0.0000 ,0.8641 ,0.4188 ,-0.2611 ,4.8060 ,-0.0039 ,0.8641 ,
0.0000 ,0.8641 ,1.0000 ,-0.4038 ,4.8060 ,-0.0061 ,0.8641 ,
0.0000 ,0.8641 ,1.0000 ,-0.4440 ,4.8060 ,-0.0067 ,0.8640 ,
0.0000 ,0.8640 ,1.0000 ,0.1650 ,4.1639 ,0.0025 ,0.8640 ,
0.0000 ,0.8639 ,1.0000 ,0.3052 ,2.8829 ,0.0046 ,0.8639 ,
0.0000 ,0.8638 ,0.5254 ,0.0495 ,4.8060 ,0.0007 ,0.8638 ,
0.0000 ,0.8638 ,1.0000 ,-0.3895 ,4.8060 ,-0.0059 ,0.8638 ,
0.0000 ,0.8637 ,0.4704 ,0.0367 ,3.5241 ,0.0006 ,0.8637 ,
0.0000 ,0.8637 ,0.7564 ,-0.2363 ,4.1658 ,-0.0036 ,0.8637 ,
0.0000 ,0.8636 ,1.0000 ,-0.0367 ,5.4488 ,-0.0006 ,0.8636 ,
0.0000 ,0.8635 ,1.0000 ,0.4479 ,4.8060 ,0.0068 ,0.8635 ,
0.0000 ,0.8634 ,0.4621 ,0.0912 ,4.8060 ,0.0014 ,0.8634 ,
0.0000 ,0.8634 ,1.0000 ,0.2467 ,3.5241 ,0.0037 ,0.8634 ,
0.0000 ,0.8633 ,1.0000 ,-0.2780 ,4.8060 ,-0.0042 ,0.8633 ,
0.0000 ,0.8633 ,1.0000 ,-0.0431 ,4.1658 ,-0.0006 ,0.8633 ,
0.0000 ,0.8632 ,0.5437 ,0.0976 ,3.5241 ,0.0015 ,0.8632 ,
0.0000 ,0.8630 ,0.7748 ,0.1016 ,4.8060 ,0.0015 ,0.8630 ,
0.0000 ,0.8630 ,1.0000 ,-0.0535 ,4.8060 ,-0.0008 ,0.8630 ,
0.0000 ,0.8628 ,1.0000 ,0.3325 ,4.8060 ,0.0050 ,0.8628 ,
0.0000 ,0.8628 ,0.6779 ,0.4479 ,4.1658 ,0.0067 ,0.8628 ,
0.0000 ,0.8628 ,0.7338 ,-0.2066 ,4.8060 ,-0.0031 ,0.8628 ,
0.0000 ,0.8625 ,1.0000 ,0.2363 ,4.1658 ,0.0036 ,0.8625 ,
0.0000 ,0.0000 ,0.0000 ,0.0000 ,0.0000 ,-0.0044 ,0.8625 ,
0.0000 ,0.0000 ,0.0000 ,0.0000 ,0.0000 ,12.9718 ,25.9436 ,
0.0000 ,0.0000 ,0.0000 ,0.0000 ,0.0000 ,-12.9718 ,25.9436 ,

4.0000 ,19.1589 ,0.2116 ,10.3697 ,14.5611 ,3.4486 ,18.8460 ,
4.0000 ,19.0412 ,0.6575 ,12.5306 ,17.8934 ,4.1312 ,18.5876 ,
4.0000 ,18.9113 ,0.2453 ,14.0207 ,15.2236 ,4.5817 ,18.3479 ,
4.0000 ,18.8646 ,1.0000 ,13.5498 ,18.5674 ,4.4198 ,18.3395 ,
3.0000 ,18.8050 ,1.0000 ,11.9419 ,14.5611 ,3.8911 ,18.3980 ,
3.0000 ,18.7622 ,1.0000 ,11.5927 ,15.2236 ,3.7703 ,18.3795 ,
4.0000 ,18.7351 ,0.7471 ,20.1434 ,19.2460 ,6.4518 ,17.5892 ,
4.0000 ,18.7036 ,1.0000 ,5.9412 ,8.0294 ,1.9360 ,18.6031 ,
2.0000 ,18.6649 ,0.8813 ,15.1507 ,16.5529 ,4.8782 ,18.0161 ,
2.0000 ,18.6520 ,1.0000 ,14.0381 ,15.8881 ,4.5244 ,18.0949 ,
2.0000 ,18.6355 ,0.3412 ,17.3131 ,15.8861 ,5.5458 ,17.7912 ,
3.0000 ,18.6327 ,1.0000 ,10.6837 ,13.2421 ,3.4543 ,18.3098 ,
4.0000 ,18.5529 ,1.0000 ,9.7537 ,11.2767 ,3.1431 ,18.2847 ,
3.0000 ,18.5414 ,0.5665 ,10.7432 ,9.3227 ,3.4563 ,18.2164 ,
4.0000 ,18.5033 ,0.6509 ,22.2941 ,24.7701 ,7.0194 ,17.1202 ,
2.0000 ,18.4641 ,0.5648 ,5.6837 ,9.3246 ,1.8286 ,18.3733 ,
4.0000 ,18.4476 ,0.6464 ,8.8389 ,6.0941 ,2.8346 ,18.2285 ,
4.0000 ,18.3998 ,0.9221 ,4.9079 ,4.1658 ,1.5742 ,18.3323 ,
4.0000 ,17.8323 ,1.0000 ,4.4426 ,4.8060 ,1.3813 ,17.7787 ,
4.0000 ,17.7633 ,0.6775 ,7.9244 ,-0.3210 ,2.4490 ,17.5937 ,
3.0000 ,17.1614 ,0.6593 ,0.6392 ,3.5222 ,0.1915 ,17.1604 ,
4.0000 ,3.0911 ,0.6009 ,26.6603 ,2.2421 ,1.3870 ,2.7625 ,
4.0000 ,2.9037 ,0.6070 ,6.3404 ,-9.3246 ,0.3207 ,2.8859 ,
4.0000 ,2.7337 ,0.6490 ,-21.4005 ,-26.9040 ,-0.9975 ,2.5452 ,
4.0000 ,2.7318 ,0.6240 ,-19.4698 ,-25.4772 ,-0.9105 ,2.5756 ,
4.0000 ,2.4234 ,0.5963 ,-27.8694 ,32.8142 ,-1.1329 ,2.1424 ,
4.0000 ,2.4226 ,0.6238 ,-26.7735 ,35.1301 ,-1.0913 ,2.1629 ,
4.0000 ,2.3445 ,0.6547 ,-24.0773 ,-32.0557 ,-0.9565 ,2.1405 ,
3.0000 ,2.3399 ,0.6419 ,-24.4550 ,-34.3488 ,-0.9687 ,2.1300 ,
4.0000 ,2.3345 ,0.6827 ,-22.2941 ,-33.5769 ,-0.8856 ,2.1600 ,
4.0000 ,2.3331 ,0.6245 ,-24.0219 ,-32.0557 ,-0.9498 ,2.1310 ,
4.0000 ,2.3325 ,0.6490 ,-25.0350 ,-34.3488 ,-0.9870 ,2.1134 ,
3.0000 ,2.3321 ,0.6292 ,-23.8842 ,-32.8142 ,-0.9442 ,2.1324 ,
3.0000 ,2.3234 ,0.6777 ,-21.8140 ,-32.8142 ,-0.8634 ,2.1571 ,
4.0000 ,2.3227 ,0.6470 ,-20.8517 ,-30.5549 ,-0.8268 ,2.1706 ,
3.0000 ,2.3198 ,0.5488 ,-21.5719 ,-34.3488 ,-0.8529 ,2.1573 ,
3.0000 ,2.1783 ,0.7539 ,38.8104 ,-30.5571 ,1.3652 ,1.6973 ,
3.0000 ,2.1777 ,0.7027 ,39.8004 ,-31.3012 ,1.3940 ,1.6731 ,
3.0000 ,2.1771 ,0.6912 ,38.8237 ,-31.3034 ,1.3649 ,1.6961 ,
3.0000 ,2.1770 ,0.7412 ,38.6649 ,-31.3034 ,1.3601 ,1.6998 ,
2.0000 ,2.1768 ,0.5587 ,37.4385 ,-30.5571 ,1.3233 ,1.7284 ,
3.0000 ,2.1766 ,0.7287 ,37.3144 ,-32.0534 ,1.3194 ,1.7311 ,
3.0000 ,2.1764 ,0.7173 ,37.5103 ,-32.0557 ,1.3252 ,1.7264 ,
3.0000 ,2.1764 ,0.6995 ,38.6731 ,-34.3488 ,1.3600 ,1.6991 ,
3.0000 ,2.1761 ,0.7361 ,39.3132 ,-30.5549 ,1.3787 ,1.6836 ,
2.0000 ,2.1758 ,0.7374 ,40.0355 ,-32.8119 ,1.3996 ,1.6659 ,
2.0000 ,2.1758 ,0.5822 ,38.7970 ,-34.3488 ,1.3633 ,1.6957 ,
3.0000 ,2.1757 ,0.7165 ,39.1041 ,-31.3012 ,1.3723 ,1.6884 ,
3.0000 ,2.1756 ,0.7155 ,37.7512 ,-32.0534 ,1.3320 ,1.7202 ,
3.0000 ,2.1754 ,0.6609 ,38.0413 ,-32.0557 ,1.3405 ,1.7133 ,
3.0000 ,2.1753 ,0.4516 ,37.6053 ,32.8142 ,1.3274 ,1.7233 ,
3.0000 ,2.1752 ,0.6819 ,38.5223 ,-32.8119 ,1.3547 ,1.7018 ,
3.0000 ,2.1745 ,0.7186 ,37.4416 ,-33.5769 ,1.3220 ,1.7265 ,
2.0000 ,2.1739 ,0.7207 ,38.9205 ,-32.8119 ,1.3658 ,1.6914 ,
3.0000 ,2.1734 ,0.7051 ,38.5090 ,-34.3488 ,1.3533 ,1.7007 ,
2.0000 ,2.1731 ,0.6973 ,38.8320 ,-33.5769 ,1.3626 ,1.6928 ,
2.0000 ,1.1723 ,0.6174 ,-9.7407 ,-21.9822 ,-0.1983 ,1.1554 ,
2.0000 ,1.1627 ,0.6900 ,-3.6071 ,-26.1884 ,-0.0732 ,1.1604 ,
2.0000 ,1.1621 ,0.6848 ,-5.5846 ,-22.6742 ,-0.1131 ,1.1566 ,
2.0000 ,1.1614 ,0.6857 ,-2.9723 ,-24.7701 ,-0.0602 ,1.1599 ,
2.0000 ,1.1603 ,0.6566 ,-4.8806 ,-24.7701 ,-0.0987 ,1.1561 ,
2.0000 ,1.1601 ,0.6514 ,-2.0225 ,-24.0691 ,-0.0409 ,1.1593 ,
2.0000 ,1.1599 ,0.6760 ,-0.3518 ,-24.7701 ,-0.0071 ,1.1599 ,
2.0000 ,1.1595 ,0.4064 ,-6.7499 ,-23.3698 ,-0.1363 ,1.1515 ,
2.0000 ,1.1595 ,0.6505 ,-3.8449 ,-24.0691 ,-0.0778 ,1.1569 ,
2.0000 ,1.1593 ,0.7150 ,-3.4224 ,-24.7701 ,-0.0692 ,1.1573 ,
2.0000 ,1.1588 ,0.6428 ,-5.9751 ,-24.7701 ,-0.1206 ,1.1525 ,
2.0000 ,1.1517 ,0.7040 ,0.4777 ,-24.0691 ,0.0096 ,1.1517 ,
2.0000 ,1.1515 ,0.6920 ,-0.3518 ,-24.0691 ,-0.0071 ,1.1515 ,
2.0000 ,1.1507 ,0.6598 ,-1.7999 ,-23.3698 ,-0.0361 ,1.1501 ,
2.0000 ,1.1463 ,0.6511 ,-1.7310 ,-24.0691 ,-0.0346 ,1.1458 ,
1.0000 ,0.9777 ,0.8880 ,-20.4815 ,4.1639 ,-0.3421 ,0.9159 ,
1.0000 ,0.9776 ,0.9429 ,-20.3335 ,4.1658 ,-0.3397 ,0.9167 ,
1.0000 ,0.9775 ,0.9551 ,-20.2485 ,4.1639 ,-0.3383 ,0.9171 ,
1.0000 ,0.9775 ,0.5681 ,-20.4096 ,3.5222 ,-0.3409 ,0.9161 ,
1.0000 ,0.9774 ,0.9069 ,-20.1545 ,2.8829 ,-0.3368 ,0.9176 ,
1.0000 ,0.9774 ,0.9406 ,-20.2976 ,4.1639 ,-0.3391 ,0.9167 ,
1.0000 ,0.9774 ,0.9035 ,-19.4409 ,4.8060 ,-0.3253 ,0.9216 ,
1.0000 ,0.9772 ,0.5965 ,-20.7908 ,4.8060 ,-0.3469 ,0.9136 ,
1.0000 ,0.9772 ,0.9669 ,-19.8150 ,4.1639 ,-0.3313 ,0.9194 ,
1.0000 ,0.9771 ,1.0000 ,-19.8934 ,3.5241 ,-0.3325 ,0.9188 ,
1.0000 ,0.9771 ,0.9763 ,-20.2152 ,4.8060 ,-0.3376 ,0.9169 ,
1.0000 ,0.9771 ,0.9553 ,-19.8286 ,3.5241 ,-0.3314 ,0.9192 ,
1.0000 ,0.9769 ,0.9497 ,-20.1862 ,2.8829 ,-0.3371 ,0.9169 ,
1.0000 ,0.9769 ,0.7834 ,-20.0205 ,6.0922 ,-0.3344 ,0.9178 ,
1.0000 ,0.9769 ,0.8313 ,-20.5731 ,2.8829 ,-0.3433 ,0.9146 ,
1.0000 ,0.9768 ,0.2327 ,-20.1144 ,4.1639 ,-0.3359 ,0.9172 ,
1.0000 ,0.9767 ,0.9858 ,-20.2194 ,3.5241 ,-0.3376 ,0.9165 ,
1.0000 ,0.9767 ,0.9895 ,-20.3156 ,2.8829 ,-0.3391 ,0.9159 ,
1.0000 ,0.9766 ,1.0000 ,-19.9873 ,4.1639 ,-0.3338 ,0.9178 ,
1.0000 ,0.9766 ,0.9429 ,-19.6949 ,4.8060 ,-0.3291 ,0.9194 ,
1.0000 ,0.9764 ,0.9735 ,-20.0606 ,3.5241 ,-0.3349 ,0.9172 ,
1.0000 ,0.9763 ,0.2418 ,-19.6165 ,2.8829 ,-0.3278 ,0.9197 ,
1.0000 ,0.9761 ,0.9352 ,-20.8379 ,4.1639 ,-0.3472 ,0.9123 ,
0.0000 ,0.8647 ,0.8506 ,-0.1794 ,4.8060 ,-0.0027 ,0.8647 ,
0.0000 ,0.8644 ,0.9976 ,-0.3013 ,3.5241 ,-0.0045 ,0.8644 ,
0.0000 ,0.8644 ,0.9837 ,0.1898 ,3.5241 ,0.0029 ,0.8644 ,
0.0000 ,0.8643 ,0.2441 ,-0.4777 ,4.8060 ,-0.0072 ,0.8643 ,
0.0000 ,0.8643 ,0.6152 ,0.2339 ,5.4488 ,0.0035 ,0.8643 ,
0.0000 ,0.8642 ,0.2430 ,0.3790 ,3.5241 ,0.0057 ,0.8642 ,
0.0000 ,0.8641 ,1.0000 ,0.3052 ,4.1658 ,0.0046 ,0.8640 ,
0.0000 ,0.8640 ,1.0000 ,-0.4920 ,4.1658 ,-0.0074 ,0.8640 ,
0.0000 ,0.8640 ,0.8212 ,-0.1625 ,6.0922 ,-0.0025 ,0.8640 ,
0.0000 ,0.8639 ,1.0000 ,-0.5089 ,4.8060 ,-0.0077 ,0.8639 ,
0.0000 ,0.8639 ,1.0000 ,0.3181 ,3.5241 ,0.0048 ,0.8639 ,
0.0000 ,0.8639 ,1.0000 ,-0.0471 ,4.8060 ,-0.0007 ,0.8639 ,
0.0000 ,0.8638 ,1.0000 ,0.4712 ,5.4488 ,0.0071 ,0.8638 ,
0.0000 ,0.8637 ,1.0000 ,-0.6456 ,4.8060 ,-0.0097 ,0.8637 ,
0.0000 ,0.8637 ,1.0000 ,-0.3493 ,3.5241 ,-0.0053 ,0.8637 ,
0.0000 ,0.8636 ,1.0000 ,0.1313 ,5.4488 ,0.0020 ,0.8636 ,
0.0000 ,0.8635 ,1.0000 ,-0.1586 ,5.4488 ,-0.0024 ,0.8635 ,
0.0000 ,0.8633 ,0.5929 ,0.4038 ,4.8060 ,0.0061 ,0.8633 ,
0.0000 ,0.8631 ,1.0000 ,0.0094 ,6.0922 ,0.0001 ,0.8631 ,
0.0000 ,0.8630 ,1.0000 ,-0.2170 ,5.4488 ,-0.0033 ,0.8630 ,
0.0000 ,0.8629 ,1.0000 ,-0.0639 ,3.5241 ,-0.0010 ,0.8629 ,
0.0000 ,0.8629 ,1.0000 ,-0.0872 ,4.8060 ,-0.0013 ,0.8629 ,
0.0000 ,0.0000 ,0.0000 ,0.0000 ,0.0000 ,-0.0059 ,0.8628 ,
0.0000 ,0.0000 ,0.0000 ,0.0000 ,0.0000 ,12.9718 ,25.9436 ,
0.0000 ,0.0000 ,0.0000 ,0.0000 ,0.0000 ,-12.9718 ,25.9436 ,

4.0000 ,16.1666 ,0.7494 ,-0.3454 ,0.3192 ,-0.0974 ,16.1663 ,
4.0000 ,15.9890 ,0.6605 ,1.3548 ,0.3192 ,0.3780 ,15.9845 ,
4.0000 ,14.9060 ,0.7025 ,-3.3341 ,0.9594 ,-0.8669 ,14.8808 ,
4.0000 ,14.7088 ,0.6526 ,-0.6600 ,0.3192 ,-0.1694 ,14.7079 ,
4.0000 ,13.6947 ,0.8767 ,0.5763 ,-0.3192 ,0.1377 ,13.6940 ,
3.0000 ,13.4668 ,0.8756 ,0.3518 ,1.5997 ,0.0827 ,13.4665 ,
4.0000 ,13.4267 ,0.7908 ,-1.9953 ,-2.2402 ,-0.4675 ,13.4185 ,
3.0000 ,13.3133 ,0.8583 ,-2.1951 ,-2.2402 ,-0.5099 ,13.3036 ,
4.0000 ,13.1868 ,1.0000 ,-0.7755 ,-1.5997 ,-0.1785 ,13.1856 ,
2.0000 ,13.0648 ,1.0000 ,0.0912 ,-0.3210 ,0.0208 ,13.0648 ,
1.0000 ,12.9052 ,0.9893 ,-0.1145 ,-2.2402 ,-0.0258 ,12.9052 ,
4.0000 ,12.9029 ,0.7791 ,0.8741 ,-0.3210 ,0.1968 ,12.9014 ,
3.0000 ,12.8337 ,0.8162 ,0.8027 ,0.9594 ,0.1798 ,12.8324 ,
2.0000 ,12.6181 ,1.0000 ,-0.5218 ,0.3192 ,-0.1149 ,12.6176 ,
4.0000 ,12.5929 ,0.5639 ,0.4920 ,0.3192 ,0.1081 ,12.5924 ,
4.0000 ,12.3493 ,0.9051 ,-1.5882 ,-0.9612 ,-0.3423 ,12.3446 ,
3.0000 ,12.3071 ,1.0000 ,-0.3221 ,0.3192 ,-0.0692 ,12.3069 ,
3.0000 ,12.2266 ,0.6788 ,-1.3132 ,-0.9612 ,-0.2802 ,12.2234 ,
4.0000 ,12.1585 ,0.6465 ,-3.4770 ,-6.0941 ,-0.7374 ,12.1361 ,
2.0000 ,12.1125 ,1.0000 ,-0.0768 ,-1.5997 ,-0.0162 ,12.1125 ,
3.0000 ,12.0541 ,0.6081 ,-5.9203 ,-5.4507 ,-1.2433 ,11.9898 ,
1.0000 ,12.0052 ,0.5848 ,0.5193 ,-0.9594 ,0.1088 ,12.0047 ,
2.0000 ,11.9231 ,1.0000 ,-0.6412 ,-2.8829 ,-0.1334 ,11.9223 ,
4.0000 ,11.7525 ,0.5577 ,-4.9925 ,-4.8060 ,-1.0228 ,11.7079 ,
1.0000 ,11.7147 ,0.5888 ,-0.5802 ,0.9594 ,-0.1186 ,11.7141 ,
3.0000 ,11.5678 ,0.7707 ,-1.5208 ,-1.6016 ,-0.3070 ,11.5637 ,
4.0000 ,11.5347 ,0.7316 ,-4.0471 ,-3.5222 ,-0.8141 ,11.5059 ,
2.0000 ,11.4137 ,1.0000 ,-0.6204 ,-2.2402 ,-0.1236 ,11.4130 ,
3.0000 ,11.2914 ,0.8310 ,-1.0842 ,-1.6016 ,-0.2137 ,11.2893 ,
4.0000 ,11.2609 ,0.8211 ,-4.6658 ,-2.8829 ,-0.9160 ,11.2235 ,
2.0000 ,11.1959 ,0.6082 ,-0.5634 ,-2.8811 ,-0.1101 ,11.1953 ,
3.0000 ,11.1047 ,0.5677 ,-2.7917 ,-4.1639 ,-0.5409 ,11.0916 ,
1.0000 ,11.0582 ,1.0000 ,-1.5481 ,-0.9612 ,-0.2988 ,11.0542 ,
2.0000 ,10.7655 ,1.0000 ,-2.5561 ,-2.8811 ,-0.4801 ,10.7548 ,
4.0000 ,10.6914 ,0.6363 ,-3.2224 ,-3.5222 ,-0.6010 ,10.6745 ,
3.0000 ,10.6135 ,0.6410 ,-3.3678 ,-3.5222 ,-0.6235 ,10.5952 ,
2.0000 ,10.4629 ,1.0000 ,-2.1822 ,-1.6016 ,-0.3984 ,10.4553 ,
4.0000 ,10.4432 ,0.9052 ,-5.6523 ,-4.8079 ,-1.0286 ,10.3924 ,
4.0000 ,10.4151 ,0.5227 ,-4.0575 ,-4.8079 ,-0.7369 ,10.3890 ,
3.0000 ,10.2804 ,1.0000 ,-3.9418 ,-2.8829 ,-0.7067 ,10.2561 ,
2.0000 ,10.1840 ,0.9164 ,-3.2666 ,-2.8829 ,-0.5803 ,10.1675 ,
3.0000 ,10.0409 ,0.7569 ,-5.2915 ,-4.1658 ,-0.9260 ,9.9981 ,
4.0000 ,10.0301 ,0.9653 ,-3.6538 ,-11.2767 ,-0.6392 ,10.0098 ,
2.0000 ,9.8822 ,1.0000 ,-4.4764 ,-5.4488 ,-0.7713 ,9.8521 ,
3.0000 ,9.7241 ,0.7822 ,-6.9824 ,-7.3815 ,-1.1821 ,9.6519 ,
2.0000 ,9.6341 ,0.8974 ,-7.1791 ,-5.0121 ,-1.2040 ,9.5586 ,
4.0000 ,3.0934 ,0.6413 ,25.3038 ,1.6016 ,1.3222 ,2.7966 ,
4.0000 ,2.4282 ,0.6095 ,-26.6819 ,35.9144 ,-1.0903 ,2.1696 ,
4.0000 ,2.3439 ,0.6313 ,-24.6418 ,-32.0557 ,-0.9773 ,2.1304 ,
4.0000 ,2.3352 ,0.5981 ,-23.5449 ,-32.8142 ,-0.9328 ,2.1408 ,
4.0000 ,2.3350 ,0.5893 ,-22.8963 ,-34.3488 ,-0.9084 ,2.1510 ,
4.0000 ,2.3343 ,0.6188 ,-21.2584 ,-34.3511 ,-0.8464 ,2.1755 ,
3.0000 ,2.3286 ,0.4985 ,-22.2325 ,-32.0534 ,-0.8811 ,2.1555 ,
4.0000 ,2.3260 ,0.6423 ,-20.3763 ,-31.3034 ,-0.8099 ,2.1805 ,
3.0000 ,2.1782 ,0.6881 ,38.3003 ,-33.5769 ,1.3500 ,1.7094 ,
3.0000 ,2.1782 ,0.6939 ,38.6516 ,-33.5769 ,1.3605 ,1.7011 ,
3.0000 ,2.1771 ,0.6966 ,37.8019 ,-32.8142 ,1.3344 ,1.7202 ,
3.0000 ,2.1770 ,0.7368 ,38.1962 ,-33.5769 ,1.3461 ,1.7109 ,
3.0000 ,2.1768 ,0.6980 ,38.4741 ,-32.0557 ,1.3543 ,1.7042 ,
3.0000 ,2.1761 ,0.6987 ,39.8442 ,-32.0534 ,1.3942 ,1.6708 ,
2.0000 ,2.1761 ,0.5781 ,38.1023 ,-28.3513 ,1.3428 ,1.7124 ,
2.0000 ,2.1755 ,0.7252 ,39.7920 ,-33.5769 ,1.3923 ,1.6716 ,
3.0000 ,2.1755 ,0.7339 ,40.0303 ,-29.8165 ,1.3992 ,1.6658 ,
2.0000 ,2.1753 ,0.3914 ,39.7513 ,-32.0557 ,1.3910 ,1.6724 ,
3.0000 ,2.1751 ,0.6478 ,38.8721 ,-30.5571 ,1.3651 ,1.6935 ,
3.0000 ,2.1750 ,0.6825 ,38.9803 ,-32.0557 ,1.3682 ,1.6908 ,
3.0000 ,2.1744 ,0.6984 ,38.2706 ,-33.5769 ,1.3468 ,1.7071 ,
3.0000 ,2.1737 ,0.7001 ,38.8721 ,-32.8119 ,1.3642 ,1.6923 ,
2.0000 ,1.1716 ,0.6487 ,-10.1924 ,-23.3678 ,-0.2073 ,1.1531 ,
2.0000 ,1.1607 ,0.6532 ,-6.7354 ,-22.6742 ,-0.1361 ,1.1527 ,
2.0000 ,1.1606 ,0.6480 ,-5.0810 ,-25.4772 ,-0.1028 ,1.1561 ,
2.0000 ,1.1598 ,0.6750 ,-7.7148 ,-23.3678 ,-0.1557 ,1.1493 ,
2.0000 ,1.1596 ,0.6794 ,-5.6394 ,-24.7701 ,-0.1140 ,1.1540 ,
2.0000 ,1.1591 ,0.6529 ,-8.4059 ,-24.7701 ,-0.1694 ,1.1466 ,
2.0000 ,1.1589 ,0.6703 ,-4.4152 ,-24.7701 ,-0.0892 ,1.1555 ,
2.0000 ,1.1581 ,0.6488 ,-5.0367 ,-23.4720 ,-0.1017 ,1.1536 ,
2.0000 ,1.1556 ,0.6420 ,-1.3573 ,-23.3698 ,-0.0274 ,1.1553 ,
2.0000 ,1.1506 ,0.5859 ,-0.9311 ,-24.7701 ,-0.0187 ,1.1505 ,
2.0000 ,1.1472 ,0.6555 ,-0.2066 ,-24.7701 ,-0.0041 ,1.1472 ,
1.0000 ,0.9781 ,0.5280 ,-20.6048 ,2.8829 ,-0.3442 ,0.9155 ,
1.0000 ,0.9778 ,0.9127 ,-20.2305 ,2.8829 ,-0.3381 ,0.9175 ,
1.0000 ,0.9777 ,0.7134 ,-20.0273 ,2.8829 ,-0.3348 ,0.9186 ,
1.0000 ,0.9777 ,0.7265 ,-19.6812 ,4.8060 ,-0.3293 ,0.9206 ,
1.0000 ,0.9777 ,0.9259 ,-19.9113 ,4.8060 ,-0.3330 ,0.9192 ,
1.0000 ,0.9773 ,0.9420 ,-20.5329 ,4.1639 ,-0.3428 ,0.9152 ,
1.0000 ,0.9772 ,0.9861 ,-20.0342 ,2.2421 ,-0.3348 ,0.9181 ,
1.0000 ,0.9770 ,0.9552 ,-20.1571 ,4.8060 ,-0.3367 ,0.9172 ,
1.0000 ,0.9770 ,0.9092 ,-19.8039 ,4.8060 ,-0.3310 ,0.9192 ,
1.0000 ,0.9770 ,0.8564 ,-20.5397 ,4.8060 ,-0.3428 ,0.9149 ,
1.0000 ,0.9769 ,0.9539 ,-19.3049 ,4.8060 ,-0.3230 ,0.9220 ,
1.0000 ,0.9769 ,0.9877 ,-20.3335 ,2.8829 ,-0.3395 ,0.9160 ,
1.0000 ,0.9769 ,0.9472 ,-20.4413 ,3.5222 ,-0.3412 ,0.9154 ,
1.0000 ,0.9769 ,0.6640 ,-19.8355 ,3.5241 ,-0.3315 ,0.9189 ,
1.0000 ,0.9768 ,0.5063 ,-20.6520 ,3.5241 ,-0.3445 ,0.9140 ,
1.0000 ,0.9768 ,0.9356 ,-20.3002 ,3.5241 ,-0.3389 ,0.9161 ,
1.0000 ,0.9766 ,0.5261 ,-20.5397 ,2.8829 ,-0.3426 ,0.9145 ,
1.0000 ,0.9766 ,0.9757 ,-20.6562 ,4.1639 ,-0.3445 ,0.9138 ,
1.0000 ,0.9765 ,0.9759 ,-19.8039 ,4.8060 ,-0.3309 ,0.9188 ,
1.0000 ,0.9765 ,0.6997 ,-19.5813 ,2.8829 ,-0.3273 ,0.9200 ,
1.0000 ,0.9760 ,0.9890 ,-20.0922 ,4.1639 ,-0.3353 ,0.9166 ,
0.0000 ,0.8645 ,0.6752 ,-0.8741 ,4.8060 ,-0.0132 ,0.8644 ,
0.0000 ,0.8643 ,1.0000 ,-0.3013 ,4.8060 ,-0.0045 ,0.8643 ,
0.0000 ,0.8642 ,0.5543 ,-0.4375 ,4.8060 ,-0.0066 ,0.8642 ,
0.0000 ,0.8642 ,0.7458 ,-0.9078 ,5.4488 ,-0.0137 ,0.8641 ,
0.0000 ,0.8642 ,0.7379 ,-0.3454 ,3.5241 ,-0.0052 ,0.8642 ,
0.0000 ,0.8640 ,1.0000 ,-0.5634 ,4.0213 ,-0.0085 ,0.8639 ,
0.0000 ,0.8640 ,0.5202 ,-0.4336 ,3.5241 ,-0.0065 ,0.8639 ,
0.0000 ,0.8640 ,1.0000 ,-0.7482 ,4.1658 ,-0.0113 ,0.8639 ,
0.0000 ,0.8639 ,1.0000 ,-0.2676 ,3.5241 ,-0.0040 ,0.8639 ,
0.0000 ,0.8638 ,0.6696 ,-0.4504 ,4.8060 ,-0.0068 ,0.8638 ,
0.0000 ,0.8638 ,1.0000 ,0.0367 ,3.5241 ,0.0006 ,0.8638 ,
0.0000 ,0.8638 ,0.8612 ,-0.2403 ,4.8060 ,-0.0036 ,0.8637 ,
0.0000 ,0.8637 ,1.0000 ,0.1353 ,4.1658 ,0.0020 ,0.8637 ,
0.0000 ,0.8636 ,1.0000 ,-0.4038 ,3.5241 ,-0.0061 ,0.8636 ,
0.0000 ,0.8636 ,0.5776 ,-0.8909 ,4.1639 ,-0.0134 ,0.8635 ,
0.0000 ,0.8636 ,1.0000 ,-0.4038 ,4.8060 ,-0.0061 ,0.8636 ,
0.0000 ,0.8634 ,0.5912 ,-0.4103 ,4.1658 ,-0.0062 ,0.8634 ,
0.0000 ,0.8633 ,0.5394 ,-0.4777 ,4.8079 ,-0.0072 ,0.8632 ,
0.0000 ,0.8632 ,1.0000 ,-0.7651 ,2.8829 ,-0.0115 ,0.8632 ,
0.0000 ,0.8632 ,1.0000 ,-0.8572 ,3.5241 ,-0.0129 ,0.8631 ,
0.0000 ,0.8630 ,1.0000 ,-0.1040 ,4.8060 ,-0.0016 ,0.8630 ,
0.0000 ,0.8629 ,1.0000 ,-0.3662 ,4.8060 ,-0.0055 ,0.8629 ,
0.0000 ,0.8629 ,0.7654 ,-0.3493 ,4.1658 ,-0.0053 ,0.8628 ,
0.0000 ,0.8628 ,0.6135 ,-0.3934 ,4.8060 ,-0.0059 ,0.8628 ,
0.0000 ,0.0000 ,0.0000 ,0.0000 ,0.0000 ,-0.0051 ,0.8622 ,
0.0000 ,0.0000 ,0.0000 ,0.0000 ,0.0000 ,12.9718 ,25.9436 ,
0.0000 ,0.0000 ,0.0000 ,0.0000 ,0.0000 ,-12.9718 ,25.9436 ,

4.0000 ,20.4939 ,0.4629 ,-32.4641 ,-34.3511 ,-11.0006 ,17.2913 ,
3.0000 ,20.0667 ,0.5165 ,-33.6739 ,-36.7089 ,-11.1263 ,16.6996 ,
2.0000 ,19.9723 ,1.0000 ,-34.3193 ,-36.7089 ,-11.2605 ,16.4952 ,
4.0000 ,19.8005 ,0.5986 ,-35.3759 ,-39.1462 ,-11.4632 ,16.1447 ,
4.0000 ,12.1108 ,0.9003 ,-47.9417 ,-47.0398 ,-8.9918 ,8.1129 ,
4.0000 ,10.9885 ,1.0000 ,-30.5071 ,-47.9877 ,-5.5783 ,9.4673 ,
4.0000 ,10.7768 ,0.7853 ,-28.7039 ,-27.6242 ,-5.1759 ,9.4525 ,
4.0000 ,10.5408 ,0.7277 ,-5.7913 ,-5.4488 ,-1.0636 ,10.4870 ,
4.0000 ,10.1441 ,0.8865 ,-6.3404 ,-9.3227 ,-1.1203 ,10.0821 ,
4.0000 ,10.1360 ,0.8816 ,-11.7536 ,-4.1658 ,-2.0647 ,9.9235 ,
4.0000 ,10.1089 ,0.8364 ,-9.1811 ,-13.2402 ,-1.6129 ,9.9793 ,
4.0000 ,10.0511 ,0.2774 ,-39.9947 ,-50.9461 ,-6.4600 ,7.7001 ,
3.0000 ,9.8273 ,0.7850 ,-33.2990 ,-35.1301 ,-5.3953 ,8.2138 ,
4.0000 ,9.8206 ,0.7925 ,-9.5557 ,-14.5611 ,-1.6303 ,9.6843 ,
3.0000 ,9.7734 ,0.6409 ,-6.8282 ,-6.7383 ,-1.1620 ,9.7041 ,
4.0000 ,9.6469 ,0.5919 ,-31.1649 ,-30.5549 ,-4.9923 ,8.2547 ,
2.0000 ,9.6318 ,1.0000 ,-8.0134 ,-8.0275 ,-1.3427 ,9.5377 ,
4.0000 ,9.6286 ,1.0000 ,-16.3260 ,-15.0127 ,-2.7066 ,9.2404 ,
3.0000 ,9.6273 ,0.7066 ,-10.4765 ,-17.2219 ,-1.7506 ,9.4668 ,
3.0000 ,9.5338 ,0.6004 ,-15.6626 ,-18.5693 ,-2.5739 ,9.1798 ,
4.0000 ,9.5312 ,0.3310 ,-27.1476 ,-25.4792 ,-4.3489 ,8.4812 ,
3.0000 ,9.5296 ,0.7018 ,-26.4637 ,-27.6242 ,-4.2467 ,8.5311 ,
3.0000 ,9.5282 ,1.0000 ,-29.8999 ,-30.5571 ,-4.7497 ,8.2599 ,
4.0000 ,9.5275 ,0.8586 ,-6.4456 ,-12.5834 ,-1.0695 ,9.4672 ,
4.0000 ,9.4679 ,0.7294 ,-12.2257 ,-16.5529 ,-2.0049 ,9.2532 ,
3.0000 ,9.4605 ,1.0000 ,-23.0717 ,-22.6722 ,-3.7074 ,8.7038 ,
3.0000 ,9.4287 ,0.5749 ,-27.6348 ,-26.1905 ,-4.3734 ,8.3531 ,
3.0000 ,9.4254 ,0.3523 ,-23.7992 ,-26.1884 ,-3.8034 ,8.6239 ,
4.0000 ,9.4216 ,0.4925 ,-20.5731 ,-21.9802 ,-3.3108 ,8.8207 ,
2.0000 ,9.4082 ,0.8924 ,-30.3491 ,-28.3513 ,-4.7537 ,8.1189 ,
2.0000 ,9.3902 ,0.6012 ,-29.7161 ,-31.3012 ,-4.6547 ,8.1553 ,
3.0000 ,9.3730 ,0.8100 ,-8.9834 ,-10.6246 ,-1.4636 ,9.2580 ,
1.0000 ,9.3631 ,0.4170 ,-28.5796 ,-23.3698 ,-4.4791 ,8.2222 ,
2.0000 ,9.3547 ,0.5572 ,-28.4646 ,-27.6242 ,-4.4586 ,8.2238 ,
4.0000 ,9.3286 ,1.0000 ,-26.9946 ,-23.3678 ,-4.2343 ,8.3122 ,
2.0000 ,9.2667 ,0.4093 ,-21.9315 ,-24.7701 ,-3.4611 ,8.5961 ,
3.0000 ,9.2464 ,0.5759 ,-21.8909 ,-23.3678 ,-3.4474 ,8.5797 ,
2.0000 ,9.2295 ,1.0000 ,-23.5108 ,-25.4772 ,-3.6818 ,8.4633 ,
4.0000 ,9.2185 ,1.0000 ,-28.6965 ,-26.1884 ,-4.4264 ,8.0862 ,
3.0000 ,9.2160 ,1.0000 ,-27.5615 ,-31.3034 ,-4.2643 ,8.1701 ,
2.0000 ,9.2145 ,1.0000 ,-24.5008 ,-26.9062 ,-3.8213 ,8.3848 ,
3.0000 ,9.2133 ,0.5143 ,-20.3626 ,-17.2219 ,-3.2058 ,8.6375 ,
1.0000 ,9.1740 ,1.0000 ,-27.1287 ,-28.3492 ,-4.1833 ,8.1647 ,
4.0000 ,9.1674 ,0.9163 ,-13.8523 ,-12.5853 ,-2.1948 ,8.9008 ,
2.0000 ,9.1289 ,1.0000 ,-27.7725 ,-29.0791 ,-4.2537 ,8.0773 ,
2.0000 ,9.1243 ,0.8485 ,-30.5853 ,-29.0813 ,-4.6426 ,7.8548 ,
3.0000 ,9.1202 ,1.0000 ,-15.5710 ,-14.5611 ,-2.4482 ,8.7855 ,
4.0000 ,9.0858 ,0.9266 ,-26.8085 ,-25.4792 ,-4.0978 ,8.1093 ,
3.0000 ,9.0823 ,0.8111 ,-14.1786 ,-15.8861 ,-2.2247 ,8.8056 ,
3.0000 ,9.0794 ,1.0000 ,-14.6078 ,-15.2216 ,-2.2898 ,8.7859 ,
3.0000 ,9.0451 ,0.8589 ,-27.1621 ,-25.4792 ,-4.1292 ,8.0476 ,
2.0000 ,9.0301 ,0.9750 ,-25.9721 ,-21.9802 ,-3.9546 ,8.1181 ,
2.0000 ,9.0291 ,0.7344 ,-29.3470 ,-28.1963 ,-4.4251 ,7.8703 ,
3.0000 ,9.0221 ,0.9286 ,-21.6871 ,-14.5611 ,-3.3340 ,8.3835 ,
2.0000 ,8.9764 ,0.7126 ,-17.1150 ,-11.9302 ,-2.6417 ,8.5789 ,
2.0000 ,8.9188 ,0.9105 ,-21.7932 ,-15.8861 ,-3.3112 ,8.2814 ,
3.0000 ,8.9183 ,1.0000 ,-26.0934 ,-26.9040 ,-3.9226 ,8.0093 ,
4.0000 ,8.9080 ,1.0000 ,-17.5573 ,-9.9721 ,-2.6872 ,8.4930 ,
2.0000 ,8.8933 ,1.0000 ,-18.7990 ,-19.2441 ,-2.8659 ,8.4189 ,
2.0000 ,8.8428 ,0.8157 ,-26.4448 ,-26.9040 ,-3.9380 ,7.9175 ,
1.0000 ,8.8267 ,1.0000 ,-22.8006 ,-22.6722 ,-3.4206 ,8.1370 ,
3.0000 ,8.7688 ,0.9986 ,-18.0027 ,-9.9740 ,-2.7101 ,8.3395 ,
3.0000 ,2.7298 ,0.6439 ,-19.5345 ,-21.2914 ,-0.9128 ,2.5727 ,
4.0000 ,2.3349 ,0.6612 ,-22.6598 ,-32.8142 ,-0.8996 ,2.1547 ,
2.0000 ,2.1771 ,0.6814 ,38.5818 ,-32.0534 ,1.3577 ,1.7019 ,
3.0000 ,2.1767 ,0.7143 ,39.2345 ,-32.8119 ,1.3768 ,1.6860 ,
2.0000 ,2.1766 ,0.4684 ,38.7589 ,-32.8119 ,1.3626 ,1.6973 ,
2.0000 ,2.1756 ,0.3778 ,39.0639 ,-29.8165 ,1.3710 ,1.6892 ,
2.0000 ,2.1753 ,0.7201 ,39.3972 ,-33.5769 ,1.3806 ,1.6810 ,
3.0000 ,2.1751 ,0.6493 ,37.7330 ,-32.8142 ,1.3311 ,1.7202 ,
2.0000 ,2.1747 ,0.6994 ,37.3861 ,-32.8142 ,1.3205 ,1.7280 ,
2.0000 ,1.1726 ,0.6300 ,-4.6344 ,-21.9822 ,-0.0947 ,1.1688 ,
2.0000 ,1.1611 ,0.5496 ,-6.3105 ,-23.3698 ,-0.1276 ,1.1541 ,
2.0000 ,1.1611 ,0.7021 ,-5.1755 ,-25.4772 ,-0.1047 ,1.1563 ,
2.0000 ,1.1575 ,0.6898 ,-6.9445 ,-23.3698 ,-0.1399 ,1.1490 ,
1.0000 ,0.9781 ,0.6538 ,-19.4919 ,4.8060 ,-0.3264 ,0.9220 ,
1.0000 ,0.9779 ,0.6241 ,-19.8508 ,4.1658 ,-0.3321 ,0.9198 ,
1.0000 ,0.9779 ,0.9185 ,-20.2712 ,3.5241 ,-0.3388 ,0.9173 ,
1.0000 ,0.9778 ,0.7361 ,-20.3763 ,4.1639 ,-0.3404 ,0.9166 ,
1.0000 ,0.9777 ,0.9552 ,-20.2596 ,2.8829 ,-0.3386 ,0.9173 ,
1.0000 ,0.9775 ,0.5947 ,-20.3182 ,3.5222 ,-0.3394 ,0.9167 ,
1.0000 ,0.9774 ,0.6983 ,-20.1682 ,2.8829 ,-0.3370 ,0.9175 ,
1.0000 ,0.9774 ,0.5380 ,-19.9583 ,2.8829 ,-0.3336 ,0.9187 ,
1.0000 ,0.9774 ,0.9648 ,-19.8908 ,3.5241 ,-0.3325 ,0.9191 ,
1.0000 ,0.9774 ,0.8839 ,-20.1392 ,3.5241 ,-0.3365 ,0.9176 ,
1.0000 ,0.9773 ,0.3413 ,-20.3335 ,4.1658 ,-0.3396 ,0.9164 ,
1.0000 ,0.9773 ,0.8916 ,-20.5937 ,3.5241 ,-0.3437 ,0.9148 ,
1.0000 ,0.9772 ,0.6297 ,-20.7436 ,4.8060 ,-0.3461 ,0.9139 ,
1.0000 ,0.9770 ,0.7618 ,-20.0026 ,2.8829 ,-0.3342 ,0.9180 ,
1.0000 ,0.9769 ,0.9475 ,-20.1033 ,2.8829 ,-0.3358 ,0.9174 ,
1.0000 ,0.9768 ,0.9809 ,-19.8645 ,2.8829 ,-0.3319 ,0.9187 ,
1.0000 ,0.9764 ,0.4698 ,-20.5509 ,3.5241 ,-0.3427 ,0.9142 ,
1.0000 ,0.9763 ,0.3596 ,-19.2650 ,3.5222 ,-0.3221 ,0.9217 ,
1.0000 ,0.9761 ,0.3827 ,-20.6048 ,3.5241 ,-0.3435 ,0.9137 ,
1.0000 ,0.9628 ,0.4868 ,-24.1924 ,2.8829 ,-0.3946 ,0.8783 ,
0.0000 ,0.8656 ,0.4935 ,-1.0024 ,4.1658 ,-0.0151 ,0.8654 ,
0.0000 ,0.8642 ,0.7372 ,-0.5218 ,3.5241 ,-0.0079 ,0.8642 ,
0.0000 ,0.8639 ,0.8117 ,-0.2363 ,4.8060 ,-0.0036 ,0.8639 ,
0.0000 ,0.8639 ,0.6322 ,-0.4103 ,4.1639 ,-0.0062 ,0.8639 ,
0.0000 ,0.8639 ,0.6503 ,-0.3325 ,4.1658 ,-0.0050 ,0.8639 ,
0.0000 ,0.8639 ,0.6282 ,-0.1145 ,5.4488 ,-0.0017 ,0.8639 ,
0.0000 ,0.8638 ,0.6884 ,-0.7755 ,4.1658 ,-0.0117 ,0.8637 ,
0.0000 ,0.8638 ,0.7300 ,-0.7611 ,4.1658 ,-0.0115 ,0.8637 ,
0.0000 ,0.8638 ,0.9778 ,-0.4648 ,5.4488 ,-0.0070 ,0.8637 ,
0.0000 ,0.8636 ,1.0000 ,-0.8468 ,4.1658 ,-0.0128 ,0.8635 ,
0.0000 ,0.8634 ,0.3544 ,-0.0535 ,4.8079 ,-0.0008 ,0.8634 ,
0.0000 ,0.8634 ,0.3735 ,-0.2611 ,4.8060 ,-0.0039 ,0.8634 ,
0.0000 ,0.8634 ,0.4281 ,-0.5931 ,3.5241 ,-0.0089 ,0.8633 ,
0.0000 ,0.8634 ,0.3909 ,-0.8468 ,4.8060 ,-0.0128 ,0.8633 ,
0.0000 ,0.8633 ,1.0000 ,-1.0193 ,3.5241 ,-0.0154 ,0.8632 ,
0.0000 ,0.8632 ,1.0000 ,-0.9623 ,4.1658 ,-0.0145 ,0.8631 ,
0.0000 ,0.8631 ,0.5628 ,-0.3013 ,3.5241 ,-0.0045 ,0.8631 ,
0.0000 ,0.8631 ,1.0000 ,-0.0302 ,3.5241 ,-0.0005 ,0.8631 ,
0.0000 ,0.8630 ,1.0000 ,-0.0976 ,4.8060 ,-0.0015 ,0.8630 ,
0.0000 ,0.8629 ,0.4990 ,-0.5089 ,3.5241 ,-0.0077 ,0.8628 ,
0.0000 ,0.8627 ,0.8215 ,0.0327 ,3.5241 ,0.0005 ,0.8627 ,
0.0000 ,0.0000 ,0.0000 ,0.0000 ,0.0000 ,-0.0192 ,0.8623 ,
0.0000 ,0.0000 ,0.0000 ,0.0000 ,0.0000 ,12.9718 ,25.9436 ,
0.0000 ,0.0000 ,0.0000 ,0.0000 ,0.0000 ,-12.9718 ,25.9436 ,

4.0000 ,15.5366 ,1.0000 ,-44.3280 ,-42.5314 ,-10.8564 ,11.1141 ,
4.0000 ,15.4036 ,0.8296 ,-43.0392 ,-43.4037 ,-10.5129 ,11.2583 ,
3.0000 ,15.2707 ,1.0000 ,-43.6455 ,-44.2940 ,-10.5397 ,11.0502 ,
4.0000 ,15.1969 ,0.7106 ,-43.6743 ,-46.1112 ,-10.4943 ,10.9915 ,
4.0000 ,14.9475 ,0.9668 ,-44.1758 ,-42.5314 ,-10.4163 ,10.7204 ,
4.0000 ,14.9450 ,0.9777 ,-45.7025 ,-47.7216 ,-10.6965 ,10.4373 ,
3.0000 ,14.7771 ,0.7942 ,-49.3463 ,-44.2940 ,-11.2108 ,9.6271 ,
2.0000 ,14.5865 ,1.0000 ,-50.1584 ,-45.1954 ,-11.1998 ,9.3451 ,
4.0000 ,14.3837 ,1.0000 ,-46.2308 ,-47.0398 ,-10.3870 ,9.9500 ,
3.0000 ,14.3075 ,0.7085 ,-46.2795 ,-45.1954 ,-10.3403 ,9.8885 ,
4.0000 ,14.0247 ,1.0000 ,-47.3935 ,-47.0426 ,-10.3225 ,9.4942 ,
3.0000 ,13.9519 ,0.3786 ,-48.4203 ,-48.9532 ,-10.4365 ,9.2593 ,
4.0000 ,13.7346 ,1.0000 ,-46.1950 ,-47.0426 ,-9.9122 ,9.5072 ,
4.0000 ,13.4125 ,0.7860 ,-46.8199 ,-47.0426 ,-9.7805 ,9.1781 ,
4.0000 ,13.1660 ,0.9107 ,-46.7215 ,-49.9379 ,-9.5853 ,9.0259 ,
4.0000 ,12.7242 ,0.7163 ,-43.2898 ,-39.9741 ,-8.7249 ,9.2619 ,
4.0000 ,11.9180 ,0.6747 ,-42.2289 ,-40.8172 ,-8.0100 ,8.8248 ,
4.0000 ,11.6363 ,0.8905 ,-33.9034 ,-35.1278 ,-6.4907 ,9.6579 ,
4.0000 ,11.2854 ,0.7868 ,-34.0731 ,-34.3488 ,-6.3227 ,9.3480 ,
4.0000 ,10.4569 ,0.6602 ,-36.1778 ,-35.9167 ,-6.1727 ,8.4407 ,
4.0000 ,2.9030 ,0.5990 ,6.2960 ,-7.3834 ,0.3184 ,2.8855 ,
3.0000 ,2.8999 ,0.6640 ,7.6618 ,-20.6060 ,0.3866 ,2.8740 ,
3.0000 ,2.3457 ,0.6659 ,-25.3038 ,-33.5792 ,-1.0026 ,2.1206 ,
4.0000 ,2.3450 ,0.6215 ,-24.0360 ,-33.5792 ,-0.9551 ,2.1416 ,
4.0000 ,2.3434 ,0.6544 ,-25.0722 ,-33.5769 ,-0.9930 ,2.1226 ,
4.0000 ,2.3350 ,0.6840 ,-24.1668 ,-32.8142 ,-0.9559 ,2.1304 ,
4.0000 ,2.3323 ,0.6591 ,-23.3780 ,-33.5769 ,-0.9254 ,2.1408 ,
4.0000 ,2.3256 ,0.6102 ,-20.8379 ,-33.5769 ,-0.8273 ,2.1735 ,
3.0000 ,2.3244 ,0.5180 ,-20.4525 ,-33.5769 ,-0.8122 ,2.1778 ,
4.0000 ,2.3237 ,0.6406 ,-22.0447 ,-32.0534 ,-0.8721 ,2.1538 ,
4.0000 ,2.3236 ,0.6637 ,-20.3985 ,-34.3488 ,-0.8099 ,2.1779 ,
4.0000 ,2.3219 ,0.6401 ,-20.8268 ,-33.5769 ,-0.8255 ,2.1702 ,
4.0000 ,2.3210 ,0.6363 ,-22.4028 ,-32.0557 ,-0.8846 ,2.1458 ,
2.0000 ,2.1784 ,0.7129 ,37.4042 ,-33.5769 ,1.3232 ,1.7304 ,
3.0000 ,2.1780 ,0.7060 ,37.8070 ,-35.1278 ,1.3351 ,1.7208 ,
2.0000 ,2.1778 ,0.6978 ,38.9205 ,-32.0534 ,1.3682 ,1.6944 ,
3.0000 ,2.1775 ,0.6927 ,39.6367 ,-34.3488 ,1.3891 ,1.6769 ,
3.0000 ,2.1774 ,0.7192 ,38.6382 ,-30.5571 ,1.3595 ,1.7007 ,
3.0000 ,2.1772 ,0.7259 ,39.4106 ,-31.3034 ,1.3822 ,1.6821 ,
3.0000 ,2.1770 ,0.6660 ,38.2870 ,-31.3034 ,1.3489 ,1.7088 ,
3.0000 ,2.1770 ,0.6473 ,38.6731 ,-32.8142 ,1.3603 ,1.6996 ,
3.0000 ,2.1768 ,0.7139 ,38.3831 ,-31.3034 ,1.3516 ,1.7064 ,
2.0000 ,2.1761 ,0.2849 ,39.9340 ,-33.5769 ,1.3968 ,1.6686 ,
3.0000 ,2.1760 ,0.4917 ,39.1993 ,-31.3034 ,1.3753 ,1.6863 ,
3.0000 ,2.1759 ,0.6656 ,40.1016 ,-32.8119 ,1.4016 ,1.6644 ,
3.0000 ,2.1757 ,0.7210 ,38.5603 ,-34.3488 ,1.3562 ,1.7013 ,
3.0000 ,2.1756 ,0.6658 ,40.1865 ,-32.8119 ,1.4039 ,1.6621 ,
3.0000 ,2.1756 ,0.7340 ,38.4558 ,-33.5769 ,1.3530 ,1.7037 ,
3.0000 ,2.1756 ,0.6831 ,38.7970 ,-29.0813 ,1.3631 ,1.6956 ,
3.0000 ,2.1753 ,0.6681 ,38.9236 ,36.7089 ,1.3667 ,1.6924 ,
3.0000 ,2.1753 ,0.7156 ,37.8710 ,-31.3012 ,1.3354 ,1.7172 ,
2.0000 ,2.1752 ,0.6183 ,39.6992 ,-31.3034 ,1.3894 ,1.6736 ,
2.0000 ,2.1752 ,0.5335 ,39.0856 ,-31.3012 ,1.3714 ,1.6884 ,
3.0000 ,2.1751 ,0.6876 ,38.6865 ,-32.8119 ,1.3596 ,1.6978 ,
3.0000 ,2.1745 ,0.6702 ,39.2562 ,-32.8119 ,1.3760 ,1.6838 ,
3.0000 ,2.1742 ,0.6518 ,39.5332 ,-31.3012 ,1.3839 ,1.6768 ,
2.0000 ,1.1731 ,0.6628 ,-7.4669 ,-22.6742 ,-0.1524 ,1.1631 ,
2.0000 ,1.1620 ,0.6616 ,-2.7203 ,-24.0691 ,-0.0551 ,1.1607 ,
2.0000 ,1.1614 ,0.6344 ,-4.4217 ,-25.4772 ,-0.0895 ,1.1580 ,
2.0000 ,1.1608 ,0.6833 ,-3.2522 ,-24.0691 ,-0.0659 ,1.1589 ,
2.0000 ,1.1605 ,0.6767 ,-3.3445 ,-24.7701 ,-0.0677 ,1.1585 ,
2.0000 ,1.1604 ,0.6636 ,-3.9626 ,-24.0691 ,-0.0802 ,1.1577 ,
2.0000 ,1.1603 ,0.6858 ,-11.0384 ,-23.3678 ,-0.2222 ,1.1388 ,
2.0000 ,1.1601 ,0.6805 ,-5.4034 ,-22.6742 ,-0.1092 ,1.1549 ,
2.0000 ,1.1598 ,0.4764 ,-4.8661 ,-23.3698 ,-0.0984 ,1.1556 ,
2.0000 ,1.1598 ,0.6600 ,-4.4113 ,-25.4772 ,-0.0892 ,1.1563 ,
2.0000 ,1.1596 ,0.6576 ,-4.5226 ,-22.6742 ,-0.0914 ,1.1560 ,
2.0000 ,1.1595 ,0.6464 ,-5.7768 ,-24.0691 ,-0.1167 ,1.1536 ,
2.0000 ,1.1593 ,0.6949 ,-2.4301 ,-22.6742 ,-0.0492 ,1.1583 ,
2.0000 ,1.1593 ,0.6642 ,-8.5567 ,-21.9822 ,-0.1725 ,1.1464 ,
2.0000 ,1.1590 ,0.6648 ,-8.6605 ,-22.6742 ,-0.1745 ,1.1458 ,
2.0000 ,1.1585 ,0.6605 ,-6.6805 ,-24.0691 ,-0.1348 ,1.1506 ,
2.0000 ,1.1581 ,0.6939 ,-4.2955 ,-24.7701 ,-0.0867 ,1.1548 ,
2.0000 ,1.1576 ,0.6784 ,-5.0367 ,-24.7701 ,-0.1016 ,1.1531 ,
2.0000 ,1.1564 ,0.4857 ,-1.5417 ,-22.6742 ,-0.0311 ,1.1560 ,
1.0000 ,0.9786 ,0.9009 ,-20.3985 ,3.5241 ,-0.3411 ,0.9172 ,
1.0000 ,0.9782 ,0.9399 ,-20.2442 ,2.8829 ,-0.3385 ,0.9178 ,
1.0000 ,0.9782 ,0.7445 ,-19.9087 ,2.2421 ,-0.3331 ,0.9197 ,
1.0000 ,0.9778 ,0.8963 ,-20.5577 ,3.5222 ,-0.3434 ,0.9155 ,
1.0000 ,0.9776 ,0.9526 ,-19.5902 ,4.1639 ,-0.3278 ,0.9210 ,
1.0000 ,0.9774 ,0.8311 ,-20.2374 ,4.1639 ,-0.3381 ,0.9171 ,
1.0000 ,0.9774 ,0.3945 ,-20.6451 ,4.8060 ,-0.3446 ,0.9147 ,
1.0000 ,0.9774 ,0.9708 ,-20.4413 ,2.2421 ,-0.3413 ,0.9158 ,
1.0000 ,0.9774 ,0.9884 ,-20.2442 ,2.2421 ,-0.3382 ,0.9170 ,
1.0000 ,0.9773 ,0.9262 ,-19.7570 ,2.8829 ,-0.3304 ,0.9198 ,
1.0000 ,0.9773 ,0.9360 ,-19.9846 ,4.1639 ,-0.3340 ,0.9184 ,
1.0000 ,0.9773 ,0.9329 ,-19.9514 ,5.4488 ,-0.3335 ,0.9186 ,
1.0000 ,0.9773 ,0.9374 ,-19.8977 ,3.5241 ,-0.3326 ,0.9189 ,
1.0000 ,0.9771 ,0.9903 ,-19.8687 ,3.5241 ,-0.3321 ,0.9189 ,
1.0000 ,0.9771 ,0.9483 ,-19.9846 ,4.1639 ,-0.3339 ,0.9183 ,
1.0000 ,0.9770 ,0.9567 ,-20.8157 ,4.8060 ,-0.3472 ,0.9132 ,
1.0000 ,0.9769 ,0.9344 ,-20.2083 ,3.5241 ,-0.3375 ,0.9168 ,
1.0000 ,0.9769 ,0.9983 ,-20.1904 ,3.5241 ,-0.3372 ,0.9169 ,
1.0000 ,0.9769 ,0.6651 ,-20.3182 ,4.1639 ,-0.3392 ,0.9161 ,
1.0000 ,0.9767 ,0.6634 ,-19.9736 ,3.5241 ,-0.3336 ,0.9179 ,
1.0000 ,0.9767 ,1.0000 ,-20.1033 ,4.1639 ,-0.3357 ,0.9172 ,
1.0000 ,0.9767 ,0.9783 ,-20.5286 ,4.8060 ,-0.3425 ,0.9147 ,
1.0000 ,0.9766 ,0.9487 ,-20.3874 ,2.8829 ,-0.3402 ,0.9154 ,
1.0000 ,0.9637 ,0.8477 ,-23.8544 ,4.1639 ,-0.3897 ,0.8814 ,
1.0000 ,0.9634 ,0.9505 ,-24.5863 ,2.8829 ,-0.4008 ,0.8761 ,
0.0000 ,0.8646 ,1.0000 ,-0.8324 ,4.1658 ,-0.0126 ,0.8645 ,
0.0000 ,0.8645 ,0.6932 ,-0.2403 ,4.8060 ,-0.0036 ,0.8645 ,
0.0000 ,0.8643 ,1.0000 ,0.1209 ,3.5241 ,0.0018 ,0.8643 ,
0.0000 ,0.8643 ,0.9713 ,-0.2636 ,4.8060 ,-0.0040 ,0.8643 ,
0.0000 ,0.8643 ,1.0000 ,-0.5361 ,4.8060 ,-0.0081 ,0.8642 ,
0.0000 ,0.8643 ,1.0000 ,0.2908 ,3.5241 ,0.0044 ,0.8642 ,
0.0000 ,0.8642 ,1.0000 ,-0.8324 ,4.8060 ,-0.0126 ,0.8641 ,
0.0000 ,0.8639 ,1.0000 ,0.2611 ,4.8060 ,0.0039 ,0.8639 ,
0.0000 ,0.8639 ,0.6645 ,-0.3999 ,3.5241 ,-0.0060 ,0.8639 ,
0.0000 ,0.8639 ,1.0000 ,-0.5361 ,4.1639 ,-0.0081 ,0.8638 ,
0.0000 ,0.8638 ,1.0000 ,-0.7482 ,3.5241 ,-0.0113 ,0.8638 ,
0.0000 ,0.8638 ,0.7915 ,-0.3558 ,2.8829 ,-0.0054 ,0.8638 ,
0.0000 ,0.8638 ,1.0000 ,-0.4777 ,4.8060 ,-0.0072 ,0.8638 ,
0.0000 ,0.8637 ,1.0000 ,-0.7210 ,3.5241 ,-0.0109 ,0.8637 ,
0.0000 ,0.8637 ,1.0000 ,-0.1249 ,4.8060 ,-0.0019 ,0.8637 ,
0.0000 ,0.8637 ,1.0000 ,-0.0495 ,5.4488 ,-0.0007 ,0.8637 ,
0.0000 ,0.8636 ,1.0000 ,-0.7378 ,3.5241 ,-0.0111 ,0.8636 ,
0.0000 ,0.8634 ,1.0000 ,-0.7041 ,3.5241 ,-0.0106 ,0.8633 ,
0.0000 ,0.8634 ,1.0000 ,-0.0263 ,4.1639 ,-0.0004 ,0.8634 ,
0.0000 ,0.8633 ,1.0000 ,-0.8870 ,4.1658 ,-0.0134 ,0.8632 ,
0.0000 ,0.8633 ,1.0000 ,-0.1457 ,5.4488 ,-0.0022 ,0.8633 ,
0.0000 ,0.8633 ,0.4233 ,0.1650 ,3.5241 ,0.0025 ,0.8633 ,
0.0000 ,0.8632 ,0.8933 ,-0.7041 ,3.5241 ,-0.0106 ,0.8631 ,
0.0000 ,0.8629 ,1.0000 ,0.0639 ,5.4488 ,0.0010 ,0.8629 ,
0.0000 ,0.0000 ,0.0000 ,0.0000 ,0.0000 ,0.0052 ,0.8623 ,
0.0000 ,0.0000 ,0.0000 ,0.0000 ,0.0000 ,12.9718 ,25.9436 ,
0.0000 ,0.0000 ,0.0000 ,0.0000 ,0.0000 ,-12.9718 ,25.9436 ,

4.0000 ,18.9214 ,0.7899 ,-22.1217 ,-19.9235 ,-7.1253 ,17.5285 ,
3.0000 ,18.6650 ,0.8639 ,-25.0951 ,-21.9822 ,-7.9163 ,16.9031 ,
4.0000 ,18.6506 ,0.3637 ,-23.6665 ,-28.3492 ,-7.4866 ,17.0820 ,
4.0000 ,18.5946 ,0.6289 ,-26.9379 ,-22.6742 ,-8.4238 ,16.5770 ,
4.0000 ,18.5461 ,0.2827 ,-28.4100 ,-24.0691 ,-8.8238 ,16.3125 ,
4.0000 ,18.5437 ,0.3867 ,-19.0138 ,-18.5693 ,-6.0415 ,17.5320 ,
4.0000 ,18.5169 ,0.5184 ,-18.8540 ,-15.2216 ,-5.9839 ,17.5234 ,
3.0000 ,18.4592 ,0.5778 ,-22.3166 ,-25.4772 ,-7.0094 ,17.0766 ,
3.0000 ,18.4222 ,0.3659 ,-31.1181 ,-25.4772 ,-9.5207 ,15.7714 ,
4.0000 ,18.3808 ,0.9138 ,-34.1952 ,-29.8165 ,-10.3303 ,15.2033 ,
3.0000 ,18.3559 ,0.7552 ,-19.4766 ,-14.5611 ,-6.1203 ,17.3056 ,
4.0000 ,18.3461 ,0.8498 ,-34.7910 ,-33.5769 ,-10.4680 ,15.0665 ,
4.0000 ,18.3346 ,1.0000 ,-30.0796 ,-36.7112 ,-9.1893 ,15.8655 ,
2.0000 ,18.3342 ,1.0000 ,-29.5786 ,-24.2077 ,-9.0501 ,15.9448 ,
3.0000 ,18.3285 ,1.0000 ,-27.5588 ,-26.1884 ,-8.4798 ,16.2489 ,
2.0000 ,18.3024 ,1.0000 ,-25.3712 ,-26.1884 ,-7.8422 ,16.5371 ,
4.0000 ,18.2991 ,0.6365 ,-31.8000 ,-29.8143 ,-9.6428 ,15.5523 ,
2.0000 ,18.2450 ,1.0000 ,-23.7510 ,-14.5592 ,-7.3484 ,16.6997 ,
3.0000 ,18.2152 ,1.0000 ,-21.6577 ,-21.2935 ,-6.7225 ,16.9293 ,
4.0000 ,3.4358 ,0.6333 ,6.2492 ,5.4507 ,0.3740 ,3.4154 ,
4.0000 ,2.7315 ,0.6650 ,-19.4588 ,-26.1884 ,-0.9100 ,2.5755 ,
4.0000 ,2.4290 ,0.6241 ,-27.9883 ,35.1278 ,-1.1399 ,2.1449 ,
4.0000 ,2.4280 ,0.6343 ,-25.7810 ,-22.6742 ,-1.0560 ,2.1863 ,
4.0000 ,2.3446 ,0.6112 ,-25.0120 ,-34.3488 ,-0.9913 ,2.1248 ,
4.0000 ,2.3437 ,0.6056 ,-22.6867 ,-32.8142 ,-0.9040 ,2.1624 ,
4.0000 ,2.3361 ,0.6347 ,-23.3116 ,-32.8142 ,-0.9245 ,2.1454 ,
4.0000 ,2.3351 ,0.6363 ,-23.3413 ,-33.5769 ,-0.9252 ,2.1440 ,
4.0000 ,2.3351 ,0.6797 ,-24.1142 ,-32.0557 ,-0.9540 ,2.1313 ,
4.0000 ,2.3326 ,0.6163 ,-23.1197 ,-33.5769 ,-0.9159 ,2.1453 ,
4.0000 ,2.3312 ,0.6211 ,-22.2325 ,-33.5769 ,-0.8821 ,2.1579 ,
4.0000 ,2.3245 ,0.6234 ,-21.3824 ,-32.8119 ,-0.8475 ,2.1645 ,
4.0000 ,2.3234 ,0.6543 ,-20.9435 ,-33.5769 ,-0.8305 ,2.1699 ,
4.0000 ,2.3226 ,0.6182 ,-20.8920 ,-31.3034 ,-0.8282 ,2.1699 ,
4.0000 ,2.3223 ,0.6215 ,-21.8434 ,-34.3488 ,-0.8640 ,2.1555 ,
3.0000 ,2.1780 ,0.6757 ,38.1931 ,-31.3034 ,1.3467 ,1.7117 ,
3.0000 ,2.1780 ,0.6806 ,38.6084 ,-32.0534 ,1.3590 ,1.7019 ,
3.0000 ,2.1775 ,0.6628 ,38.9020 ,-31.3012 ,1.3674 ,1.6946 ,
2.0000 ,2.1774 ,0.3732 ,38.5818 ,-32.0557 ,1.3579 ,1.7021 ,
3.0000 ,2.1774 ,0.7229 ,39.2780 ,-31.3986 ,1.3785 ,1.6855 ,
3.0000 ,2.1772 ,0.6618 ,37.8791 ,-31.3012 ,1.3368 ,1.7185 ,
3.0000 ,2.1772 ,0.6694 ,37.6954 ,-32.8119 ,1.3313 ,1.7228 ,
3.0000 ,2.1771 ,0.6333 ,36.6915 ,-32.0534 ,1.3008 ,1.7457 ,
3.0000 ,2.1767 ,0.7021 ,38.6649 ,-31.3034 ,1.3600 ,1.6996 ,
3.0000 ,2.1764 ,0.7127 ,39.4947 ,-33.5769 ,1.3842 ,1.6795 ,
3.0000 ,2.1762 ,0.6742 ,38.6516 ,-33.5769 ,1.3592 ,1.6995 ,
3.0000 ,2.1761 ,0.6895 ,40.1644 ,-32.8119 ,1.4036 ,1.6630 ,
3.0000 ,2.1761 ,0.7023 ,39.1993 ,-33.5769 ,1.3753 ,1.6864 ,
3.0000 ,2.1757 ,0.6692 ,38.9154 ,-31.3034 ,1.3667 ,1.6928 ,
3.0000 ,2.1755 ,0.7111 ,39.7868 ,-30.5571 ,1.3922 ,1.6717 ,
3.0000 ,2.1755 ,0.6805 ,38.6433 ,-31.3034 ,1.3585 ,1.6992 ,
2.0000 ,2.1753 ,0.6884 ,38.0067 ,-32.8119 ,1.3394 ,1.7140 ,
3.0000 ,2.1750 ,0.6652 ,39.7649 ,-30.5571 ,1.3912 ,1.6719 ,
3.0000 ,2.1749 ,0.6976 ,38.8721 ,-32.0534 ,1.3649 ,1.6933 ,
3.0000 ,2.1749 ,0.6962 ,38.3831 ,-31.3034 ,1.3504 ,1.7048 ,
3.0000 ,2.1744 ,0.6814 ,38.5090 ,-30.5571 ,1.3538 ,1.7015 ,
2.0000 ,1.1733 ,0.6253 ,-6.5408 ,-21.9822 ,-0.1337 ,1.1657 ,
2.0000 ,1.1723 ,0.6382 ,-6.5643 ,-24.7701 ,-0.1340 ,1.1646 ,
2.0000 ,1.1714 ,0.6554 ,-7.8589 ,-23.3698 ,-0.1602 ,1.1604 ,
2.0000 ,1.1616 ,0.6835 ,-3.0125 ,-24.7701 ,-0.0610 ,1.1600 ,
2.0000 ,1.1610 ,0.6270 ,-4.8701 ,-24.7701 ,-0.0986 ,1.1568 ,
2.0000 ,1.1604 ,0.6542 ,-6.8217 ,-25.4772 ,-0.1378 ,1.1522 ,
2.0000 ,1.1602 ,0.6897 ,-7.7593 ,-24.0670 ,-0.1566 ,1.1495 ,
2.0000 ,1.1594 ,0.6719 ,-7.3634 ,-22.6742 ,-0.1486 ,1.1498 ,
2.0000 ,1.1594 ,0.6475 ,-3.7565 ,-24.0691 ,-0.0760 ,1.1569 ,
2.0000 ,1.1593 ,0.6663 ,-3.8429 ,-24.7722 ,-0.0777 ,1.1567 ,
2.0000 ,1.1592 ,0.6916 ,-1.9115 ,-24.7701 ,-0.0387 ,1.1586 ,
2.0000 ,1.1591 ,0.6974 ,-8.8665 ,-22.6742 ,-0.1787 ,1.1452 ,
2.0000 ,1.1591 ,0.6381 ,-4.4953 ,-24.7701 ,-0.0908 ,1.1555 ,
2.0000 ,1.1586 ,0.6516 ,-2.3820 ,-22.6742 ,-0.0482 ,1.1576 ,
2.0000 ,1.1585 ,0.6451 ,-3.9755 ,-22.6742 ,-0.0803 ,1.1558 ,
2.0000 ,1.1582 ,0.6499 ,-4.6891 ,-24.7701 ,-0.0947 ,1.1543 ,
2.0000 ,1.1579 ,0.6551 ,-6.4900 ,-22.6742 ,-0.1309 ,1.1505 ,
2.0000 ,1.1567 ,0.6560 ,-1.5417 ,-22.6742 ,-0.0311 ,1.1563 ,
2.0000 ,1.1460 ,0.6572 ,-1.9576 ,-23.3698 ,-0.0391 ,1.1453 ,
1.0000 ,0.9786 ,0.9301 ,-19.9846 ,4.8060 ,-0.3345 ,0.9197 ,
1.0000 ,0.9777 ,0.5434 ,-20.6048 ,2.2421 ,-0.3441 ,0.9152 ,
1.0000 ,0.9777 ,0.9255 ,-21.1553 ,2.8829 ,-0.3529 ,0.9118 ,
1.0000 ,0.9777 ,0.9104 ,-19.3831 ,2.8829 ,-0.3245 ,0.9223 ,
1.0000 ,0.9776 ,0.9309 ,-20.8045 ,1.6016 ,-0.3472 ,0.9139 ,
1.0000 ,0.9776 ,0.9298 ,-20.3045 ,3.5222 ,-0.3392 ,0.9168 ,
1.0000 ,0.9774 ,0.9315 ,-20.0495 ,4.8060 ,-0.3351 ,0.9182 ,
1.0000 ,0.9774 ,0.9427 ,-19.7060 ,2.2421 ,-0.3296 ,0.9201 ,
1.0000 ,0.9773 ,0.9426 ,-20.1212 ,2.8829 ,-0.3362 ,0.9177 ,
1.0000 ,0.9773 ,0.9256 ,-19.9087 ,2.8829 ,-0.3328 ,0.9189 ,
1.0000 ,0.9772 ,0.9408 ,-19.9983 ,4.1639 ,-0.3342 ,0.9183 ,
1.0000 ,0.9772 ,0.9570 ,-20.5440 ,3.5241 ,-0.3429 ,0.9150 ,
1.0000 ,0.9771 ,0.9574 ,-20.2263 ,2.8829 ,-0.3378 ,0.9169 ,
1.0000 ,0.9771 ,0.9473 ,-19.9846 ,4.8060 ,-0.3339 ,0.9182 ,
1.0000 ,0.9771 ,0.9608 ,-19.4120 ,2.8829 ,-0.3247 ,0.9215 ,
1.0000 ,0.9770 ,0.9617 ,-20.5911 ,4.1639 ,-0.3436 ,0.9146 ,
1.0000 ,0.9770 ,0.9761 ,-20.3293 ,4.1639 ,-0.3394 ,0.9161 ,
1.0000 ,0.9770 ,0.9458 ,-20.4525 ,2.8829 ,-0.3414 ,0.9154 ,
1.0000 ,0.9768 ,0.4247 ,-20.2083 ,2.8829 ,-0.3374 ,0.9167 ,
1.0000 ,0.9766 ,0.9804 ,-20.5800 ,4.8060 ,-0.3433 ,0.9143 ,
1.0000 ,0.9766 ,0.9594 ,-19.7239 ,2.8829 ,-0.3296 ,0.9193 ,
1.0000 ,0.9764 ,0.4979 ,-20.3737 ,4.8060 ,-0.3399 ,0.9153 ,
1.0000 ,0.9763 ,0.9589 ,-20.8809 ,3.1278 ,-0.3480 ,0.9122 ,
1.0000 ,0.9757 ,0.2036 ,-20.8989 ,4.8060 ,-0.3481 ,0.9115 ,
1.0000 ,0.9641 ,0.3672 ,-23.6893 ,4.8060 ,-0.3874 ,0.8829 ,
0.0000 ,0.8650 ,0.5003 ,-0.7001 ,4.1658 ,-0.0106 ,0.8650 ,
0.0000 ,0.8649 ,0.3710 ,-0.3285 ,4.1658 ,-0.0050 ,0.8649 ,
0.0000 ,0.8644 ,1.0000 ,-0.5218 ,4.1639 ,-0.0079 ,0.8644 ,
0.0000 ,0.8644 ,1.0000 ,-0.3389 ,3.5241 ,-0.0051 ,0.8643 ,
0.0000 ,0.8643 ,1.0000 ,0.4038 ,3.5241 ,0.0061 ,0.8642 ,
0.0000 ,0.8641 ,1.0000 ,-0.7274 ,4.8060 ,-0.0110 ,0.8640 ,
0.0000 ,0.8640 ,1.0000 ,0.0471 ,2.8829 ,0.0007 ,0.8640 ,
0.0000 ,0.8639 ,1.0000 ,-0.0872 ,4.7904 ,-0.0013 ,0.8639 ,
0.0000 ,0.8639 ,0.4297 ,0.2467 ,4.8060 ,0.0037 ,0.8639 ,
0.0000 ,0.8639 ,1.0000 ,-0.1184 ,3.5241 ,-0.0018 ,0.8639 ,
0.0000 ,0.8638 ,0.5740 ,-0.2780 ,3.5241 ,-0.0042 ,0.8638 ,
0.0000 ,0.8637 ,1.0000 ,-0.0872 ,4.8060 ,-0.0013 ,0.8637 ,
0.0000 ,0.8636 ,1.0000 ,-0.6937 ,4.1639 ,-0.0105 ,0.8636 ,
0.0000 ,0.8636 ,1.0000 ,0.4608 ,2.8829 ,0.0069 ,0.8636 ,
0.0000 ,0.8636 ,1.0000 ,0.1457 ,4.1658 ,0.0022 ,0.8636 ,
0.0000 ,0.8635 ,1.0000 ,-0.4479 ,4.8060 ,-0.0068 ,0.8635 ,
0.0000 ,0.8635 ,1.0000 ,-1.1491 ,3.5241 ,-0.0173 ,0.8633 ,
0.0000 ,0.8634 ,1.0000 ,-0.0535 ,3.5241 ,-0.0008 ,0.8634 ,
0.0000 ,0.8634 ,1.0000 ,-0.0495 ,4.8060 ,-0.0007 ,0.8634 ,
0.0000 ,0.8634 ,1.0000 ,-1.2859 ,4.8060 ,-0.0194 ,0.8632 ,
0.0000 ,0.8632 ,1.0000 ,-0.1145 ,5.4488 ,-0.0017 ,0.8632 ,
0.0000 ,0.8631 ,0.9893 ,-1.5922 ,3.5222 ,-0.0240 ,0.8628 ,
0.0000 ,0.8629 ,1.0000 ,-1.1724 ,5.4488 ,-0.0177 ,0.8627 ,
0.0000 ,0.8628 ,1.0000 ,-0.3518 ,3.5241 ,-0.0053 ,0.8628 ,
0.0000 ,0.0000 ,0.0000 ,0.0000 ,0.0000 ,-0.0143 ,0.8624 ,
0.0000 ,0.0000 ,0.0000 ,0.0000 ,0.0000 ,12.9718 ,25.9436 ,
0.0000 ,0.0000 ,0.0000 ,0.0000 ,0.0000 ,-12.9718 ,25.9436 ,

4.0000 ,18.2980 ,0.6494 ,-21.8113 ,-17.2239 ,-6.7987 ,16.9881 ,
4.0000 ,17.8796 ,0.6009 ,-16.5735 ,-8.0275 ,-5.1001 ,17.1367 ,
4.0000 ,17.4431 ,0.6787 ,-13.5045 ,-15.2236 ,-4.0733 ,16.9609 ,
4.0000 ,16.8740 ,0.6918 ,-15.6626 ,-12.5834 ,-4.5555 ,16.2474 ,
4.0000 ,16.0976 ,0.6847 ,-14.8640 ,-15.2216 ,-4.1294 ,15.5590 ,
4.0000 ,14.2996 ,0.6638 ,-11.9419 ,-13.2402 ,-2.9589 ,13.9901 ,
4.0000 ,14.0347 ,0.7162 ,-13.0127 ,-13.8988 ,-3.1602 ,13.6743 ,
4.0000 ,13.2164 ,0.8817 ,-10.3460 ,-11.2748 ,-2.3736 ,13.0015 ,
4.0000 ,13.1815 ,0.6872 ,-11.7232 ,-11.2767 ,-2.6783 ,12.9066 ,
3.0000 ,12.9998 ,0.8010 ,-10.2886 ,-11.2748 ,-2.3219 ,12.7908 ,
2.0000 ,12.9107 ,0.7103 ,-11.1454 ,-11.9283 ,-2.4956 ,12.6672 ,
4.0000 ,12.4248 ,1.0000 ,-12.3327 ,-11.9302 ,-2.6538 ,12.1381 ,
4.0000 ,12.3334 ,0.8224 ,-12.6702 ,2.8829 ,-2.7052 ,12.0330 ,
4.0000 ,12.2834 ,0.5845 ,-9.3046 ,-15.2236 ,-1.9860 ,12.1218 ,
3.0000 ,12.1291 ,0.7253 ,-13.5366 ,4.1658 ,-2.8390 ,11.7922 ,
3.0000 ,12.0397 ,0.7182 ,-13.2498 ,0.3192 ,-2.7595 ,11.7192 ,
4.0000 ,11.9407 ,0.6725 ,-8.6394 ,-4.1658 ,-1.7937 ,11.8052 ,
2.0000 ,11.8048 ,1.0000 ,-12.5996 ,-13.8988 ,-2.5751 ,11.5206 ,
3.0000 ,11.6835 ,0.9143 ,-12.1116 ,-14.5592 ,-2.4514 ,11.4234 ,
2.0000 ,11.5263 ,1.0000 ,-14.3197 ,-15.2236 ,-2.8508 ,11.1682 ,
4.0000 ,2.9004 ,0.6451 ,7.1242 ,-5.4507 ,0.3597 ,2.8780 ,
4.0000 ,2.7449 ,0.6354 ,-22.1988 ,-19.9255 ,-1.0371 ,2.5415 ,
4.0000 ,2.4305 ,0.5979 ,-27.5280 ,-27.6264 ,-1.1233 ,2.1553 ,
4.0000 ,2.3351 ,0.6410 ,-22.9807 ,-32.0534 ,-0.9117 ,2.1497 ,
4.0000 ,2.3350 ,0.6270 ,-23.5152 ,-32.8142 ,-0.9316 ,2.1411 ,
4.0000 ,2.3349 ,0.6452 ,-23.7077 ,-34.3488 ,-0.9388 ,2.1379 ,
4.0000 ,2.3332 ,0.6548 ,-22.3959 ,-32.8142 ,-0.8889 ,2.1572 ,
4.0000 ,2.3321 ,0.6171 ,-21.6758 ,-34.3488 ,-0.8614 ,2.1672 ,
4.0000 ,2.3304 ,0.6556 ,-22.5347 ,-34.3488 ,-0.8931 ,2.1525 ,
4.0000 ,2.3268 ,0.6479 ,-22.8441 ,-32.0557 ,-0.9033 ,2.1443 ,
3.0000 ,2.3265 ,0.6297 ,-21.4255 ,38.3231 ,-0.8498 ,2.1657 ,
4.0000 ,2.3251 ,0.6568 ,-21.9539 ,-32.8142 ,-0.8693 ,2.1565 ,
4.0000 ,2.3221 ,0.6262 ,-21.5607 ,-32.0557 ,-0.8533 ,2.1596 ,
3.0000 ,2.3190 ,0.6630 ,-22.2871 ,-33.5769 ,-0.8795 ,2.1457 ,
3.0000 ,2.1779 ,0.6921 ,39.8985 ,-34.3488 ,1.3970 ,1.6708 ,
2.0000 ,2.1774 ,0.6838 ,38.5254 ,-30.5571 ,1.3562 ,1.7035 ,
3.0000 ,2.1774 ,0.6896 ,39.3536 ,-31.3034 ,1.3807 ,1.6837 ,
3.0000 ,2.1770 ,0.7058 ,39.3183 ,-32.0534 ,1.3794 ,1.6842 ,
3.0000 ,2.1769 ,0.7097 ,38.8104 ,-31.3034 ,1.3644 ,1.6963 ,
3.0000 ,2.1766 ,0.7282 ,38.4178 ,-30.5571 ,1.3525 ,1.7054 ,
3.0000 ,2.1765 ,0.6970 ,37.6772 ,-31.3012 ,1.3303 ,1.7226 ,
3.0000 ,2.1765 ,0.6722 ,38.1880 ,-32.0557 ,1.3456 ,1.7107 ,
3.0000 ,2.1762 ,0.7063 ,38.0494 ,-32.8119 ,1.3413 ,1.7137 ,
3.0000 ,2.1761 ,0.6987 ,37.9426 ,-32.0534 ,1.3380 ,1.7162 ,
3.0000 ,2.1761 ,0.6932 ,38.2012 ,-32.0534 ,1.3458 ,1.7101 ,
3.0000 ,2.1758 ,0.6812 ,37.9558 ,-32.8119 ,1.3382 ,1.7156 ,
3.0000 ,2.1756 ,0.6918 ,38.9071 ,-32.8142 ,1.3664 ,1.6930 ,
3.0000 ,2.1756 ,0.6581 ,39.4812 ,-32.0534 ,1.3833 ,1.6792 ,
2.0000 ,2.1756 ,0.6974 ,38.8453 ,-31.3012 ,1.3646 ,1.6944 ,
3.0000 ,2.1753 ,0.7585 ,38.4741 ,-32.8119 ,1.3534 ,1.7031 ,
3.0000 ,2.1753 ,0.7416 ,39.7701 ,-31.3034 ,1.3916 ,1.6720 ,
3.0000 ,2.1752 ,0.7138 ,38.3218 ,-33.5769 ,1.3488 ,1.7065 ,
3.0000 ,2.1750 ,0.6711 ,37.8841 ,-33.5769 ,1.3356 ,1.7166 ,
2.0000 ,2.1748 ,0.6896 ,39.7868 ,-31.3034 ,1.3918 ,1.6712 ,
3.0000 ,2.1742 ,0.5579 ,39.4055 ,-31.3034 ,1.3802 ,1.6800 ,
3.0000 ,2.1737 ,0.6844 ,38.8721 ,-32.3313 ,1.3642 ,1.6924 ,
2.0000 ,1.1723 ,0.6768 ,-6.3548 ,-25.4772 ,-0.1298 ,1.1651 ,
2.0000 ,1.1713 ,0.6451 ,-8.2151 ,-24.0691 ,-0.1674 ,1.1593 ,
2.0000 ,1.1711 ,0.6488 ,-11.0277 ,-23.3698 ,-0.2240 ,1.1495 ,
2.0000 ,1.1609 ,0.6614 ,-5.5782 ,-24.7701 ,-0.1128 ,1.1554 ,
2.0000 ,1.1609 ,0.6451 ,-8.0094 ,-24.0691 ,-0.1618 ,1.1496 ,
2.0000 ,1.1604 ,0.6953 ,-4.2239 ,-25.4772 ,-0.0855 ,1.1573 ,
2.0000 ,1.1603 ,0.6341 ,-5.0069 ,-24.7722 ,-0.1013 ,1.1559 ,
2.0000 ,1.1603 ,0.6674 ,-5.4243 ,-23.3698 ,-0.1097 ,1.1551 ,
2.0000 ,1.1599 ,0.4975 ,-2.9113 ,-24.7701 ,-0.0589 ,1.1584 ,
2.0000 ,1.1598 ,0.6685 ,-5.4179 ,-24.0670 ,-0.1095 ,1.1546 ,
2.0000 ,1.1596 ,0.6807 ,-3.4914 ,-24.0691 ,-0.0706 ,1.1574 ,
2.0000 ,1.1594 ,0.6609 ,-4.7543 ,-25.4772 ,-0.0961 ,1.1554 ,
2.0000 ,1.1591 ,0.6785 ,-6.1395 ,-24.7701 ,-0.1240 ,1.1524 ,
2.0000 ,1.1590 ,0.6837 ,-3.5212 ,-22.6742 ,-0.0712 ,1.1568 ,
2.0000 ,1.1590 ,0.6795 ,-2.9892 ,-24.7722 ,-0.0604 ,1.1574 ,
2.0000 ,1.1589 ,0.6477 ,-4.7374 ,-24.0691 ,-0.0957 ,1.1549 ,
2.0000 ,1.1580 ,0.6249 ,-3.6955 ,-24.7701 ,-0.0746 ,1.1556 ,
2.0000 ,1.1572 ,0.6614 ,-1.8232 ,-25.4772 ,-0.0368 ,1.1566 ,
2.0000 ,1.1568 ,0.6488 ,-5.1083 ,-24.7701 ,-0.1030 ,1.1522 ,
1.0000 ,0.9785 ,0.8946 ,-20.1571 ,3.5241 ,-0.3372 ,0.9186 ,
1.0000 ,0.9778 ,0.9355 ,-20.2865 ,2.8829 ,-0.3390 ,0.9171 ,
1.0000 ,0.9777 ,0.9237 ,-20.2305 ,4.1639 ,-0.3381 ,0.9174 ,
1.0000 ,0.9776 ,0.9265 ,-20.0495 ,2.8829 ,-0.3352 ,0.9184 ,
1.0000 ,0.9775 ,0.9400 ,-19.8218 ,2.8829 ,-0.3315 ,0.9196 ,
1.0000 ,0.9773 ,0.5880 ,-19.9377 ,3.5241 ,-0.3332 ,0.9187 ,
1.0000 ,0.9772 ,0.6533 ,-20.4678 ,2.8829 ,-0.3417 ,0.9155 ,
1.0000 ,0.9772 ,0.9241 ,-20.3404 ,4.1639 ,-0.3397 ,0.9162 ,
1.0000 ,0.9772 ,0.9291 ,-19.3075 ,2.8829 ,-0.3231 ,0.9222 ,
1.0000 ,0.9771 ,0.9547 ,-20.5329 ,2.8829 ,-0.3427 ,0.9151 ,
1.0000 ,0.9771 ,0.9105 ,-20.3806 ,2.2421 ,-0.3403 ,0.9159 ,
1.0000 ,0.9771 ,0.7612 ,-19.9403 ,4.1658 ,-0.3332 ,0.9185 ,
1.0000 ,0.9771 ,0.9427 ,-19.8176 ,4.1639 ,-0.3312 ,0.9192 ,
1.0000 ,0.9769 ,0.9431 ,-20.4995 ,3.5241 ,-0.3421 ,0.9151 ,
1.0000 ,0.9769 ,0.9214 ,-20.4636 ,4.1639 ,-0.3415 ,0.9153 ,
1.0000 ,0.9769 ,0.9744 ,-21.1957 ,4.8060 ,-0.3532 ,0.9108 ,
1.0000 ,0.9768 ,0.9615 ,-20.2083 ,2.2421 ,-0.3374 ,0.9166 ,
1.0000 ,0.9767 ,0.9368 ,-20.1075 ,4.1639 ,-0.3358 ,0.9171 ,
1.0000 ,0.9765 ,0.9797 ,-20.2331 ,4.8060 ,-0.3377 ,0.9163 ,
1.0000 ,0.9765 ,0.9978 ,-20.3002 ,3.5241 ,-0.3388 ,0.9159 ,
1.0000 ,0.9765 ,0.9887 ,-19.3584 ,4.1639 ,-0.3237 ,0.9213 ,
1.0000 ,0.9765 ,0.9859 ,-19.8176 ,2.8829 ,-0.3311 ,0.9186 ,
1.0000 ,0.9763 ,1.0000 ,-20.6965 ,4.1639 ,-0.3450 ,0.9133 ,
1.0000 ,0.9763 ,0.9725 ,-20.3335 ,3.5241 ,-0.3392 ,0.9154 ,
1.0000 ,0.9763 ,0.9687 ,-20.5937 ,2.8829 ,-0.3434 ,0.9139 ,
0.0000 ,0.8647 ,1.0000 ,-0.4440 ,3.5241 ,-0.0067 ,0.8647 ,
0.0000 ,0.8645 ,0.6037 ,0.2170 ,4.1658 ,0.0033 ,0.8645 ,
0.0000 ,0.8645 ,1.0000 ,-0.6243 ,4.8060 ,-0.0094 ,0.8644 ,
0.0000 ,0.8644 ,1.0000 ,-0.6243 ,5.4488 ,-0.0094 ,0.8643 ,
0.0000 ,0.8642 ,1.0000 ,-0.3518 ,3.5241 ,-0.0053 ,0.8642 ,
0.0000 ,0.8641 ,0.7090 ,-0.5634 ,4.8060 ,-0.0085 ,0.8640 ,
0.0000 ,0.8640 ,1.0000 ,0.2027 ,5.4488 ,0.0031 ,0.8640 ,
0.0000 ,0.8640 ,1.0000 ,-0.1922 ,2.8829 ,-0.0029 ,0.8640 ,
0.0000 ,0.8640 ,1.0000 ,-0.8260 ,3.5241 ,-0.0125 ,0.8639 ,
0.0000 ,0.8640 ,1.0000 ,-0.7586 ,5.4488 ,-0.0114 ,0.8639 ,
0.0000 ,0.8639 ,1.0000 ,-0.3766 ,3.5241 ,-0.0057 ,0.8639 ,
0.0000 ,0.8639 ,1.0000 ,0.6139 ,3.5241 ,0.0093 ,0.8639 ,
0.0000 ,0.8639 ,1.0000 ,0.0704 ,4.8060 ,0.0011 ,0.8639 ,
0.0000 ,0.8636 ,1.0000 ,-0.5802 ,4.8060 ,-0.0087 ,0.8636 ,
0.0000 ,0.8634 ,1.0000 ,-0.2676 ,5.4488 ,-0.0040 ,0.8634 ,
0.0000 ,0.8634 ,1.0000 ,-0.3493 ,4.8060 ,-0.0053 ,0.8634 ,
0.0000 ,0.8634 ,0.7848 ,-0.0704 ,5.4488 ,-0.0011 ,0.8634 ,
0.0000 ,0.8633 ,0.9634 ,-0.3726 ,4.8060 ,-0.0056 ,0.8633 ,
0.0000 ,0.8633 ,1.0000 ,-0.8805 ,3.5241 ,-0.0133 ,0.8632 ,
0.0000 ,0.8633 ,1.0000 ,-1.3717 ,2.8829 ,-0.0207 ,0.8631 ,
0.0000 ,0.8632 ,1.0000 ,-0.6100 ,3.5241 ,-0.0092 ,0.8632 ,
0.0000 ,0.8632 ,1.0000 ,-0.3052 ,3.6963 ,-0.0046 ,0.8632 ,
0.0000 ,0.8631 ,1.0000 ,0.2170 ,5.4488 ,0.0033 ,0.8631 ,
0.0000 ,0.8630 ,1.0000 ,-0.4167 ,4.8060 ,-0.0063 ,0.8629 ,
0.0000 ,0.0000 ,0.0000 ,0.0000 ,0.0000 ,-0.0070 ,0.8621 ,
0.0000 ,0.0000 ,0.0000 ,0.0000 ,0.0000 ,12.9718 ,25.9436 ,
0.0000 ,0.0000 ,0.0000 ,0.0000 ,0.0000 ,-12.9718 ,25.9436 ,

4.0000 ,21.6406 ,0.5858 ,6.4755 ,6.7364 ,2.4406 ,21.5025 ,
4.0000 ,21.4863 ,1.0000 ,10.8158 ,11.2748 ,4.0320 ,21.1046 ,
3.0000 ,21.2869 ,0.5167 ,5.4816 ,6.7364 ,2.0334 ,21.1896 ,
3.0000 ,21.1982 ,0.5454 ,7.7253 ,6.7383 ,2.8496 ,21.0058 ,
4.0000 ,11.6092 ,0.7139 ,-8.8073 ,-10.6227 ,-1.7775 ,11.4723 ,
3.0000 ,11.4007 ,1.0000 ,-12.7606 ,-9.3246 ,-2.5182 ,11.1191 ,
4.0000 ,11.2726 ,0.4903 ,-6.8686 ,-4.1639 ,-1.3481 ,11.1917 ,
2.0000 ,11.1541 ,0.5287 ,-11.9166 ,-13.2402 ,-2.3032 ,10.9138 ,
3.0000 ,11.0407 ,1.0000 ,-12.5412 ,-4.8079 ,-2.3974 ,10.7773 ,
4.0000 ,10.9610 ,0.9895 ,-6.1943 ,-10.6227 ,-1.1827 ,10.8970 ,
2.0000 ,10.9218 ,0.4874 ,-13.4525 ,-8.6764 ,-2.5408 ,10.6221 ,
1.0000 ,10.8299 ,0.6807 ,-12.3286 ,-8.0294 ,-2.3124 ,10.5802 ,
4.0000 ,10.6609 ,0.6713 ,-8.0410 ,-11.9283 ,-1.4913 ,10.5561 ,
3.0000 ,10.6296 ,0.8352 ,-10.2478 ,-6.0941 ,-1.8911 ,10.4600 ,
2.0000 ,10.5111 ,1.0000 ,-10.8950 ,-13.8988 ,-1.9867 ,10.3217 ,
3.0000 ,10.4997 ,0.7100 ,-9.4256 ,1.6016 ,-1.7195 ,10.3579 ,
2.0000 ,10.3725 ,1.0000 ,-11.8543 ,-0.3210 ,-2.1308 ,10.1513 ,
4.0000 ,10.3512 ,0.4199 ,-7.2406 ,-6.0922 ,-1.3046 ,10.2686 ,
1.0000 ,10.2547 ,0.5980 ,-11.1772 ,-7.3815 ,-1.9878 ,10.0602 ,
4.0000 ,10.2291 ,0.5156 ,-10.6388 ,-10.6227 ,-1.8885 ,10.0533 ,
4.0000 ,10.1963 ,0.6510 ,-7.8208 ,-6.7383 ,-1.3875 ,10.1014 ,
3.0000 ,10.0771 ,1.0000 ,-10.9803 ,-9.3246 ,-1.9194 ,9.8926 ,
3.0000 ,9.8359 ,0.6501 ,-7.2406 ,-5.4488 ,-1.2397 ,9.7575 ,
2.0000 ,9.8312 ,0.5216 ,-10.7391 ,-11.9302 ,-1.8319 ,9.6590 ,
4.0000 ,9.7234 ,0.7541 ,-11.6782 ,-6.7383 ,-1.9682 ,9.5221 ,
3.0000 ,9.6442 ,1.0000 ,-9.9856 ,-11.9283 ,-1.6723 ,9.4981 ,
4.0000 ,9.6244 ,0.9911 ,-7.9139 ,-8.0275 ,-1.3251 ,9.5328 ,
2.0000 ,9.5149 ,0.9974 ,-10.4911 ,-13.2421 ,-1.7325 ,9.3558 ,
4.0000 ,9.4635 ,1.0000 ,-3.1554 ,-5.4507 ,-0.5209 ,9.4492 ,
4.0000 ,9.2496 ,0.5199 ,6.7838 ,9.3246 ,1.0926 ,9.1848 ,
3.0000 ,9.1916 ,0.7331 ,-6.1968 ,-3.5241 ,-0.9922 ,9.1379 ,
3.0000 ,9.0456 ,0.9795 ,-7.5284 ,-6.0941 ,-1.1851 ,8.9677 ,
4.0000 ,8.9557 ,0.8767 ,-3.4641 ,-1.5997 ,-0.5411 ,8.9394 ,
2.0000 ,8.9225 ,0.9692 ,-7.0268 ,-7.3815 ,-1.0915 ,8.8555 ,
2.0000 ,8.8895 ,0.5871 ,-0.9791 ,-2.2421 ,-0.1519 ,8.8882 ,
3.0000 ,8.8514 ,0.9114 ,-2.3419 ,-2.8811 ,-0.3617 ,8.8440 ,
4.0000 ,8.7903 ,0.8450 ,13.4805 ,13.9007 ,2.0491 ,8.5481 ,
3.0000 ,8.7442 ,0.5032 ,10.0435 ,12.5834 ,1.5249 ,8.6102 ,
3.0000 ,8.7040 ,0.3870 ,9.0707 ,11.9302 ,1.3722 ,8.5951 ,
4.0000 ,8.6587 ,0.4644 ,-2.5457 ,-2.2421 ,-0.3846 ,8.6501 ,
2.0000 ,8.6574 ,0.5573 ,1.2478 ,13.2402 ,0.1885 ,8.6553 ,
2.0000 ,8.6178 ,1.0000 ,-3.1112 ,-4.1639 ,-0.4677 ,8.6051 ,
3.0000 ,8.6173 ,0.5126 ,1.4871 ,-0.3210 ,0.2236 ,8.6144 ,
4.0000 ,8.6103 ,0.3427 ,0.1922 ,1.5997 ,0.0289 ,8.6103 ,
3.0000 ,8.5720 ,1.0000 ,11.1111 ,13.9007 ,1.6519 ,8.4113 ,
2.0000 ,8.5378 ,1.0000 ,8.8219 ,10.6246 ,1.3094 ,8.4368 ,
1.0000 ,8.5280 ,1.0000 ,15.1050 ,11.2767 ,2.2223 ,8.2333 ,
4.0000 ,8.5217 ,0.3730 ,14.7097 ,16.5529 ,2.1638 ,8.2424 ,
2.0000 ,8.5062 ,1.0000 ,10.8844 ,13.2402 ,1.6062 ,8.3532 ,
1.0000 ,8.5044 ,0.9383 ,-4.2681 ,-5.4488 ,-0.6329 ,8.4808 ,
2.0000 ,8.4876 ,1.0000 ,9.8302 ,12.5834 ,1.4491 ,8.3630 ,
1.0000 ,8.4329 ,0.3024 ,12.8084 ,11.9302 ,1.8695 ,8.2231 ,
3.0000 ,8.4095 ,1.0000 ,-0.7715 ,-2.2421 ,-0.1132 ,8.4088 ,
2.0000 ,8.3954 ,1.0000 ,-0.4777 ,-0.9594 ,-0.0700 ,8.3951 ,
1.0000 ,8.3905 ,0.7069 ,18.3845 ,17.7195 ,2.6463 ,7.9622 ,
4.0000 ,8.3856 ,0.4686 ,3.9691 ,8.0275 ,0.5804 ,8.3655 ,
3.0000 ,8.3809 ,0.4218 ,0.7001 ,-1.5997 ,0.1024 ,8.3802 ,
1.0000 ,8.3644 ,1.0000 ,15.6842 ,17.2239 ,2.2612 ,8.0530 ,
4.0000 ,8.2916 ,1.0000 ,13.6599 ,15.2216 ,1.9581 ,8.0571 ,
0.0000 ,8.2620 ,0.8193 ,16.7618 ,17.8934 ,2.3827 ,7.9109 ,
2.0000 ,8.2612 ,0.5489 ,-2.0225 ,0.3192 ,-0.2916 ,8.2560 ,
0.0000 ,8.2548 ,0.8770 ,16.9792 ,19.2441 ,2.4106 ,7.8950 ,
2.0000 ,8.2470 ,1.0000 ,0.8741 ,-0.3210 ,0.1258 ,8.2461 ,
3.0000 ,8.2070 ,1.0000 ,2.5120 ,8.6764 ,0.3597 ,8.1991 ,
3.0000 ,8.1694 ,0.8551 ,11.5199 ,16.5529 ,1.6315 ,8.0049 ,
3.0000 ,8.1224 ,1.0000 ,5.1924 ,6.7364 ,0.7351 ,8.0890 ,
3.0000 ,8.0897 ,1.0000 ,9.3151 ,11.2767 ,1.3094 ,7.9830 ,
3.0000 ,8.0699 ,1.0000 ,6.2073 ,7.3834 ,0.8726 ,8.0226 ,
2.0000 ,8.0210 ,0.6615 ,6.9994 ,5.4507 ,0.9774 ,7.9612 ,
2.0000 ,8.0008 ,0.9238 ,14.2808 ,15.8881 ,1.9736 ,7.7535 ,
2.0000 ,7.9674 ,0.3496 ,11.2394 ,10.6246 ,1.5529 ,7.8146 ,
2.0000 ,7.9645 ,0.6844 ,5.4816 ,6.7364 ,0.7608 ,7.9281 ,
2.0000 ,2.1759 ,0.3554 ,37.1514 ,-30.6280 ,1.3141 ,1.7343 ,
2.0000 ,2.1751 ,0.6874 ,40.3956 ,-32.9295 ,1.4096 ,1.6565 ,
2.0000 ,2.1750 ,0.7237 ,39.0205 ,-32.0534 ,1.3694 ,1.6898 ,
1.0000 ,0.9781 ,0.9637 ,-19.7060 ,3.5222 ,-0.3298 ,0.9208 ,
1.0000 ,0.9780 ,0.9022 ,-19.3406 ,4.1639 ,-0.3239 ,0.9228 ,
1.0000 ,0.9780 ,0.4679 ,-20.2305 ,4.8060 ,-0.3382 ,0.9176 ,
1.0000 ,0.9778 ,0.8144 ,-20.6382 ,4.1639 ,-0.3446 ,0.9151 ,
1.0000 ,0.9777 ,0.9414 ,-20.2331 ,4.1639 ,-0.3381 ,0.9174 ,
1.0000 ,0.9775 ,0.7923 ,-19.6770 ,2.8829 ,-0.3292 ,0.9205 ,
1.0000 ,0.9775 ,0.5379 ,-19.9377 ,2.8829 ,-0.3333 ,0.9189 ,
1.0000 ,0.9775 ,0.3365 ,-20.2331 ,4.1639 ,-0.3380 ,0.9171 ,
1.0000 ,0.9774 ,0.7426 ,-20.2823 ,4.8060 ,-0.3388 ,0.9168 ,
1.0000 ,0.9771 ,0.3845 ,-19.4766 ,4.8060 ,-0.3258 ,0.9212 ,
1.0000 ,0.9771 ,0.4222 ,-19.6949 ,4.1639 ,-0.3293 ,0.9199 ,
1.0000 ,0.9771 ,0.5910 ,-20.6853 ,4.1639 ,-0.3451 ,0.9141 ,
1.0000 ,0.9770 ,0.4502 ,-19.7391 ,3.5222 ,-0.3300 ,0.9196 ,
1.0000 ,0.9768 ,0.7532 ,-19.7391 ,4.8060 ,-0.3299 ,0.9194 ,
1.0000 ,0.9767 ,0.3007 ,-20.0674 ,4.8060 ,-0.3351 ,0.9174 ,
0.0000 ,0.8647 ,0.8160 ,-0.2740 ,3.5241 ,-0.0041 ,0.8647 ,
0.0000 ,0.8647 ,0.5439 ,-0.7001 ,4.1639 ,-0.0106 ,0.8646 ,
0.0000 ,0.8645 ,0.7500 ,0.0030 ,4.1658 ,0.0000 ,0.8645 ,
0.0000 ,0.8644 ,0.9754 ,0.1625 ,4.8060 ,0.0025 ,0.8644 ,
0.0000 ,0.8639 ,0.3186 ,-0.1898 ,4.1658 ,-0.0029 ,0.8639 ,
0.0000 ,0.8638 ,0.6151 ,-0.5089 ,5.4488 ,-0.0077 ,0.8638 ,
0.0000 ,0.8637 ,0.2066 ,-0.9623 ,4.1639 ,-0.0145 ,0.8635 ,
0.0000 ,0.8637 ,1.0000 ,-0.2908 ,4.8060 ,-0.0044 ,0.8636 ,
0.0000 ,0.8635 ,0.4743 ,-0.8468 ,2.8829 ,-0.0128 ,0.8635 ,
0.0000 ,0.8635 ,1.0000 ,0.0808 ,3.5241 ,0.0012 ,0.8635 ,
0.0000 ,0.8634 ,0.3690 ,0.0495 ,3.5241 ,0.0007 ,0.8634 ,
0.0000 ,0.8634 ,0.7796 ,-0.4440 ,4.1658 ,-0.0067 ,0.8633 ,
0.0000 ,0.8632 ,0.6116 ,-0.9013 ,4.8060 ,-0.0136 ,0.8631 ,
0.0000 ,0.8632 ,0.4777 ,-0.9455 ,3.5241 ,-0.0142 ,0.8631 ,
0.0000 ,0.8632 ,0.4895 ,-0.5490 ,4.8060 ,-0.0083 ,0.8632 ,
0.0000 ,0.8632 ,0.4442 ,-0.6665 ,4.8060 ,-0.0100 ,0.8631 ,
0.0000 ,0.8629 ,0.3848 ,0.2066 ,4.1658 ,0.0031 ,0.8629 ,
0.0000 ,0.8629 ,0.9120 ,0.0639 ,4.8060 ,0.0010 ,0.8629 ,
0.0000 ,0.0000 ,0.0000 ,0.0000 ,0.0000 ,-0.0047 ,0.8624 ,
0.0000 ,0.0000 ,0.0000 ,0.0000 ,0.0000 ,12.9718 ,25.9436 ,
0.0000 ,0.0000 ,0.0000 ,0.0000 ,0.0000 ,-12.9718 ,25.9436 ,

