0.0332,  3.5222,  0.0334, -3.4368
0.0371,  2.8811,  0.0371,  24.1967
0.3379, -29.8165,  0.3376,  28.2551
0.3438, -29.8143,  0.3441,  26.6603
0.3496, -18.5693,  0.3497,  28.1714
0.0332,  4.1639,  0.0333, -3.5589
0.0371,  2.2421,  0.0372,  24.2750
0.3438, -26.1905,  0.3433,  25.4156
0.3906, -35.1278,  0.3906,  39.6284
0.7441, -37.5116,  0.7438,  35.6621
0.0332,  4.1639,  0.0333, -3.9626
0.3516, -25.4772,  0.3511,  29.0275
0.3574, -25.4792,  0.3574,  29.1210
0.7480, -32.8119,  0.7484,  31.1846
0.7695, -34.3511,  0.7692,  30.6216
0.0332,  2.8829,  0.0334, -2.9956
0.0371,  2.8811,  0.0372,  25.0536
0.0840, -32.0557,  0.0843, -37.9162
0.3516, -36.7089,  0.3525,  27.3321
0.3633, -42.5289,  0.3627,  29.3931
0.0332,  4.1639,  0.0333, -3.3509
0.0371,  3.4508,  0.0372,  24.2108
0.0449, -22.6742,  0.0447,  9.1771
0.0840, -32.8142,  0.0844, -37.8547
0.3555, -29.8165,  0.3552,  29.8445
0.0332,  2.2421,  0.0333, -3.6915
0.0371,  0.9612,  0.0372,  24.8219
0.0840,  39.1438,  0.0844, -37.3699
0.3574, -29.0813,  0.3578,  29.8685
0.4062, -29.0791,  0.4063,  30.2710
0.0332,  2.8811,  0.0333, -1.9953
0.0371,  2.2402,  0.0372,  25.1230
0.0840, -32.0534,  0.0839, -38.9772
0.1055, -24.0670,  0.1051,  18.1924
0.4102, -53.0220,  0.4103,  28.8882
0.0332,  4.1639,  0.0333,  0.3622
0.0371,  2.2421,  0.0377,  20.1571
0.0449, -24.0691,  0.0447,  8.1876
0.0840, -32.8119,  0.0840, -39.2697
0.0898, -33.5769,  0.0897,  20.8406
0.0332,  2.8811,  0.0333, -0.4063
0.0371,  0.9612,  0.0371,  23.5405
0.0449, -26.1884,  0.0447,  1.7013
0.0840, -32.0557,  0.0839, -38.3780
0.1328,  7.3815,  0.1324, -7.7253
0.0332,  2.2402,  0.0333,  0.7755
0.0371,  0.9612,  0.0377,  20.3182
0.0449, -23.3698,  0.0448,  2.2937
0.0840, -33.5769,  0.0839, -37.9162
0.4277, -32.0534,  0.4277,  32.3127
0.0332,  5.4488,  0.0333, -0.8533
0.0371,  3.5241,  0.0377,  20.4636
0.0449, -24.7722,  0.0447,  6.5473
0.0840, -32.0534,  0.0839, -39.1124
0.0898, -32.8142,  0.0895,  20.3002
0.0332,  4.8060,  0.0333,  0.3622
0.0371,  4.1639,  0.0376,  20.4413
0.0449, -25.4772,  0.0447,  3.3445
0.0840, -30.5571,  0.0840, -39.7649
0.0898, -33.5769,  0.0900,  23.4487
0.0332,  3.5222,  0.0333,  1.2606
0.0371,  2.6261,  0.0377,  20.3182
0.0449, -23.3698,  0.0447,  4.6931
0.0840, -34.3488,  0.0839, -38.8937
0.4414, -35.1301,  0.4414,  34.1923
0.0332,  4.1639,  0.0333,  0.7883
0.0371,  3.5222,  0.0372,  24.4735
0.0449, -23.3698,  0.0453,  6.3404
0.0898, -32.0557,  0.0895,  22.1260
0.4199, -38.3255,  0.4195,  39.1073
0.0332,  2.8829,  0.0333,  1.0906
0.0371,  4.1639,  0.0376,  20.5731
0.0449, -24.0670,  0.0448,  1.8738
0.0840, -30.5571,  0.0839, -39.3318
0.4277, -40.8172,  0.4277,  42.7126
0.0332,  4.1639,  0.0333,  0.5193
0.0371,  2.8829,  0.0376,  20.5397
0.0449, -25.4772,  0.0447,  1.2815
0.0840, -33.3657,  0.0839, -38.2492
0.0898, -34.3488,  0.0895,  19.6633
0.0332,  2.8829,  0.0333,  0.5659
0.0371,  3.5222,  0.0377,  20.1503
0.0449, -24.7701,  0.0448,  5.2915
0.0840, -31.3034,  0.0838, -39.3453
0.4355, -41.6661,  0.4347,  41.2666
0.0332,  4.1639,  0.0333,  0.8597
0.0371,  2.2421,  0.0371,  24.9262
0.0449, -24.7701,  0.0446,  0.5490
0.0840, -32.8119,  0.0839, -38.4476
0.0898, -33.5769,  0.0900,  23.2156
0.0332,  3.5241,  0.0333,  0.7106
0.0371,  2.8829,  0.0372,  23.9026
0.0449, -26.1884,  0.0447,  2.7813
0.0840, -31.3034,  0.0839, -38.0973
0.4512, -41.6686,  0.4511,  42.9531
0.0332,  3.5222,  0.0333,  1.1724
0.0371,  2.2421,  0.0371,  24.9907
0.0449, -24.7701,  0.0447,  3.7839
0.0840, -34.3488,  0.0839, -38.7322
0.0898, -35.9144,  0.0900,  23.7764
0.0332,  2.8829,  0.0333,  0.5218
0.0371,  2.8829,  0.0377,  20.6202
0.0449, -23.3698,  0.0448,  2.6489
0.0840, -30.5571,  0.0838, -39.4241
0.4629, -45.1927,  0.4634,  42.6668
0.0332,  4.1639,  0.0333,  0.4504
0.0371,  2.2421,  0.0377,  20.3917
0.0449, -22.6742,  0.0446,  4.0406
0.0840, -32.0557,  0.0839, -38.3054
0.0898, -34.3488,  0.0900,  23.8728
0.0332,  3.5241,  0.0333,  0.3726
0.0371,  3.5222,  0.0377,  20.3293
0.0449, -22.6742,  0.0447,  4.1628
0.0840, -29.8165,  0.0839, -37.9055
0.0898, -33.5769,  0.0896,  20.9435
0.0332,  4.1639,  0.0333,  0.2908
0.0371,  2.8829,  0.0376,  20.7436
0.0449, -24.7722,  0.0448,  6.4311
0.0840, -32.8142,  0.0839, -39.2210
0.0898, -32.8142,  0.0900,  23.3666
0.0332,  4.1639,  0.0333,  0.9896
0.0371,  2.2421,  0.0377,  20.6965
0.0449, -24.0691,  0.0447,  5.0133
0.0840, -35.1278,  0.0840, -38.9587
0.4961, -47.0398,  0.4964,  43.0534
0.0332,  3.5241,  0.0333,  0.5218
0.0371,  2.8829,  0.0377,  20.2442
0.0449, -23.3698,  0.0442,  1.7895
0.0840, -32.8142,  0.0839, -38.7131
0.4980, -45.1954,  0.4980,  45.9222
0.0332,  3.5241,  0.0333,  0.0495
0.0371,  4.1639,  0.0377,  20.4413
0.0449, -24.0691,  0.0447,  4.5057
0.0840, -31.3034,  0.0840, -37.5578
0.0898, -31.3034,  0.0904,  25.5249
0.0332,  2.8829,  0.0333,  0.8196
0.0371,  2.2421,  0.0377,  20.1571
0.0449, -24.0691,  0.0447,  3.6538
0.0840, -30.5571,  0.0839, -38.5039
0.0898, -33.5769,  0.0904,  24.5677
0.0332,  4.1639,  0.0333,  0.8260
0.0371,  4.1639,  0.0376,  20.3335
0.0449, -24.0691,  0.0447,  3.2457
0.0840, -32.7221,  0.0839, -38.6567
0.0898, -34.3488,  0.0901,  24.3234
0.0332,  3.5241,  0.0333,  0.7314
0.0371,  3.5241,  0.0377,  20.3626
0.0449, -23.5462,  0.0447,  9.4703
0.0840, -32.8119,  0.0838, -37.7938
0.5352, -44.2940,  0.5345,  46.4410
0.0332,  4.1639,  0.0333,  0.6897
0.0371,  2.2421,  0.0377,  20.3515
0.0449, -23.3698,  0.0447,  4.3984
0.0840, -33.5792,  0.0840, -38.7538
0.5469, -46.1085,  0.5463,  46.7157
0.0332,  3.5241,  0.0333,  1.1660
0.0371,  4.1639,  0.0377,  20.1212
0.0840, -32.0534,  0.0839, -39.6940
0.5527, -48.9532,  0.5532,  48.1084
0.5586, -47.9877,  0.5581,  46.5295
0.0332,  3.5241,  0.0333,  0.8637
0.0371,  2.8829,  0.0377,  21.0316
0.0840, -32.8142,  0.0839, -38.3401
0.0898, -33.5792,  0.0900,  23.2566
0.5684, -47.0398,  0.5675,  45.5049
0.0332,  3.5241,  0.0333,  0.9013
0.0371,  4.1639,  0.0377,  20.0495
0.0449, -23.3698,  0.0446,  7.9479
0.0840, -32.3038,  0.0839, -39.0907
0.5762, -44.2914,  0.5760,  46.1127
0.0332,  4.1639,  0.0333,  1.0906
0.0371,  2.2421,  0.0377,  20.4678
0.5820, -46.1085,  0.5827,  45.8624
0.5859, -47.0398,  0.5867,  46.7157
0.5996, -47.0426,  0.5989,  46.3678
0.0332,  4.8060,  0.0333,  0.4375
0.0371,  4.1639,  0.0377,  20.0384
0.0840, -31.3034,  0.0839, -39.5602
0.5996, -46.1112,  0.5995,  45.4774
0.6113, -45.1954,  0.6123,  47.0630
0.0332,  4.8060,  0.0333,  0.8260
0.0371,  2.8829,  0.0376,  20.4969
0.0449, -24.7701,  0.0447,  3.9458
0.6074, -44.2940,  0.6094,  44.2955
0.6211, -42.5314,  0.6210,  43.1050
0.0332,  3.5241,  0.0333,  0.3895
0.0371,  3.5241,  0.0377,  20.0674
0.0449, -24.0691,  0.0447,  5.6498
0.0840, -30.5571,  0.0839, -38.2359
0.6191, -43.4063,  0.6185,  43.4630
0.0332,  3.5241,  0.0333,  1.0297
0.0371,  2.8829,  0.0377,  20.4747
0.0840, -33.5769,  0.0839, -37.7036
0.6230, -44.2914,  0.6231,  43.8053
0.6289, -44.2914,  0.6284,  43.3184
0.0332,  2.8829,  0.0333,  1.1179
0.0371,  2.8829,  0.0377,  19.6123
0.0840, -32.8119,  0.0839, -37.7857
0.6348, -44.2914,  0.6347,  43.0073
0.6387, -43.4063,  0.6383,  42.8929
0.0332,  3.5241,  0.0333,  0.9791
0.0371,  2.8829,  0.0376,  20.2331
0.0449, -25.4772,  0.0448,  4.9353
0.0840, -31.3034,  0.0839, -38.9803
0.6484, -40.8172,  0.6482,  43.0995
0.0332,  2.8829,  0.0333,  0.6308
0.0371,  2.8829,  0.0372,  23.3526
0.0449, -24.0691,  0.0447,  4.0808
0.0840, -32.8119,  0.0838, -39.4055
0.1191,  1.5997,  0.1193, -24.6718
0.0332,  3.5241,  0.0333,  1.3276
0.0371,  4.1639,  0.0377,  20.4525
0.0449, -24.7722,  0.0446,  3.5823
0.0840, -32.8119,  0.0839, -39.5982
0.0898, -32.0557,  0.0901,  22.4028
0.0332,  3.5241,  0.0333,  0.8870
0.0371,  4.8060,  0.0377,  20.2126
0.0449, -24.0670,  0.0448,  3.1529
0.0840, -32.0534,  0.0839, -39.1827
0.6719, -41.6686,  0.6719,  43.0304
0.0332,  3.5241,  0.0333,  0.7883
0.0371,  4.1639,  0.0377,  20.3943
0.0449, -23.3698,  0.0447,  4.9208
0.0840, -32.8142,  0.0839, -38.9854
0.0898, -35.9144,  0.0901,  22.0715
0.0332,  4.8060,  0.0333,  0.8052
0.0371,  2.8829,  0.0377,  20.1503
0.0449, -24.7701,  0.0448,  3.1723
0.0840, -29.0813,  0.0839, -38.3218
0.0898, -32.8119,  0.0899,  21.2000
0.0332,  5.4488,  0.0333,  0.6665
0.0371,  4.8060,  0.0377,  20.6811
0.0449, -24.7701,  0.0448,  3.6071
0.0840, -31.3012,  0.0839, -38.1054
0.0898, -33.5769,  0.0896,  20.9143
0.0332,  3.5241,  0.0333,  0.8092
0.0371,  3.5241,  0.0377,  19.6812
0.0449, -24.0670,  0.0447,  7.4564
0.0840, -35.1278,  0.0839, -37.2752
0.1055, -25.4772,  0.1054,  22.3278
0.0332,  4.1639,  0.0332,  0.8429
0.0371,  4.1639,  0.0377,  20.0964
0.0449, -24.7701,  0.0447,  3.7630
0.0840, -32.0557,  0.0839, -38.8104
0.0898, -32.8142,  0.0896,  20.4567
0.0332,  4.8060,  0.0333,  0.7819
0.0371,  4.1639,  0.0377,  20.3943
0.0449, -24.0670,  0.0447,  8.2192
0.0840, -33.5769,  0.0840, -38.2176
0.0898, -32.8119,  0.0900,  22.9990
0.0332,  3.5241,  0.0333,  0.6873
0.0371,  4.0878,  0.0377,  19.5166
0.0449, -22.6742,  0.0447,  2.7813
0.0840, -30.5571,  0.0839, -39.1290
0.0898, -32.0534,  0.0900,  22.8441
0.0332,  4.8060,  0.0333,  0.9013
0.0371,  4.1639,  0.0377,  20.5620
0.0449, -23.3698,  0.0447,  5.2536
0.0840, -31.3012,  0.0839, -38.8886
0.0898, -32.8119,  0.0904,  23.2269
0.0332,  4.1658,  0.0333,  0.6937
0.0371,  3.5241,  0.0376,  20.4636
0.0449, -23.9466,  0.0448,  3.4666
0.0840, -30.5571,  0.0839, -39.3453
0.0898, -32.8142,  0.0896,  21.3850
0.0332,  4.8060,  0.0333,  0.3934
0.0371,  4.1639,  0.0377,  20.7616
0.0449, -25.4772,  0.0447,  3.2353
0.0840, -33.2657,  0.0839, -38.3432
0.0898, -35.1278,  0.0899,  23.0534
0.0332,  5.4488,  0.0332,  0.6075
0.0371,  4.1639,  0.0377,  20.5149
0.0449, -25.4772,  0.0447,  2.8944
0.0840, -31.3034,  0.0839, -38.5818
0.0898, -34.3488,  0.0901,  23.1040
0.0332,  2.8829,  0.0333,  0.4752
0.0371,  3.5222,  0.0377,  20.5149
0.0449, -24.0691,  0.0447,  4.8388
0.0840, -32.0557,  0.0839, -38.1962
0.0898, -34.4591,  0.0900,  24.0518
0.0332,  4.1639,  0.0333,  0.7274
0.0371,  2.2421,  0.0377,  20.3404
0.0449, -24.0670,  0.0447,  2.6633
0.0840, -32.0534,  0.0839, -39.1341
0.0898, -32.8142,  0.0896,  22.3621
0.0332,  3.5241,  0.0333,  0.4752
0.0371,  3.5241,  0.0376,  20.8337
0.0449, -23.3698,  0.0447,  1.1010
0.0840, -32.0534,  0.0839, -39.1859
0.0898, -33.5769,  0.0900,  22.8850
0.0332,  3.5422,  0.0333,  0.7586
0.0371,  4.1639,  0.0377,  20.5688
0.0449, -25.4772,  0.0446,  3.0944
0.0840,  34.3511,  0.0839, -37.6216
0.0898, -31.3012,  0.0900,  22.5208
0.0332,  3.5241,  0.0333,  0.3117
0.0371,  3.5222,  0.0377,  20.3182
0.0449, -24.0691,  0.0447,  4.8532
0.0840,  38.3255,  0.0839, -38.5951
0.0898, -29.0813,  0.0896,  22.2507
0.0332,  4.1658,  0.0333,  0.0198
0.0371,  4.1639,  0.0377,  20.5286
0.0449, -23.3698,  0.0447,  5.6902
0.0840, -33.5769,  0.0839, -39.7513
0.0898, -32.8142,  0.0904,  24.4594
0.0332,  4.8060,  0.0333, -0.1249
0.0371,  4.1639,  0.0377,  20.9997
0.0449, -25.4175,  0.0448,  3.9184
0.0840, -32.0534,  0.0839, -38.7589
0.0898, -32.0557,  0.0899,  23.2566
0.0332,  4.8060,  0.0333,  0.6243
0.0371,  4.1639,  0.0377,  20.9504
0.0449, -25.4772,  0.0447,  3.6811
0.0840, -32.0534,  0.0838, -38.8371
0.0898, -32.0534,  0.0899,  22.6867
0.0332,  2.8829,  0.0333,  0.8974
0.0371,  2.8829,  0.0377,  20.5149
0.0449, -24.0670,  0.0447,  5.0069
0.0840, -34.3488,  0.0839, -36.7255
0.0898, -35.9144,  0.0900,  22.7119
0.0332,  4.8060,  0.0333,  0.6704
0.0371,  4.1639,  0.0377,  19.9446
0.0449, -23.3698,  0.0447,  3.9651
0.0840, -34.3488,  0.0840, -38.5787
0.0898, -33.5769,  0.0896,  20.6673
0.0332,  4.1658,  0.0333,  0.5049
0.0371,  3.5241,  0.0377,  19.9983
0.0449, -23.9967,  0.0445,  5.9686
0.0840, -31.2852,  0.0839, -39.1859
0.0898, -32.0534,  0.0896,  20.9169
0.0332,  4.8060,  0.0333,  0.8196
0.0371,  3.4266,  0.0377,  20.4704
0.0449, -24.7701,  0.0447,  4.0198
0.0840, -32.0534,  0.0839, -39.7127
0.7617, -35.1278,  0.7624,  33.5400
0.0332,  3.5241,  0.0333,  0.5659
0.0371,  2.8829,  0.0377,  20.7325
0.0840, -30.5571,  0.0838, -38.2706
0.0898, -31.3034,  0.0900,  21.0831
0.7656, -39.1438,  0.7658,  33.6816
0.0332,  4.8060,  0.0333,  0.7314
0.0371,  4.1639,  0.0377,  20.9032
0.0840, -33.5769,  0.0839, -38.2523
0.7559, -27.6242,  0.7582,  33.1959
0.7617, -36.7089,  0.7624,  28.3097
0.0332,  4.1639,  0.0333,  0.3518
0.7559, -32.8142,  0.7555,  31.0862
0.7617, -34.3488,  0.7620,  29.3976
0.0332,  4.1639,  0.0333,  0.3349
0.0371,  3.5222,  0.0377,  20.1212
0.0449, -24.0691,  0.0447,  4.0198
0.7539, -30.5571,  0.7541,  29.6847
0.7617, -32.0557,  0.7630,  26.2364
0.0332,  4.1639,  0.0333,  1.0738
0.0371,  3.5222,  0.0377,  20.5509
0.7480, -29.0813,  0.7480,  24.7919
0.7539, -33.4535,  0.7554,  75.5718
0.7598, -34.3511,  0.7598,  23.7878
0.0332,  5.4488,  0.0333, -0.1209
0.0371,  4.1658,  0.0377,  20.7462
0.0449, -25.4772,  0.0448,  2.6826
0.0840, -33.5769,  0.0839, -38.6700
0.7539, -24.7701,  0.7543,  22.7640
0.0332,  3.5241,  0.0333, -0.3622
0.0371,  4.1639,  0.0377,  19.7596
0.0449, -24.7701,  0.0447,  5.3422
0.0840, -32.8119,  0.0838, -40.1508
0.0898, -33.5769,  0.0895,  20.8809
0.0332,  4.1639,  0.0333,  0.6035
0.0371,  3.1441,  0.0377,  19.7570
0.0449, -24.7701,  0.0447,  4.3670
0.0840, -32.8119,  0.0839, -39.5332
0.0898, -33.5769,  0.0900,  23.5222
0.0332,  4.8060,  0.0333,  0.0367
0.0371,  3.6405,  0.0377,  20.9663
0.0449, -24.0691,  0.0447,  3.9691
0.0840, -31.3034,  0.0839, -38.1798
0.0898, -34.3488,  0.0905,  25.0580
0.0332,  3.5241,  0.0333,  0.9455
0.0371,  3.5222,  0.0377,  19.7128
0.0449, -24.0691,  0.0448,  4.1186
0.0840, -34.3488,  0.0839, -39.0907
0.7285, -17.8953,  0.7304,  20.6673
0.0332,  3.5241,  0.0333,  0.5490
0.0371,  4.8060,  0.0377,  20.4678
0.0449, -26.1884,  0.0448,  1.4599
0.0840, -31.3012,  0.0839, -38.4741
0.0898, -30.5571,  0.0895,  21.8001
0.0332,  4.1639,  0.0333,  0.3181
0.0371,  2.2421,  0.0376,  19.6923
0.0449, -23.3698,  0.0447,  4.4555
0.0840, -32.8142,  0.0839, -38.6033
0.0898, -31.3796,  0.0904,  26.4000
0.0332,  4.8060,  0.0333,  0.1690
0.0371,  2.8829,  0.0377,  20.4456
0.0449, -24.7722,  0.0447,  6.2242
0.0840, -30.5571,  0.0840, -38.5520
0.0898, -32.0557,  0.0900,  22.1260
0.0332,  3.5241,  0.0333,  0.5361
0.0371,  4.1639,  0.0372,  24.0887
0.0449, -24.7701,  0.0446,  2.8567
0.0840, -32.8119,  0.0838, -39.0505
0.0898, -34.3488,  0.0903,  23.2156
0.0332,  3.5241,  0.0333,  0.1209
0.0371,  2.8829,  0.0377,  20.2152
0.0449, -24.7701,  0.0446,  6.1734
0.0840, -32.0557,  0.0838, -38.4393
0.0898, -32.8119,  0.0900,  23.7510
0.0332,  3.5241,  0.0333,  1.2750
0.0371,  2.8829,  0.0377,  20.0163
0.0449, -22.6742,  0.0447,  6.4456
0.0840, -32.0557,  0.0840, -39.5576
0.0898, -32.0557,  0.0904,  24.0062
0.0332,  2.8829,  0.0333,  0.5153
0.0371,  3.5222,  0.0377,  19.8039
0.0449, -23.3698,  0.0447,  5.4686
0.0840, -32.8142,  0.0839, -39.5384
0.0898, -32.0557,  0.0900,  23.2523
0.0332,  2.8829,  0.0333,  1.0738
0.0371,  2.2421,  0.0377,  20.5868
0.0449, -24.7701,  0.0447,  6.5134
0.0840, -32.8119,  0.0839, -38.3963
0.0898, -35.1278,  0.0901,  24.2565
0.0332,  2.8829,  0.0333,  0.8156
0.0371,  3.5222,  0.0372,  23.1929
0.0449, -23.3698,  0.0447,  6.2686
0.0840, -32.8119,  0.0839, -38.2656
0.0898, -33.5769,  0.0894,  21.2542
0.0332,  4.1658,  0.0333,  0.2363
0.0371,  3.5241,  0.0377,  20.3156
0.0449, -23.3698,  0.0446,  2.9892
0.0840, -31.3034,  0.0839, -37.4466
0.0898, -31.3034,  0.0900,  24.2451
0.0332,  3.5241,  0.0333,  0.6496
0.0371,  4.1639,  0.0376,  20.4096
0.0449, -23.3698,  0.0446,  4.1499
0.0840, -32.0557,  0.0839, -38.7805
0.0898, -30.5571,  0.0896,  20.7976
0.0332,  4.8060,  0.0333,  0.3349
0.0371,  4.8060,  0.0377,  20.5868
0.0449, -24.7701,  0.0447,  1.3548
0.0840, -31.3012,  0.0839, -38.4824
0.0898, -33.5769,  0.0899,  23.1040
0.0332,  3.5241,  0.0333,  0.5490
0.0371,  4.1639,  0.0377,  20.2152
0.0449, -25.4772,  0.0452,  6.2935
0.0840, -32.8119,  0.0839, -39.0371
0.0898, -33.5769,  0.0896,  19.8797
0.0332,  4.8060,  0.0333,  0.7883
0.0371,  4.1639,  0.0377,  20.9143
0.0449, -24.7722,  0.0447,  6.4860
0.0840, -32.8142,  0.0839, -38.5603
0.0898, -34.3488,  0.0895,  19.5566
0.0332,  3.5241,  0.0333,  0.4271
0.0371,  4.1639,  0.0377,  21.0650
0.0449, -25.4772,  0.0447,  6.1799
0.0840, -32.8119,  0.0839, -38.0891
0.0898, -32.8142,  0.0896,  22.1330
0.0332,  2.8829,  0.0333,  0.6560
0.0371,  2.2421,  0.0377,  20.2823
0.0449, -24.7701,  0.0447,  4.0366
0.0840, -32.8119,  0.0838, -38.4874
0.0898, -32.0557,  0.0900,  21.9833
0.0332,  4.8060,  0.0333,  0.0054
0.0371,  4.1639,  0.0377,  20.5175
0.0449, -25.4772,  0.0447,  1.4014
0.0840, -31.3034,  0.0839, -38.3268
0.0898, -32.0557,  0.0897,  21.1234
0.0332,  3.5241,  0.0333,  1.4663
0.0371,  4.1639,  0.0376,  21.2946
0.0449, -24.0691,  0.0447,  5.3148
0.0840, -33.5769,  0.0839, -39.2044
0.0898, -34.3488,  0.0896,  21.2765
0.0332,  2.8829,  0.0333,  0.3622
0.0371,  2.2421,  0.0377,  20.1392
0.0449, -23.3698,  0.0442,  1.2036
0.0840, -30.5571,  0.0839, -38.3616
0.1113, -21.2914,  0.1119, -5.2979
0.0332,  4.8060,  0.0333,  0.7859
0.0371,  4.1639,  0.0376,  20.7796
0.0449, -24.0691,  0.0447,  6.3952
0.0840, -33.5769,  0.0839, -39.4459
0.0898, -32.8119,  0.0896,  20.8406
0.0332,  4.1658,  0.0333,  0.1922
0.0371,  3.5241,  0.0376,  20.3584
0.0449, -25.4772,  0.0448,  2.0835
0.0840, -31.3034,  0.0839, -39.0371
0.0898, -34.3488,  0.0900,  22.9145
0.0332,  4.1658,  0.0333,  0.8741
0.0371,  4.8060,  0.0377,  20.5466
0.0449, -23.3698,  0.0448,  2.3419
0.0840, -33.5769,  0.0839, -38.4906
0.0898, -34.3488,  0.0900,  23.7190
0.0332,  4.8060,  0.0333,  0.7923
0.0371,  4.1639,  0.0377,  20.3293
0.0449, -24.7701,  0.0447,  5.1755
0.0840, -32.0534,  0.0838, -38.6916
0.5664, -13.9007,  0.5672,  14.9922
0.0332,  5.4488,  0.0333,  0.1016
0.0371,  3.5241,  0.0377,  20.6520
0.0449, -25.4772,  0.0448,  7.2406
0.0840, -30.5571,  0.0839, -37.7512
0.0898, -32.0557,  0.0895,  20.5106
0.0332,  4.5788,  0.0333,  0.5906
0.0371,  2.8829,  0.0377,  19.9335
0.0449, -23.3698,  0.0447,  3.8911
0.0840, -35.9144,  0.0839, -37.3518
0.0898, -35.9144,  0.0899,  23.4627
0.0332,  3.5241,  0.0333,  0.5867
0.0371,  2.8829,  0.0377,  20.3763
0.0449, -23.3698,  0.0446,  5.8461
0.0840, -34.3488,  0.0839, -38.1401
0.0898, -35.1278,  0.0896,  22.2031
0.0332,  3.5241,  0.0333,  1.0193
0.0371,  2.8829,  0.0377,  20.2152
0.0449, -24.6256,  0.0447,  3.8767
0.0840, -31.3034,  0.0839, -38.4128
0.0938, -29.0791,  0.0938,  27.4928
0.0332,  4.1639,  0.0333,  0.6308
0.0371,  4.1639,  0.0376,  19.8465
0.0449, -24.0691,  0.0447,  3.4939
0.0840, -31.3034,  0.0839, -38.5090
0.5117, -15.8861,  0.5112,  15.3120
0.0332,  4.1639,  0.0332,  0.8092
0.0371,  3.5222,  0.0377,  20.6091
0.0449, -24.0691,  0.0446,  3.5549
0.5059, -17.8934,  0.5063,  16.1887
0.5098, -15.8881,  0.5097,  17.8813
0.0332,  3.5241,  0.0333,  0.5361
0.0371,  3.5241,  0.0377,  20.0453
0.0840, -32.0557,  0.0838, -38.8504
0.5020, -15.2216,  0.5019,  16.0794
0.5078, -15.2216,  0.5085,  12.0625
0.0332,  4.8060,  0.0333,  0.4985
0.0371,  4.1639,  0.0376,  20.9392
0.4824, -13.2421,  0.4825,  16.4531
0.4863, -11.9302,  0.4854,  15.2662
0.4941, -13.2421,  0.4939,  13.9538
0.0332,  4.1658,  0.0333,  0.4816
0.0371,  3.5241,  0.0377,  20.5731
0.4707, -14.5592,  0.4712,  15.5448
0.4785, -12.5853,  0.4793,  15.9026
0.4844, -5.4488,  0.4843,  13.0926
0.0332,  3.5241,  0.0333,  0.7547
0.0371,  4.1639,  0.0377,  20.3224
0.4629, -13.0843,  0.4632,  15.6384
0.4707, -11.9302,  0.4712,  15.3094
0.4785, -12.5853,  0.4779,  12.8683
0.0332,  4.8060,  0.0333,  0.4038
0.0371,  4.1639,  0.0377,  20.0495
0.4512, -15.2216,  0.4513,  14.5970
0.4590,  4.1658,  0.4596,  14.4844
0.4648,  2.8811,  0.4646,  11.8371
0.0332,  4.1639,  0.0333,  0.0327
0.0371,  3.5222,  0.0372,  23.5081
0.4414, -13.9007,  0.4422,  14.5755
0.4492, -13.2421,  0.4491,  16.2259
0.4590, -0.9612,  0.4588,  9.6150
0.0332,  3.5241,  0.0333,  1.2438
0.0371,  2.8829,  0.0376,  20.4165
0.4316, -12.5853,  0.4320,  14.7056
0.4395, -13.9007,  0.4390,  15.5032
0.4492,  2.2421,  0.4497,  10.1607
0.0332,  4.1639,  0.0333,  0.3325
0.0371,  3.5222,  0.0376,  20.7033
0.4238, -14.5592,  0.4234,  13.0819
0.4277, -11.9302,  0.4275,  13.3058
0.4414, -11.2748,  0.4413,  9.1665
0.0332,  2.8829,  0.0333,  0.7170
0.0371,  3.5222,  0.0376,  20.6091
0.4121, -12.5684,  0.4120,  13.9431
0.4199, -12.5834,  0.4200,  12.4534
0.4297, -6.0941,  0.4294,  8.2742
0.0332,  4.8060,  0.0333,  0.9455
0.0371,  2.8829,  0.0376,  21.0024
0.4043, -11.9302,  0.4042,  12.0453
0.4102, -10.6246,  0.4101,  12.5240
0.4199, -10.6227,  0.4206,  8.8219
0.0332,  2.8829,  0.0333,  0.5698
0.0371,  2.8829,  0.0376,  20.2331
0.0840, -30.5571,  0.0839, -38.4046
0.3965, -4.8079,  0.3969,  12.6595
0.4004, -10.0260,  0.4005,  12.4362
0.0332,  4.1658,  0.0333,  0.5193
0.0371,  4.8060,  0.0377,  19.4451
0.3926, -9.9740,  0.3923,  8.7667
0.3984, -9.9721,  0.3982,  10.6217
0.4043, -8.0294,  0.4041,  6.7628
0.0332,  4.1639,  0.0333, -0.0639
0.0371,  3.5222,  0.0376,  20.5757
0.0840, -33.5769,  0.0839, -37.6954
0.3848, -10.6227,  0.3858,  8.1876
0.3906, -9.3227,  0.3907,  10.1436
0.0332,  3.5241,  0.0333,  0.5594
0.0371,  2.8829,  0.0376,  20.3943
0.3711, -7.3815,  0.3710,  7.2511
0.3848, -8.0294,  0.3854,  6.9954
0.3887, -7.3815,  0.3882,  6.4182
0.0332,  2.8829,  0.0333,  0.4038
0.0371,  2.2421,  0.0377,  19.5319
0.3711, -6.7383,  0.3710,  7.2511
0.3770, -10.6227,  0.3774,  7.0333
0.4512, -13.8988,  0.4514,  12.5864
0.0332,  4.1639,  0.0333,  0.5193
0.0371,  4.1639,  0.0377,  19.9736
0.3672, -4.8060,  0.3671,  3.9691
0.3770, -6.7364,  0.3772,  6.4481
0.3965, -5.4507,  0.3968,  2.1405
0.0332,  4.1639,  0.0333,  0.8870
0.0371,  4.1639,  0.0377,  20.3806
0.0840, -32.0534,  0.0839, -39.7346
0.3574, -2.2421,  0.3571,  3.7084
0.3672,  0.3192,  0.3667,  3.4770
0.0332,  4.8060,  0.0333,  0.7106
0.0371,  4.1639,  0.0377,  21.5676
0.0840, -30.5571,  0.0840, -37.8233
0.3574, -1.5997,  0.3566,  2.0900
0.3613, -0.9612,  0.3623,  0.7715
0.0332,  4.1639,  0.0333,  0.3181
0.0371,  2.2421,  0.0377,  20.5149
0.3535, -0.9594,  0.3535, -0.4752
0.3594, -0.9594,  0.3598,  0.3518
0.3730, -0.3192,  0.3724,  3.6369
0.0332,  4.1639,  0.0333,  0.4945
0.0371,  3.5222,  0.0376,  20.9817
0.0449, -24.0691,  0.0447,  4.3099
0.0840, -31.3034,  0.0839, -38.5172
0.3574,  0.9612,  0.3568, -1.1347
0.0332,  4.1639,  0.0333,  1.4222
0.0371,  2.2421,  0.0377,  20.8517
0.3555,  2.8811,  0.3559, -2.4807
0.3594,  3.5222,  0.3588, -1.5858
0.3633,  3.5222,  0.3638, -3.8449
0.0332,  2.8829,  0.0332,  0.1922
0.0371,  2.8829,  0.0377,  20.4387
0.3496,  4.8060,  0.3504, -2.1678
0.3555,  4.8060,  0.3551, -3.4199
0.3633, -11.2767,  0.3634, -4.0913
0.0332,  4.1658,  0.0332,  0.1962
0.0371,  3.5241,  0.0377,  20.5980
0.3457,  6.0941,  0.3453, -5.7514
0.3496,  7.3815,  0.3497, -4.9925
0.3652,  6.7364,  0.3644, -7.9754
0.0332,  3.5222,  0.0334,  1.4871
0.0371,  1.6016,  0.0377,  20.8517
0.3477, -9.9740,  0.3469, -5.9477
0.3516, -9.9721,  0.3522, -7.4289
0.3555,  6.7383,  0.3554, -8.7627
0.0332,  4.1639,  0.0333,  0.5802
0.0371,  2.8829,  0.0377,  20.3917
0.3477,  8.6745,  0.3480, -6.9824
0.3555,  9.3227,  0.3549, -7.2785
0.0332,  4.8060,  0.0333,  0.6412
0.0371,  4.1639,  0.0377,  20.6408
0.3496,  11.9302,  0.3497, -8.7798
0.0332,  3.5241,  0.0333, -0.1625
0.0371,  4.1639,  0.0377,  20.3113
0.3438,  12.5853,  0.3443, -12.0346
0.3477,  11.9302,  0.3472, -11.0000
0.3555,  12.5853,  0.3554, -11.6504
0.0332,  4.1658,  0.0333,  0.0471
0.3496,  9.9740,  0.3489, -11.5714
0.3652,  0.3192,  0.3653, -6.0363
0.8730,  8.0275,  0.8753, -7.0798
0.8867,  8.6764,  0.8866, -8.8324
0.3457,  13.9007,  0.3460, -13.1699
0.3516,  15.8881,  0.3506, -13.0366
0.3574,  16.5529,  0.3572, -14.5274
0.3633,  15.8861,  0.3624, -18.1283
0.3691,  15.8881,  0.3689, -6.9954
0.3496,  14.5611,  0.3500, -13.8737
0.3594,  17.8934,  0.3585, -16.5058
0.3652,  17.8934,  0.3649, -16.3436
0.8750,  6.7383,  0.8751, -6.0089
0.8906,  6.0941,  0.8904, -6.1943
0.3496,  15.2216,  0.3495, -15.3618
0.3555,  15.8861,  0.3563, -12.9741
0.3594,  15.8861,  0.3594, -16.8673
0.8770,  4.8079,  0.8785, -6.9784
0.8906,  4.1796,  0.8922, -5.1715
0.0332,  4.8060,  0.0333,  1.0465
0.3516,  13.2402,  0.3509, -14.3867
0.3555,  15.2236,  0.3563, -11.9617
0.3613,  17.8934,  0.3610, -16.2408
0.8906,  5.4507,  0.8916, -5.9178
0.3516,  15.8881,  0.3515, -14.2394
0.3574,  15.2236,  0.3568, -17.8964
0.3516,  18.5674,  0.3525, -13.9605
0.3535,  15.8861,  0.3535, -13.1099
0.3516,  10.6246,  0.3516, -14.7794
0.3594,  9.9740,  0.3598, -12.2297
0.3652,  13.2421,  0.3656, -13.4938
0.3535,  15.8881,  0.3536, -11.0939
0.4043,  14.5611,  0.4050, -12.6143
0.3516,  14.5592,  0.3525, -12.7779
0.0332,  4.8060,  0.0332, -0.3221
0.3516,  12.5853,  0.3521, -11.2778
0.3574,  13.3485,  0.3575, -11.2884
0.3613,  14.5592,  0.3619, -12.6727
0.3691,  19.2460,  0.3695, -16.3503
0.0332,  3.5222,  0.0333,  0.6704
0.3516,  11.9302,  0.3522, -11.8690
0.3555,  13.5689,  0.3549, -13.4031
0.3594,  15.2216,  0.3592, -12.9609
0.3750,  18.5693,  0.3758, -22.7667
0.0332,  3.5241,  0.0333,  0.5634
0.0371,  4.1639,  0.0372,  23.3526
0.3555,  17.8934,  0.3554, -12.2576
0.3652,  16.5548,  0.3643, -14.3933
0.3789,  26.9062,  0.3784, -25.6039
0.0332,  4.8060,  0.0333,  0.0599
0.0371,  4.1639,  0.0377,  20.3045
0.3574,  17.2239,  0.3573, -14.5059
0.3613,  17.8953,  0.3604, -15.3860
0.3887,  28.3492,  0.3883, -25.8696
0.0332,  3.5241,  0.0333, -0.0198
0.0371,  4.1639,  0.0372,  23.9026
0.3574,  19.2441,  0.3568, -15.7651
0.3691,  21.2935,  0.3696, -18.3380
0.3906,  22.6742,  0.3899, -28.2332
0.0332,  3.5241,  0.0333,  0.2780
0.0371,  4.1639,  0.0376,  20.1862
0.3594,  15.2216,  0.3596, -17.1503
0.3691,  22.6722,  0.3695, -19.7886
0.4141,  17.8953,  0.4137, -16.2542
0.0332,  3.5241,  0.0333,  0.3181
0.0371,  3.5241,  0.0377,  20.7574
0.0840, -35.1278,  0.0838, -40.4015
0.3633,  21.9822,  0.3629, -20.4413
0.4160,  11.9302,  0.4166, -17.1679
0.0332,  3.5241,  0.0333,  0.5906
0.0371,  4.1639,  0.0377,  20.2596
0.0840, -31.3034,  0.0839, -38.9287
0.4199,  26.1905,  0.4190, -17.9563
0.4434,  38.3231,  0.4431, -33.5228
0.0332,  3.5222,  0.0333,  0.8156
0.0371,  2.2421,  0.0376,  20.3293
0.4258,  29.0791,  0.4263, -21.5245
0.4316,  28.3513,  0.4312, -33.4824
0.4551,  33.5769,  0.4548, -33.4747
0.0332,  4.1639,  0.0333,  0.8324
0.0371,  4.1639,  0.0376,  20.6811
0.0449, -24.7722,  0.0447,  3.1827
0.4297,  31.3012,  0.4291, -20.5757
0.4668,  37.5140,  0.4670, -35.5146
0.0332,  4.1639,  0.0333,  1.1893
0.0371,  2.3678,  0.0377,  20.0743
0.0840, -32.8142,  0.0839, -38.7754
0.3945,  29.8143,  0.3944, -26.8112
0.4355,  23.3698,  0.4350, -20.9774
0.0332,  3.5241,  0.0333,  0.7651
0.0371,  2.8829,  0.0377,  20.3156
0.0449, -23.3698,  0.0447,  6.4860
0.0840, -31.3034,  0.0839, -39.0371
0.4395,  23.3698,  0.4404, -22.2732
0.0332,  2.8829,  0.0333,  0.4231
0.0371,  2.2421,  0.0377,  20.9435
0.0449, -23.3698,  0.0447,  2.5353
0.0840, -32.0557,  0.0839, -39.6940
0.0898, -33.0563,  0.0895,  20.3224
0.0332,  3.5241,  0.0333,  0.7210
0.0371,  4.1639,  0.0377,  20.1144
0.0449, -24.1581,  0.0447,  3.5083
0.0840, -31.3034,  0.0839, -38.8504
0.4551,  26.9040,  0.4552, -25.7365
0.0332,  4.8060,  0.0333,  0.2908
0.0371,  2.8829,  0.0377,  20.5397
0.0449, -24.0691,  0.0446,  1.9848
0.0840, -31.3034,  0.0839, -38.4824
0.0898, -32.8142,  0.0899,  23.0421
0.0332,  4.8060,  0.0333,  0.7314
0.0371,  4.1639,  0.0377,  20.1503
0.0449, -23.3698,  0.0447,  1.4728
0.0840, -33.5769,  0.0838, -38.6218
0.0898, -32.0557,  0.0897,  21.0762
0.0332,  4.8060,  0.0333, -0.3454
0.0371,  4.1639,  0.0377,  20.2015
0.0449, -24.0691,  0.0448,  2.8671
0.0840, -31.3034,  0.0839, -39.2780
0.0898, -33.5792,  0.0896,  19.9403
0.0332,  4.8060,  0.0333,  0.3181
0.0371,  4.1639,  0.0376,  20.1255
0.0840, -30.5571,  0.0838, -39.0122
0.4531,  33.5769,  0.4531, -32.9682
0.4570,  32.8119,  0.4575, -32.6534
0.0332,  4.8060,  0.0332,  0.0535
0.0371,  2.8829,  0.0376,  20.8379
0.0449, -24.5796,  0.0447,  3.5798
0.0840, -31.3034,  0.0839, -38.6300
0.4707,  29.8143,  0.4702, -30.1156
0.0332,  3.5241,  0.0333,  0.2339
0.0371,  2.8829,  0.0377,  20.6202
0.0840, -33.5769,  0.0839, -37.4466
0.0898, -34.3488,  0.0900,  23.1310
0.4746,  34.3488,  0.4751, -33.2664
0.0332,  4.8060,  0.0333,  0.7988
0.0371,  2.8829,  0.0377,  20.5440
0.0449, -24.0691,  0.0447,  4.5330
0.0840, -32.8781,  0.0839, -38.6947
0.4883,  35.9144,  0.4890, -32.6258
0.0332,  4.8060,  0.0333,  0.8196
0.0371,  2.8829,  0.0377,  19.5345
0.0840, -32.8119,  0.0838, -39.0773
0.4980,  37.5140,  0.4979, -33.9112
0.5020,  39.9741,  0.5015, -35.1647
0.0332,  4.8060,  0.0333, -0.0599
0.0371,  3.5241,  0.0377,  20.1212
0.5078,  33.5792,  0.5077, -34.3397
0.5156,  32.0557,  0.5182, -32.6858
0.5215,  34.3488,  0.5223, -32.5088
0.0332,  4.8060,  0.0333, -0.2195
0.0371,  4.1639,  0.0377,  19.9693
0.0449, -22.6742,  0.0447,  0.8572
0.0840, -32.8119,  0.0839, -39.0722
0.0898, -35.1278,  0.0895,  20.2083
0.0332,  4.1658,  0.0333,  0.1249
0.5293,  33.5769,  0.5303, -32.8956
0.5332,  32.8142,  0.5332, -33.6459
0.5371,  32.0557,  0.5362, -34.0606
0.5469,  33.5001,  0.5476, -33.7394
0.0332,  2.8829,  0.0333,  1.2542
0.0371,  2.2421,  0.0377,  20.1212
0.5391,  35.1278,  0.5400, -32.6087
0.5430,  34.3511,  0.5436, -31.7528
0.5566,  39.1438,  0.5563, -31.3394
0.0332,  4.1658,  0.0333,  0.7001
0.0371,  3.5241,  0.0377,  20.7282
0.0449, -23.3698,  0.0447,  6.9550
0.0898, -31.3034,  0.0896,  20.7976
0.5566,  31.3012,  0.5564, -31.1181
0.0332,  4.1639,  0.0333,  1.3717
0.0371,  2.8829,  0.0377,  20.2126
0.0449, -24.7701,  0.0446,  2.8359
0.0840, -33.5769,  0.0839, -38.7589
0.5645,  33.5792,  0.5648, -31.3365
0.0332,  4.8060,  0.0333,  1.0297
0.0371,  4.1639,  0.0376,  20.7145
0.0840, -32.0557,  0.0838, -37.9243
0.5703,  33.5792,  0.5702, -31.7848
0.5742,  32.8142,  0.5734, -31.1134
0.0332,  3.5241,  0.0333,  0.3325
0.0371,  3.5222,  0.0377,  20.4387
0.0449, -24.7701,  0.0447,  3.0165
0.0840, -29.0813,  0.0839, -40.6799
0.5879,  31.3034,  0.5876, -30.5537
0.0332,  4.8060,  0.0333,  0.8260
0.0371,  2.2421,  0.0377,  20.2596
0.0449, -23.3698,  0.0442,  0.8364
0.0840, -33.5769,  0.0839, -38.9772
0.0898, -35.1278,  0.0900,  23.1746
0.0332,  4.8060,  0.0333,  0.3518
0.0371,  2.8829,  0.0377,  20.5218
0.0840, -32.0557,  0.0839, -37.4941
0.5996,  27.6264,  0.5989, -29.1165
0.6035,  29.0813,  0.6033, -29.3931
0.0332,  3.5241,  0.0333,  0.8765
0.0371,  2.8829,  0.0377,  20.4413
0.0449, -24.0691,  0.0447,  4.0808
0.0840, -32.0534,  0.0839, -38.8854
0.0898, -30.5571,  0.0896,  21.2318
0.0332,  4.8060,  0.0333,  0.9920
0.0371,  3.5222,  0.0377,  20.7616
0.0449, -25.4772,  0.0448,  4.7921
0.0840, -33.5769,  0.0839, -39.3132
0.0898, -32.8142,  0.0904,  24.6762
0.0332,  3.2351,  0.0333,  0.2740
0.0371,  2.8829,  0.0377,  20.0743
0.0449, -23.3698,  0.0447,  6.8791
0.0840, -31.3034,  0.0839, -38.7754
0.1055, -25.4792,  0.1057,  23.4033
0.0332,  2.2421,  0.0333,  0.7001
0.0371,  2.8811,  0.0377,  20.3335
0.0449, -23.3698,  0.0446,  6.3129
0.0840, -30.5571,  0.0839, -39.3754
0.0898, -32.0557,  0.0900,  22.6276
0.0332,  5.4488,  0.0333,  1.2036
0.0371,  4.8060,  0.0377,  20.8671
0.0449, -24.7701,  0.0448,  0.8156
0.0840, -32.8119,  0.0839, -39.3453
0.0898, -32.0557,  0.0900,  24.2750
0.0332,  4.8060,  0.0333,  0.4920
0.0371,  4.8060,  0.0377,  20.6382
0.0449, -26.9040,  0.0447,  7.4669
0.0840, -31.3034,  0.0838, -39.2396
0.0898, -32.8142,  0.0895,  21.4005
0.0332,  3.5241,  0.0333,  0.5634
0.0371,  2.2421,  0.0377,  21.0788
0.0449, -23.3698,  0.0447,  4.8388
0.0840, -33.5769,  0.0839, -39.4947
0.0898, -35.1278,  0.0899,  23.5887
0.0332,  5.4488,  0.0333,  0.2299
0.0371,  4.8060,  0.0377,  20.4054
0.0449, -23.3698,  0.0447,  3.2497
0.0840, -32.8119,  0.0839, -39.1258
0.0898, -32.0557,  0.0900,  22.1485
0.0332,  3.5241,  0.0333,  0.4712
0.0371,  3.1262,  0.0377,  19.6923
0.0840, -32.8119,  0.0839, -38.4874
0.0898, -32.0534,  0.0896,  19.7570
0.1113, -11.9283,  0.1117, -6.7394
0.0332,  2.8829,  0.0333,  0.6204
0.0371,  4.1639,  0.0377,  20.4456
0.0449, -22.8947,  0.0441,  0.8701
0.0840, -30.5571,  0.0839, -38.9721
0.7227,  15.8861,  0.7236, -18.0887
0.0332,  2.8829,  0.0333,  0.6456
0.0371,  4.0512,  0.0377,  20.8379
0.0449, -23.3698,  0.0447,  2.2769
0.0840, -33.5769,  0.0838, -39.1859
0.7246,  23.3678,  0.7248, -19.3338
0.0332,  4.8060,  0.0333, -0.1016
0.0371,  2.8829,  0.0376,  20.5175
0.0449, -24.0691,  0.0447,  4.7543
0.0840, -33.5769,  0.0839, -37.7806
0.1113, -13.8988,  0.1118, -5.5508
0.0332,  3.5241,  0.0333,  0.0599
0.0371,  2.8829,  0.0377,  20.2331
0.0449, -24.7701,  0.0447,  1.4455
0.0840, -30.5571,  0.0838, -38.3218
0.0898, -31.3012,  0.0904,  23.0674
0.0332,  4.1639,  0.0333,  1.0906
0.0371,  2.2421,  0.0377,  20.1793
0.0449, -24.0670,  0.0446,  6.1395
0.0840, -31.3034,  0.0839, -38.2359
0.0898, -32.0557,  0.0895,  21.4617
0.0332,  3.5241,  0.0333,  0.9896
0.0371,  3.9371,  0.0377,  20.9997
0.0449, -25.4772,  0.0447,  4.4699
0.0840, -33.5769,  0.0839, -39.0690
0.1055, -21.9802,  0.1054,  21.3419
0.0332,  4.1658,  0.0333,  0.7145
0.0371,  3.5241,  0.0376,  21.1776
0.0449, -24.0670,  0.0447,  4.4804
0.0840, -31.3012,  0.0839, -39.2262
0.0898, -33.5769,  0.0899,  21.6646
0.0332,  4.8060,  0.0333,  0.8429
0.0371,  4.1639,  0.0376,  20.7908
0.0449, -24.0691,  0.0447,  4.6553
0.0840, -32.8119,  0.0838, -39.1073
0.0898, -35.1278,  0.0901,  25.4431
0.0332,  4.8060,  0.0333,  0.3790
0.0371,  2.8829,  0.0377,  20.2015
0.0840, -32.0534,  0.0838, -38.1748
0.0898, -33.5769,  0.0896,  21.4617
0.7090,  16.5529,  0.7089, -16.2475
0.0332,  4.1639,  0.0333,  0.7611
0.0371,  2.2421,  0.0377,  20.2015
0.0449, -23.3698,  0.0447,  3.4497
0.7012,  18.5693,  0.7011, -14.0207
0.7109,  11.2748,  0.7111, -16.4030
0.0332,  2.2421,  0.0333,  0.3622
0.0371,  2.2421,  0.0376,  20.7728
0.6992,  15.2216,  0.7001, -15.8567
0.7051,  15.2216,  0.7057, -10.3868
0.0332,  3.5241,  0.0333,  0.2780
0.0371,  4.8060,  0.0377,  20.6520
0.7031,  13.2421,  0.7029, -10.0711
0.7090,  13.2421,  0.7091, -14.5274
0.7129,  13.2421,  0.7124, -14.1183
0.6992,  15.2216,  0.6991, -12.0346
0.0332,  4.8060,  0.0333,  0.4945
0.0371,  4.1639,  0.0376,  20.2374
0.0449, -24.7701,  0.0446,  3.9651
0.0840, -30.5571,  0.0840, -39.0154
0.6973,  19.7331,  0.6971, -9.2388
0.0332,  4.8060,  0.0333,  0.7883
0.0371,  2.8829,  0.0376,  20.1434
0.0449, -24.7701,  0.0448,  2.2392
0.0840, -33.5769,  0.0839, -39.6013
0.6953,  11.2748,  0.6962, -9.3809
0.0332,  3.5241,  0.0333, -0.8870
0.0371,  3.5241,  0.0376,  20.4995
0.0449, -24.0691,  0.0447,  0.4207
0.0840, -32.0534,  0.0839, -39.1290
0.1191,  3.5241,  0.1186, -26.8651
0.0332,  4.1639,  0.0333,  1.0128
0.0371,  3.5222,  0.0377,  20.8406
0.0449, -24.0691,  0.0446,  7.5858
0.0840, -31.3034,  0.0839, -38.5736
0.6797,  5.0214,  0.6799, -5.8042
0.0332,  3.5241,  0.0333,  0.7041
0.0371,  4.1639,  0.0376,  20.1972
0.0449, -24.0670,  0.0446,  7.3400
0.0840, -31.3012,  0.0839, -39.3972
0.0898, -30.5571,  0.0899,  22.2170
0.0332,  2.8829,  0.0333,  1.6155
0.0371,  3.5222,  0.0376,  20.9551
0.0449, -23.3698,  0.0447,  4.7503
0.0840, -31.3012,  0.0839, -38.6382
0.0898, -32.8119,  0.0903,  23.5108
0.0332,  4.1639,  0.0333,  0.6412
0.0371,  4.1639,  0.0377,  20.2865
0.0449, -24.7701,  0.0447,  2.5626
0.0840, -33.5769,  0.0839, -38.8854
0.6562,  2.2402,  0.6562, -1.8064
0.0332,  4.8060,  0.0333,  0.3181
0.0371,  4.1639,  0.0377,  20.2485
0.0840, -30.5571,  0.0839, -38.7296
0.6465,  4.8053,  0.6466, -2.5144
0.6621,  3.5222,  0.6627, -4.1837
0.0332,  4.8060,  0.0333, -0.4038
0.0371,  2.8829,  0.0377,  21.0942
0.0449, -24.0707,  0.0447,  6.8347
0.0840, -32.8142,  0.0839, -37.8283
0.6367,  0.3210,  0.6365, -1.4262
0.0332,  4.1639,  0.0333,  0.3077
0.0371,  2.8829,  0.0377,  20.2263
0.0449, -24.0691,  0.0447,  7.3844
0.0840, -33.5769,  0.0839, -39.0505
0.0898, -34.3488,  0.0904,  23.6665
0.0332,  4.8060,  0.0333, -0.2636
0.0371,  2.8829,  0.0377,  19.8355
0.0449, -24.7701,  0.0452,  7.8694
0.0840, -32.8142,  0.0839, -38.9071
0.0898, -32.8142,  0.0903,  25.3295
0.0332,  4.8060,  0.0333,  0.7859
0.0371,  4.1639,  0.0377,  20.8851
0.0449, -24.7701,  0.0452,  9.2875
0.0840, -32.0557,  0.0838, -39.3837
0.6055,  0.9612,  0.6054, -1.2061
0.0332,  4.8060,  0.0333,  0.2027
0.0371,  4.1639,  0.0377,  20.1075
0.0840, -31.3034,  0.0839, -38.7722
0.6035,  0.9594,  0.6036,  0.4038
0.6152,  1.5997,  0.6156, -1.6363
0.0332,  3.5241,  0.0333, -0.0263
0.0371,  2.8829,  0.0372,  23.5703
0.0449, -24.0691,  0.0447,  5.6080
0.0840, -29.0813,  0.0839, -39.4408
0.6074,  0.5556,  0.6069, -1.3132
0.0332,  3.5241,  0.0333,  0.9920
0.0371,  2.8829,  0.0377,  19.3984
0.0449, -21.9822,  0.0451,  4.3670
0.0840, -31.3615,  0.0838, -38.5736
0.0898, -32.8119,  0.0895,  19.8150
0.0332,  4.8060,  0.0333,  0.0471
0.0371,  4.1639,  0.0377,  20.7282
0.0449, -24.0691,  0.0447,  4.6996
0.0840, -33.5769,  0.0839, -38.2706
0.5898, -1.6016,  0.5899,  0.1249
0.0332,  4.1639,  0.0333,  0.5386
0.0371,  2.8829,  0.0376,  20.9843
0.0449, -25.4772,  0.0447,  4.3099
0.0840, -33.5769,  0.0839, -39.9947
0.0898, -32.8119,  0.0899,  24.5819
0.0332,  2.8829,  0.0333,  0.9078
0.0371,  2.2421,  0.0377,  20.8809
0.0449, -23.3698,  0.0446,  5.3930
0.0840, -30.5571,  0.0839, -38.4691
0.1055, -24.7722,  0.1052,  19.4120
0.0332,  4.8060,  0.0333,  0.2170
0.0371,  4.1639,  0.0377,  20.6091
0.0840, -32.0534,  0.0839, -39.0690
0.5371, -0.9594,  0.5379,  1.3132
0.5410, -0.9612,  0.5407,  1.6259
0.0332,  5.4488,  0.0333,  0.2363
0.0371,  2.8829,  0.0377,  20.8337
0.0449, -24.0691,  0.0447,  3.4914
0.0840, -30.5571,  0.0839, -39.3401
0.0898, -32.0557,  0.0900,  23.9763
0.0332,  2.8829,  0.0333,  0.7378
0.0371,  4.1639,  0.0377,  20.3763
0.0449, -25.4772,  0.0447,  2.0290
0.5215,  0.3192,  0.5208,  2.2705
0.5293, -2.8811,  0.5295,  1.2775
0.0332,  3.5241,  0.0333, -0.1184
0.0371,  4.1639,  0.0376,  20.1255
0.5039, -1.5997,  0.5042,  1.0168
0.5078, -1.5997,  0.5085,  0.8909
0.5176, -1.6016,  0.5173,  2.6970
0.0332,  3.5241,  0.0333,  1.0128
0.0371,  4.1639,  0.0377,  20.4567
0.4883,  2.2402,  0.4879, -0.4207
0.4961,  0.3210,  0.4964, -0.4648
0.5078, -0.9594,  0.5080,  2.8969
0.0332,  4.1639,  0.0333,  0.9286
0.0371,  4.1639,  0.0377,  20.6408
0.4766, -0.3210,  0.4761,  0.2339
0.4863, -2.2402,  0.4872,  0.1417
0.4941, -3.5222,  0.4944,  2.0354
0.0332,  4.8060,  0.0333, -0.1016
0.0371,  4.1639,  0.0377,  20.5218
0.4648,  0.3192,  0.4640,  0.2844
0.4707,  0.3210,  0.4711, -1.4599
0.4766, -4.8060,  0.4760, -1.0401
0.0332,  4.8060,  0.0333, -0.1690
0.0371,  2.2421,  0.0376,  20.4207
0.4512,  0.3192,  0.4512, -0.2572
0.4648, -4.1639,  0.4643,  0.6937
0.4688, -0.3192,  0.4693,  3.1827
0.0332,  4.8060,  0.0333,  0.0599
0.0371,  2.8829,  0.0377,  20.0896
0.4395,  0.9594,  0.4395,  0.1754
0.4492, -0.3210,  0.4488, -1.0064
0.4590, -6.7364,  0.4581,  3.3782
0.0332,  3.5241,  0.0333,  0.1080
0.0371,  3.5241,  0.0377,  20.5329
0.4277, -0.3210,  0.4282,  0.8300
0.4336, -0.3210,  0.4329,  1.6596
0.4492, -6.0922,  0.4496,  3.3485
0.0332,  3.5241,  0.0333,  0.2066
0.0371,  2.8829,  0.0377,  20.8448
0.4180, -3.5222,  0.4173,  1.7181
0.4258, -0.9612,  0.4255,  1.6026
0.4336, -2.2421,  0.4334,  5.3970
0.0332,  5.4488,  0.0333, -0.1209
0.0371,  2.8829,  0.0377,  19.5345
0.4062, -0.3210,  0.4066,  2.2873
0.4121, -4.8079,  0.4120,  0.7651
0.4160, -4.8060,  0.4166,  4.8050
0.0332,  4.1639,  0.0333,  0.0535
0.0371,  3.5222,  0.0377,  20.5757
0.3965, -2.8829,  0.3963,  4.1524
0.4082, -4.8060,  0.4085,  5.6966
0.4160,  1.5997,  0.4164,  6.0912
0.0332,  3.5241,  0.0332,  0.1898
0.0371,  4.8060,  0.0377,  20.9281
0.0898, -34.3488,  0.0894,  21.3307
0.3867, -7.3815,  0.3871,  5.7410
0.4805, -1.6016,  0.4800,  0.6496
0.0332,  3.5241,  0.0333, -0.3052
0.0371,  2.8829,  0.0377,  20.3695
0.3828, -4.8079,  0.3827,  2.4262
0.3926, -8.6745,  0.3933,  7.6618
0.4062, -8.0275,  0.4067,  5.7977
0.0332,  3.5241,  0.0332,  0.3052
0.0371,  4.8060,  0.0377,  19.6481
0.0449, -22.6742,  0.0447,  3.3678
0.0840, -30.5571,  0.0839, -39.2562
0.3711, -8.0294,  0.3712,  7.7803
0.0332,  4.1658,  0.0333,  0.4207
0.0371,  3.5241,  0.0377,  20.8920
0.0449, -24.0691,  0.0447,  3.1112
0.0840, -32.0557,  0.0839, -39.4542
0.1055, -24.0670,  0.1058,  24.7875
0.0332,  5.4488,  0.0333,  0.6139
0.0371,  4.8060,  0.0371,  24.0219
0.3652, -11.2748,  0.3658,  12.0903
0.3711, -8.6764,  0.3705,  11.4536
0.4395, -4.1639,  0.4398,  3.0983
0.0332,  4.8060,  0.0333, -0.0808
0.0371,  4.1639,  0.0376,  20.2643
0.3594, -11.2767,  0.3600,  12.3631
0.3633, -12.5834,  0.3641,  12.8190
0.4297, -4.1639,  0.4302,  3.3445
0.0332,  4.1639,  0.0333,  0.2195
0.0371,  3.5222,  0.0376,  20.4678
0.0449, -24.7701,  0.0447,  5.5846
0.0840, -31.6122,  0.0839, -38.7671
0.3613, -16.5548,  0.3616,  18.1460
0.0332,  3.5241,  0.0333,  0.2235
0.0371,  4.1639,  0.0377,  20.1571
0.0449, -24.0691,  0.0448,  4.5499
0.3594, -14.5611,  0.3590,  15.5752
0.3672, -14.5611,  0.3681,  12.8856
0.0332,  4.1639,  0.0333,  0.9752
0.3477, -17.8934,  0.3474,  17.9277
0.3516, -17.2219,  0.3520,  17.7424
0.3574, -16.5548,  0.3568,  16.9373
0.4043, -6.7364,  0.4038,  6.3274
0.0332,  3.5241,  0.0333,  0.1922
0.0371,  4.1639,  0.0377,  20.2596
0.3457, -23.3698,  0.3454,  20.1434
0.3496, -17.8934,  0.3493,  21.9902
0.3945, -9.3246,  0.3950,  9.5004
0.0332,  4.1658,  0.0333,  0.2170
0.3438, -23.3678,  0.3447,  23.4627
0.3535, -24.7701,  0.3536,  22.2395
0.3652, -19.9255,  0.3657,  25.5479
0.3770, -18.5693,  0.3776,  15.9917
0.0332,  3.5241,  0.0333, -0.4504
0.3438, -22.6742,  0.3445,  24.5492
0.3477, -24.7701,  0.3472,  24.1256
0.3535, -25.4772,  0.3537,  23.6849
0.3730, -18.5693,  0.3735,  16.1010
0.0332,  4.8060,  0.0333, -0.1184
0.0371,  3.5241,  0.0377,  20.3515
0.3438, -24.7722,  0.3442,  25.6501
0.3477, -26.9040,  0.3469,  23.7282
0.3535, -27.6242,  0.3544,  27.0936
0.0332,  2.8829,  0.0333,  0.5386
0.0371,  2.2421,  0.0376,  20.4678
0.0449, -24.0670,  0.0446,  5.7111
0.0840, -30.5549,  0.0839, -37.2590
0.3477, -35.1278,  0.3472,  28.6801
0.0332,  3.5241,  0.0333,  1.2036
0.0371,  4.1639,  0.0377,  20.9886
0.3496, -42.5289,  0.3499,  26.4144
0.3535, -40.8147,  0.3530,  28.5988
0.3574, -38.3231,  0.3579,  31.2484
0.0332,  5.4488,  0.0333, -0.1521
0.0371,  4.1658,  0.0377,  20.8629
0.0449, -23.3698,  0.0447,  6.6506
0.3555, -20.5264,  0.3553,  27.4007
0.3633, -21.2935,  0.3627,  28.7994
0.0332,  4.8060,  0.0333,  0.9727
0.0371,  2.8829,  0.0371,  23.8019
0.3555, -21.9822,  0.3553,  28.8378
0.3613, -23.3698,  0.3609,  26.0471
0.3672, -23.3678,  0.3663,  34.1874
0.3594, -20.6080,  0.3586,  30.0137
0.3574, -25.4772,  0.3583,  25.4272
0.3613, -25.4772,  0.3610,  25.2852
0.3730, -27.6264,  0.3728,  26.9640
0.0332,  3.5241,  0.0333,  0.6243
0.0371,  4.8060,  0.0377,  20.4234
0.3594, -20.6080,  0.3590,  22.8780
0.3633, -24.7701,  0.3639,  22.1961
0.3672, -22.6742,  0.3669,  24.1440
0.0332,  3.5241,  0.0333, -0.3622
0.0371,  2.8829,  0.0377,  20.3985
0.3594, -25.4792,  0.3602,  23.8983
0.3691, -25.4772,  0.3695,  25.1181
0.3770, -29.0813,  0.3773,  31.1817
0.0332,  4.1639,  0.0333,  0.2908
0.0371,  2.8829,  0.0377,  20.2712
0.3594, -28.3492,  0.3592,  27.1315
0.7715, -32.8142,  0.7737,  35.8507
0.7754, -33.2038,  0.7772,  36.1699
0.0332,  4.8060,  0.0333,  0.6897
0.0371,  4.1639,  0.0376,  20.2305
0.3613, -30.5549,  0.3620,  28.0096
0.7734, -38.3231,  0.7742,  31.9085
0.7969, -37.5116,  0.7981,  42.0899
0.0332,  4.8060,  0.0333,  0.8597
0.0371,  3.5241,  0.0377,  19.9377
0.0840, -32.8119,  0.0839, -39.1641
0.3789, -32.0534,  0.3793,  32.5040
0.4180, -24.7722,  0.4181,  27.7770
0.0332,  4.8060,  0.0333,  0.7001
0.0371,  4.1639,  0.0376,  20.2331
0.0840, -30.5571,  0.0839, -38.2094
0.3750, -31.3034,  0.3749,  32.0200
0.4180, -32.8142,  0.4177,  32.5887
0.0332,  4.8060,  0.0333,  1.1387
0.0371,  4.1639,  0.0376,  19.9335
0.3770, -38.3231,  0.3773,  33.2184
0.4258, -41.6661,  0.4255,  29.2578
0.4531, -45.1927,  0.4533,  45.0423
0.0332,  3.5241,  0.0333,  0.8572
0.0371,  2.8829,  0.0377,  20.5440
0.0449, -23.3698,  0.0446,  3.5549
0.0840, -31.3034,  0.0839, -38.9988
0.1055, -25.4772,  0.1053,  20.5937
0.0332,  2.8829,  0.0333,  0.6496
0.0371,  2.8829,  0.0372,  23.4033
0.0449, -24.7701,  0.0447,  2.2937
0.0840, -32.8142,  0.0839, -37.0302
0.0898, -35.9144,  0.0900,  24.0333
0.0332,  4.8060,  0.0333,  0.7170
0.0371,  3.5241,  0.0376,  21.0788
0.0449, -26.1884,  0.0447,  2.4406
0.0840, -32.0557,  0.0840, -38.3432
0.0898, -34.3488,  0.0899,  24.9978
0.0332,  3.5241,  0.0333,  0.1754
0.0371,  4.1639,  0.0377,  19.9846
0.4141, -37.9621,  0.4142,  36.2743
0.4434, -48.2091,  0.4436,  34.5380
0.4492, -35.9167,  0.4490,  34.9777
0.0332,  5.4488,  0.0333, -0.0872
0.0371,  4.8060,  0.0377,  20.5397
0.0449, -23.3698,  0.0447,  6.4097
0.0840, -32.8119,  0.0838, -38.5869
0.4199, -36.7112,  0.4207,  36.5427
0.0332,  4.1639,  0.0333,  1.0168
0.0371,  3.5222,  0.0376,  20.0094
0.0449, -23.3698,  0.0447,  4.5499
0.0840, -34.3488,  0.0839, -38.3350
0.0898, -34.3488,  0.0899,  22.0196
0.0332,  4.8060,  0.0333,  0.6308
0.0371,  3.6122,  0.0377,  20.3763
0.0449, -24.7701,  0.0448,  4.7205
0.0840, -32.0534,  0.0838, -38.3085
0.0898, -33.5769,  0.0896,  20.6202
0.0332,  3.5241,  0.0333,  0.1016
0.0371,  4.1639,  0.0377,  20.0743
0.0449, -22.6742,  0.0447,  6.8661
0.0840, -32.0557,  0.0839, -37.8760
0.4453, -42.9154,  0.4450,  44.4570
0.0332,  3.5241,  0.0333,  0.2131
0.0371,  2.8829,  0.0377,  20.7325
0.0449, -24.7701,  0.0447,  4.8661
0.0840, -33.5769,  0.0839, -39.4812
0.0898, -32.8142,  0.0904,  25.5710
0.0332,  4.8060,  0.0332,  0.4816
0.0371,  2.8829,  0.0377,  20.6382
0.0449, -25.4772,  0.0447,  5.6692
0.0840, -34.3488,  0.0838, -39.4190
0.0898, -35.9144,  0.0904,  25.4947
0.0332,  4.1658,  0.0333,  0.3726
0.0371,  3.5241,  0.0377,  20.7171
0.0449, -23.3698,  0.0447,  4.7503
0.0840, -31.3012,  0.0838, -38.8937
0.1055, -23.3678,  0.1058,  25.4919
0.0332,  3.5241,  0.0333,  0.0367
0.0371,  2.8829,  0.0377,  20.0606
0.0449, -24.7722,  0.0448,  5.2029
0.0840, -32.0534,  0.0839, -39.0556
0.4941, -44.2940,  0.4948,  45.3757
0.0332,  4.8060,  0.0333,  0.5193
0.0371,  3.5241,  0.0376,  19.5387
0.0449, -23.3698,  0.0447,  1.8064
0.0840, -33.5769,  0.0839, -38.6700
0.5059, -47.9877,  0.5060,  43.8108
0.0332,  3.5241,  0.0333,  0.8156
0.0371,  4.1639,  0.0376,  20.2152
0.0449, -23.3698,  0.0447,  4.9079
0.0840, -31.3034,  0.0839, -38.1615
0.5176, -47.9905,  0.5173,  46.6514
0.0332,  4.8060,  0.0333,  0.9896
0.0371,  4.8060,  0.0376,  19.9804
0.0449, -22.6742,  0.0446,  3.4666
0.0840, -32.8119,  0.0838, -38.8320
0.5312, -47.0398,  0.5316,  46.8293
0.0332,  2.8829,  0.0333, -0.2467
0.0371,  4.1639,  0.0376,  20.6451
0.0449, -22.6742,  0.0447,  3.9755
0.0840,  34.3488,  0.0839, -37.8923
0.5410, -46.3071,  0.5411,  46.0642
0.0332,  4.1639,  0.0333,  0.4167
0.0371,  2.2421,  0.0376,  20.6382
0.0898, -32.8119,  0.0899,  24.2891
0.5508, -45.1927,  0.5512,  43.3845
0.5566, -42.5314,  0.5560,  45.5049
0.0332,  4.1658,  0.0333,  0.0495
0.0371,  3.5241,  0.0376,  20.9843
0.5625, -45.1927,  0.5623,  47.2079
0.5664, -72.8093,  0.5666,  48.9992
0.5703, -46.1085,  0.5716,  51.2618
0.0332,  2.8829,  0.0333,  0.1858
0.0371,  2.8829,  0.0376,  20.4927
0.0449, -21.9822,  0.0447,  8.1471
0.0840, -31.3034,  0.0838, -39.4273
0.5781, -45.1927,  0.5784,  44.2719
0.0332,  4.8060,  0.0333,  0.6412
0.0371,  2.8829,  0.0377,  20.9663
0.0840, -32.0534,  0.0839, -38.6033
0.5840, -43.4063,  0.5837,  44.8114
0.5879, -44.2914,  0.5879,  43.8197
0.0332,  4.8060,  0.0333,  0.2195
0.0371,  2.8829,  0.0376,  20.1545
0.0449, -24.7701,  0.0447,  4.0640
0.0840, -30.5571,  0.0839, -40.1813
0.5957, -45.1927,  0.5974,  44.6336
0.0332,  4.1639,  0.0333, -0.0158
0.0371,  2.2421,  0.0376,  20.8809
0.0449, -24.7701,  0.0446,  1.6195
0.0840, -30.5571,  0.0839, -39.5165
0.6035, -42.5314,  0.6032,  44.0295
0.0332,  4.8060,  0.0333,  0.5931
0.0371,  4.1639,  0.0376,  20.8671
0.0449, -23.3698,  0.0446,  5.9517
0.0840, -31.3034,  0.0839, -38.9803
0.1113, -6.7364,  0.1113, -6.7119
0.0332,  4.8060,  0.0333,  0.8052
0.0371,  4.1639,  0.0371,  23.3963
0.0449, -24.0670,  0.0447,  6.4142
0.0840, -31.3034,  0.0839, -38.7214
0.0898, -30.9381,  0.0896,  21.2653
0.0332,  2.8829,  0.0333,  0.5386
0.0371,  4.1639,  0.0376,  20.6408
0.0449, -23.7032,  0.0447,  2.7957
0.0840, -32.0534,  0.0839, -39.2396
0.0898, -33.5769,  0.0900,  23.8799
0.0332,  3.5241,  0.0332,  0.3117
0.0371,  4.8060,  0.0377,  20.0136
0.0449, -23.3698,  0.0447,  4.9795
0.0840, -32.8119,  0.0838, -38.7887
0.0898, -32.8119,  0.0895,  20.9551
0.0332,  3.5222,  0.0333,  0.3622
0.0371,  2.8811,  0.0376,  20.1862
0.0449, -24.7722,  0.0446,  1.6428
0.0840, -35.1278,  0.0839, -38.8638
0.0898, -34.3488,  0.0895,  20.7728
0.0332,  4.8060,  0.0333,  0.5802
0.0371,  4.1639,  0.0372,  24.7018
0.0449, -24.7722,  0.0447,  2.2095
0.0840, -32.0534,  0.0839, -39.3888
0.0898, -28.3513,  0.0896,  22.0015
0.0332,  4.8060,  0.0333,  0.5530
0.0371,  4.1639,  0.0377,  20.4815
0.0449, -25.4242,  0.0447,  1.1491
0.0840, -31.3034,  0.0839, -38.9020
0.0898, -33.5769,  0.0896,  20.7145
0.0332,  3.5241,  0.0333,  0.9311
0.0371,  4.1639,  0.0377,  20.2374
0.0449, -24.7701,  0.0448,  4.6931
0.0840, -33.5769,  0.0839, -39.7513
0.0898, -34.3488,  0.0900,  23.7120
0.0332,  2.2421,  0.0333,  0.9687
0.0371,  2.8811,  0.0376,  20.1366
0.0449, -24.7701,  0.0447,  0.6204
0.0840, -31.3012,  0.0838, -39.1424
0.0898, -30.5571,  0.0900,  22.3209
0.0332,  4.8060,  0.0333,  0.7988
0.0371,  2.8829,  0.0377,  19.8039
0.0449, -24.7701,  0.0447,  1.8336
0.0840, -32.0534,  0.0839, -39.5519
0.7617, -34.3488,  0.7615,  32.3250
0.0332,  2.8829,  0.0333,  1.0465
0.0371,  2.8829,  0.0376,  19.8039
0.0449, -22.9485,  0.0447,  3.5356
0.0840, -30.5571,  0.0840, -37.7512
0.0898, -31.3135,  0.0896,  21.4436
0.0332,  2.8829,  0.0333,  0.9455
0.0371,  2.2421,  0.0372,  24.2222
0.0449, -25.4772,  0.0447,  3.8007
0.0840, -31.3034,  0.0839, -39.3619
0.0898, -31.3034,  0.0901,  22.6867
0.0332,  4.8060,  0.0333,  0.4103
0.0371,  4.1639,  0.0377,  20.2331
0.0449, -23.3698,  0.0448,  4.0575
0.0840, -31.3034,  0.0839, -38.5736
0.0898, -31.3034,  0.0896,  21.4185
0.0332,  4.8060,  0.0333,  0.4752
0.0371,  2.8829,  0.0377,  20.3156
0.0449, -24.0670,  0.0448,  5.0367
0.0840, -30.5571,  0.0839, -38.8670
0.0898, -34.3511,  0.0895,  21.2138
0.0332,  4.8060,  0.0333,  0.5594
0.0371,  2.8829,  0.0376,  20.5440
0.0449, -24.0670,  0.0447,  4.5161
0.0840, -31.3034,  0.0839, -37.9802
0.0898, -33.5769,  0.0900,  21.6305
0.0332,  3.5241,  0.0333,  0.3790
0.0371,  2.8829,  0.0377,  20.7171
0.0840, -32.0557,  0.0839, -37.0644
0.0898, -35.1278,  0.0900,  23.2706
0.7109, -31.3034,  0.7114,  35.8972
0.0332,  3.5241,  0.0333,  0.8196
0.0371,  4.1639,  0.0376,  20.6228
0.0840, -29.8165,  0.0838, -38.9772
0.0898, -32.0534,  0.0895,  21.5900
0.0938, -32.0534,  0.0937,  26.8418
0.0332,  3.5241,  0.0333,  0.6035
0.0371,  2.8829,  0.0377,  20.6382
0.0449, -24.0691,  0.0447,  2.1237
0.0840, -32.0557,  0.0839, -38.8587
0.0938,  34.3488,  0.0933,  28.5842
0.0332,  5.4488,  0.0333,  0.0639
0.0371,  3.5241,  0.0377,  20.8379
0.0449, -24.7701,  0.0447,  0.9791
0.0840, -31.3034,  0.0839, -38.9988
0.0898, -32.0557,  0.0900,  23.1380
0.0332,  4.8060,  0.0333,  0.7041
0.0371,  4.1639,  0.0376,  20.2374
0.0449, -23.3698,  0.0447,  3.4497
0.0840, -32.0534,  0.0838, -38.3647
0.7109, -33.5769,  0.7104,  32.0125
0.0332,  4.8060,  0.0333,  0.4038
0.0371,  2.8829,  0.0377,  20.3045
0.0449, -24.0691,  0.0447,  4.1966
0.0840, -30.5571,  0.0839, -39.0205
0.0898, -31.3034,  0.0896,  22.7189
0.0332,  4.8060,  0.0332,  0.1754
0.0371,  4.1639,  0.0376,  20.0854
0.0449, -24.0691,  0.0447,  2.9450
0.0840, -31.3034,  0.0839, -39.0690
0.7129,  32.8119,  0.7131,  32.1212
0.0332,  3.5241,  0.0333, -0.0010
0.0371,  4.1639,  0.0377,  20.4678
0.0449, -25.4772,  0.0448,  5.0785
0.0840, -30.5571,  0.0839, -36.9329
0.7109, -29.9094,  0.7105,  31.2333
0.0332,  4.1639,  0.0333, -0.0872
0.0371,  2.2421,  0.0377,  21.1596
0.0840, -32.1570,  0.0839, -38.8670
0.7109, -29.8143,  0.7105,  28.6271
0.7148, -28.3513,  0.7143,  22.5460
0.0332,  3.5241,  0.0333,  0.5193
0.0371,  4.1639,  0.0377,  20.0674
0.7109, -18.5693,  0.7107,  32.7458
0.7148, -19.2441,  0.7159,  25.6039
0.7207, -15.2236,  0.7214,  26.8462
0.0332,  5.4488,  0.0333, -0.1922
0.0371,  3.5241,  0.0377,  20.5106
0.7070, -25.4792,  0.7075,  22.4843
0.7109, -27.6242,  0.7112,  25.5249
0.7207, -25.6482,  0.7207,  22.0560
0.0332,  4.1639,  0.0333,  0.0639
0.0371,  3.5222,  0.0376,  20.4858
0.0840, -32.8119,  0.0839, -38.6167
0.7090, -19.2441,  0.7103,  31.2362
0.7129, -16.5548,  0.7152,  21.6012
0.0332,  4.8060,  0.0333,  0.4920
0.0371,  2.8829,  0.0377,  20.8448
0.0449, -23.3698,  0.0447,  5.4034
0.0840, -32.8142,  0.0839, -38.6700
0.7090, -19.2441,  0.7089,  20.3943
0.0332,  5.4488,  0.0333,  0.0302
0.0371,  4.8060,  0.0377,  20.5620
0.0449, -24.7701,  0.0447,  5.5234
0.0840, -33.5769,  0.0840, -37.9639
0.0898, -32.8142,  0.0903,  24.4479
0.0332,  4.1639,  0.0333,  0.9311
0.0371,  2.2421,  0.0376,  20.7685
0.0449, -22.6742,  0.0447,  5.0029
0.0840, -31.3012,  0.0839, -39.6721
0.0898, -32.8119,  0.0899,  21.3377
0.0332,  4.1639,  0.0333,  0.4752
0.0371,  2.8829,  0.0377,  20.3943
0.0449, -23.3698,  0.0447,  1.0128
0.0840, -31.3012,  0.0839, -38.6567
0.0898, -32.0534,  0.0896,  21.0066
0.0332,  4.1658,  0.0333,  0.3325
0.0371,  4.8060,  0.0376,  20.9212
0.0449, -24.0691,  0.0447,  6.7798
0.0840, -31.3012,  0.0839, -38.9638
0.0898, -33.5769,  0.0895,  21.5858
0.0332,  3.5241,  0.0333, -0.3726
0.0371,  4.1639,  0.0377,  20.7616
0.0449, -24.7722,  0.0447,  5.1611
0.0840, -31.3034,  0.0839, -38.1931
0.0898, -34.3488,  0.0900,  24.6577
0.0332,  3.5241,  0.0333,  1.1115
0.0371,  3.5241,  0.0377,  20.4456
0.0449, -23.3698,  0.0447,  3.0269
0.0840, -32.0534,  0.0838, -39.9204
0.0898, -31.3034,  0.0896,  21.7932
0.0332,  4.8060,  0.0333,  0.3999
0.0371,  2.8829,  0.0376,  19.8645
0.0449, -25.4772,  0.0447,  3.6811
0.0840, -32.0557,  0.0839, -38.9020
0.0898, -32.8119,  0.0904,  25.1022
0.0332,  3.5241,  0.0333,  0.3558
0.0371,  4.1639,  0.0377,  19.6923
0.0449, -24.0670,  0.0447,  6.9510
0.0840, -34.3488,  0.0838, -37.8923
0.0898, -32.0557,  0.0900,  22.3959
0.0332,  4.1639,  0.0333,  0.3726
0.0371,  3.5222,  0.0377,  20.0026
0.0449, -24.7701,  0.0452,  8.6289
0.0840, -33.5769,  0.0839, -38.1401
0.1055, -25.4772,  0.1058,  25.3367
0.0332,  4.1639,  0.0333,  0.6873
0.0371,  3.5222,  0.0377,  20.8448
0.0449, -24.7722,  0.0452,  9.0983
0.0840, -32.8119,  0.0838, -39.4055
0.1055, -23.3698,  0.1054,  23.2636
0.0332,  4.1658,  0.0333,  0.2131
0.0371,  3.5241,  0.0377,  20.3335
0.0449, -23.3698,  0.0447,  7.2366
0.0840, -32.0557,  0.0838, -37.9589
0.6055, -15.8881,  0.6059,  15.4816
0.0332,  4.8060,  0.0333,  0.8260
0.0371,  4.1639,  0.0377,  20.5620
0.0449, -25.4772,  0.0446,  3.8176
0.0840, -32.8119,  0.0840, -39.7649
0.0898, -32.0557,  0.0896,  22.1961
0.0332,  4.8060,  0.0332, -0.1249
0.0371,  2.8829,  0.0377,  20.7145
0.0449, -23.7438,  0.0447,  3.3614
0.0840, -32.8119,  0.0839, -38.2839
0.0898, -32.8142,  0.0899,  22.4323
0.0332,  4.1658,  0.0333,  0.1353
0.0371,  4.8060,  0.0377,  20.3763
0.0449, -23.3698,  0.0446,  5.1083
0.0840, -32.8119,  0.0838, -37.2198
0.5742, -14.5592,  0.5744,  11.4642
0.0332,  4.1658,  0.0332,  0.4207
0.0371,  4.8060,  0.0377,  20.7976
0.0449, -24.3709,  0.0448,  1.9913
0.0840, -31.3034,  0.0839, -38.0708
0.5352, -12.5853,  0.5353,  12.5823
0.0332,  4.1658,  0.0333,  0.2195
0.0371,  4.8060,  0.0377,  20.2374
0.0449, -23.3698,  0.0448,  6.9824
0.0840, -33.5769,  0.0838, -38.6433
0.0898, -31.3034,  0.0897,  22.5347
0.0332,  5.4488,  0.0333,  0.2195
0.0371,  2.8829,  0.0377,  20.7145
0.0840, -34.3488,  0.0840, -38.8237
0.0898, -35.1278,  0.0904,  25.1575
0.5117, -9.9740,  0.5119,  12.1354
0.0332,  2.8829,  0.0334,  0.0010
0.0371,  2.2421,  0.0371,  24.6533
0.0840, -32.0557,  0.0838, -38.1401
0.5098, -11.9302,  0.5096,  11.4192
0.5195, -10.6246,  0.5194,  10.9187
0.0332,  2.9449,  0.0333,  0.4038
0.0371,  2.8829,  0.0377,  20.4096
0.0449, -23.3698,  0.0447,  6.0339
0.0840, -32.0534,  0.0839, -38.6700
0.4980, -12.5834,  0.4973,  12.8470
0.0332,  4.8060,  0.0333,  1.0193
0.0371,  4.1639,  0.0377,  20.5620
0.0840, -32.0534,  0.0839, -38.7887
0.4824, -12.5853,  0.4826,  12.7911
0.4883, -12.5834,  0.4884,  11.5264
0.0332,  4.8060,  0.0333,  0.3493
0.0371,  2.8829,  0.0376,  20.9212
0.0449, -24.0691,  0.0442,  1.4118
0.0840, -33.1623,  0.0839, -37.6266
0.0898, -32.8142,  0.0900,  25.5924
0.0332,  2.8829,  0.0333,  0.6937
0.0371,  3.5222,  0.0377,  20.2553
0.0449, -23.3698,  0.0441,  2.5417
0.0840, -33.5792,  0.0839, -37.9771
0.0898, -34.3511,  0.0899,  24.5035
0.0332,  2.8829,  0.0333,  0.4063
0.0371,  2.8829,  0.0376,  19.8039
0.0449, -24.7701,  0.0447,  3.1723
0.4453, -11.9283,  0.4451,  9.0471
0.4492, -10.6246,  0.4501,  9.7578
0.0332,  3.5241,  0.0333,  0.6600
0.0371,  3.5241,  0.0377,  20.4276
0.0449, -24.7722,  0.0447,  4.5902
0.0840, -32.3224,  0.0839, -38.4874
0.4355, -8.6764,  0.4360,  9.9026
0.0332,  2.8829,  0.0333,  1.0609
0.0371,  2.8829,  0.0377,  21.2361
0.0840, -32.8142,  0.0839, -38.3647
0.4258, -7.3834,  0.4258,  6.0912
0.4316, -8.0275,  0.4310,  8.1325
0.0332,  4.1639,  0.0333,  0.3181
0.0371,  4.1639,  0.0377,  20.6673
0.0449, -25.4772,  0.0448,  6.1968
0.4141, -7.3815,  0.4142,  7.9859
0.4180, -5.4507,  0.4189,  6.3339
0.0332,  3.5241,  0.0333,  1.2750
0.0371,  3.5241,  0.0377,  20.3515
0.0449, -24.7701,  0.0447,  2.5120
0.0840, -29.8165,  0.0839, -38.8803
0.4160,  0.9594,  0.4162,  4.3059
0.0332,  5.4488,  0.0333, -0.1457
0.0371,  3.5241,  0.0376,  20.8671
0.3984, -4.8079,  0.3990,  3.8742
0.4023, -5.4148,  0.4026,  4.2448
0.4805, -11.2767,  0.4808,  12.4788
0.0332,  4.8060,  0.0333,  0.5698
0.0371,  2.8829,  0.0377,  19.7749
0.0840, -34.3488,  0.0839, -38.2492
0.3945, -4.1658,  0.3947,  2.9827
0.4023, -6.0922,  0.4019,  5.0263
0.0332,  3.5241,  0.0333,  0.4920
0.0371,  2.8829,  0.0377,  20.9817
0.0449, -24.7701,  0.0447,  6.5852
0.0840, -30.6617,  0.0838, -37.5365
0.3867, -2.2421,  0.3874,  1.8024
0.0332,  2.8829,  0.0333,  0.3790
0.0371,  2.8829,  0.0376,  19.7170
0.0840, -32.8119,  0.0839, -38.9020
0.0898, -31.3034,  0.0900,  22.5825
0.3945, -2.2402,  0.3948,  2.3275
0.0332,  3.5241,  0.0333,  0.6873
0.0371,  2.8829,  0.0377,  20.9594
0.0840, -32.0557,  0.0839, -37.4466
0.3789,  0.9594,  0.3789,  1.7895
0.3887,  4.1658,  0.3883,  2.2263
0.0332,  2.8829,  0.0333,  0.6600
0.0371,  2.2421,  0.0377,  20.4815
0.0840, -32.8119,  0.0839, -37.7299
0.3672,  2.8811,  0.3674, -2.7476
0.3730,  2.8811,  0.3736, -1.3548
0.0332,  3.5241,  0.0333,  0.7274
0.0371,  4.1639,  0.0377,  21.0247
0.3574,  6.7364,  0.3571, -6.2242
0.3652,  6.0941,  0.3655, -5.9477
0.4277, -6.0941,  0.4277,  6.7054
0.0332,  4.8060,  0.0333,  0.3349
0.0371,  3.5241,  0.0371,  23.9254
0.3594,  8.6745,  0.3588, -7.5244
0.3652,  10.6227,  0.3648, -7.2640
0.4102, -6.0941,  0.4106,  5.8356
0.0332,  4.8060,  0.0333,  0.4712
0.0371,  2.8829,  0.0376,  20.4234
0.3594,  8.6764,  0.3593, -9.0195
0.3691,  8.6764,  0.3697, -9.7407
0.3730,  9.9740,  0.3731, -12.3672
0.0332,  4.1639,  0.0333,  0.5931
0.0371,  2.2421,  0.0376,  21.0650
0.3574,  11.9302,  0.3568, -9.0004
0.3613,  11.1658,  0.3611, -11.4511
0.3730,  11.2767,  0.3728, -13.3685
0.0332,  3.5241,  0.0333,  0.5763
0.0371,  2.8829,  0.0376,  20.6673
0.0840, -35.1278,  0.0839, -38.0148
0.3555,  14.5611,  0.3556, -10.8158
0.3613,  14.5611,  0.3604, -12.4681
0.0332,  3.5222,  0.0333,  0.5257
0.0371,  1.6016,  0.0377,  20.2596
0.3555,  14.5611,  0.3547, -12.8231
0.3594,  14.5611,  0.3598, -14.4389
0.3652,  16.5529,  0.3653, -11.6013
0.0332,  4.8060,  0.0333,  0.1650
0.0371,  2.8829,  0.0376,  20.5466
0.3516,  17.7350,  0.3526, -14.9465
0.3770,  17.2162,  0.3772, -3.2497
0.3848, -1.5997,  0.3841, -1.6636
0.0332,  3.5241,  0.0332,  1.1050
0.3535,  21.2914,  0.3539, -17.2955
0.3574,  19.9255,  0.3573, -18.8388
0.3633,  18.5693,  0.3628, -18.6635
0.8984,  14.5592,  0.8982, -12.5265
0.0332,  4.8060,  0.0333,  0.9246
0.0371,  4.1639,  0.0376,  20.5218
0.3574,  16.5548,  0.3573, -19.1249
0.3652,  18.5674,  0.3656, -17.0606
0.3691,  17.2219,  0.3697, -14.7379
0.0332,  4.8060,  0.0333,  0.4648
0.0371,  4.1639,  0.0377,  20.7505
0.3574,  16.5548,  0.3584, -17.8064
0.3652,  15.8861,  0.3644, -20.1835
0.3691,  6.0922,  0.3705,  0.2844
0.3613,  21.2935,  0.3615, -17.0295
0.3613,  15.8881,  0.3618, -14.8183
0.0332,  4.8060,  0.0333,  0.4103
0.0371,  2.8829,  0.0377,  20.7394
0.3652,  14.5611,  0.3645, -13.5539
0.3730,  14.5611,  0.3733, -13.3272
0.0332,  4.1639,  0.0333,  0.5906
0.0371,  4.1639,  0.0377,  20.2015
0.3633,  17.8934,  0.3638, -14.5341
0.3730,  17.2219,  0.3729, -14.8640
0.4062,  12.5853,  0.4059, -29.7982
0.0332,  4.8060,  0.0333,  0.9182
0.0371,  4.8060,  0.0377,  20.2305
0.3633,  17.2239,  0.3633, -17.1964
0.3672,  17.2239,  0.3679, -16.0226
0.3750,  18.5674,  0.3758, -18.0574
0.0332,  4.8060,  0.0332,  0.0158
0.0371,  3.5241,  0.0377,  19.9804
0.3711,  16.5548,  0.3707, -17.0471
0.3770,  20.6060,  0.3774, -17.2073
0.4297,  23.3698,  0.4295, -26.8229
0.0332,  4.1658,  0.0333,  0.0471
0.0371,  3.5241,  0.0377,  20.7325
0.3711,  19.2460,  0.3703, -18.8320
0.4219,  21.9802,  0.4224, -17.7861
0.4414,  29.8143,  0.4415, -31.7924
0.0332,  4.1658,  0.0333,  0.5322
0.0371,  3.5241,  0.0377,  20.1392
0.4238,  23.3678,  0.4246, -20.3446
0.4277,  22.1148,  0.4274, -19.7417
0.4551,  33.5792,  0.4546, -32.3972
0.0332,  3.5241,  0.0333,  0.0094
0.0371,  2.8829,  0.0377,  20.4678
0.3848,  24.0691,  0.3857, -23.1999
0.4316,  25.4772,  0.4308, -19.3227
0.4688,  42.5314,  0.4680, -32.2776
0.0332,  5.4488,  0.0333,  0.3766
0.0371,  3.5241,  0.0376,  19.8797
0.3926,  29.0791,  0.3919, -22.4843
0.4336,  22.6722,  0.4341, -20.2712
0.4805,  37.5116,  0.4812, -31.7679
0.0332,  3.5241,  0.0333,  0.5386
0.0371,  4.1639,  0.0376,  20.7033
0.3945,  26.9040,  0.3944, -25.0880
0.4004,  24.0670,  0.4010, -25.5897
0.4414,  24.0691,  0.4415, -20.4927
0.0332,  3.5241,  0.0333,  0.6456
0.0371,  4.8060,  0.0377,  20.1682
0.0898, -32.0534,  0.0900,  21.6940
0.4082,  22.6722,  0.4083, -27.2044
0.4473,  28.3492,  0.4475, -21.1596
0.0332,  4.1639,  0.0333,  0.7378
0.0371,  2.8829,  0.0377,  20.6811
0.0840, -32.8119,  0.0839, -39.9372
0.4160,  27.6242,  0.4163, -28.5796
0.4199,  32.8142,  0.4197, -27.5733
0.0332,  4.1658,  0.0333,  0.4816
0.0371,  3.5241,  0.0376,  20.9143
0.0449, -23.3698,  0.0447,  6.9994
0.0840, -33.5769,  0.0839, -38.4824
0.4629,  26.4341,  0.4621, -23.5519
0.0332,  4.8060,  0.0333,  0.4336
0.0371,  2.8829,  0.0377,  21.0788
0.0449, -24.0691,  0.0447,  2.7034
0.0840, -32.8142,  0.0839, -39.0154
0.0898, -34.3488,  0.0904,  23.8983
0.0332,  4.1639,  0.0332,  0.6412
0.0371,  3.5222,  0.0376,  20.6382
0.0840, -31.3034,  0.0839, -39.5846
0.0898, -33.5769,  0.0897,  22.6571
0.4414,  30.5549,  0.4420, -29.5712
0.0332,  3.5222,  0.0333,  0.6372
0.0371,  2.8811,  0.0377,  20.1434
0.0449, -24.7722,  0.0447,  3.5654
0.0840, -32.8119,  0.0839, -38.3698
0.0898, -32.0557,  0.0899,  22.4575
0.0332,  2.8829,  0.0333,  0.9623
0.0371,  4.1639,  0.0377,  20.3472
0.0449, -25.4772,  0.0447,  4.5459
0.0840, -32.0534,  0.0838, -37.8760
0.4707,  32.8142,  0.4701, -31.6788
0.0332,  3.5241,  0.0333,  0.2131
0.0371,  2.8829,  0.0377,  21.1080
0.0449, -25.4772,  0.0442,  2.7138
0.0840, -32.8142,  0.0839, -38.0463
0.0898, -33.5792,  0.0899,  22.0015
0.0332,  4.8060,  0.0333,  0.2948
0.0371,  3.5241,  0.0377,  20.7325
0.0840, -34.3488,  0.0839, -39.2179
0.4883,  35.7067,  0.4891, -31.1013
0.4922,  47.9877,  0.4923, -33.6489
0.0332,  3.5241,  0.0333,  0.5659
0.0371,  2.8829,  0.0377,  20.4678
0.0449, -25.4772,  0.0453,  4.6175
0.0840, -32.0534,  0.0839, -39.6586
0.5000,  32.0534,  0.5004, -31.3562
0.0332,  2.8829,  0.0333,  0.5490
0.0371,  3.5222,  0.0376,  21.1123
0.0840, -34.3488,  0.0838, -37.8547
0.5117,  31.3034,  0.5128, -33.0657
0.5156,  32.0557,  0.5157, -33.1030
0.0332,  4.1658,  0.0333,  0.1586
0.0371,  4.8060,  0.0377,  20.8851
0.0449, -22.6742,  0.0447,  6.6127
0.5254,  35.1301,  0.5254, -33.4247
0.5293,  37.5140,  0.5294, -33.5929
0.0332,  3.5241,  0.0333,  0.0495
0.0371,  3.5241,  0.0377,  20.4165
0.0449, -24.0691,  0.0447,  4.9482
0.0898, -33.5769,  0.0899,  23.6184
0.5391,  36.7112,  0.5397, -32.1089
0.0332,  2.8829,  0.0332,  0.4608
0.0371,  2.8829,  0.0377,  20.3113
0.5469,  33.5769,  0.5473, -31.7924
0.5527,  34.3488,  0.5536, -32.1809
0.5645,  44.2914,  0.5648, -34.8369
0.0332,  4.1639,  0.0333,  0.5193
0.0371,  2.8829,  0.0376,  20.1862
0.5684,  28.3513,  0.5693, -31.0544
0.5801,  38.3231,  0.5796, -29.7429
0.0332,  3.5241,  0.0332,  0.5257
0.0371,  2.8829,  0.0376,  20.7145
0.0449, -23.7112,  0.0447,  2.8359
0.5762,  33.5792,  0.5767, -30.4197
0.5801,  32.0557,  0.5797, -32.0399
0.0332,  4.1639,  0.0333,  0.0471
0.0371,  2.8829,  0.0377,  20.5038
0.0840, -31.3034,  0.0839, -37.7857
0.5859,  31.3034,  0.5867, -29.3737
0.5898,  32.0534,  0.5901, -29.8999
0.0332,  3.5241,  0.0333, -0.0495
0.0371,  4.1639,  0.0377,  20.1033
0.0449, -24.0691,  0.0447,  7.1646
0.0840, -30.5571,  0.0839, -38.9854
0.5938,  32.0557,  0.5934, -29.1596
0.0332,  4.8060,  0.0333,  0.2611
0.0371,  2.8829,  0.0377,  20.6160
0.0449, -23.3698,  0.0447,  5.9347
0.0840, -32.0557,  0.0838, -38.7887
0.0898, -32.8142,  0.0895,  21.8727
0.0332,  4.8060,  0.0333, -0.1080
0.0371,  4.1639,  0.0377,  21.0650
0.0449, -24.0691,  0.0452,  5.9751
0.0840, -33.5769,  0.0839, -38.4558
0.0898, -34.3488,  0.0895,  19.1249
0.0332,  4.1639,  0.0333,  0.9013
0.0371,  3.5222,  0.0376,  19.9156
0.0449, -24.0670,  0.0446,  3.4537
0.0840, -33.5792,  0.0839, -38.7404
0.6230,  59.9863,  0.6231, -29.3112
0.0332,  3.6712,  0.0333,  0.3349
0.0371,  2.8829,  0.0377,  20.8045
0.0449, -23.3698,  0.0447,  2.8904
0.0840, -32.4608,  0.0839, -38.2523
0.0898, -34.3488,  0.0897,  22.1485
0.0332,  4.8060,  0.0333,  0.5089
0.0371,  2.8829,  0.0377,  20.5577
0.0449, -24.7701,  0.0447,  3.2770
0.0840, -32.8119,  0.0839, -38.3616
0.0898, -33.3569,  0.0895,  22.6346
0.0332,  4.8060,  0.0333,  0.0302
0.0371,  4.1639,  0.0376,  20.8560
0.0449, -23.3698,  0.0448,  6.2726
0.0840, -32.0534,  0.0839, -37.6954
0.0898, -32.8119,  0.0899,  23.5335
0.0332,  3.5241,  0.0333,  0.3221
0.0371,  3.5241,  0.0376,  20.6048
0.0449, -25.4772,  0.0448,  3.4979
0.0840, -32.9702,  0.0839, -38.0331
0.0898, -34.3511,  0.0895,  21.7164
0.0332,  3.5241,  0.0333,  0.5594
0.0371,  4.1639,  0.0377,  20.9551
0.0449, -26.1884,  0.0447,  1.7077
0.0840, -32.8119,  0.0839, -38.4741
0.0898, -32.8142,  0.0894,  21.9245
0.0332,  4.8060,  0.0333,  0.9583
0.0371,  4.1639,  0.0377,  20.6228
0.0449, -23.3698,  0.0451,  9.4045
0.0840, -29.8165,  0.0839, -38.9205
0.0898, -33.5769,  0.0900,  22.5347
0.0332,  3.5241,  0.0333,  0.3518
0.0371,  3.5241,  0.0377,  20.0632
0.0449, -24.0670,  0.0447,  5.4179
0.0840, -32.8119,  0.0839, -38.4906
0.0898, -32.8142,  0.0896,  21.8909
0.0332,  4.8060,  0.0333,  0.4920
0.0371,  4.1639,  0.0377,  20.3806
0.0449, -25.4772,  0.0446,  5.7410
0.0840, -32.8142,  0.0839, -37.7675
0.0898, -33.5881,  0.0899,  21.9245
0.0332,  3.5241,  0.0333,  0.2066
0.0371,  4.1639,  0.0377,  20.2934
0.0449, -24.7701,  0.0452,  9.5728
0.0840, -34.3488,  0.0839, -38.8104
0.1055, -24.0670,  0.1052,  22.8441
0.0332,  5.4488,  0.0333,  0.6035
0.0371,  3.5241,  0.0377,  20.4234
0.0449, -24.0670,  0.0452,  8.1155
0.0840, -31.3034,  0.0839, -38.6033
0.0898, -31.8747,  0.0896,  21.3962
0.0332,  4.8060,  0.0333,  0.5530
0.0371,  2.8829,  0.0376,  20.8697
0.0449, -23.3698,  0.0447,  3.8136
0.0840, -32.8119,  0.0839, -38.3913
0.0898, -32.0534,  0.0899,  21.7190
0.0332,  4.8060,  0.0333,  0.4479
0.0371,  4.1639,  0.0377,  20.7796
0.0449, -23.3698,  0.0448,  4.9482
0.0840, -33.5769,  0.0839, -38.4393
0.1055, -25.4772,  0.1051,  19.4877
0.0332,  4.1639,  0.0333,  1.0609
0.0371,  2.2421,  0.0376,  20.5149
0.0449, -22.6742,  0.0447,  5.6668
0.0840, -30.5571,  0.0839, -38.9205
0.0898, -33.5769,  0.0900,  23.0674
0.0332,  2.8829,  0.0333,  0.7819
0.0371,  2.2421,  0.0377,  20.1255
0.0449, -24.0670,  0.0448,  5.1586
0.0840, -31.3034,  0.0838, -39.4241
0.0898, -32.0557,  0.0904,  26.4117
0.0332,  4.8060,  0.0333,  0.6769
0.0371,  4.1639,  0.0377,  21.4617
0.0449, -23.3698,  0.0447,  5.7071
0.0840, -33.5769,  0.0839, -37.7857
0.0898, -33.5792,  0.0898,  22.7371
0.0332,  4.1639,  0.0333,  0.7651
0.0371,  4.1639,  0.0377,  20.0896
0.0449, -23.3698,  0.0447,  5.0681
0.0840, -30.5571,  0.0839, -38.9020
0.7148,  19.2441,  0.7154, -19.7596
0.0332,  2.8829,  0.0333,  0.4038
0.0371,  2.8829,  0.0371,  23.9509
0.0449, -23.3698,  0.0447,  6.0403
0.0840, -32.0618,  0.0839, -37.7167
0.7168,  21.2914,  0.7175, -18.6567
0.0332,  4.1639,  0.0333,  0.6347
0.0371,  4.1639,  0.0371,  24.2565
0.0449, -22.6742,  0.0447,  5.3318
0.0840, -32.0534,  0.0839, -38.5787
0.0898, -32.0557,  0.0900,  22.0603
0.0332,  4.8060,  0.0333,  0.3999
0.0371,  4.1639,  0.0376,  20.8226
0.0840, -31.3034,  0.0839, -39.8713
0.0898, -32.0557,  0.0901,  23.7992
0.7363,  9.9721,  0.7364, -11.4814
0.0332,  2.8829,  0.0333,  0.4881
0.0371,  3.5222,  0.0371,  24.3049
0.0449, -22.6742,  0.0447,  3.4095
0.7168,  13.2421,  0.7169, -14.4711
0.7363,  11.2767,  0.7366, -10.9334
0.0332,  3.5222,  0.0333,  0.8156
0.0371,  2.2421,  0.0377,  20.3182
0.0840, -32.0557,  0.0838, -38.1798
0.7109,  17.2219,  0.7116, -17.2099
0.7188,  16.5529,  0.7195, -5.9372
0.0332,  3.5241,  0.0333,  0.4231
0.0371,  2.8829,  0.0377,  19.9403
0.7129,  13.9007,  0.7155, -9.9579
0.7207,  13.9007,  0.7209, -15.0270
0.7129,  16.5548,  0.7123, -11.9444
0.0332,  5.4488,  0.0333,  0.4103
0.0371,  4.8060,  0.0376,  21.0427
0.0840, -32.0557,  0.0839, -38.0117
0.7090,  11.9302,  0.7087, -9.7366
0.7129,  11.2767,  0.7126, -10.4634
0.0332,  3.5241,  0.0333,  0.1690
0.0371,  2.8829,  0.0377,  19.8618
0.0449, -22.6742,  0.0447,  4.1355
0.0840, -32.8142,  0.0839, -38.6382
0.7148,  18.5674,  0.7143, -6.6296
0.0332,  4.8060,  0.0333,  0.1080
0.0371,  3.5241,  0.0377,  20.4207
0.0449, -24.0670,  0.0447,  3.5252
0.0840,  32.8142,  0.0840, -37.3649
0.0898, -32.0557,  0.0899,  22.9102
0.0332,  3.5241,  0.0333,  0.4271
0.0371,  2.8829,  0.0376,  20.4678
0.0449, -23.3698,  0.0447,  3.3678
0.0840, -32.8142,  0.0839, -39.0907
0.6992,  11.2767,  0.6994, -4.7374
0.0332,  4.8060,  0.0333,  0.3622
0.0371,  2.8829,  0.0377,  20.3224
0.0449, -24.0691,  0.0447,  5.0576
0.0840, -30.5571,  0.0839, -38.9587
0.0898, -32.0557,  0.0896,  21.6263
0.0332,  4.8060,  0.0333,  0.0535
0.0371,  4.1639,  0.0377,  20.7436
0.0449, -24.0691,  0.0448,  5.4203
0.0840, -32.8119,  0.0838, -38.4476
0.6836,  6.0922,  0.6843, -1.6532
0.0332,  3.5241,  0.0333,  0.2027
0.0371,  4.1639,  0.0377,  19.9224
0.0449, -23.3698,  0.0447,  4.3541
0.0840, -33.5769,  0.0839, -39.5197
0.0898, -34.3488,  0.0899,  20.8337
0.0332,  4.1658,  0.0333,  0.1922
0.0371,  4.8060,  0.0377,  19.9693
0.0449, -24.7701,  0.0447,  6.2686
0.0840, -30.5549,  0.0839, -37.7938
0.0898, -32.0557,  0.0896,  22.3621
0.0332,  4.8060,  0.0333,  0.6560
0.0371,  3.5241,  0.0376,  20.0094
0.0449, -24.0670,  0.0446,  6.8072
0.0840, -33.5769,  0.0839, -38.3616
0.0898, -32.4784,  0.0900,  26.0934
0.0332,  4.1658,  0.0333, -0.1457
0.0371,  4.8060,  0.0377,  21.1776
0.0449, -24.7701,  0.0447,  3.2522
0.0840, -32.0534,  0.0838, -39.1424
0.0898, -32.0557,  0.0900,  24.1326
0.0332,  4.8060,  0.0333,  0.4167
0.0371,  4.8060,  0.0377,  20.4207
0.0449, -22.6742,  0.0447,  5.0263
0.0840, -32.0534,  0.0839, -38.7404
0.6367,  1.5997,  0.6368, -3.0060
0.0332,  4.8060,  0.0333,  0.3052
0.0371,  4.1639,  0.0377,  20.7171
0.0449, -24.7701,  0.0447,  5.1780
0.0840, -32.8119,  0.0839, -38.9453
0.6133, -0.9594,  0.6139,  0.4231
0.0332,  3.5241,  0.0333,  0.1754
0.0371,  2.8829,  0.0377,  20.6451
0.0449, -25.4772,  0.0447,  7.6173
0.0840, -32.8119,  0.0839, -37.5022
0.6172,  2.8811,  0.6181, -2.6657
0.0332,  5.4488,  0.0333, -0.0599
0.0371,  3.5241,  0.0377,  20.7325
0.0449, -24.0691,  0.0447,  6.3105
0.0840, -33.5769,  0.0839, -38.5223
0.0898, -32.0557,  0.0898,  21.7596
0.0332,  4.1658,  0.0333,  0.1794
0.0371,  4.8060,  0.0377,  20.9281
0.0449, -22.6742,  0.0448,  7.2236
0.0840, -32.0534,  0.0839, -37.7512
0.0898, -32.8119,  0.0895,  21.3962
0.0332,  2.8829,  0.0333,  1.1010
0.0371,  2.2421,  0.0377,  21.0762
0.0449, -23.3698,  0.0447,  3.1385
0.0840, -33.5769,  0.0840, -39.5165
0.1055, -26.1884,  0.1054,  20.8851
0.0332,  5.4488,  0.0332,  0.3454
0.0371,  4.8060,  0.0377,  20.3335
0.0449, -25.4772,  0.0447,  2.7788
0.0840, -32.0557,  0.0838, -38.8021
0.5547, -0.9612,  0.5553,  1.5689
0.0332,  3.5241,  0.0333,  0.5906
0.0371,  4.1639,  0.0376,  20.7282
0.0449, -23.3698,  0.0448,  3.1971
0.0840, -31.3034,  0.0839, -39.1341
0.5449,  1.5997,  0.5452,  0.1754
0.0332,  4.8060,  0.0333,  0.3934
0.0371,  4.1639,  0.0377,  20.2485
0.0449, -23.3698,  0.0447,  4.2175
0.0840, -33.5769,  0.0840, -38.5254
0.0898, -32.0557,  0.0899,  22.1373
0.0332,  4.8060,  0.0333,  0.1962
0.0371,  4.1639,  0.0376,  20.8671
0.0840, -32.0534,  0.0839, -40.5722
0.5293, -4.8060,  0.5293, -1.8192
0.5332, -2.2421,  0.5335,  1.9303
0.0332,  4.1639,  0.0332,  0.0768
0.0371,  3.5222,  0.0376,  20.6520
0.0449, -24.7701,  0.0446,  2.8696
0.0840, -32.8142,  0.0838, -39.0856
0.5098,  0.3210,  0.5096, -2.7644
0.0332,  3.5241,  0.0333,  0.1922
0.0371,  3.5241,  0.0377,  21.1845
0.0840, -32.0557,  0.0839, -37.7806
0.4980,  0.3192,  0.4984, -0.2467
0.5078,  0.3192,  0.5086, -1.3989
0.0332,  4.8060,  0.0333,  0.5153
0.0371,  4.1639,  0.0377,  20.3113
0.4863,  0.3210,  0.4871, -1.2061
0.4961,  0.3210,  0.4961, -0.7547
0.5020,  2.8811,  0.5019,  2.9242
0.0332,  4.8060,  0.0333, -0.2676
0.0371,  4.1639,  0.0377,  20.0316
0.4766, -0.3192,  0.4757,  0.1521
0.4824,  0.9594,  0.4819, -0.7274
0.4883,  0.3192,  0.4898,  0.1794
0.0332,  5.4488,  0.0333,  0.0639
0.0371,  4.8060,  0.0376,  19.8755
0.4648,  0.3210,  0.4641, -0.4336
0.4727,  0.9594,  0.4737,  1.2502
0.4824,  2.8811,  0.4825,  2.5561
0.0332,  2.2421,  0.0333,  0.6392
0.0371,  1.6016,  0.0377,  20.7394
0.4512, -1.5997,  0.4509, -0.6496
0.4609,  0.9594,  0.4608, -0.4479
0.4688,  0.3192,  0.4694,  1.8336
0.0332,  3.5241,  0.0333, -0.1313
0.0371,  3.5241,  0.0377,  20.4636
0.4395,  3.5222,  0.4397,  0.6665
0.4492,  1.5997,  0.4491,  2.3314
0.4590, -3.5222,  0.4590,  3.3485
0.0332,  3.5241,  0.0334,  0.3726
0.0371,  4.1639,  0.0377,  20.5397
0.4277, -0.3210,  0.4273,  0.3518
0.4355, -0.3210,  0.4362,  0.7883
0.4473, -0.3210,  0.4474,  3.3236
0.0332,  5.4488,  0.0333, -0.0158
0.0371,  3.5241,  0.0377,  20.6742
0.4160, -1.5997,  0.4163,  1.0882
0.4238, -1.5997,  0.4246,  0.4608
0.0332,  3.5241,  0.0333, -0.0431
0.0371,  4.1529,  0.0377,  19.8977
0.4062, -0.9612,  0.4074,  4.8806
0.4121, -2.2421,  0.4129,  2.5670
0.4160, -3.8936,  0.4159,  2.5016
0.0332,  3.5670,  0.0333,  0.4038
0.0371,  4.1639,  0.0376,  20.4207
0.0840, -32.0557,  0.0839, -38.7131
0.3945, -3.5241,  0.3954,  3.6031
0.4043, -5.4488,  0.4039,  2.7982
0.0332,  3.5241,  0.0333,  1.1347
0.0371,  2.8829,  0.0377,  20.1434
0.0840, -35.1278,  0.0839, -38.3831
0.3906, -5.4507,  0.3913,  4.2657
0.4082, -11.9283,  0.4074,  5.9412
0.0332,  5.4488,  0.0333,  0.0535
0.0371,  3.5241,  0.0377,  19.9224
0.3750, -5.4507,  0.3751,  5.4034
0.3809, -5.7084,  0.3800,  5.0785
0.4121, -2.2402,  0.4119,  1.9511
0.0332,  3.5241,  0.0333,  0.8741
0.0371,  4.1639,  0.0377,  19.9556
0.3672, -8.0294,  0.3679,  7.9374
0.3789, -8.0294,  0.3798,  7.3909
0.3965, -10.6227,  0.3962,  8.2807
0.0332,  5.4488,  0.0333, -0.0808
0.0371,  3.5241,  0.0376,  20.3335
0.0840, -34.3488,  0.0839, -38.3913
0.3691, -10.6227,  0.3686,  8.8730
0.3906, -8.6745,  0.3908,  7.9099
0.0332,  2.8829,  0.0332,  0.2066
0.0371,  3.5222,  0.0371,  23.5335
0.3555, -8.6764,  0.3558,  11.0530
0.3613, -12.5853,  0.3616,  10.1607
0.3730, -12.5834,  0.3729,  14.3064
0.0332,  4.8060,  0.0333,  0.1794
0.0371,  4.1639,  0.0377,  20.7145
0.0840, -34.3488,  0.0839, -38.6916
0.3613, -9.9740,  0.3620,  10.2503
0.3652, -13.2421,  0.3650,  10.8673
0.0332,  2.8829,  0.0333,  1.0778
0.0371,  2.8829,  0.0371,  24.0843
0.0840, -32.8142,  0.0839, -38.9071
0.3555, -12.5853,  0.3557,  15.3577
0.4258,  0.3210,  0.4255,  2.4911
0.0332,  5.4488,  0.0333,  0.4207
0.0371,  3.5241,  0.0376,  19.6770
0.3496, -9.3227,  0.3504,  13.8844
0.3535, -9.3227,  0.3534,  14.9706
0.3633, -9.3246,  0.3634,  14.4281
0.0332,  2.8829,  0.0333,  1.0024
0.0371,  2.2421,  0.0377,  19.8934
0.3438, -8.6745,  0.3430,  18.5020
0.3516, -6.7383,  0.3517,  15.1184
0.3594, -15.2236,  0.3597,  16.9440
0.0332,  4.8060,  0.0333,  0.5763
0.0371,  4.1639,  0.0376,  20.0743
0.3418, -7.3815,  0.3416,  19.4052
0.3457, -9.9721,  0.3463,  17.8324
0.3516, -16.5529,  0.3519,  20.5509
0.0332,  4.8060,  0.0333, -0.4945
0.0371,  4.1639,  0.0376,  20.6562
0.3438, -19.2441,  0.3445,  19.0494
0.3477, -15.8861,  0.3470,  19.7349
0.3516, -13.2421,  0.3511,  23.2453
0.0332,  2.8829,  0.0333,  1.0505
0.3438, -18.5693,  0.3439,  21.5064
0.3516, -19.9235,  0.3520,  16.6371
0.0332,  4.1658,  0.0333,  1.1491
0.3418, -27.6264,  0.3427,  24.7504
0.3477, -24.7722,  0.3473,  25.7249
0.3516, -25.4772,  0.3520,  25.9462
0.3789, -12.5834,  0.3782,  11.3227
0.0332,  4.8060,  0.0333,  0.1209
0.0371,  3.5241,  0.0377,  20.3446
0.3438, -20.6080,  0.3438,  27.7344
0.3477, -24.0691,  0.3484,  26.3276
0.3535, -24.7722,  0.3540,  28.2405
0.0332,  5.4488,  0.0333,  0.1313
0.0371,  4.8060,  0.0377,  20.1144
0.3516, -35.9144,  0.3510,  29.7503
0.3652, -17.2239,  0.3657,  17.9074
0.3691, -24.7701,  0.3692,  14.4000
0.0332,  4.8060,  0.0333, -0.0054
0.0371,  2.8829,  0.0376,  20.2823
0.0840, -31.3034,  0.0839, -37.9426
0.3613, -30.5549,  0.3619,  27.3628
0.4062, -21.9822,  0.4058,  22.5165
0.3535, -24.0670,  0.3528,  28.5413
0.3574, -29.8143,  0.3568,  28.9312
0.3555, -23.3678,  0.3561,  25.1302
0.3594, -22.6722,  0.3588,  24.2706
0.0332,  2.8829,  0.0333,  0.8870
0.0371,  2.2421,  0.0377,  20.8406
0.3574, -24.0691,  0.3567,  23.6411
0.3652, -25.4792,  0.3649,  26.1988
0.0332,  4.1658,  0.0333,  0.4336
0.3555, -19.2460,  0.3563,  23.4925
0.3633, -20.6060,  0.3633,  26.2221
0.3672, -24.0691,  0.3678,  24.3119
0.8359, -34.3488,  0.8359,  30.4197
0.3574, -26.1884,  0.3575,  25.7507
0.3633, -24.7722,  0.3633,  27.8694
0.3691, -22.6742,  0.3686,  27.6275
0.7676, -35.9144,  0.7671,  35.6828
0.7871, -35.9144,  0.7871,  35.5329
0.0332,  4.1639,  0.0333,  0.3518
0.0371,  4.1639,  0.0376,  21.5676
0.7676, -32.0557,  0.7683,  33.2788
0.7715, -33.5769,  0.7712,  33.2137
0.7910, -38.3231,  0.7931,  39.3100
0.0332,  3.5241,  0.0333,  0.1754
0.0371,  4.1639,  0.0376,  20.3293
0.0449, -24.7701,  0.0447,  7.9689
0.3613, -26.9062,  0.3619,  27.2089
0.3750, -30.5571,  0.3755,  32.0919
0.0332,  4.8060,  0.0333,  0.6392
0.0371,  2.8829,  0.0376,  20.5757
0.0449, -24.7701,  0.0447,  7.4969
0.0840, -33.5769,  0.0839, -39.5846
0.3691, -34.3488,  0.3692,  30.7876
0.0332,  4.8060,  0.0333,  0.3454
0.0371,  2.8829,  0.0377,  19.9224
0.0840, -29.8165,  0.0839, -39.9728
0.3750, -32.0557,  0.3751,  34.2456
0.4219, -31.3034,  0.4223,  30.1666
0.0332,  4.8060,  0.0333,  0.5153
0.0371,  3.2186,  0.0377,  21.1707
0.0898, -34.3488,  0.0900,  24.1554
0.3887, -36.7112,  0.3880,  34.6813
0.4277, -32.8142,  0.4271,  33.2990
0.0332,  5.4488,  0.0333,  0.4167
0.0371,  4.8060,  0.0376,  21.0831
0.0449, -23.3698,  0.0447,  1.5481
0.0840, -31.3012,  0.0840, -40.1236
0.4707, -46.1085,  0.4705,  48.0987
0.0332,  3.5241,  0.0333,  0.0158
0.0371,  2.8829,  0.0377,  20.3985
0.0449, -25.4772,  0.0442,  0.4608
0.0840, -32.0557,  0.0839, -39.2262
0.1113, -10.6246,  0.1119, -5.7808
0.0332,  3.5241,  0.0333, -0.1898
0.0371,  4.1639,  0.0376,  20.6673
0.0449, -23.3698,  0.0446,  5.0367
0.0840, -33.5769,  0.0838, -38.8320
0.4062, -39.9766,  0.4067,  39.1341
0.0332,  2.8829,  0.0333,  0.7314
0.0371,  2.8829,  0.0377,  20.6408
0.0449, -25.4772,  0.0447,  4.4217
0.0840, -32.8119,  0.0839, -38.1237
0.0898, -32.8142,  0.0900,  22.1624
0.0332,  4.8060,  0.0333,  0.6347
0.0371,  2.8829,  0.0377,  20.4413
0.0449, -24.0691,  0.0447,  4.1966
0.0840, -32.8119,  0.0839, -38.6351
0.0898, -35.1278,  0.0901,  23.4557
0.0332,  2.8829,  0.0333,  0.4375
0.0371,  2.2421,  0.0377,  20.0163
0.0449, -24.7701,  0.0445,  0.8909
0.0840, -32.0534,  0.0838, -38.0280
0.0898, -33.5769,  0.0899,  21.8434
0.0332,  4.1639,  0.0333, -0.1858
0.0371,  3.5222,  0.0377,  21.0066
0.0449, -25.4772,  0.0447,  5.2094
0.0840, -30.5571,  0.0839, -40.5533
0.0898, -31.7590,  0.0900,  21.6422
0.0332,  3.5241,  0.0333, -0.1858
0.0371,  4.1639,  0.0376,  19.8355
0.0449, -23.3698,  0.0446,  3.4368
0.0840, -30.5571,  0.0838, -38.4261
0.0898, -32.8119,  0.0897,  21.9833
0.0332,  5.4488,  0.0333,  0.1690
0.0371,  4.8060,  0.0377,  20.6965
0.0449, -24.7701,  0.0447,  4.2513
0.0840, -31.3034,  0.0839, -38.9638
0.0898, -35.9144,  0.0895,  22.0603
0.0332,  3.5241,  0.0333,  0.2740
0.0371,  3.5241,  0.0376,  20.0026
0.0449, -24.7701,  0.0447,  3.1490
0.0840, -33.5769,  0.0839, -38.2145
0.0898, -33.5769,  0.0897,  20.9435
0.0332,  3.5241,  0.0332, -0.4945
0.0371,  3.5241,  0.0377,  21.0942
0.0449, -25.4772,  0.0452,  9.1665
0.0840, -32.8119,  0.0839, -38.2706
0.4902, -50.9431,  0.4895,  47.1926
0.0332,  3.5241,  0.0333,  0.1794
0.0371,  2.8829,  0.0376,  20.6091
0.0840, -32.0534,  0.0839, -39.1475
0.0898, -32.8119,  0.0896,  19.6660
0.1055, -25.4772,  0.1054,  21.6193
0.0332,  4.1658,  0.0333, -0.0704
0.0371,  4.8060,  0.0377,  20.5577
0.0449, -24.7701,  0.0446,  3.2795
0.0840, -32.8119,  0.0839, -38.4526
0.5117, -50.9431,  0.5116,  46.9736
0.0332,  4.8060,  0.0333,  0.8572
0.0371,  2.8829,  0.0377,  19.8934
0.0449, -23.3698,  0.0446,  6.7054
0.0840, -32.8142,  0.0839, -39.1693
0.5254, -48.9532,  0.5254,  47.0383
0.0332,  4.8060,  0.0333,  0.5763
0.0371,  2.8829,  0.0377,  19.9583
0.0449, -24.7701,  0.0446,  3.6642
0.0840, -33.2308,  0.0839, -38.2145
0.5352, -47.0398,  0.5343,  46.3979
0.0332,  5.4488,  0.0333, -0.6560
0.0371,  4.8060,  0.0377,  20.0743
0.0449, -25.4772,  0.0447,  6.2452
0.5449, -47.0426,  0.5454,  47.3591
0.5488, -47.0426,  0.5482,  47.8139
0.0332,  4.8060,  0.0333, -0.3077
0.0371,  4.1639,  0.0377,  20.2126
0.0840, -32.0557,  0.0838, -38.0708
0.5605, -45.1927,  0.5610,  44.4896
0.5645, -43.4063,  0.5644,  45.7210
0.0332,  3.5241,  0.0333,  0.0327
0.0371,  2.8829,  0.0377,  20.0606
0.0840, -33.5769,  0.0839, -37.9187
0.5703, -43.4063,  0.5713,  44.2104
0.5820, -42.5314,  0.5822,  43.6976
0.0332,  2.8829,  0.0333,  0.7418
0.0371,  2.2421,  0.0376,  20.6742
0.0449, -24.7701,  0.0447,  6.0194
0.0840, -31.1376,  0.0839, -40.0303
0.5781, -47.0398,  0.5782,  45.6515
0.0332,  4.8060,  0.0333,  0.1313
0.0371,  2.8829,  0.0377,  20.1212
0.0449, -24.7701,  0.0446,  2.7957
0.0840, -32.8119,  0.0839, -38.5951
0.5879, -45.1927,  0.5881,  44.7695
0.0332,  3.5241,  0.0333, -0.7482
0.0371,  3.5241,  0.0377,  19.7860
0.0449, -24.7701,  0.0446,  2.1847
0.0840, -33.5769,  0.0839, -39.4273
0.5977, -46.1085,  0.5969,  44.1814
0.0332,  3.5241,  0.0333,  0.1481
0.0371,  2.8829,  0.0377,  21.1527
0.0449, -24.7701,  0.0446,  2.7515
0.0840, -32.8119,  0.0839, -39.1073
0.0898, -32.0557,  0.0900,  21.2000
0.0332,  4.8060,  0.0333,  0.1016
0.0371,  4.1639,  0.0377,  19.7528
0.0449, -24.7701,  0.0445,  0.9791
0.0840, -31.3034,  0.0838, -38.5254
0.0898, -32.0557,  0.0900,  23.6595
0.0332,  4.8060,  0.0333, -0.1457
0.0371,  2.8829,  0.0372,  23.7721
0.0449, -24.0691,  0.0452,  11.9272
0.0840, -33.5792,  0.0838, -38.4343
0.0898, -33.5792,  0.0899,  24.5634
0.0332,  3.5241,  0.0333,  0.5218
0.0371,  4.1639,  0.0376,  20.5911
0.0449, -23.3698,  0.0447,  7.6173
0.0840, -32.0557,  0.0838, -38.4906
0.0898, -32.0557,  0.0900,  23.9623
0.0332,  4.1658,  0.0333, -0.0872
0.0371,  3.5241,  0.0377,  20.4234
0.0449, -23.3698,  0.0447,  8.4951
0.0840, -32.8119,  0.0838, -36.5846
0.0898, -33.5769,  0.0895,  21.1845
0.0332,  4.8060,  0.0333,  0.4440
0.0371,  4.1639,  0.0377,  20.1503
0.0449, -23.3698,  0.0447,  3.9184
0.0840, -31.3034,  0.0839, -38.4608
0.0898, -32.0557,  0.0897,  20.4678
0.0332,  5.4488,  0.0333, -0.0367
0.0371,  4.8060,  0.0377,  19.9156
0.0449, -24.0670,  0.0447,  4.1941
0.0840, -31.3012,  0.0839, -39.3100
0.0898, -30.5571,  0.0900,  23.3046
0.0332,  4.8060,  0.0333, -0.1898
0.0371,  4.1639,  0.0372,  23.9737
0.0449, -24.0691,  0.0447,  4.4217
0.0840, -33.5769,  0.0839, -37.3144
0.0898, -33.5792,  0.0895,  21.2361
0.0332,  4.1639,  0.0333,  0.2467
0.0371,  3.5222,  0.0376,  20.9663
0.0449, -22.6742,  0.0447,  2.4703
0.0840, -32.8119,  0.0838, -39.5165
0.0898, -32.0534,  0.0899,  22.4071
0.0332,  4.8060,  0.0333,  0.0768
0.0371,  4.1639,  0.0376,  20.5757
0.0449, -25.4772,  0.0447,  4.3775
0.0840, -32.0557,  0.0839, -39.4761
0.0898, -32.8119,  0.0896,  21.0024
0.0332,  3.5241,  0.0333,  0.2195
0.0371,  4.1639,  0.0377,  20.6202
0.0449, -22.6742,  0.0447,  2.8254
0.0898, -30.5549,  0.0897,  21.0066
0.7578, -29.8165,  0.7585,  31.6713
0.0332,  3.5241,  0.0333, -0.1922
0.0371,  4.8060,  0.0377,  20.5868
0.0449, -25.2303,  0.0448,  8.0370
0.0840, -35.1278,  0.0839, -38.3565
0.0898, -34.3488,  0.0895,  20.4567
0.0332,  4.8060,  0.0333, -0.1754
0.0371,  2.8829,  0.0377,  20.3335
0.0449, -23.3698,  0.0446,  2.7957
0.0840, -32.8119,  0.0839, -38.1319
0.0898, -34.3488,  0.0899,  23.3186
0.0332,  3.5241,  0.0333,  0.4945
0.0371,  2.8829,  0.0377,  19.9693
0.0449, -22.6742,  0.0447,  5.6498
0.0840, -32.8119,  0.0839, -38.7373
0.0898, -32.8119,  0.0900,  22.2689
0.0332,  5.4488,  0.0333, -0.0010
0.0371,  3.5241,  0.0377,  20.5175
0.0449, -24.5035,  0.0447,  6.7733
0.0840, -30.5571,  0.0839, -39.3702
0.7363, -28.3513,  0.7365,  30.9862
0.0332,  4.1658,  0.0333, -0.2170
0.0371,  3.5241,  0.0376,  19.8755
0.0840, -31.6263,  0.0838, -38.6300
0.0898, -33.5769,  0.0901,  22.5616
0.7070, -35.1301,  0.7070,  35.2011
0.0332,  4.1639,  0.0333,  0.2363
0.0371,  4.1639,  0.0377,  20.1033
0.0449, -22.6742,  0.0446,  2.2561
0.0840, -32.8119,  0.0839, -37.8760
0.0898, -32.3838,  0.0901,  23.5379
0.0332,  3.5241,  0.0333,  0.3389
0.0371,  3.5222,  0.0377,  20.6673
0.0449, -24.7701,  0.0442,  2.8190
0.0840, -33.5769,  0.0839, -39.0505
0.0898, -32.0557,  0.0903,  24.1028
0.0332,  3.5241,  0.0333, -0.0872
0.0371,  4.1639,  0.0377,  19.8286
0.0449, -24.7701,  0.0452,  9.8302
0.0840, -32.0534,  0.0839, -37.8791
0.1191,  4.8079,  0.1193, -25.7810
0.0332,  3.5241,  0.0333,  0.0768
0.0371,  4.1639,  0.0377,  20.8045
0.0449, -23.3698,  0.0446,  1.1620
0.0840, -32.8142,  0.0839, -38.3003
0.0898, -32.8142,  0.0904,  24.5634
0.0332,  5.4488,  0.0333, -0.1353
0.0371,  4.8060,  0.0377,  20.6811
0.0449, -25.4772,  0.0447,  2.9137
0.0840, -32.8119,  0.0839, -38.1105
0.0898, -33.5769,  0.0901,  21.6646
0.0332,  4.1658,  0.0332, -0.0327
0.0371,  2.8829,  0.0377,  20.2865
0.0449, -24.7701,  0.0447,  7.4734
0.0840, -30.5571,  0.0840, -38.5603
0.0898, -31.3034,  0.0904,  24.5933
0.0332,  3.5241,  0.0332, -0.4945
0.0371,  2.8829,  0.0376,  21.0831
0.0840, -31.3034,  0.0839, -38.5438
0.7090, -32.0557,  0.7091,  30.3927
0.7168, -32.8142,  0.7173,  30.2079
0.0332,  4.1639,  0.0333,  0.6204
0.0371,  2.8829,  0.0376,  20.1862
0.7070, -30.5549,  0.7065,  31.7330
0.7109, -27.6264,  0.7122,  30.6095
0.7148, -30.5571,  0.7152,  27.9148
0.0332,  2.2421,  0.0333,  0.4207
0.0371,  3.5222,  0.0377,  19.8908
0.0449, -25.4772,  0.0447,  4.5733
0.7070, -24.7722,  0.7067,  29.2459
0.7109, -26.9040,  0.7127,  31.1013
0.0332,  3.5241,  0.0333,  0.0743
0.0371,  4.1639,  0.0376,  20.6673
0.7070, -26.1884,  0.7072,  25.7552
0.7188, -24.7722,  0.7187,  26.4000
0.0332,  4.1658,  0.0333, -0.4816
0.0371,  4.8060,  0.0377,  19.8934
0.7031, -19.2460,  0.7035,  23.0491
0.0332,  4.1658,  0.0333,  0.1457
0.0371,  4.1639,  0.0377,  20.2083
0.0840, -32.0534,  0.0839, -37.7888
0.7051, -16.5529,  0.7046,  23.5562
0.7090, -20.6060,  0.7096,  15.9000
0.0332,  4.8060,  0.0333, -0.0704
0.0371,  2.8829,  0.0377,  19.8687
0.0449, -24.7701,  0.0452,  9.3533
0.0840, -32.0534,  0.0838, -38.0280
0.7051, -19.2441,  0.7054,  16.9197
0.0332,  2.8829,  0.0333,  0.2066
0.0371,  3.5222,  0.0371,  24.5378
0.0449, -24.0691,  0.0446,  5.8759
0.0840, -31.3012,  0.0838, -38.2656
0.0898, -32.0557,  0.0897,  21.7708
0.0332,  4.8060,  0.0333,  0.2363
0.0371,  4.1639,  0.0376,  20.7574
0.0449, -23.3698,  0.0452,  8.6224
0.0840, -31.3034,  0.0839, -39.4408
0.0898, -32.0557,  0.0896,  20.8226
0.0332,  4.1639,  0.0333, -0.1650
0.0371,  4.1639,  0.0377,  20.2194
0.0449, -25.4772,  0.0446,  7.8248
0.0840, -34.0577,  0.0839, -38.1401
0.6777, -19.9255,  0.6781,  15.0270
0.0332,  4.8060,  0.0333, -0.3662
0.0371,  2.8829,  0.0376,  20.4969
0.0449, -24.0670,  0.0447,  2.5774
0.0840, -32.8142,  0.0839, -38.8155
0.1055, -26.1884,  0.1054,  21.7233
0.0332,  4.1658,  0.0333,  0.1457
0.0371,  3.5241,  0.0377,  20.8045
0.0449, -25.4772,  0.0447,  7.3505
0.0840, -32.8119,  0.0838, -37.3699
0.0898, -32.0557,  0.0896,  21.8071
0.0332,  2.8829,  0.0333,  0.4544
0.0371,  2.2421,  0.0377,  20.3763
0.0449, -23.3698,  0.0452,  7.7148
0.0840, -32.0557,  0.0840, -38.0067
0.0898, -32.0557,  0.0896,  20.7934
0.0332,  3.5241,  0.0333,  0.5049
0.0371,  4.8060,  0.0377,  20.5038
0.0449, -25.4772,  0.0447,  4.5733
0.0840, -33.5031,  0.0839, -38.0494
0.6367, -15.2216,  0.6367,  14.7661
0.0332,  3.5241,  0.0333,  0.5426
0.0371,  2.8829,  0.0377,  20.4345
0.0449, -24.0691,  0.0452,  5.0979
0.0840, -31.3034,  0.0839, -38.4608
0.0898, -31.3034,  0.0899,  23.1040
0.0332,  3.5241,  0.0333,  0.4231
0.0371,  4.1639,  0.0377,  20.3182
0.0449, -23.3698,  0.0447,  3.7943
0.0840, -32.0557,  0.0838, -37.2802
0.1055, -24.0670,  0.1059,  25.5666
0.0332,  3.5241,  0.0333, -0.1417
0.0371,  4.8060,  0.0376,  20.5466
0.0449, -24.7701,  0.0447,  7.5114
0.0840, -32.0557,  0.0839, -38.7938
0.1113, -13.9007,  0.1113, -5.7240
0.0332,  4.1639,  0.0333, -0.0535
0.0371,  2.8829,  0.0377,  19.8355
0.0449, -23.3698,  0.0447,  7.7933
0.0840, -32.8894,  0.0839, -37.1116
0.0938,  34.3488,  0.0934,  28.8260
0.0332,  5.0600,  0.0333,  0.0768
0.0371,  4.8060,  0.0377,  20.2596
0.0449, -24.0691,  0.0447,  3.5798
0.0840, -33.5769,  0.0839, -38.1962
0.0898, -33.5769,  0.0900,  25.0235
0.0332,  4.8060,  0.0333,  0.4038
0.0371,  2.8829,  0.0377,  19.9156
0.0449, -24.4861,  0.0447,  5.1123
0.0840, -31.3012,  0.0838, -40.2579
0.0898, -32.0534,  0.0896,  20.7908
0.0332,  4.8060,  0.0332,  0.2363
0.0371,  4.8060,  0.0377,  20.7796
0.0449, -24.0691,  0.0446,  2.4430
0.0840, -32.8119,  0.0839, -38.9453
0.0898, -34.3488,  0.0900,  23.6341
0.0332,  4.1658,  0.0333, -0.5802
0.0371,  3.5241,  0.0377,  19.7818
0.0449, -24.7701,  0.0447,  2.4157
0.0840, -32.0534,  0.0838, -37.8070
0.5391, -13.2402,  0.5383,  11.5092
0.0332,  4.1658,  0.0333, -0.3999
0.0371,  3.5241,  0.0377,  20.6048
0.0449, -25.4772,  0.0448,  6.1250
0.0840, -31.3034,  0.0839, -38.0280
0.0898, -32.0557,  0.0900,  23.5449
0.0332,  4.8060,  0.0333,  0.5361
0.0371,  2.8829,  0.0377,  20.5911
0.0840, -32.8119,  0.0838, -37.6560
0.0898, -32.8142,  0.0896,  21.0470
0.5137, -13.8988,  0.5135,  13.2086
0.0332,  4.1639,  0.0333,  0.3999
0.0371,  3.5222,  0.0376,  20.1392
0.0449, -24.7701,  0.0447,  5.2979
0.0840, -33.5769,  0.0839, -38.2788
0.5039, -14.5592,  0.5037,  11.9723
0.0332,  4.1639,  0.0333,  0.2195
0.0371,  2.2421,  0.0377,  19.8934
0.0840, -33.5792,  0.0839, -37.9105
0.4863, -13.9007,  0.4862,  13.1312
0.4941, -13.2402,  0.4936,  13.1205
0.0332,  3.5241,  0.0332, -0.0768
0.0371,  4.1639,  0.0377,  20.8851
0.0840, -32.8119,  0.0838, -38.9504
0.4746, -13.2421,  0.4750,  13.1378
0.4844, -14.5592,  0.4847,  13.6492
0.0332,  4.1658,  0.0333, -0.2363
0.0371,  3.5241,  0.0377,  21.1819
0.0449, -24.0691,  0.0452,  9.7366
0.0840, -32.8119,  0.0838, -39.2179
0.4727, -10.6246,  0.4721,  11.9444
0.0332,  3.5241,  0.0333, -0.4103
0.0371,  4.1639,  0.0377,  19.6991
0.0840, -33.5769,  0.0839, -39.2914
0.4512, -15.8861,  0.4513,  13.6921
0.4590, -6.7383,  0.4590,  14.7164
0.0332,  2.8829,  0.0333, -0.1353
0.0371,  3.5222,  0.0376,  20.6160
0.0449, -25.4772,  0.0446,  4.7036
0.4473,  2.2402,  0.4475,  15.5860
0.4551, -14.3117,  0.4559,  9.0155
0.0332,  4.8060,  0.0333,  0.2339
0.0371,  4.1639,  0.0377,  20.4456
0.4258, -11.2767,  0.4263,  12.1633
0.4336, -6.9548,  0.4341,  12.6143
0.4434, -2.8829,  0.4433,  10.4911
0.0332,  4.8060,  0.0333, -0.1313
0.0371,  2.8829,  0.0377,  20.2823
0.4141, -9.3227,  0.4137,  11.7961
0.4219, -9.9740,  0.4224,  11.6504
0.4277, -11.9302,  0.4278,  9.5256
0.0332,  3.5241,  0.0333,  0.0599
0.0371,  2.8829,  0.0376,  19.8645
0.0840, -31.3034,  0.0839, -38.1931
0.4102, -11.2767,  0.4098,  13.1765
0.4219, -8.0294,  0.4217,  7.3125
0.0332,  5.4488,  0.0333, -0.4608
0.0371,  3.5241,  0.0377,  20.2152
0.3965, -5.4488,  0.3969,  11.3358
0.4023, -8.6764,  0.4021,  9.4663
0.4121, -7.3834,  0.4123,  5.3318
0.0332,  2.9004,  0.0333,  0.5426
0.0371,  2.2421,  0.0377,  20.4927
0.0840, -31.3034,  0.0839, -38.9020
0.3809, -9.9740,  0.3802,  9.9710
0.3887, -11.2748,  0.3897,  9.5321
0.0332,  3.5241,  0.0333, -0.1016
0.0371,  2.8829,  0.0377,  20.7934
0.0840, -32.0557,  0.0838, -38.1105
0.3691, -7.3834,  0.3695,  9.1023
0.3750, -9.3227,  0.3741,  7.6958
0.0332,  3.5241,  0.0333, -0.1145
0.0371,  3.5241,  0.0377,  20.1033
0.0840, -31.9090,  0.0838, -38.2441
0.3613, -8.6745,  0.3615,  8.3824
0.3750, -4.8060,  0.3756,  6.0363
0.0332,  4.8060,  0.0332,  0.3325
0.0371,  4.1639,  0.0377,  20.1212
0.3633, -6.0941,  0.3636,  4.6046
0.3828, -8.6745,  0.3830,  7.3295
0.4453, -8.6764,  0.4454,  12.4402
0.0332,  4.1658,  0.0333, -0.3493
0.0371,  4.8060,  0.0377,  20.0453
0.3555, -2.2421,  0.3549,  2.5288
0.3613,  0.9594,  0.3623,  1.1452
0.3711, -6.0941,  0.3712,  0.9038
0.0332,  5.4488,  0.0333, -0.1922
0.0371,  4.8060,  0.0377,  20.7796
0.0449, -23.3698,  0.0447,  4.6489
0.3477, -1.5997,  0.3475,  1.6572
0.4258, -9.9740,  0.4260,  10.5188
0.0332,  4.1658,  0.0333,  0.0302
0.0371,  4.1639,  0.0377,  20.1614
0.3457, -1.5997,  0.3463,  0.4920
0.3574, -0.3192,  0.3566, -0.7586
0.3730,  6.7364,  0.3736, -4.6996
0.0332,  4.8060,  0.0333,  0.0704
0.0371,  2.8829,  0.0377,  20.8448
0.3398,  5.4488,  0.3396, -2.8126
0.3438,  6.0922,  0.3441, -0.8597
0.4043, -9.9721,  0.4044,  9.6472
0.0332,  4.8060,  0.0333,  0.9415
0.0371,  4.1639,  0.0377,  20.6451
0.3320,  2.5310,  0.3319, -2.8632
0.3398, -0.3192,  0.3406, -0.4504
0.3438,  0.3210,  0.3431, -1.2373
0.0332,  3.5241,  0.0333, -0.1417
0.0371,  4.8060,  0.0377,  20.5911
0.3340,  8.6745,  0.3331, -5.7723
0.3457,  6.0941,  0.3463, -4.5499
0.3809, -1.6016,  0.3809, -4.1395
0.0332,  5.4488,  0.0333, -0.1690
0.0371,  4.8060,  0.0377,  20.1392
0.3320,  5.4507,  0.3327, -6.8960
0.3359,  4.8079,  0.3353, -5.8485
0.3477,  8.6745,  0.3479, -11.1045
0.0332,  4.8060,  0.0333, -0.0471
0.0371,  4.1639,  0.0376,  20.2754
0.3320,  11.2748,  0.3322, -6.5344
0.3359,  9.9740,  0.3351, -7.8653
0.3496,  11.9302,  0.3493, -13.8109
0.0332,  3.5241,  0.0333,  0.1209
0.0371,  2.8829,  0.0377,  20.5688
0.3320,  10.6246,  0.3324, -8.9984
0.3359,  12.5834,  0.3353, -9.0601
0.3398,  10.6246,  0.3398, -10.6837
0.0332,  4.1658,  0.0333, -0.5089
0.0371,  3.5241,  0.0377,  20.6228
0.3320,  14.5592,  0.3320, -13.4805
0.3379,  12.5853,  0.3380, -12.7007
0.3438,  13.5099,  0.3436, -15.6060
0.0332,  3.5241,  0.0333, -0.1922
0.3359,  16.5529,  0.3354, -14.2502
0.3457,  15.2236,  0.3460, -15.8567
0.3555,  13.8988,  0.3556, -2.6320
0.3613,  6.0922,  0.3614, -12.8815
0.3379,  13.2402,  0.3388, -15.2421
0.3496,  12.5834,  0.3500, -17.1570
0.3555,  13.2402,  0.3560, -4.2110
0.8574,  5.4507,  0.8579, -5.1123
0.8730,  8.0294,  0.8750, -6.6191
0.3418,  15.2691,  0.3420, -15.3402
0.3496,  15.2236,  0.3491, -12.9741
0.3457,  13.8988,  0.3462, -10.8991
0.3457,  12.5834,  0.3450, -11.2737
0.3535,  12.5834,  0.3542, -11.0833
0.0332,  5.4488,  0.0333, -0.1417
0.0371,  3.5241,  0.0377,  20.5731
0.3457,  13.2402,  0.3452, -10.4659
0.3555,  15.2236,  0.3552, -10.1949
0.3594,  17.2239,  0.3591, -19.1852
0.0332,  4.1658,  0.0333, -0.4648
0.3496,  11.2767,  0.3488, -11.0702
0.3535,  12.5834,  0.3534, -12.5199
0.3672,  21.9802,  0.3678, -21.7889
0.3711,  19.2460,  0.3707, -23.7650
0.0332,  5.4488,  0.0333,  0.2611
0.0371,  3.5241,  0.0371,  23.7694
0.3496,  14.5611,  0.3495, -14.0596
0.3789,  28.3513,  0.3783, -24.4251
0.3945,  9.9740,  0.3947, -27.7770
0.0332,  3.5241,  0.0333,  0.1521
0.0371,  4.1639,  0.0376,  20.0453
0.0449, -24.0670,  0.0446,  4.5604
0.3535,  19.2441,  0.3536, -15.7367
0.3613,  19.2441,  0.3616, -18.0532
0.0332,  4.8060,  0.0333, -0.5049
0.0371,  2.8829,  0.0377,  20.3917
0.0898, -31.3034,  0.0895,  22.0309
0.3516,  15.8881,  0.3524, -17.2997
0.4062,  21.9822,  0.4055, -14.5341
0.0332,  4.8060,  0.0333, -0.4440
0.0371,  2.8829,  0.0377,  20.4234
0.3555,  20.6080,  0.3557, -19.3227
0.3633,  26.1905,  0.3634, -19.2141
0.3691,  19.2460,  0.3686, -19.1097
0.0332,  5.4488,  0.0333,  0.0094
0.0371,  4.8060,  0.0376,  20.4276
0.0449, -23.3698,  0.0447,  7.2026
0.0840, -32.0534,  0.0839, -39.0856
0.4141,  23.3678,  0.4136, -18.5704
0.0332,  4.1658,  0.0333, -0.3726
0.0371,  4.3989,  0.0377,  20.4858
0.3672,  24.7722,  0.3675, -21.4617
0.4180,  23.8466,  0.4172, -18.4158
0.4512,  31.3034,  0.4504, -33.4093
0.0332,  5.4488,  0.0333,  0.1794
0.0371,  3.5241,  0.0377,  20.1144
0.0449, -25.4772,  0.0448,  6.9510
0.4219,  20.6060,  0.4226, -20.1614
0.4629,  35.9167,  0.4626, -33.3518
0.0332,  4.8060,  0.0333, -0.5386
0.0371,  4.1639,  0.0377,  20.0922
0.0449, -24.0670,  0.0446,  6.7184
0.0840, -32.0557,  0.0838, -36.7075
0.4297,  29.0813,  0.4287, -20.6700
0.0332,  4.8060,  0.0333, -0.2299
0.0371,  2.8829,  0.0377,  20.2596
0.3887,  33.5792,  0.3881, -26.9829
0.3926,  29.0791,  0.3929, -25.1718
0.4336,  21.2935,  0.4335, -21.8909
0.0332,  4.8060,  0.0333, -0.1457
0.0371,  3.5241,  0.0377,  20.4567
0.0449, -23.3698,  0.0446,  5.1228
0.0840, -33.5769,  0.0839, -38.7970
0.4414,  24.0691,  0.4421, -23.5519
0.0332,  3.5241,  0.0333, -0.3181
0.0371,  2.2421,  0.0376,  20.5757
0.0840, -34.3488,  0.0838, -39.0205
0.4102,  25.4792,  0.4105, -26.2552
0.4473,  31.1440,  0.4479, -25.2019
0.0332,  2.8829,  0.0333,  1.3236
0.0371,  2.2421,  0.0376,  20.1212
0.0449, -24.7701,  0.0447,  3.9900
0.0840, -32.0534,  0.0839, -39.1558
0.4570,  26.9040,  0.4565, -26.5406
0.0332,  4.1639,  0.0333,  0.6035
0.0371,  3.5222,  0.0377,  19.6481
0.0449, -24.0670,  0.0447,  4.6931
0.0840, -30.5571,  0.0838, -39.0122
0.0938,  43.4037,  0.0933,  29.5206
0.0332,  2.8829,  0.0333,  0.5257
0.0371,  2.2421,  0.0377,  20.1323
0.0449, -24.0027,  0.0447,  2.9659
0.0840, -32.0534,  0.0839, -38.3432
0.4434,  27.6264,  0.4439, -29.6146
0.0332,  3.5241,  0.0333,  0.3790
0.0371,  2.8829,  0.0376,  19.8687
0.0449, -21.9822,  0.0447,  5.8042
0.0840, -30.5571,  0.0839, -38.6649
0.4531,  42.5289,  0.4534, -33.1710
0.0332,  4.1639,  0.0332, -0.1040
0.0371,  4.1639,  0.0377,  20.0453
0.0449, -23.3698,  0.0446,  5.3357
0.0840, -33.5769,  0.0838, -38.7722
0.4648,  36.7112,  0.4647, -31.9879
0.0332,  4.8060,  0.0333, -0.4479
0.0371,  2.8829,  0.0376,  19.9045
0.0840, -32.0557,  0.0839, -37.2932
0.4785,  34.3511,  0.4778, -31.8641
0.5020,  24.7722,  0.5020, -27.1621
0.0332,  3.5241,  0.0333, -0.2467
0.0371,  4.1639,  0.0376,  19.9266
0.0449, -22.6742,  0.0442,  1.3444
0.0840, -32.0557,  0.0839, -38.2441
0.0898, -35.1278,  0.0904,  25.4991
0.0332,  4.8060,  0.0333,  0.0535
0.0371,  2.8829,  0.0377,  20.3917
0.0449, -25.4772,  0.0448,  8.5437
0.0840, -32.0557,  0.0838, -39.6586
0.4980,  31.3012,  0.4987, -27.0630
0.0332,  4.8060,  0.0333,  0.2066
0.0371,  4.1639,  0.0377,  20.9435
0.0840, -31.3012,  0.0839, -39.3670
0.5098,  32.8142,  0.5090, -34.3319
0.5137,  35.9167,  0.5128, -32.5687
0.0332,  4.8060,  0.0333, -0.0495
0.0371,  2.8829,  0.0377,  20.1144
0.0449, -22.6742,  0.0447,  3.3068
0.5215,  36.7089,  0.5222, -35.6285
0.5273,  36.7089,  0.5273, -34.5945
0.0332,  3.5241,  0.0333, -0.0367
0.0371,  2.8829,  0.0377,  20.0922
0.0449, -24.7701,  0.0447,  3.8936
0.0840, -31.3012,  0.0839, -38.3831
0.5352,  37.5116,  0.5359, -33.6816
0.0332,  3.5241,  0.0333, -0.0976
0.0371,  2.8829,  0.0376,  20.1075
0.0840, -33.5769,  0.0838, -38.2523
0.5488,  32.0557,  0.5487, -33.1355
0.5527,  35.1278,  0.5529, -31.9283
0.0332,  4.1658,  0.0333, -0.4479
0.0371,  4.8060,  0.0377,  20.5688
0.5566,  35.1278,  0.5567, -33.4372
0.5625,  33.5792,  0.5635, -35.9052
0.5723,  35.9144,  0.5721, -34.8652
0.0332,  4.8060,  0.0333, -0.0912
0.0371,  4.1639,  0.0377,  20.4815
0.0840, -32.0557,  0.0839, -37.0011
0.5684,  36.7089,  0.5686, -32.7458
0.5840,  44.2940,  0.5842, -31.7009
0.0332,  4.8060,  0.0333,  0.2611
0.0371,  4.1639,  0.0377,  20.0964
0.5781,  33.5792,  0.5786, -32.1212
0.5820,  36.7089,  0.5817, -31.7528
0.5879,  35.1301,  0.5877, -30.4950
0.0332,  4.1658,  0.0333,  0.2363
0.0371,  5.4488,  0.0376,  20.5286
0.0449, -24.0670,  0.0443,  0.4479
0.0840, -33.5769,  0.0839, -37.9771
0.5898,  29.8165,  0.5907, -31.8717
0.0332,  4.8060,  0.0333, -0.1016
0.0371,  3.5241,  0.0377,  20.0632
0.0449, -24.7701,  0.0447,  4.6996
0.5996,  32.8119,  0.5996, -30.8268
0.6035,  37.5140,  0.6035, -32.0049
0.0332,  4.1658,  0.0333, -0.2195
0.0371,  3.5241,  0.0377,  19.7102
0.0449, -21.9822,  0.0447,  5.7345
0.0840, -32.0534,  0.0838, -38.2359
0.0898, -32.0557,  0.0899,  22.3482
0.0332,  4.8060,  0.0333,  0.4038
0.0371,  2.8829,  0.0377,  20.2712
0.0449, -22.6742,  0.0446,  4.5330
0.0840, -32.8119,  0.0838, -38.0891
0.1055,  36.7112,  0.1054,  20.8809
0.0332,  3.5241,  0.0333,  0.6496
0.0371,  4.1639,  0.0377,  20.5106
0.0449, -24.7701,  0.0446,  1.5882
0.0840, -33.5792,  0.0839, -39.0339
0.1113, -9.3227,  0.1119, -5.2770
0.0332,  4.8060,  0.0333,  0.2780
0.0371,  4.8060,  0.0377,  21.0135
0.0449, -24.7722,  0.0447,  15.9175
0.0840, -32.0534,  0.0839, -38.2656
0.0898, -32.8119,  0.0900,  23.9552
0.0332,  4.8060,  0.0333,  0.4440
0.0371,  3.5241,  0.0377,  20.3695
0.0449, -23.3698,  0.0447,  9.0300
0.0840, -30.5549,  0.0839, -39.4979
0.1191,  24.7701,  0.1193, -24.9491
0.0332,  4.8060,  0.0333, -0.3325
0.0371,  4.1639,  0.0376,  20.2263
0.0449, -25.4772,  0.0441,  2.1445
0.0840, -32.0557,  0.0838, -38.6167
0.0898, -31.3034,  0.0900,  23.6184
0.0332,  4.8060,  0.0333,  0.3895
0.0371,  2.8829,  0.0377,  20.4567
0.0449, -22.6742,  0.0447,  6.5408
0.0840, -32.0534,  0.0839, -40.3157
0.0938,  36.7112,  0.0934,  29.5086
0.0332,  4.8060,  0.0332,  0.2908
0.0371,  4.1639,  0.0377,  20.0316
0.0449, -23.3698,  0.0447,  7.4144
0.0840, -34.3488,  0.0839, -37.5103
0.0898, -35.1278,  0.0900,  22.6389
0.0332,  2.8829,  0.0333, -0.3052
0.0371,  2.8829,  0.0371,  24.1326
0.0449, -24.7701,  0.0446,  3.6682
0.0840, -30.5571,  0.0840, -38.3136
0.0898, -34.3488,  0.0904,  25.0279
0.0332,  4.1639,  0.0333, -0.1650
0.0371,  4.1639,  0.0376,  20.2865
0.0449, -24.0691,  0.0447,  1.4495
0.0840, -32.0557,  0.0838, -38.2706
0.0898, -32.8142,  0.0900,  22.2914
0.0332,  4.1658,  0.0332, -0.2363
0.0371,  5.4488,  0.0377,  20.2712
0.0449, -23.3698,  0.0447,  6.1056
0.0840, -32.8142,  0.0839, -40.6440
0.0898, -33.4866,  0.0896,  22.2802
0.0332,  4.1658,  0.0333,  0.0431
0.0371,  3.5241,  0.0376,  20.5620
0.0449, -24.0691,  0.0447,  3.3991
0.0840, -32.0534,  0.0839, -39.0722
0.0898, -29.8165,  0.0896,  21.0289
0.0332,  5.4488,  0.0333,  0.0367
0.0371,  4.8060,  0.0377,  19.0164
0.0449, -24.7701,  0.0448,  7.1347
0.0840, -32.8119,  0.0839, -38.6433
0.7461,  22.6742,  0.7456, -21.2946
0.0332,  5.4488,  0.0333,  0.2170
0.0371,  4.1658,  0.0377,  20.3335
0.0449, -24.0691,  0.0444, -0.4777
0.0840, -32.8119,  0.0838, -38.5223
0.0898, -32.0557,  0.0904,  24.0773
0.0332,  3.5241,  0.0333,  0.3493
0.0371,  4.1639,  0.0377,  20.2976
0.0449, -24.0691,  0.0442,  1.7310
0.0840, -32.0557,  0.0839, -38.0413
0.1055, -26.9040,  0.1054,  21.4005
0.0332,  5.4488,  0.0333,  0.3934
0.0371,  4.1639,  0.0377,  20.4815
0.0449, -21.9822,  0.0452,  9.7407
0.0840, -31.3034,  0.0839, -38.6649
0.1191,  2.2421,  0.1191, -26.6603
0.0332,  3.5241,  0.0333,  0.3013
0.0371,  3.5241,  0.0377,  19.8934
0.0449, -24.7701,  0.0447,  3.4224
0.0840, -34.3488,  0.0838, -38.5090
0.1113, -9.3246,  0.1119, -6.3404
0.0332,  3.5241,  0.0333, -0.3181
0.0371,  4.1639,  0.0377,  20.2485
0.0449, -24.0691,  0.0447,  2.0225
0.0840, -31.3012,  0.0839, -39.8004
0.0898, -30.5549,  0.0895,  20.8517
0.0332,  4.8060,  0.0333,  0.5089
0.0371,  4.1639,  0.0377,  19.8150
0.0449, -24.7701,  0.0447,  4.8806
0.0840, -31.3012,  0.0839, -39.1041
0.0898, -32.0557,  0.0899,  24.0219
0.0332,  4.1658,  0.0333,  0.4920
0.0371,  2.8829,  0.0376,  20.3156
0.0840, -32.8119,  0.0839, -40.0355
0.0898, -34.3488,  0.0902,  24.4550
0.7129,  24.7701,  0.7132, -22.2941
0.0332,  3.5241,  0.0333,  0.0639
0.0371,  4.8060,  0.0377,  19.4409
0.0449, -24.0691,  0.0444,  0.3518
0.0840, -30.5571,  0.0840, -38.8104
0.0938,  35.1301,  0.0934,  26.7735
0.0332,  5.4488,  0.0333, -0.1313
0.0371,  4.8060,  0.0376,  19.6949
0.0840, -33.5769,  0.0838, -38.8320
0.0898, -32.8142,  0.0899,  23.8842
0.7344,  17.8934,  0.7339, -12.5306
0.0332,  4.1658,  0.0333, -0.3052
0.0371,  3.5241,  0.0377,  19.8286
0.0449, -23.3698,  0.0444,  1.7999
0.0840, -32.0534,  0.0839, -37.3144
0.7227,  19.2460,  0.7221, -20.1434
0.0332,  4.8060,  0.0333,  0.1794
0.0371,  2.8829,  0.0377,  20.5731
0.0840, -30.5571,  0.0839, -37.4385
0.0898, -34.3488,  0.0894,  21.5719
0.7266,  18.5674,  0.7271, -13.5498
0.0332,  4.8060,  0.0333,  0.4777
0.0371,  2.8829,  0.0376,  19.6165
0.7188,  15.8861,  0.7183, -17.3131
0.7246,  14.5611,  0.7248, -11.9419
0.7383,  14.5611,  0.7385, -10.3697
0.0332,  3.5241,  0.0333, -0.3790
0.0371,  4.1639,  0.0377,  20.1144
0.7188,  16.5529,  0.7194, -15.1507
0.7227,  15.2236,  0.7232, -11.5927
0.7285,  15.2236,  0.7289, -14.0207
0.7188,  15.8881,  0.7189, -14.0381
0.7188,  13.2421,  0.7182, -10.6837
0.0332,  5.4488,  0.0333, -0.2339
0.0371,  4.8060,  0.0377,  20.7908
0.0449, -23.3698,  0.0447,  6.7499
0.0840,  32.8142,  0.0838, -37.6053
0.7148,  11.2767,  0.7151, -9.7537
0.0332,  4.8060,  0.0333, -0.4038
0.0371,  3.5222,  0.0377,  20.4096
0.7109,  9.3246,  0.7117, -5.6837
0.7148,  9.3227,  0.7147, -10.7432
0.7207,  8.0294,  0.7209, -5.9412
0.0332,  4.8060,  0.0333,  0.0872
0.0371,  2.8829,  0.0377,  20.1545
0.0449, -24.0691,  0.0447,  3.8449
0.0840, -30.5549,  0.0839, -39.3132
0.0938,  32.8142,  0.0934,  27.8694
0.0332,  4.8060,  0.0333,  0.6456
0.0371,  4.8060,  0.0377,  20.2152
0.0840, -32.8119,  0.0838, -38.9205
0.0898, -32.8142,  0.0896,  21.8140
0.7090,  4.1658,  0.7092, -4.9079
0.0332,  5.4488,  0.0333, -0.4712
0.0371,  2.8829,  0.0377,  20.1862
0.0449, -22.6742,  0.0448,  5.5846
0.0840, -31.3034,  0.0839, -38.8237
0.7109,  6.0941,  0.7111, -8.8389
0.0332,  5.4488,  0.0333,  0.1586
0.0371,  3.5241,  0.0376,  20.2194
0.0449, -24.7701,  0.0447,  0.3518
0.0840, -32.0557,  0.0839, -37.5103
0.0898, -34.3488,  0.0899,  25.0350
0.0332,  3.5241,  0.0333, -0.1898
0.0371,  4.1639,  0.0376,  19.9873
0.0449, -26.1884,  0.0448,  3.6071
0.0840, -33.5769,  0.0838, -37.4416
0.1055, -25.4772,  0.1053,  19.4698
0.0332,  4.8060,  0.0333,  0.0471
0.0371,  4.1639,  0.0376,  20.8379
0.0449, -24.7701,  0.0447,  5.9751
0.0840, -34.3488,  0.0839, -38.6731
0.6836, -0.3210,  0.6847, -7.9244
0.0332,  6.0922,  0.0333,  0.1625
0.0371,  6.0922,  0.0377,  20.0205
0.0840, -34.3488,  0.0839, -38.7970
0.6621,  3.5222,  0.6615, -0.6392
0.6875,  4.8060,  0.6873, -4.4426
0.0332,  6.0922,  0.0333, -0.0094
0.0371,  3.5241,  0.0376,  20.0606
0.0449, -24.7701,  0.0448,  2.9723
0.0840, -32.0534,  0.0839, -37.7512
0.0898, -33.5769,  0.0900,  22.2941
0.0332,  4.8060,  0.0333,  0.1040
0.0371,  4.8060,  0.0377,  19.8039
0.0449, -24.7701,  0.0442,  0.2066
0.0840, -30.5571,  0.0838, -38.8721
0.0898, -32.0557,  0.0903,  24.6418
0.0332,  4.8060,  0.0333,  0.4038
0.0371,  4.1639,  0.0376,  20.0922
0.0449, -23.3678,  0.0447,  7.7148
0.0840, -32.0557,  0.0838, -38.9803
0.0898, -31.3034,  0.0897,  20.3763
0.0332,  2.8829,  0.0333,  0.7651
0.0371,  3.5222,  0.0377,  20.4413
0.0449, -24.7701,  0.0447,  5.6394
0.0840, -29.8165,  0.0839, -40.0303
0.6230,  0.3192,  0.6231,  0.3454
0.0332,  3.5241,  0.0333,  0.4038
0.0371,  2.8829,  0.0377,  20.3335
0.0449, -23.3678,  0.0452,  10.1924
0.0840, -32.8119,  0.0838, -38.8721
0.1191,  1.6016,  0.1192, -25.3038
0.0332,  4.8060,  0.0333,  0.3013
0.0371,  4.1639,  0.0376,  20.6562
0.0449, -23.4720,  0.0446,  5.0367
0.0840, -32.8142,  0.0839, -37.8019
0.6152,  0.3192,  0.6163, -1.3548
0.0332,  3.5241,  0.0332,  0.3389
0.0371,  4.8060,  0.0377,  19.9113
0.0449, -24.7701,  0.0444,  0.9311
0.0840, -33.5769,  0.0840, -38.3003
0.0898, -34.3511,  0.0900,  21.2584
0.0332,  3.5241,  0.0333,  0.2676
0.0371,  2.8829,  0.0377,  20.2305
0.0449, -24.7701,  0.0447,  8.4059
0.0840, -33.5769,  0.0839, -38.1962
0.0898, -34.3488,  0.0900,  22.8963
0.0332,  3.5241,  0.0333, -0.0367
0.0371,  4.8060,  0.0376,  19.8039
0.0449, -22.6742,  0.0447,  6.7354
0.0840, -32.0534,  0.0839, -39.8442
0.5664,  0.3192,  0.5670,  0.6600
0.0332,  4.0213,  0.0333,  0.5634
0.0371,  2.2421,  0.0377,  20.0342
0.0449, -24.7701,  0.0447,  4.4152
0.0840, -33.5769,  0.0838, -38.2706
0.5742,  0.9594,  0.5746,  3.3341
0.0332,  4.8060,  0.0333,  0.3662
0.0371,  3.5241,  0.0377,  20.3002
0.0449, -25.4772,  0.0447,  5.0810
0.0840, -33.5769,  0.0840, -38.6516
0.0898, -32.8142,  0.0900,  23.5449
0.0332,  3.5241,  0.0333,  0.8572
0.0371,  4.1639,  0.0377,  20.5329
0.0449, -23.3698,  0.0445,  1.3573
0.0840, -32.0557,  0.0839, -38.4741
0.0938,  35.9144,  0.0936,  26.6819
0.0332,  4.1658,  0.0333,  0.7482
0.0371,  4.8060,  0.0377,  20.1571
0.0840, -33.5769,  0.0839, -39.7920
0.5195,  1.5997,  0.5191, -0.3518
0.5273, -0.3192,  0.5279, -0.5763
0.0332,  3.5241,  0.0333,  0.3454
0.0371,  2.8829,  0.0377,  20.0273
0.0840, -28.3513,  0.0839, -38.1023
0.0898, -32.0534,  0.0898,  22.2325
0.5078, -1.5997,  0.5083,  0.7755
0.0332,  4.8060,  0.0333,  0.4504
0.4980, -2.2402,  0.4974,  0.1145
0.5039, -0.3210,  0.5036, -0.0912
0.5137, -2.2402,  0.5132,  2.1951
0.5176, -2.2402,  0.5175,  1.9953
0.0332,  4.8060,  0.0333,  0.8741
0.0371,  3.5241,  0.0377,  19.8355
0.4863,  0.3192,  0.4864,  0.5218
0.4941,  0.9594,  0.4947, -0.8027
0.4980, -0.3210,  0.4973, -0.8741
0.0332,  4.1639,  0.0333,  0.8909
0.0371,  2.8829,  0.0376,  20.5397
0.0840, -32.0557,  0.0838, -39.7513
0.4746,  0.3192,  0.4744,  0.3221
0.4844,  0.3192,  0.4854, -0.4920
0.0332,  4.1658,  0.0333,  0.4103
0.4629, -0.9594,  0.4627, -0.5193
0.4668, -1.5997,  0.4669,  0.0768
0.4707, -0.9612,  0.4713,  1.3132
0.4766, -0.9612,  0.4760,  1.5882
0.0332,  4.8060,  0.0333,  0.3934
0.4512,  0.9594,  0.4515,  0.5802
0.4590, -2.8829,  0.4596,  0.6412
0.4648, -5.4507,  0.4646,  5.9203
0.4688, -6.0941,  0.4687,  3.4770
0.0332,  4.1658,  0.0333,  0.3493
0.0371,  4.8060,  0.0377,  19.6812
0.4395, -2.2402,  0.4399,  0.6204
0.4453, -1.6016,  0.4459,  1.5208
0.4531, -4.8060,  0.4530,  4.9925
0.0332,  4.8079,  0.0333,  0.4777
0.4258, -0.9612,  0.4262,  1.5481
0.4316, -2.8811,  0.4315,  0.5634
0.4355, -1.6016,  0.4352,  1.0842
0.4453, -3.5222,  0.4446,  4.0471
0.0332,  5.4488,  0.0333,  0.9078
0.0371,  2.8829,  0.0376,  19.5813
0.4141, -2.8811,  0.4150,  2.5561
0.4277, -4.1639,  0.4280,  2.7917
0.4336, -2.8829,  0.4341,  4.6658
0.0332,  4.8060,  0.0333,  0.4375
0.0371,  2.8829,  0.0377,  20.6048
0.4023, -1.6016,  0.4033,  2.1822
0.4082, -3.5222,  0.4091,  3.3678
0.4121, -3.5222,  0.4121,  3.2224
0.0332,  3.5241,  0.0333,  0.4336
0.0371,  3.5241,  0.0377,  20.6520
0.3926, -2.8829,  0.3925,  3.2666
0.3965, -2.8829,  0.3963,  3.9418
0.4023, -4.8079,  0.4015,  4.0575
0.0332,  4.8060,  0.0333,  0.2403
0.0371,  4.8060,  0.0377,  20.5397
0.3809, -5.4488,  0.3809,  4.4764
0.3867, -4.1658,  0.3870,  5.2915
0.4023, -4.8079,  0.4025,  5.6523
0.0332,  4.1658,  0.0333, -0.1353
0.0371,  4.8060,  0.0377,  19.3049
0.3711, -5.0121,  0.3713,  7.1791
0.3750, -7.3815,  0.3748,  6.9824
0.3867, -11.2767,  0.3866,  3.6538
0.0332,  4.8060,  0.0333,  0.2363
0.0371,  4.1639,  0.0377,  20.3763
0.3711, -8.0275,  0.3713,  8.0134
0.3770, -6.7383,  0.3767,  6.8282
0.3906, -4.1658,  0.3907,  11.7536
0.0332,  4.8060,  0.0333,  0.0976
0.0371,  3.5241,  0.0377,  19.8908
0.0840, -32.8142,  0.0838, -37.3861
0.3711, -17.2219,  0.3711,  10.4765
0.3906, -9.3227,  0.3910,  6.3404
0.0332,  4.1658,  0.0333,  0.8468
0.0371,  3.5241,  0.0377,  20.2712
0.0840, -33.5769,  0.0838, -39.3972
0.3613, -10.6246,  0.3613,  8.9834
0.3672, -12.5834,  0.3672,  6.4456
0.0332,  2.8829,  0.0332,  1.2750
0.0371,  2.8829,  0.0377,  20.1033
0.0449, -25.4772,  0.0448,  5.1755
0.3496, -15.8861,  0.3501,  14.1786
0.3535, -12.5853,  0.3534,  13.8523
0.0332,  4.1658,  0.0333,  0.3325
0.0371,  4.8060,  0.0377,  20.7436
0.0840, -32.8119,  0.0839, -38.7589
0.3516, -14.5611,  0.3515,  15.5710
0.3652, -16.5529,  0.3649,  12.2257
0.0332,  4.1658,  0.0333,  0.7755
0.0371,  4.1658,  0.0377,  19.8508
0.3457, -11.9302,  0.3460,  17.1150
0.3496, -15.2216,  0.3500,  14.6078
0.4062, -5.4488,  0.4063,  5.7913
0.0332,  3.5241,  0.0333, -0.0327
0.0371,  2.8829,  0.0377,  20.0026
0.0449, -23.3698,  0.0448,  6.3105
0.3379, -9.9740,  0.3380,  18.0027
0.3438, -9.9721,  0.3434,  17.5573
0.0332,  3.5241,  0.0333,  0.5218
0.0371,  2.8829,  0.0377,  20.1682
0.3418, -19.2441,  0.3428,  18.7990
0.3555, -17.2219,  0.3551,  20.3626
0.3906, -13.2402,  0.3896,  9.1811
0.0332,  4.8079,  0.0333,  0.0535
0.0371,  4.1658,  0.0377,  20.3335
0.3438, -15.8861,  0.3438,  21.7932
0.3477, -14.5611,  0.3478,  21.6871
0.3711, -15.0127,  0.3711,  16.3260
0.0332,  5.4488,  0.0333,  0.1145
0.3398, -22.6722,  0.3402,  22.8006
0.3477, -21.9802,  0.3481,  25.9721
0.3672, -18.5693,  0.3675,  15.6626
0.3789, -14.5611,  0.3785,  9.5557
0.0332,  4.8060,  0.0333,  0.8468
0.0371,  3.5222,  0.0376,  19.2650
0.3398, -26.9040,  0.3408,  26.4448
0.3438, -26.9040,  0.3438,  26.0934
0.3496, -25.4792,  0.3502,  26.8085
0.0332,  3.5241,  0.0333,  0.3013
0.0371,  2.8829,  0.0377,  19.9583
0.0840, -29.8165,  0.0839, -39.0639
0.3496, -25.4792,  0.3486,  27.1621
0.3555, -26.1884,  0.3553,  28.6965
0.0332,  4.1658,  0.0334,  1.0024
0.0371,  3.5241,  0.0376,  20.5509
0.3477, -28.1963,  0.3480,  29.3470
0.3555, -31.3034,  0.3552,  27.5615
0.3633, -21.9802,  0.3632,  20.5731
0.0332,  3.5241,  0.0333,  0.5089
0.0371,  2.8829,  0.0371,  24.1924
0.3516, -29.0813,  0.3517,  30.5853
0.3555, -23.3678,  0.3564,  21.8909
0.3594, -23.3678,  0.3596,  26.9946
0.3516, -29.0791,  0.3519,  27.7725
0.3535, -28.3492,  0.3536,  27.1287
0.3594, -27.6242,  0.3606,  28.4646
0.3633, -26.1905,  0.3634,  27.6348
0.3672, -25.4792,  0.3674,  27.1476
0.3555, -26.9062,  0.3552,  24.5008
0.3633, -26.1884,  0.3633,  23.7992
0.0332,  4.8060,  0.0333,  0.2611
0.0371,  3.5241,  0.0376,  20.6048
0.3574, -24.7701,  0.3572,  21.9315
0.3652, -22.6722,  0.3647,  23.0717
0.3867, -50.9461,  0.3874,  39.9947
0.0332,  4.1639,  0.0333,  0.4103
0.0371,  3.5222,  0.0377,  20.3182
0.3555, -25.4772,  0.3558,  23.5108
0.3672, -27.6242,  0.3673,  26.4637
0.7637, -39.1462,  0.7632,  35.3759
0.0332,  3.5241,  0.0333,  0.5931
0.3613, -23.3698,  0.3609,  28.5796
0.7676, -36.7089,  0.7698,  34.3193
0.7734, -36.7089,  0.7735,  33.6739
0.7891, -34.3511,  0.7899,  32.4641
0.0332,  4.1658,  0.0333,  0.7611
0.0371,  4.8060,  0.0377,  19.4919
0.3613, -31.3012,  0.3619,  29.7161
0.3672, -30.5571,  0.3673,  29.8999
0.3711, -30.5549,  0.3718,  31.1649
0.0332,  4.1658,  0.0333,  0.9623
0.0371,  3.5241,  0.0377,  20.5937
0.3633, -28.3513,  0.3626,  30.3491
0.3789, -35.1301,  0.3788,  33.2990
0.4160, -27.6242,  0.4154,  28.7039
0.0332,  3.5241,  0.0333,  1.0193
0.0371,  2.8829,  0.0377,  19.8645
0.0449, -23.3698,  0.0446,  6.9445
0.0840, -32.8119,  0.0839, -39.2345
0.0898, -32.8142,  0.0900,  22.6598
0.0332,  5.4488,  0.0333,  0.4648
0.0371,  3.5241,  0.0377,  20.1392
0.0449, -21.9822,  0.0452,  4.6344
0.0840, -32.8142,  0.0838, -37.7330
0.4238, -47.9877,  0.4236,  30.5071
0.0332,  3.5241,  0.0333,  0.0302
0.0371,  2.8829,  0.0377,  20.2596
0.0840, -32.0534,  0.0839, -38.5818
0.1055, -21.2914,  0.1052,  19.5345
0.4668, -47.0398,  0.4668,  47.9417
0.0332,  3.5241,  0.0333,  0.7210
0.0371,  4.8060,  0.0377,  20.8157
0.0449, -23.3678,  0.0447,  11.0384
0.0840, -32.8119,  0.0838, -39.2562
0.4355, -34.3488,  0.4350,  34.0731
0.0332,  3.5241,  0.0333,  0.7041
0.0371,  3.5241,  0.0377,  20.1904
0.0449, -22.6742,  0.0447,  2.4301
0.0840, -33.5769,  0.0839, -38.4558
0.4023, -35.9167,  0.4031,  36.1778
0.0332,  3.5241,  0.0333,  0.7482
0.0371,  4.1639,  0.0377,  19.9846
0.0449, -25.4772,  0.0447,  4.4113
0.0840,  36.7089,  0.0838, -38.9236
0.4492, -35.1278,  0.4485,  33.9034
0.0332,  4.1658,  0.0333,  0.8324
0.0371,  3.5241,  0.0377,  19.8687
0.0449, -22.6742,  0.0447,  4.5226
0.0840, -31.3034,  0.0839, -39.4106
0.0898, -33.5769,  0.0903,  25.0722
0.0332,  4.8060,  0.0333,  0.4777
0.0371,  2.8829,  0.0377,  19.7570
0.0449, -21.9822,  0.0447,  8.5567
0.0840, -34.3488,  0.0839, -39.6367
0.0898, -33.5769,  0.0896,  20.8379
0.0332,  3.5241,  0.0333,  0.7378
0.0371,  2.8829,  0.0377,  20.2442
0.0449, -24.0691,  0.0448,  2.7203
0.0840, -32.8119,  0.0839, -40.1016
0.0898, -32.0557,  0.0895,  22.4028
0.0332,  4.8060,  0.0333,  0.8324
0.0371,  2.2421,  0.0377,  20.2442
0.0449, -24.0691,  0.0447,  5.7768
0.0840, -31.3012,  0.0838, -37.8710
0.0898, -34.3488,  0.0896,  20.3985
0.0332,  4.1639,  0.0333,  0.0263
0.0371,  2.2421,  0.0377,  20.4413
0.0840, -33.5769,  0.0840, -37.4042
0.0898, -33.5792,  0.0904,  25.3038
0.4590, -40.8172,  0.4594,  42.2289
0.0332,  5.4488,  0.0333,  0.0495
0.0371,  3.5241,  0.0377,  20.3985
0.0449, -25.4772,  0.0448,  4.4217
0.0840, -32.8119,  0.0839, -40.1865
0.0898, -32.0534,  0.0896,  22.0447
0.0332,  4.8060,  0.0333,  0.2636
0.0371,  4.1639,  0.0376,  20.1033
0.0449, -22.6742,  0.0447,  5.4034
0.0840, -31.3012,  0.0838, -39.5332
0.0898, -33.5769,  0.0895,  20.8268
0.0332,  4.8060,  0.0333, -0.2611
0.0371,  4.1639,  0.0377,  19.9846
0.0449, -24.7701,  0.0447,  3.3445
0.0840, -34.3488,  0.0839, -38.5603
0.4902, -39.9741,  0.4905,  43.2898
0.0332,  3.5241,  0.0333, -0.1209
0.0371,  2.8829,  0.0376,  20.3874
0.0840, -32.0534,  0.0839, -38.9205
0.1113, -20.6060,  0.1118, -7.6618
0.5078, -49.9379,  0.5075,  46.7215
0.0332,  3.5241,  0.0333, -0.2908
0.0371,  2.8829,  0.0371,  24.5863
0.0449, -24.7701,  0.0446,  5.0367
0.0840, -32.8119,  0.0838, -38.6865
0.5176, -47.0426,  0.5170,  46.8199
0.0332,  2.8829,  0.0333,  0.3558
0.0371,  2.2421,  0.0377,  19.9087
0.0840, -31.3012,  0.0838, -39.0856
0.0898, -33.5769,  0.0896,  20.4525
0.5293, -47.0426,  0.5294,  46.1950
0.0332,  3.5241,  0.0333, -0.1650
0.0371,  4.8060,  0.0377,  20.6451
0.0840, -33.5769,  0.0839, -39.9340
0.5371, -48.9532,  0.5378,  48.4203
0.5410, -47.0426,  0.5406,  47.3935
0.0332,  3.5241,  0.0333,  0.3999
0.0371,  3.5241,  0.0376,  19.9736
0.0449, -22.6742,  0.0446,  1.5417
0.5508, -45.1954,  0.5515,  46.2795
0.5547, -47.0398,  0.5544,  46.2308
0.0332,  3.5241,  0.0332, -0.3454
0.0371,  4.1639,  0.0371,  23.8544
0.5605, -45.1954,  0.5622,  50.1584
0.5684, -44.2940,  0.5696,  49.3463
0.5762, -42.5314,  0.5762,  44.1758
0.0332,  4.1658,  0.0333,  0.8870
0.0371,  5.4488,  0.0377,  19.9514
0.0449, -22.6742,  0.0447,  8.6605
0.0840, -29.0813,  0.0839, -38.7970
0.5762, -47.7216,  0.5761,  45.7025
0.0332,  5.4488,  0.0333, -0.0639
0.0371,  3.5241,  0.0377,  20.2083
0.0449, -22.6742,  0.0452,  7.4669
0.0840, -32.8142,  0.0839, -38.6731
0.5859, -46.1112,  0.5858,  43.6743
0.0332,  3.5241,  0.0333,  0.7041
0.0371,  4.1639,  0.0377,  20.2374
0.0840, -31.3034,  0.0838, -39.6992
0.5879, -44.2940,  0.5886,  43.6455
0.5938, -43.4037,  0.5937,  43.0392
0.0332,  4.8060,  0.0333,  0.2403
0.0371,  4.1639,  0.0377,  20.3182
0.0449, -23.3698,  0.0447,  4.8661
0.0840, -31.3034,  0.0839, -39.1993
0.5996, -42.5314,  0.5989,  44.3280
0.0332,  4.8060,  0.0333,  0.5361
0.0371,  4.8060,  0.0376,  20.5286
0.0449, -24.7701,  0.0446,  4.2955
0.0840, -35.1278,  0.0839, -37.8070
0.0898, -33.5792,  0.0904,  24.0360
0.0332,  4.8060,  0.0333,  0.1249
0.0371,  4.1639,  0.0377,  19.5902
0.0449, -24.0691,  0.0447,  6.6805
0.0840, -31.3034,  0.0839, -38.3831
0.0898, -32.8142,  0.0900,  24.1668
0.0332,  5.4488,  0.0333,  0.1457
0.0371,  3.5241,  0.0377,  19.8977
0.0449, -24.0691,  0.0447,  3.9626
0.0840, -30.5571,  0.0839, -38.6382
0.0898, -33.5769,  0.0899,  23.3780
0.0332,  4.1639,  0.0333,  0.5361
0.0371,  3.5222,  0.0377,  20.5577
0.0449, -24.0691,  0.0447,  3.2522
0.0840, -31.3034,  0.0839, -38.2870
0.1113, -7.3834,  0.1119, -6.2960
0.0332,  5.4488,  0.0333,  1.1724
0.0371,  4.8060,  0.0377,  19.9846
0.0449, -24.7701,  0.0447,  1.9115
0.0840, -31.3986,  0.0839, -39.2780
0.0898, -33.5769,  0.0899,  22.2325
0.0332,  5.4488,  0.0333,  0.1145
0.0371,  4.8060,  0.0377,  20.0495
0.0449, -24.7701,  0.0448,  4.8701
0.0840, -31.3034,  0.0840, -38.1931
0.0898, -32.8142,  0.0900,  23.3116
0.0332,  4.1639,  0.0333,  0.6937
0.0371,  2.8829,  0.0377,  20.2263
0.0449, -22.6742,  0.0447,  7.3634
0.0840, -32.0534,  0.0839, -38.6084
0.1055, -26.1884,  0.1053,  19.4588
0.0332,  3.5241,  0.0333,  0.0535
0.0371,  2.8829,  0.0377,  20.4525
0.0449, -25.4772,  0.0447,  6.8217
0.0840, -32.0534,  0.0839, -36.6915
0.0898, -34.3488,  0.0895,  21.8434
0.0332,  3.5241,  0.0333,  0.3389
0.0371,  4.1639,  0.0377,  20.3293
0.0449, -22.6742,  0.0447,  3.9755
0.0840, -32.0534,  0.0838, -38.8721
0.0898, -33.5769,  0.0900,  23.3413
0.0332,  3.5241,  0.0333,  1.1491
0.0371,  4.1639,  0.0377,  19.9983
0.0449, -23.3698,  0.0442,  1.9576
0.0840, -32.8119,  0.0839, -40.1644
0.0898, -34.3488,  0.0904,  25.0120
0.0332,  4.8060,  0.0333,  0.4479
0.0371,  4.8060,  0.0376,  20.5800
0.0449, -22.6742,  0.0447,  2.3820
0.0840, -30.5571,  0.0838, -38.5090
0.0898, -32.0557,  0.0900,  24.1142
0.0332,  2.8829,  0.0333, -0.0471
0.0371,  3.5222,  0.0377,  20.3045
0.0449, -24.7701,  0.0452,  6.5643
0.0840, -31.3034,  0.0839, -38.9154
0.0938, -22.6742,  0.0936,  25.7810
0.0332,  4.8060,  0.0333,  0.0495
0.0371,  3.1278,  0.0376,  20.8809
0.0449, -22.6742,  0.0447,  8.8665
0.0840, -33.5769,  0.0839, -39.4947
0.0898, -33.5769,  0.0896,  20.9435
0.0332,  4.1639,  0.0333,  0.5218
0.0371,  2.8829,  0.0376,  19.7239
0.0449, -22.6742,  0.0446,  1.5417
0.0840, -30.5571,  0.0839, -39.7868
0.1328,  5.4507,  0.1324, -6.2492
0.0332,  4.7904,  0.0333,  0.0872
0.0371,  2.8829,  0.0377,  21.1553
0.0449, -24.0691,  0.0447,  3.7565
0.0840, -31.3012,  0.0839, -37.8791
0.0898, -31.3034,  0.0895,  20.8920
0.0332,  3.5241,  0.0333, -0.4038
0.0371,  2.8829,  0.0377,  19.3831
0.0449, -23.3698,  0.0452,  7.8589
0.0840, -31.3034,  0.0838, -38.3831
0.7070, -33.5769,  0.7072,  34.7910
0.0332,  4.8060,  0.0333,  0.0872
0.0371,  3.5241,  0.0377,  20.5440
0.0449, -24.7701,  0.0446,  4.6891
0.0840, -33.5769,  0.0839, -38.6516
0.7090, -29.8165,  0.7085,  34.1952
0.0332,  2.8829,  0.0333, -0.4608
0.0371,  2.2421,  0.0377,  19.7060
0.0449, -21.9822,  0.0452,  6.5408
0.0840, -31.3012,  0.0839, -38.9020
0.0898, -33.5769,  0.0899,  23.1197
0.0332,  3.5241,  0.0333,  0.3518
0.0371,  2.8829,  0.0377,  19.9087
0.0449, -24.7701,  0.0447,  4.4953
0.0840, -30.5571,  0.0838, -39.7649
0.0898, -32.8119,  0.0896,  21.3824
0.0332,  4.1658,  0.0333, -0.1457
0.0371,  4.8060,  0.0377,  19.9846
0.0449, -22.6742,  0.0446,  6.4900
0.0840, -31.3034,  0.0839, -38.6649
0.0898, -32.8142,  0.0903,  22.6867
0.0332,  4.8060,  0.0333,  1.2859
0.0371,  2.8829,  0.0377,  20.1212
0.0449, -24.0670,  0.0447,  7.7593
0.0840, -33.5769,  0.0839, -39.1993
0.0938,  35.1278,  0.0936,  27.9883
0.0332,  3.5241,  0.0333,  0.1184
0.0371,  2.8829,  0.0377,  19.4120
0.0449, -24.7701,  0.0448,  3.0125
0.0840, -31.3034,  0.0839, -38.6433
0.7051, -29.8143,  0.7053,  31.8000
0.0332,  3.5222,  0.0333,  1.5922
0.0371,  1.6016,  0.0377,  20.8045
0.0449, -24.7722,  0.0447,  3.8429
0.0840, -32.8119,  0.0839, -37.6954
0.7070, -36.7112,  0.7067,  30.0796
0.0332,  4.8060,  0.0333,  0.7274
0.0371,  4.1639,  0.0377,  20.5911
0.0840, -32.8119,  0.0838, -38.0067
0.7168, -21.9822,  0.7194,  25.0951
0.7285, -19.9235,  0.7293,  22.1217
0.0332,  4.8060,  0.0333, -0.2467
0.0371,  2.8829,  0.0377,  20.2083
0.7070, -24.2077,  0.7067,  29.5786
0.7109, -25.4772,  0.7115,  22.3166
0.7168, -22.6742,  0.7167,  26.9379
0.0332,  4.1658,  0.0332,  0.9479
0.0371,  4.8060,  0.0376,  20.8989
0.7070, -26.1884,  0.7065,  27.5588
0.7148, -24.0691,  0.7149,  28.4100
0.0332,  4.1658,  0.0333,  0.3285
0.0371,  4.8060,  0.0372,  23.6893
0.7051, -26.1884,  0.7055,  25.3712
0.7090, -25.4772,  0.7101,  31.1181
0.7188, -28.3492,  0.7189,  23.6665
0.0332,  4.1658,  0.0333,  0.7001
0.0371,  4.8060,  0.0376,  20.3737
0.0840, -32.0557,  0.0839, -38.5818
0.7012, -21.2935,  0.7021,  21.6577
0.7129, -18.5693,  0.7148,  19.0138
0.0332,  3.5241,  0.0333,  0.2780
0.0371,  2.2421,  0.0377,  20.6048
0.7031, -14.5592,  0.7033,  23.7510
0.7070, -14.5611,  0.7075,  19.4766
0.7129, -15.2216,  0.7137,  18.8540
0.0332,  5.4488,  0.0333,  0.6243
0.0371,  3.5241,  0.0376,  20.3335
0.0840, -31.3034,  0.0838, -39.7868
0.0898,  38.3231,  0.0897,  21.4255
0.1055, -19.9255,  0.1058,  22.1988
0.0332,  5.4488,  0.0333, -0.2027
0.0371,  4.8060,  0.0377,  21.1957
0.0449, -24.0691,  0.0447,  3.4914
0.0840, -32.8119,  0.0839, -38.0494
0.7051, -17.2239,  0.7053,  21.8113
0.0332,  4.8060,  0.0333,  0.3726
0.0371,  4.1639,  0.0376,  20.6965
0.0449, -24.7701,  0.0446,  3.6955
0.0840, -32.0557,  0.0839, -38.1880
0.6895, -8.0275,  0.6892,  16.5735
0.0332,  2.8829,  0.0333,  1.3717
0.0371,  2.2421,  0.0377,  20.3806
0.0449, -24.0691,  0.0447,  4.7374
0.0840, -31.3012,  0.0839, -37.6772
0.0938, -27.6264,  0.0937,  27.5280
0.0332,  3.5241,  0.0333,  0.8260
0.0371,  4.1639,  0.0377,  20.4636
0.0449, -23.3698,  0.0451,  11.0277
0.0840, -33.5769,  0.0838, -38.3218
0.0898, -32.0557,  0.0897,  22.8441
0.0332,  4.8060,  0.0333,  0.4167
0.0371,  2.8829,  0.0376,  19.8176
0.0449, -24.7722,  0.0447,  2.9892
0.0840, -30.5571,  0.0839, -38.4178
0.6719, -15.2236,  0.6723,  13.5045
0.0332,  4.8060,  0.0333,  0.3493
0.0371,  2.8829,  0.0377,  20.2865
0.0449, -24.0691,  0.0447,  8.0094
0.0840, -32.0534,  0.0839, -38.2012
0.6504, -12.5834,  0.6504,  15.6626
0.0332,  5.4488,  0.0333,  0.2676
0.0371,  4.8060,  0.0376,  20.2331
0.0449, -24.7701,  0.0447,  5.5782
0.0840, -32.3313,  0.0838, -38.8721
0.0898, -34.3488,  0.0899,  21.6758
0.0332,  3.5241,  0.0333,  0.3518
0.0371,  4.1639,  0.0377,  20.2305
0.0449, -24.0691,  0.0451,  8.2151
0.0840, -32.8119,  0.0839, -37.9558
0.0898, -34.3488,  0.0900,  23.7077
0.0332,  5.4488,  0.0332,  0.4648
0.0371,  3.5241,  0.0377,  20.4995
0.0449, -23.3698,  0.0447,  5.4243
0.0840, -31.3034,  0.0838, -39.7701
0.0898, -34.3488,  0.0898,  22.5347
0.0332,  2.8829,  0.0333,  0.1922
0.0371,  2.2421,  0.0376,  20.2083
0.0449, -22.6742,  0.0447,  3.5212
0.0840, -32.8142,  0.0839, -38.9071
0.6211, -15.2216,  0.6205,  14.8640
0.0332,  3.5241,  0.0333,  0.4440
0.0371,  2.8829,  0.0377,  19.3075
0.0449, -24.0670,  0.0447,  5.4179
0.0840, -31.3034,  0.0839, -38.8104
0.0898, -32.8142,  0.0899,  22.3959
0.0332,  3.5241,  0.0333,  0.8805
0.0371,  2.8829,  0.0377,  20.5329
0.0449, -24.7722,  0.0447,  5.0069
0.0840, -33.5769,  0.0838, -37.8841
0.0898, -32.8142,  0.0896,  21.9539
0.0332,  4.8060,  0.0333,  0.5802
0.0371,  3.5241,  0.0376,  20.3002
0.0449, -24.7701,  0.0447,  6.1395
0.0840, -32.8119,  0.0838, -38.4741
0.0898, -32.0557,  0.0895,  21.5607
0.0332,  3.6963,  0.0333,  0.3052
0.0371,  2.8829,  0.0376,  20.5937
0.0449, -24.7701,  0.0446,  5.1083
0.0840, -32.0534,  0.0839, -39.3183
0.0898, -32.0534,  0.0900,  22.9807
0.0332,  3.5241,  0.0333,  0.6100
0.0371,  2.8829,  0.0377,  20.0495
0.0840, -30.5571,  0.0839, -38.5254
0.0898, -33.5769,  0.0894,  22.2871
0.5508, -13.2402,  0.5512,  11.9419
0.0332,  4.8060,  0.0333, -0.0704
0.0371,  4.1639,  0.0376,  20.1075
0.0449, -25.4772,  0.0447,  4.7543
0.0840, -32.0534,  0.0839, -39.4812
0.5410, -13.8988,  0.5410,  13.0127
0.0332,  3.5241,  0.0333, -0.6139
0.0371,  2.8829,  0.0377,  19.8218
0.0449, -25.4772,  0.0452,  6.3548
0.0840, -31.3034,  0.0839, -39.3536
0.0898, -32.8142,  0.0900,  23.5152
0.0332,  4.8060,  0.0333,  0.6243
0.0371,  4.1639,  0.0377,  20.3404
0.0449, -25.4772,  0.0446,  1.8232
0.0840, -32.0534,  0.0839, -37.9426
0.1113, -5.4507,  0.1118, -7.1242
0.0332,  5.4488,  0.0333, -0.2170
0.0371,  3.5241,  0.0377,  20.1571
0.0449, -25.4772,  0.0447,  4.2239
0.0840, -34.3488,  0.0839, -39.8985
0.5078, -11.2767,  0.5081,  11.7232
0.0332,  3.5241,  0.0333,  0.3766
0.0371,  4.1639,  0.0377,  19.8176
0.4980, -11.9283,  0.4976,  11.1454
0.5020, -11.2748,  0.5011,  10.2886
0.5098, -11.2748,  0.5094,  10.3460
0.0332,  5.4488,  0.0333,  0.0704
0.0371,  4.1658,  0.0377,  19.9403
0.0449, -24.7701,  0.0447,  2.9113
0.0840, -31.3034,  0.0838, -39.4055
0.4785, -11.9302,  0.4789,  12.3327
0.0332,  5.4488,  0.0333,  0.7586
0.0371,  4.1639,  0.0376,  19.3584
0.0840, -31.3012,  0.0839, -38.8453
0.4668,  4.1658,  0.4675,  13.5366
0.4746,  2.8829,  0.4754,  12.6702
0.0332,  4.1658,  0.0333, -0.2170
0.0371,  3.5241,  0.0377,  19.9377
0.4551, -13.8988,  0.4550,  12.5996
0.4648,  0.3192,  0.4641,  13.2498
0.4727, -15.2236,  0.4735,  9.3046
0.0332,  4.8060,  0.0333,  0.5634
0.0371,  2.8829,  0.0377,  20.4678
0.4434, -15.2236,  0.4443,  14.3197
0.4512, -14.5592,  0.4503,  12.1116
0.4609, -4.1658,  0.4603,  8.6394
0.0332,  4.8060,  0.0333,  0.6665
0.0371,  4.1639,  0.0377,  19.6949
0.4297, -13.2402,  0.4299,  11.9166
0.4395, -9.3246,  0.4394,  12.7606
0.4473, -10.6227,  0.4475,  8.8073
0.0332,  3.5241,  0.0333,  0.9455
0.4180, -8.0294,  0.4174,  12.3286
0.4219, -8.6764,  0.4210,  13.4525
0.4258, -4.8079,  0.4256,  12.5412
0.4336, -4.1639,  0.4345,  6.8686
0.0332,  3.5241,  0.0333,  0.2740
0.0371,  2.8829,  0.0377,  19.6770
0.4043, -13.8988,  0.4052,  10.8950
0.4102, -6.0941,  0.4097,  10.2478
0.4219, -10.6227,  0.4225,  6.1943
0.0332,  5.4488,  0.0333,  0.5089
0.3945, -7.3815,  0.3953,  11.1772
0.4004, -0.3210,  0.3998,  11.8543
0.4043,  1.6016,  0.4047,  9.4256
0.4102, -11.9283,  0.4109,  8.0410
0.0332,  2.8829,  0.0333,  0.8468
0.0371,  3.5222,  0.0377,  19.7391
0.3789, -11.9302,  0.3789,  10.7391
0.3887, -9.3246,  0.3884,  10.9803
0.3984, -6.0922,  0.3990,  7.2406
0.0332,  4.1658,  0.0333,  0.4440
0.0371,  4.8060,  0.0377,  20.2823
0.3672, -13.2421,  0.3668,  10.4911
0.3711, -11.9283,  0.3717,  9.9856
0.3750, -6.7383,  0.3748,  11.6782
0.0332,  3.5241,  0.0333, -0.0808
0.0371,  4.1639,  0.0377,  20.2331
0.0840, -32.9295,  0.0838, -40.3956
0.3789, -5.4488,  0.3791,  7.2406
0.3926, -6.7383,  0.3930,  7.8208
0.0332,  4.8060,  0.0333, -0.1625
0.0371,  4.1639,  0.0377,  19.3406
0.3438, -7.3815,  0.3439,  7.0268
0.3496, -6.0941,  0.3487,  7.5284
0.3652, -5.4507,  0.3648,  3.1554
0.0332,  4.8060,  0.0333,  0.2908
0.0371,  3.5222,  0.0377,  19.7060
0.0840, -32.0534,  0.0838, -39.0205
0.3535, -3.5241,  0.3543,  6.1968
0.3711, -8.0275,  0.3710,  7.9139
0.0332,  4.8060,  0.0333, -0.0639
0.3281, -5.4488,  0.3278,  4.2681
0.3320, -4.1639,  0.3322,  3.1112
0.3418, -2.8811,  0.3412,  2.3419
0.3457, -1.5997,  0.3452,  3.4641
0.0332,  4.1639,  0.0333,  0.7001
0.0371,  2.8829,  0.0377,  19.9377
0.3184,  0.3192,  0.3184,  2.0225
0.3242, -2.2421,  0.3241,  0.7715
0.3340, -2.2421,  0.3337,  2.5457
0.0332,  4.8060,  0.0333,  0.9013
0.0371,  4.1639,  0.0377,  20.6853
0.3242, -0.9594,  0.3236,  0.4777
0.3320, -0.3210,  0.3322, -1.4871
0.3945, -10.6227,  0.3943,  10.6388
0.0332,  4.1658,  0.0333,  0.1898
0.0371,  4.8060,  0.0376,  20.0674
0.3184, -0.3210,  0.3179, -0.8741
0.3223, -1.5997,  0.3230, -0.7001
0.3320,  1.5997,  0.3319, -0.1922
0.0332,  4.1658,  0.0333, -0.0030
0.0371,  4.8060,  0.0377,  19.7391
0.3066,  6.7364,  0.3070, -5.4816
0.3164,  8.6764,  0.3163, -2.5120
0.3574,  9.3246,  0.3565, -6.7838
0.0332,  4.1658,  0.0333, -0.2066
0.0371,  4.8060,  0.0377,  19.4766
0.3086,  5.4507,  0.3092, -6.9994
0.3125,  6.7364,  0.3131, -5.1924
0.3242,  8.0275,  0.3232, -3.9691
0.3105,  7.3834,  0.3111, -6.2073
0.0332,  3.5241,  0.0333, -0.0495
0.0371,  4.1639,  0.0377,  20.2331
0.3066,  10.6246,  0.3071, -11.2394
0.3125,  11.2767,  0.3118, -9.3151
0.3281,  16.5529,  0.3285, -14.7097
0.0332,  4.8060,  0.0332,  0.3117
0.0371,  4.1639,  0.0377,  20.6382
0.3086,  15.8881,  0.3084, -14.2808
0.3145,  16.5529,  0.3149, -11.5199
0.3203,  15.2216,  0.3196, -13.6599
0.3184,  19.2441,  0.3182, -16.9792
0.3242,  17.7195,  0.3234, -18.3845
0.3418, -2.2421,  0.3426,  0.9791
0.8145,  6.7383,  0.8171, -7.7253
0.8281,  11.2748,  0.8282, -10.8158
0.3184,  17.8934,  0.3185, -16.7618
0.3281,  11.2767,  0.3287, -15.1050
0.3340,  13.2402,  0.3337, -1.2478
0.8203,  6.7364,  0.8205, -5.4816
0.8340,  6.7364,  0.8341, -6.4755
0.3223,  17.2239,  0.3224, -15.6842
0.3242,  11.9302,  0.3250, -12.8084
0.3281,  13.2402,  0.3279, -10.8844
0.3281,  12.5834,  0.3272, -9.8302
0.3359,  11.9302,  0.3355, -9.0707
0.0332,  4.1639,  0.0333,  0.9623
0.3301,  10.6246,  0.3291, -8.8219
0.3379,  12.5834,  0.3370, -10.0435
0.0332,  4.8060,  0.0333,  0.5490
0.0371,  4.8060,  0.0377,  20.2305
0.0840, -30.6280,  0.0839, -37.1514
0.3301,  13.9007,  0.3304, -11.1111
0.3379,  13.9007,  0.3388, -13.4805
